GT BW,Class BW,Measured BW,GT SF,Class SF,Measured SF (upscaled),Measured SF (downscaled),Measured SF,Height,Confidence,IoU
585938.00,500000.00,573399.48,12,12,12,12,12,0.071675,0.9463,0.9728
601562.00,500000.00,599885.94,12,12,13,12,13,0.074986,0.9328,0.9884
304688.00,250000.00,305346.97,12,11,12,11,12,0.038168,0.9313,0.9604
710938.00,500000.00,707388.88,12,11,12,11,12,0.088424,0.8934,0.9738
601562.00,500000.00,628117.08,12,11,12,11,12,0.078515,0.8894,0.9284
601562.00,500000.00,589308.20,12,12,12,12,12,0.073664,0.8637,0.9689
585938.00,500000.00,503657.34,12,11,11,11,11,0.062957,0.7730,0.7721
601562.00,500000.00,596805.39,12,12,13,12,13,0.074601,0.9656,0.9839
601562.00,500000.00,599822.52,12,12,13,12,13,0.074978,0.9230,0.8993
601562.00,500000.00,563125.61,12,12,12,12,12,0.070391,0.9217,0.9129
304688.00,250000.00,317104.34,12,11,12,11,12,0.039638,0.9000,0.9519
710938.00,500000.00,662944.79,12,11,12,11,12,0.082868,0.8851,0.8972
304688.00,250000.00,310266.49,12,11,12,11,12,0.038783,0.8844,0.6161
601562.00,500000.00,633977.89,12,11,12,11,12,0.079247,0.8291,0.9408
304688.00,250000.00,299821.38,12,11,12,11,12,0.037478,0.8229,0.6619
710938.00,500000.00,685160.88,12,11,12,11,12,0.085645,0.9504,0.9339
601562.00,500000.00,601673.25,12,12,13,12,13,0.075209,0.9414,0.9902
585938.00,500000.00,586402.89,12,12,12,12,12,0.073300,0.9372,0.9853
585938.00,500000.00,588888.17,12,12,12,12,12,0.073611,0.8890,0.9573
601562.00,500000.00,613448.14,12,12,13,12,13,0.076681,0.8854,0.9489
710938.00,500000.00,712541.58,12,11,12,11,12,0.089068,0.8755,0.9866
585938.00,500000.00,611307.62,12,12,13,12,13,0.076413,0.8746,0.8618
710938.00,500000.00,677256.11,12,11,12,11,12,0.084657,0.8637,0.9453
304688.00,250000.00,315017.70,12,11,12,11,12,0.039377,0.8514,0.9571
304688.00,250000.00,302185.06,12,12,13,12,13,0.037773,0.8472,0.9691
585938.00,500000.00,592939.38,12,12,12,12,12,0.074117,0.8462,0.9795
601562.00,500000.00,605012.89,12,12,13,12,13,0.075627,0.9079,0.9547
304688.00,250000.00,302031.52,12,11,12,11,12,0.037754,0.9049,0.9802
304688.00,250000.00,299860.95,12,12,13,12,13,0.037483,0.8678,0.9699
304688.00,250000.00,312082.77,12,11,12,11,12,0.039010,0.7806,0.9616
710938.00,500000.00,689192.06,12,11,12,11,12,0.086149,0.7591,0.8985
445312.00,500000.00,456090.93,12,12,12,12,12,0.057011,0.8692,0.9577
445312.00,500000.00,478134.16,12,12,12,12,12,0.059767,0.8123,0.8770
242188.00,250000.00,245149.61,9,10,10,10,10,0.030644,0.7751,0.9723
445312.00,500000.00,452002.53,12,12,12,12,12,0.056500,0.9495,0.9585
445312.00,500000.00,449519.16,12,12,12,12,12,0.056190,0.9490,0.9868
726562.00,500000.00,724149.70,12,11,12,11,12,0.090519,0.9154,0.9963
726562.00,500000.00,652828.22,12,11,12,11,12,0.081604,0.8871,0.8972
242188.00,250000.00,242878.20,9,10,10,10,10,0.030360,0.8715,0.9892
242188.00,500000.00,241615.30,9,11,11,9,9,0.030202,0.8149,0.9863
742188.00,500000.00,705571.65,11,11,12,11,12,0.088196,0.7505,0.8848
726562.00,500000.00,726631.16,12,11,12,11,12,0.090829,0.9522,0.9724
445312.00,500000.00,448289.87,12,12,12,12,12,0.056036,0.9376,0.9858
445312.00,500000.00,447284.70,12,12,12,12,12,0.055911,0.9259,0.9905
726562.00,500000.00,717438.94,12,11,12,11,12,0.089680,0.9481,0.9633
726562.00,500000.00,733459.47,12,11,12,11,12,0.091682,0.9360,0.9737
726562.00,500000.00,716938.02,12,11,12,11,12,0.089617,0.9324,0.9152
726562.00,500000.00,691163.06,12,11,12,11,12,0.086395,0.9095,0.9450
726562.00,500000.00,552736.28,12,11,11,11,11,0.069092,0.9088,0.7510
445312.00,500000.00,457023.62,12,12,12,12,12,0.057128,0.9019,0.9693
445312.00,500000.00,447517.93,12,12,12,12,12,0.055940,0.8961,0.9696
445312.00,500000.00,463430.40,12,12,12,12,12,0.057929,0.8866,0.9604
445312.00,500000.00,469007.49,12,12,12,12,12,0.058626,0.8741,0.9431
242188.00,250000.00,239862.92,9,10,10,10,10,0.029983,0.8533,0.9657
242188.00,250000.00,253283.50,9,10,10,10,10,0.031660,0.8452,0.9545
742188.00,500000.00,739342.69,11,11,12,11,12,0.092418,0.7512,0.9551
617188.00,500000.00,604436.40,11,11,12,11,12,0.075555,0.9590,0.9789
617188.00,500000.00,583339.21,11,11,11,11,11,0.072917,0.9312,0.9414
382812.00,250000.00,380455.97,11,10,11,10,11,0.047557,0.9086,0.9716
179688.00,125000.00,177364.35,11,10,11,10,11,0.022171,0.9053,0.9814
148438.00,125000.00,150091.17,10,10,11,10,11,0.018761,0.8709,0.9399
382812.00,250000.00,383983.14,11,10,11,10,11,0.047998,0.8695,0.9760
382812.00,250000.00,382197.38,11,10,11,10,11,0.047775,0.7972,0.9696
148438.00,125000.00,147798.54,10,10,10,10,10,0.018475,0.7367,0.9847
382812.00,250000.00,383730.41,11,10,11,10,11,0.047966,0.7272,0.9796
382812.00,500000.00,383059.50,11,12,12,11,11,0.047882,0.8772,0.9863
382812.00,250000.00,378995.90,11,10,11,10,11,0.047374,0.8501,0.8830
148438.00,125000.00,145887.37,10,10,10,10,10,0.018236,0.8442,0.9648
148438.00,125000.00,147876.40,10,10,10,10,10,0.018485,0.8340,0.9478
382812.00,250000.00,381376.27,11,10,11,10,11,0.047672,0.8124,0.9855
617188.00,500000.00,614272.12,11,11,12,11,12,0.076784,0.7782,0.9753
148438.00,125000.00,149428.84,10,10,11,10,11,0.018679,0.7725,0.9382
382812.00,250000.00,383647.80,11,10,11,10,11,0.047956,0.7240,0.9920
179688.00,250000.00,179187.54,11,12,12,11,11,0.022398,0.7135,0.9740
617188.00,500000.00,547232.15,11,11,11,11,11,0.068404,0.7002,0.8756
617188.00,500000.00,607874.87,11,11,12,11,12,0.075984,0.9257,0.9841
148438.00,125000.00,145643.23,10,10,10,10,10,0.018205,0.9006,0.9723
179688.00,125000.00,173163.41,11,10,11,10,11,0.021645,0.8867,0.7088
179688.00,125000.00,178195.95,11,10,11,10,11,0.022274,0.8797,0.9814
382812.00,250000.00,376601.22,11,10,11,10,11,0.047075,0.8510,0.9785
617188.00,500000.00,606353.76,11,11,12,11,12,0.075794,0.9255,0.9800
179688.00,125000.00,176599.50,11,10,11,10,11,0.022075,0.8908,0.9758
617188.00,500000.00,671197.89,11,11,12,11,12,0.083900,0.8900,0.8987
382812.00,250000.00,373396.40,11,10,11,10,11,0.046675,0.8871,0.9730
179688.00,125000.00,167749.40,11,10,11,10,11,0.020969,0.8668,0.9221
148438.00,125000.00,145862.34,10,10,10,10,10,0.018233,0.7950,0.9744
179688.00,125000.00,179775.24,11,10,11,10,11,0.022472,0.7809,0.9809
382812.00,250000.00,383791.27,11,10,11,10,11,0.047974,0.7574,0.9880
507812.00,500000.00,504548.07,11,11,11,11,11,0.063069,0.9448,0.9791
507812.00,500000.00,519293.79,11,11,11,11,11,0.064912,0.9222,0.9711
148438.00,125000.00,148010.85,12,12,12,12,12,0.018501,0.9195,0.9709
148438.00,125000.00,145833.73,12,11,11,11,11,0.018229,0.8941,0.9174
773438.00,500000.00,614868.16,11,11,12,11,12,0.076859,0.8566,0.7921
148438.00,125000.00,155251.03,12,11,12,11,12,0.019406,0.7560,0.9548
507812.00,500000.00,511414.05,11,11,11,11,11,0.063927,0.9560,0.9844
507812.00,500000.00,493448.26,11,11,11,11,11,0.061681,0.9397,0.9639
148438.00,125000.00,152088.64,12,11,12,11,12,0.019011,0.9169,0.9497
773438.00,500000.00,529602.05,11,11,11,11,11,0.066200,0.8859,0.6783
507812.00,500000.00,502443.31,11,11,11,11,11,0.062805,0.9421,0.9840
507812.00,500000.00,510519.98,11,11,11,11,11,0.063815,0.9205,0.9909
507812.00,500000.00,529468.83,11,11,11,11,11,0.066184,0.9157,0.9464
507812.00,500000.00,516170.50,11,11,11,11,11,0.064521,0.8870,0.9779
148438.00,125000.00,144132.85,12,11,11,11,11,0.018017,0.8341,0.9578
773438.00,500000.00,574243.55,11,11,11,11,11,0.071780,0.8286,0.7030
101562.00,125000.00,106112.96,10,10,10,10,10,0.013264,0.8072,0.9571
507812.00,500000.00,501707.08,11,11,11,11,11,0.062713,0.9590,0.9853
773438.00,500000.00,592950.82,11,11,11,11,11,0.074119,0.9084,0.7634
148438.00,125000.00,145192.15,12,11,11,11,11,0.018149,0.8976,0.9285
148438.00,125000.00,146041.75,12,11,11,11,11,0.018255,0.8820,0.9742
148438.00,125000.00,138613.22,12,11,11,11,11,0.017327,0.8643,0.9097
773438.00,500000.00,751883.27,11,11,12,11,12,0.093985,0.8463,0.9638
773438.00,500000.00,501637.94,11,11,11,11,11,0.062705,0.8410,0.6210
101562.00,125000.00,114690.78,10,11,11,11,11,0.014336,0.8159,0.8847
257812.00,250000.00,259031.77,10,10,10,10,10,0.032379,0.8984,0.9815
195312.00,125000.00,192596.44,12,11,12,11,12,0.024075,0.8942,0.9829
367188.00,250000.00,364570.62,10,10,11,10,11,0.045571,0.8827,0.9756
195312.00,125000.00,193706.51,12,11,12,11,12,0.024213,0.8743,0.9847
414062.00,250000.00,405169.01,12,11,12,11,12,0.050646,0.8720,0.9603
195312.00,125000.00,188220.98,12,11,12,11,12,0.023528,0.8068,0.9141
257812.00,250000.00,257337.57,10,10,10,10,10,0.032167,0.9531,0.9757
257812.00,250000.00,258603.10,10,10,10,10,10,0.032325,0.9401,0.9891
414062.00,500000.00,416686.89,12,12,12,11,11,0.052086,0.8963,0.9783
367188.00,500000.00,360150.81,10,11,11,10,10,0.045019,0.8932,0.9682
414062.00,250000.00,403157.71,12,11,12,11,12,0.050395,0.8850,0.9695
367188.00,500000.00,365110.40,10,11,11,10,10,0.045639,0.8436,0.9859
195312.00,250000.00,232896.33,12,12,12,12,12,0.029112,0.8413,0.8223
195312.00,125000.00,193961.14,12,11,12,11,12,0.024245,0.8045,0.9784
195312.00,125000.00,195209.50,12,11,12,11,12,0.024401,0.7559,0.9804
257812.00,250000.00,254990.58,10,10,10,10,10,0.031874,0.9516,0.9867
257812.00,250000.00,255609.51,10,10,10,10,10,0.031951,0.9485,0.9519
257812.00,250000.00,258221.15,10,10,10,10,10,0.032278,0.9398,0.9849
257812.00,250000.00,252847.67,10,10,10,10,10,0.031606,0.9394,0.9734
367188.00,500000.00,389111.04,10,11,11,10,10,0.048639,0.9360,0.9400
367188.00,500000.00,390232.09,10,11,11,10,10,0.048779,0.9242,0.9155
257812.00,250000.00,248126.98,10,10,10,10,10,0.031016,0.9178,0.9383
367188.00,500000.00,420698.40,10,11,11,11,11,0.052587,0.8774,0.8691
257812.00,250000.00,260481.36,10,10,10,10,10,0.032560,0.8668,0.9634
414062.00,500000.00,418813.71,12,12,12,11,11,0.052352,0.7177,0.9789
257812.00,250000.00,251915.93,10,10,10,10,10,0.031489,0.9380,0.9710
257812.00,250000.00,256094.93,10,10,10,10,10,0.032012,0.8803,0.9902
414062.00,250000.00,423994.06,12,11,13,11,13,0.052999,0.7520,0.9174
195312.00,125000.00,197696.69,12,11,12,11,12,0.024712,0.7214,0.8596
539062.00,500000.00,533896.45,12,12,12,12,12,0.066737,0.9619,0.9807
367188.00,250000.00,348211.29,12,11,12,11,12,0.043526,0.9480,0.9452
367188.00,250000.00,355762.48,12,11,12,11,12,0.044470,0.9479,0.9666
539062.00,500000.00,532770.40,12,12,12,12,12,0.066596,0.9336,0.9730
351562.00,500000.00,363637.92,10,11,11,10,10,0.045455,0.9326,0.9611
367188.00,250000.00,367345.33,12,11,12,11,12,0.045918,0.9265,0.9625
367188.00,250000.00,368637.08,12,11,12,11,12,0.046080,0.9148,0.9769
351562.00,500000.00,360487.94,10,11,11,10,10,0.045061,0.9141,0.9697
539062.00,500000.00,551445.96,12,12,12,12,12,0.068931,0.9139,0.9700
320312.00,250000.00,321821.21,10,10,11,10,11,0.040228,0.9109,0.9507
320312.00,250000.00,327854.16,10,10,11,10,11,0.040982,0.9028,0.9445
539062.00,500000.00,545825.96,12,12,12,12,12,0.068228,0.8852,0.8862
351562.00,500000.00,344205.86,10,11,11,10,10,0.043026,0.8835,0.9703
351562.00,500000.00,360782.62,10,11,11,10,10,0.045098,0.8622,0.9640
367188.00,250000.00,360415.46,12,11,12,11,12,0.045052,0.9505,0.9798
351562.00,500000.00,357949.26,10,11,11,10,10,0.044744,0.9404,0.9719
539062.00,500000.00,513225.56,12,12,12,12,12,0.064153,0.9325,0.9496
351562.00,500000.00,355965.61,10,11,11,10,10,0.044496,0.9085,0.9861
367188.00,250000.00,358266.83,12,11,12,11,12,0.044783,0.9052,0.9464
351562.00,500000.00,354841.23,10,11,11,10,10,0.044355,0.8878,0.9714
320312.00,250000.00,327326.77,10,10,11,10,11,0.040916,0.8448,0.9720
351562.00,500000.00,367526.17,10,11,11,10,10,0.045941,0.8091,0.9549
351562.00,500000.00,354927.06,10,11,11,10,10,0.044366,0.7805,0.9751
539062.00,500000.00,542413.71,12,12,12,12,12,0.067802,0.9686,0.9770
539062.00,500000.00,531973.84,12,12,12,12,12,0.066497,0.9549,0.9747
539062.00,500000.00,535058.02,12,12,12,12,12,0.066882,0.9489,0.9789
367188.00,250000.00,361730.58,12,11,12,11,12,0.045216,0.9406,0.9791
320312.00,250000.00,328470.23,10,10,11,10,11,0.041059,0.9401,0.9120
367188.00,250000.00,356572.27,12,11,12,11,12,0.044572,0.9139,0.9676
539062.00,500000.00,537090.30,12,12,12,12,12,0.067136,0.8929,0.9273
539062.00,500000.00,520154.00,12,12,12,12,12,0.065019,0.9589,0.9636
367188.00,250000.00,371800.90,12,11,12,11,12,0.046475,0.9502,0.9698
367188.00,250000.00,337923.05,12,11,12,11,12,0.042240,0.9330,0.9086
320312.00,250000.00,319809.91,10,10,11,10,11,0.039976,0.9181,0.9901
320312.00,250000.00,327829.36,10,10,11,10,11,0.040979,0.8780,0.9729
539062.00,500000.00,538480.76,12,12,12,12,12,0.067310,0.8642,0.9220
351562.00,500000.00,360046.39,10,11,11,10,10,0.045006,0.8487,0.9576
320312.00,250000.00,313062.67,10,10,11,10,11,0.039133,0.8414,0.9365
320312.00,500000.00,337450.03,10,11,11,10,10,0.042181,0.7129,0.9289
367188.00,500000.00,366515.64,10,11,11,10,10,0.045814,0.9406,0.9847
132812.00,125000.00,131700.52,10,10,10,10,10,0.016463,0.9174,0.9814
132812.00,125000.00,129701.61,10,10,10,10,10,0.016213,0.8867,0.9688
164062.00,125000.00,149878.50,12,11,12,11,12,0.018735,0.8866,0.8999
164062.00,125000.00,168271.06,12,11,12,11,12,0.021034,0.8760,0.9433
132812.00,125000.00,141530.99,10,10,10,10,10,0.017691,0.8741,0.8835
367188.00,500000.00,426772.12,10,11,11,11,11,0.053347,0.8624,0.8476
710938.00,500000.00,544188.98,11,11,11,11,11,0.068024,0.8441,0.7628
367188.00,500000.00,411129.95,10,11,11,10,10,0.051391,0.8315,0.8586
164062.00,125000.00,168743.13,12,11,12,11,12,0.021093,0.9375,0.9709
367188.00,500000.00,368051.53,10,11,11,10,10,0.046006,0.9302,0.9757
132812.00,125000.00,129669.43,10,10,10,10,10,0.016209,0.9250,0.9745
710938.00,500000.00,635833.74,11,11,12,11,12,0.079479,0.9154,0.8847
164062.00,125000.00,156904.22,12,11,12,11,12,0.019613,0.9021,0.9276
164062.00,125000.00,158287.05,12,11,12,11,12,0.019786,0.8738,0.9339
710938.00,500000.00,578924.18,11,11,11,11,11,0.072366,0.8699,0.7865
367188.00,500000.00,369058.61,10,11,11,10,10,0.046132,0.8388,0.9874
164062.00,125000.00,149575.23,12,11,12,11,12,0.018697,0.8148,0.8446
164062.00,125000.00,155467.99,12,11,12,11,12,0.019433,0.7946,0.9446
132812.00,125000.00,131919.86,10,10,10,10,10,0.016490,0.9254,0.9729
132812.00,125000.00,132030.49,10,10,10,10,10,0.016504,0.9241,0.9397
132812.00,125000.00,130469.32,10,10,10,10,10,0.016309,0.9106,0.9149
710938.00,500000.00,552263.26,11,11,11,11,11,0.069033,0.9000,0.7759
710938.00,500000.00,576965.33,11,11,11,11,11,0.072121,0.8788,0.8055
367188.00,500000.00,376998.90,10,11,11,10,10,0.047125,0.8315,0.9604
367188.00,500000.00,368905.78,10,11,11,10,10,0.046113,0.9376,0.9764
367188.00,500000.00,379112.24,10,11,11,10,10,0.047389,0.9299,0.9641
132812.00,125000.00,137229.92,10,10,10,10,10,0.017154,0.9291,0.9102
132812.00,125000.00,134721.76,10,10,10,10,10,0.016840,0.9194,0.9622
710938.00,500000.00,612298.01,11,11,12,11,12,0.076537,0.8674,0.8405
367188.00,500000.00,374648.09,10,11,11,10,10,0.046831,0.8459,0.9498
710938.00,500000.00,641090.27,11,11,12,11,12,0.080136,0.8123,0.8721
164062.00,125000.00,125299.93,12,11,11,11,11,0.015662,0.7980,0.7331
132812.00,125000.00,130212.07,10,10,10,10,10,0.016277,0.7723,0.6566
164062.00,125000.00,150280.00,12,11,12,11,12,0.018785,0.7694,0.8242
164062.00,125000.00,156923.29,12,11,12,11,12,0.019615,0.7148,0.7051
226562.00,250000.00,232204.44,10,10,10,10,10,0.029026,0.9396,0.9741
414062.00,500000.00,410236.12,10,11,11,10,10,0.051280,0.9340,0.9848
414062.00,500000.00,402690.89,10,11,11,10,10,0.050336,0.9075,0.9552
445312.00,500000.00,449874.40,12,12,12,12,12,0.056234,0.8770,0.9827
101562.00,125000.00,132413.86,12,12,12,12,12,0.016552,0.8686,0.7531
445312.00,500000.00,451938.63,12,12,12,12,12,0.056492,0.8395,0.9213
226562.00,250000.00,231216.79,10,10,10,10,10,0.028902,0.8024,0.6150
101562.00,125000.00,120335.58,12,12,12,12,12,0.015042,0.7363,0.8350
414062.00,500000.00,435544.01,10,11,11,11,11,0.054443,0.7164,0.5958
226562.00,250000.00,228176.12,10,10,10,10,10,0.028522,0.9534,0.9824
445312.00,500000.00,452730.18,12,12,12,12,12,0.056591,0.9436,0.9834
226562.00,250000.00,231052.40,10,10,10,10,10,0.028882,0.9320,0.9464
226562.00,250000.00,225724.22,10,10,10,10,10,0.028216,0.9244,0.9696
226562.00,250000.00,234231.47,10,10,10,10,10,0.029279,0.9024,0.9660
445312.00,500000.00,451353.07,12,12,12,12,12,0.056419,0.9525,0.9810
414062.00,500000.00,417992.59,10,11,11,10,10,0.052249,0.9496,0.9834
226562.00,250000.00,232885.36,10,10,10,10,10,0.029111,0.9469,0.9713
414062.00,500000.00,411780.66,10,11,11,10,10,0.051473,0.9315,0.9807
101562.00,125000.00,121644.97,12,12,12,12,12,0.015206,0.8752,0.8330
101562.00,125000.00,121028.90,12,12,12,12,12,0.015129,0.7774,0.8361
445312.00,500000.00,449661.25,12,12,12,12,12,0.056208,0.9667,0.9798
445312.00,500000.00,456751.94,12,12,12,12,12,0.057094,0.9618,0.9721
226562.00,250000.00,227220.54,10,10,10,10,10,0.028403,0.9545,0.9815
445312.00,500000.00,447013.85,12,12,12,12,12,0.055877,0.9471,0.9913
414062.00,500000.00,412217.14,10,11,11,10,10,0.051527,0.9344,0.9744
226562.00,250000.00,225512.50,10,10,10,10,10,0.028189,0.9323,0.9844
414062.00,500000.00,421352.39,10,11,11,11,11,0.052669,0.9316,0.9728
414062.00,500000.00,439782.14,10,11,11,11,11,0.054973,0.8957,0.9398
101562.00,125000.00,112921.71,12,12,12,12,12,0.014115,0.8828,0.8957
445312.00,500000.00,443210.48,12,12,12,12,12,0.055401,0.8721,0.9825
445312.00,500000.00,473668.58,12,12,12,12,12,0.059209,0.7918,0.9241
101562.00,125000.00,123609.54,12,12,12,12,12,0.015451,0.7835,0.8197
414062.00,500000.00,431267.74,10,11,11,11,11,0.053908,0.7697,0.9293
632812.00,500000.00,602851.87,11,11,12,11,12,0.075356,0.9526,0.9357
632812.00,500000.00,624997.74,11,11,12,11,12,0.078125,0.9455,0.9753
304688.00,250000.00,307075.50,10,10,11,10,11,0.038384,0.9448,0.9854
210938.00,250000.00,214352.61,9,10,10,10,10,0.026794,0.9425,0.9587
632812.00,500000.00,632683.75,11,11,12,11,12,0.079085,0.9384,0.9959
164062.00,125000.00,164838.79,10,9,10,9,10,0.020605,0.9368,0.9508
632812.00,500000.00,555192.95,11,11,11,11,11,0.069399,0.9160,0.8654
210938.00,250000.00,213328.36,9,10,10,10,10,0.026666,0.9154,0.9682
304688.00,250000.00,304367.07,10,10,11,10,11,0.038046,0.8126,0.9932
164062.00,125000.00,164188.36,10,9,10,9,10,0.020524,0.7646,0.9639
304688.00,500000.00,342100.62,10,11,11,10,10,0.042763,0.7268,0.8719
210938.00,250000.00,213503.84,9,10,10,10,10,0.026688,0.9506,0.9560
632812.00,500000.00,619297.03,11,11,12,11,12,0.077412,0.9418,0.9675
210938.00,250000.00,212728.50,9,10,10,10,10,0.026591,0.9312,0.9766
210938.00,250000.00,211238.86,9,10,10,10,10,0.026405,0.9303,0.9731
210938.00,250000.00,204133.27,9,10,10,9,9,0.025517,0.9264,0.9670
304688.00,250000.00,307701.11,10,10,11,10,11,0.038463,0.9059,0.9607
304688.00,250000.00,298534.39,10,10,11,10,11,0.037317,0.8981,0.9748
304688.00,250000.00,304671.29,10,10,11,10,11,0.038084,0.8866,0.9855
164062.00,125000.00,162714.96,10,9,10,9,10,0.020339,0.8696,0.9536
164062.00,125000.00,160255.43,10,9,10,9,10,0.020032,0.8628,0.9735
164062.00,125000.00,165169.95,10,9,10,9,10,0.020646,0.7384,0.8409
632812.00,500000.00,603030.20,11,11,12,11,12,0.075379,0.9469,0.9455
210938.00,250000.00,214470.39,9,10,10,10,10,0.026809,0.9306,0.9714
304688.00,250000.00,304244.04,10,10,11,10,11,0.038031,0.9211,0.9808
210938.00,250000.00,212773.32,9,10,10,10,10,0.026597,0.9190,0.9787
164062.00,125000.00,163133.14,10,9,10,9,10,0.020392,0.8930,0.9539
164062.00,125000.00,171234.13,10,9,10,9,10,0.021404,0.8689,0.9567
164062.00,125000.00,161571.50,10,9,10,9,10,0.020196,0.7634,0.9436
304688.00,250000.00,311189.65,10,10,11,10,11,0.038899,0.7551,0.5114
210938.00,250000.00,292328.83,9,10,10,10,10,0.036541,0.7467,0.7129
304688.00,250000.00,305891.99,10,10,11,10,11,0.038236,0.9691,0.9728
210938.00,250000.00,212942.12,9,10,10,10,10,0.026618,0.9134,0.9694
304688.00,250000.00,310836.79,10,10,11,10,11,0.038855,0.9040,0.9691
632812.00,500000.00,606348.04,11,11,12,11,12,0.075794,0.9030,0.9128
632812.00,500000.00,621562.72,11,11,12,11,12,0.077695,0.8634,0.9470
164062.00,125000.00,168865.20,10,9,10,9,10,0.021108,0.8607,0.9713
164062.00,125000.00,167287.77,10,9,10,9,10,0.020911,0.8160,0.9736
164062.00,125000.00,164675.30,10,9,10,9,10,0.020584,0.8067,0.9202
710938.00,500000.00,704758.64,12,11,12,11,12,0.088095,0.9653,0.9827
757812.00,500000.00,589221.95,11,11,11,11,11,0.073653,0.9294,0.7632
710938.00,500000.00,679842.00,12,11,12,11,12,0.084980,0.8426,0.6897
710938.00,500000.00,698726.65,12,11,12,11,12,0.087341,0.9403,0.9789
648438.00,500000.00,623971.94,11,11,12,11,12,0.077996,0.9276,0.9308
648438.00,500000.00,631799.46,11,11,12,11,12,0.078975,0.9150,0.9649
757812.00,500000.00,567508.70,11,11,11,11,11,0.070939,0.9015,0.7452
757812.00,500000.00,681716.92,11,11,12,11,12,0.085215,0.8264,0.8869
195312.00,250000.00,205430.98,11,11,11,10,10,0.025679,0.8143,0.9483
757812.00,500000.00,472206.12,11,11,11,11,11,0.059026,0.8011,0.6131
195312.00,125000.00,194627.64,11,10,11,10,11,0.024328,0.7314,0.9612
710938.00,500000.00,551959.99,12,11,11,11,11,0.068995,0.7216,0.7601
710938.00,500000.00,704191.21,12,11,12,11,12,0.088024,0.9446,0.9697
710938.00,500000.00,697070.72,12,11,12,11,12,0.087134,0.9445,0.9788
710938.00,500000.00,700580.60,12,11,12,11,12,0.087573,0.9415,0.9809
710938.00,500000.00,636697.77,12,11,12,11,12,0.079587,0.9358,0.8929
710938.00,500000.00,706810.00,12,11,12,11,12,0.088351,0.9020,0.9877
757812.00,500000.00,600515.37,11,11,12,11,12,0.075064,0.8637,0.7720
757812.00,500000.00,611583.71,11,11,12,11,12,0.076448,0.8507,0.7959
648438.00,500000.00,659898.28,11,11,12,11,12,0.082487,0.7760,0.9320
648438.00,500000.00,639743.80,11,11,12,11,12,0.079968,0.9451,0.9754
648438.00,500000.00,635017.40,11,11,12,11,12,0.079377,0.9179,0.9747
710938.00,500000.00,713782.19,12,11,12,11,12,0.089223,0.8977,0.9360
445312.00,500000.00,442913.06,10,11,11,11,11,0.055364,0.9410,0.9746
117188.00,125000.00,119958.40,10,10,10,10,10,0.014995,0.9056,0.9119
117188.00,125000.00,120579.24,10,10,10,10,10,0.015072,0.9049,0.9449
164062.00,125000.00,158885.96,11,10,11,10,11,0.019861,0.9007,0.9601
164062.00,125000.00,166113.38,11,10,11,10,11,0.020764,0.8989,0.9444
101562.00,125000.00,113474.85,12,12,12,12,12,0.014184,0.8570,0.8928
445312.00,500000.00,467128.63,10,11,11,11,11,0.058391,0.7919,0.6759
117188.00,125000.00,120655.54,10,10,10,10,10,0.015082,0.9265,0.9681
117188.00,125000.00,118495.94,10,10,10,10,10,0.014812,0.9225,0.9250
117188.00,125000.00,116488.93,10,10,10,10,10,0.014561,0.9065,0.9912
117188.00,125000.00,128705.98,10,10,10,10,10,0.016088,0.8767,0.9059
101562.00,125000.00,123949.05,12,12,12,12,12,0.015494,0.8345,0.7952
445312.00,500000.00,486453.77,10,11,11,11,11,0.060807,0.7825,0.8730
445312.00,500000.00,449421.88,10,11,11,11,11,0.056178,0.8961,0.9866
445312.00,500000.00,467543.60,10,11,11,11,11,0.058443,0.8637,0.7426
164062.00,125000.00,160497.19,11,10,11,10,11,0.020062,0.8213,0.8870
117188.00,125000.00,120995.52,10,10,10,10,10,0.015124,0.7165,0.6710
445312.00,500000.00,470208.41,10,11,11,11,11,0.058776,0.9361,0.9098
445312.00,500000.00,467177.15,10,11,11,11,11,0.058397,0.9200,0.9335
445312.00,500000.00,441505.91,10,11,11,11,11,0.055188,0.9138,0.9753
117188.00,125000.00,125163.08,10,10,10,10,10,0.015645,0.9125,0.9341
164062.00,125000.00,159830.81,11,10,11,10,11,0.019979,0.9116,0.9526
445312.00,500000.00,442071.91,10,11,11,11,11,0.055259,0.8964,0.9704
164062.00,125000.00,165788.17,11,10,11,10,11,0.020724,0.8785,0.9863
101562.00,125000.00,114768.98,12,12,12,12,12,0.014346,0.7878,0.8791
164062.00,125000.00,135737.42,11,10,10,10,10,0.016967,0.7828,0.8102
117188.00,125000.00,121662.14,10,10,10,10,10,0.015208,0.7111,0.8684
101562.00,125000.00,129618.64,12,12,12,12,12,0.016202,0.7015,0.6989
273438.00,250000.00,291050.43,10,10,10,10,10,0.036381,0.9113,0.9108
492188.00,500000.00,477106.09,10,11,11,11,11,0.059638,0.9101,0.9552
273438.00,250000.00,277744.77,10,10,10,10,10,0.034718,0.9051,0.9783
289062.00,250000.00,282981.87,12,12,12,12,12,0.035373,0.8979,0.9735
492188.00,500000.00,493812.56,10,11,11,11,11,0.061727,0.8944,0.9800
273438.00,250000.00,268182.75,10,10,10,10,10,0.033523,0.8933,0.9601
289062.00,250000.00,287694.93,12,11,11,11,11,0.035962,0.9508,0.9782
273438.00,250000.00,270756.72,10,10,10,10,10,0.033845,0.9446,0.9557
289062.00,250000.00,287608.62,12,12,12,12,12,0.035951,0.9271,0.9898
148438.00,125000.00,149136.54,10,9,10,9,10,0.018642,0.9240,0.9216
273438.00,250000.00,274534.23,10,10,10,10,10,0.034317,0.9230,0.9448
273438.00,250000.00,262623.79,10,10,10,10,10,0.032828,0.9104,0.9555
289062.00,250000.00,300314.90,12,11,12,11,12,0.037539,0.8538,0.8966
289062.00,250000.00,309789.66,12,11,12,11,12,0.038724,0.8045,0.9223
289062.00,250000.00,288367.27,12,11,11,11,11,0.036046,0.7872,0.9815
273438.00,250000.00,266220.09,10,10,10,10,10,0.033278,0.9657,0.9719
289062.00,250000.00,288909.91,12,11,11,11,11,0.036114,0.9267,0.9834
273438.00,250000.00,282449.72,10,10,10,10,10,0.035306,0.9161,0.9620
148438.00,125000.00,150441.17,10,9,10,9,10,0.018805,0.9092,0.9139
289062.00,250000.00,297015.19,12,11,11,11,11,0.037127,0.8909,0.9690
148438.00,125000.00,148115.16,10,9,9,9,9,0.018514,0.7746,0.8574
273438.00,250000.00,273877.62,10,10,10,10,10,0.034235,0.9513,0.9953
273438.00,250000.00,270986.56,10,10,10,10,10,0.033873,0.9284,0.9828
273438.00,250000.00,273105.14,10,10,10,10,10,0.034138,0.9213,0.9537
148438.00,125000.00,150848.15,10,9,10,9,10,0.018856,0.9048,0.9686
289062.00,250000.00,275199.89,12,12,12,12,12,0.034400,0.8733,0.9371
148438.00,125000.00,135002.14,10,10,10,10,10,0.016875,0.8380,0.8601
289062.00,250000.00,287219.52,12,12,12,12,12,0.035902,0.7863,0.9723
726562.00,500000.00,718877.79,12,11,12,11,12,0.089860,0.9712,0.9845
132812.00,125000.00,133659.36,9,9,9,9,9,0.016707,0.9442,0.9358
132812.00,125000.00,127767.56,9,9,9,9,9,0.015971,0.9278,0.9613
132812.00,125000.00,131102.56,9,9,9,9,9,0.016388,0.9250,0.9543
304688.00,250000.00,302740.57,10,10,11,10,11,0.037843,0.9224,0.9841
726562.00,500000.00,723123.55,12,11,12,11,12,0.090390,0.9004,0.9474
304688.00,250000.00,305465.70,10,10,11,10,11,0.038183,0.8841,0.9949
726562.00,500000.00,705749.51,12,11,12,11,12,0.088219,0.8621,0.9596
132812.00,125000.00,132877.35,9,9,9,9,9,0.016610,0.8146,0.9195
304688.00,250000.00,306905.75,10,10,11,10,11,0.038363,0.9632,0.9559
664062.00,500000.00,665314.67,12,11,12,11,12,0.083164,0.9614,0.9950
726562.00,500000.00,728087.37,12,11,12,11,12,0.091011,0.9594,0.9635
726562.00,500000.00,725164.65,12,11,12,11,12,0.090646,0.9362,0.9653
304688.00,250000.00,311128.62,10,10,11,10,11,0.038891,0.9234,0.9589
304688.00,250000.00,306745.53,10,10,11,10,11,0.038343,0.9085,0.9877
726562.00,500000.00,696972.85,12,11,12,11,12,0.087122,0.9006,0.9555
132812.00,125000.00,136796.95,9,9,9,9,9,0.017100,0.8969,0.9654
304688.00,250000.00,308738.47,10,10,11,10,11,0.038592,0.8801,0.9387
132812.00,125000.00,135365.72,9,9,9,9,9,0.016921,0.8778,0.9566
664062.00,500000.00,643514.63,12,11,12,11,12,0.080439,0.8486,0.9457
664062.00,500000.00,662431.24,12,11,12,11,12,0.082804,0.8398,0.9676
304688.00,250000.00,311469.55,10,10,11,10,11,0.038934,0.8137,0.9727
664062.00,500000.00,655886.05,12,11,12,11,12,0.081986,0.9693,0.9822
304688.00,250000.00,310005.90,10,10,11,10,11,0.038751,0.9557,0.9808
664062.00,500000.00,656342.51,12,11,12,11,12,0.082043,0.9445,0.9801
132812.00,125000.00,135355.00,9,9,9,9,9,0.016919,0.9291,0.9622
132812.00,125000.00,131867.41,9,9,9,9,9,0.016483,0.9147,0.9792
664062.00,500000.00,592468.26,12,11,11,11,11,0.074059,0.8914,0.8823
304688.00,250000.00,319292.55,10,10,11,10,11,0.039912,0.8714,0.9479
726562.00,500000.00,732643.13,12,11,12,11,12,0.091580,0.8620,0.9907
304688.00,250000.00,305158.62,10,10,11,10,11,0.038145,0.7143,0.9841
726562.00,500000.00,717047.69,12,11,12,11,12,0.089631,0.9662,0.9730
726562.00,500000.00,726620.67,12,11,12,11,12,0.090828,0.9397,0.9871
132812.00,125000.00,130687.24,9,9,9,9,9,0.016336,0.9311,0.9580
664062.00,500000.00,652799.61,12,11,12,11,12,0.081600,0.9166,0.8938
726562.00,500000.00,722423.20,12,11,12,11,12,0.090303,0.9130,0.9807
664062.00,500000.00,662610.05,12,11,12,11,12,0.082826,0.9114,0.9931
132812.00,125000.00,137736.32,9,9,9,9,9,0.017217,0.9098,0.8929
304688.00,250000.00,316555.98,10,10,11,10,11,0.039569,0.8712,0.9473
726562.00,500000.00,725616.46,12,11,12,11,12,0.090702,0.8476,0.8623
570312.00,500000.00,567441.46,12,12,12,12,12,0.070930,0.9657,0.9841
492188.00,500000.00,482877.73,12,12,12,12,12,0.060360,0.9563,0.9565
226562.00,250000.00,231864.87,9,10,10,10,10,0.028983,0.9132,0.9613
226562.00,250000.00,227841.38,9,10,10,10,10,0.028480,0.9013,0.9745
492188.00,500000.00,482738.49,12,12,12,12,12,0.060342,0.8771,0.9598
570312.00,500000.00,586838.72,12,12,12,12,12,0.073355,0.8386,0.9688
398438.00,500000.00,443582.53,11,12,12,12,12,0.055448,0.7676,0.8227
570312.00,500000.00,553089.86,12,12,12,12,12,0.069136,0.7554,0.8075
226562.00,250000.00,217546.46,9,10,10,10,10,0.027193,0.9387,0.9430
226562.00,250000.00,225480.32,9,10,10,10,10,0.028185,0.9343,0.9617
226562.00,250000.00,226981.64,9,10,10,10,10,0.028373,0.9189,0.9636
398438.00,250000.00,403636.93,11,10,11,10,11,0.050455,0.8708,0.9855
226562.00,250000.00,225286.48,9,10,10,10,10,0.028161,0.8430,0.9719
398438.00,250000.00,402509.21,11,10,11,10,11,0.050314,0.8404,0.9734
492188.00,500000.00,496156.69,12,12,12,12,12,0.062020,0.9583,0.9838
492188.00,500000.00,492910.39,12,12,12,12,12,0.061614,0.9466,0.9906
492188.00,500000.00,484927.18,12,12,12,12,12,0.060616,0.9388,0.9608
492188.00,500000.00,492182.73,12,12,12,12,12,0.061523,0.9333,0.9888
570312.00,500000.00,590241.43,12,12,12,12,12,0.073780,0.8626,0.8930
570312.00,500000.00,573252.92,12,12,12,12,12,0.071657,0.8577,0.9671
492188.00,500000.00,496879.10,12,12,12,12,12,0.062110,0.8468,0.8411
226562.00,250000.00,230030.06,9,10,10,10,10,0.028754,0.7837,0.9325
492188.00,500000.00,554258.82,12,12,12,12,12,0.069282,0.7253,0.8289
398438.00,500000.00,397546.05,11,12,12,11,11,0.049693,0.7179,0.9822
570312.00,500000.00,568290.71,12,12,12,12,12,0.071036,0.9609,0.9845
492188.00,500000.00,492577.55,12,12,12,12,12,0.061572,0.9540,0.9909
570312.00,500000.00,560205.46,12,12,12,12,12,0.070026,0.9485,0.9621
570312.00,500000.00,560100.56,12,12,12,12,12,0.070013,0.9363,0.9749
570312.00,500000.00,573335.65,12,12,12,12,12,0.071667,0.9345,0.9693
492188.00,500000.00,558553.70,12,12,12,12,12,0.069819,0.9044,0.8748
226562.00,250000.00,238508.22,9,10,10,10,10,0.029814,0.8243,0.9348
398438.00,250000.00,399718.76,11,10,11,10,11,0.049965,0.7604,0.9939
398438.00,250000.00,395594.60,11,10,11,10,11,0.049449,0.7201,0.9885
445312.00,500000.00,438382.15,11,11,11,11,11,0.054798,0.9337,0.9793
445312.00,500000.00,453310.01,11,11,11,11,11,0.056664,0.8695,0.9785
429688.00,500000.00,438064.58,11,11,11,11,11,0.054758,0.7710,0.9544
632812.00,500000.00,618855.83,11,11,12,11,12,0.077357,0.9528,0.9720
445312.00,500000.00,448101.04,11,11,11,11,11,0.056013,0.9011,0.9915
445312.00,500000.00,445955.28,11,11,11,11,11,0.055744,0.8473,0.9936
632812.00,500000.00,542294.03,11,11,11,11,11,0.067787,0.8277,0.8163
429688.00,500000.00,476049.42,11,11,11,11,11,0.059506,0.7674,0.8652
445312.00,500000.00,453451.16,11,11,11,11,11,0.056681,0.9517,0.9795
429688.00,500000.00,429714.20,11,11,11,11,11,0.053714,0.9426,0.9780
445312.00,500000.00,460512.16,11,11,11,11,11,0.057564,0.9168,0.9577
632812.00,500000.00,613515.85,11,11,12,11,12,0.076689,0.9149,0.9599
632812.00,500000.00,613006.11,11,11,12,11,12,0.076626,0.9041,0.9623
632812.00,500000.00,635006.90,11,11,12,11,12,0.079376,0.9000,0.9511
429688.00,500000.00,432947.16,11,11,11,11,11,0.054118,0.8690,0.9703
429688.00,500000.00,447922.47,11,11,11,11,11,0.055990,0.8505,0.9446
429688.00,500000.00,430515.29,11,11,11,11,11,0.053814,0.8463,0.9934
445312.00,500000.00,451872.83,11,11,11,11,11,0.056484,0.9526,0.9830
632812.00,500000.00,620018.24,11,11,12,11,12,0.077502,0.9380,0.9683
429688.00,500000.00,438023.09,11,11,11,11,11,0.054753,0.9202,0.9771
445312.00,500000.00,503074.17,11,11,11,11,11,0.062884,0.9037,0.8693
429688.00,500000.00,440231.32,11,11,11,11,11,0.055029,0.8596,0.9640
445312.00,500000.00,449271.92,11,11,11,11,11,0.056159,0.8563,0.9810
632812.00,500000.00,601367.95,11,11,12,11,12,0.075171,0.8328,0.8232
257812.00,250000.00,254191.40,12,12,12,12,12,0.031774,0.9516,0.9846
257812.00,250000.00,256114.96,12,12,12,12,12,0.032014,0.9450,0.9858
335938.00,250000.00,330905.91,12,11,12,11,12,0.041363,0.9450,0.9805
335938.00,250000.00,331649.78,12,11,12,11,12,0.041456,0.9398,0.9597
335938.00,250000.00,325165.75,12,11,12,11,12,0.040646,0.9285,0.9352
382812.00,500000.00,392751.69,10,11,11,10,10,0.049094,0.9097,0.9699
382812.00,500000.00,379496.57,10,11,11,10,10,0.047437,0.8769,0.9851
382812.00,500000.00,378826.86,10,11,11,10,10,0.047353,0.8177,0.9850
335938.00,250000.00,331653.59,12,11,12,11,12,0.041457,0.9530,0.9835
335938.00,250000.00,340318.68,12,11,12,11,12,0.042540,0.9472,0.9697
257812.00,250000.00,257993.70,12,12,12,12,12,0.032249,0.9400,0.9968
742188.00,500000.00,741578.10,12,11,12,11,12,0.092697,0.9391,0.9705
742188.00,500000.00,686424.49,12,11,12,11,12,0.085803,0.9242,0.9238
335938.00,250000.00,287925.72,12,11,11,11,11,0.035991,0.7132,0.8304
257812.00,250000.00,259712.22,12,12,12,12,12,0.032464,0.9573,0.9682
257812.00,250000.00,257000.57,12,12,12,12,12,0.032125,0.9526,0.9858
335938.00,250000.00,334597.59,12,11,12,11,12,0.041825,0.9437,0.9880
742188.00,500000.00,719844.34,12,11,12,11,12,0.089981,0.9418,0.9667
335938.00,250000.00,322649.00,12,11,12,11,12,0.040331,0.9403,0.9423
335938.00,250000.00,342101.10,12,11,12,11,12,0.042763,0.9364,0.9451
382812.00,500000.00,391148.09,10,11,11,10,10,0.048894,0.9229,0.9547
382812.00,500000.00,394055.37,10,11,11,10,10,0.049257,0.9167,0.9623
257812.00,250000.00,255988.12,12,12,12,12,12,0.031999,0.9110,0.9825
382812.00,500000.00,382203.58,10,11,11,10,10,0.047775,0.9084,0.9728
742188.00,500000.00,571802.14,12,11,11,11,11,0.071475,0.8317,0.7527
382812.00,500000.00,665351.87,10,11,12,11,12,0.083169,0.7370,0.5139
742188.00,500000.00,730526.92,12,11,12,11,12,0.091316,0.9555,0.9739
257812.00,250000.00,256021.50,12,12,12,12,12,0.032003,0.9426,0.9487
335938.00,250000.00,333656.31,12,11,12,11,12,0.041707,0.9390,0.9822
742188.00,500000.00,735799.79,12,11,12,11,12,0.091975,0.9375,0.9649
742188.00,500000.00,727415.32,12,11,12,11,12,0.090927,0.9314,0.9736
257812.00,250000.00,254923.82,12,12,12,12,12,0.031865,0.9217,0.9685
257812.00,250000.00,257203.10,12,12,12,12,12,0.032150,0.9071,0.9733
257812.00,250000.00,259798.05,12,12,12,12,12,0.032475,0.9041,0.9014
742188.00,500000.00,710947.04,12,11,12,11,12,0.088868,0.8954,0.9493
257812.00,250000.00,268372.54,12,12,12,12,12,0.033547,0.8831,0.9576
382812.00,500000.00,494148.25,10,11,11,11,11,0.061769,0.8772,0.6662
742188.00,500000.00,588801.38,12,11,11,11,11,0.073600,0.8706,0.6987
585938.00,500000.00,585895.06,11,11,11,11,11,0.073237,0.9438,0.9567
585938.00,500000.00,580902.10,11,11,11,11,11,0.072613,0.9430,0.9745
179688.00,125000.00,176300.53,12,11,12,11,12,0.022038,0.9213,0.9413
132812.00,125000.00,129548.31,10,10,10,10,10,0.016194,0.9192,0.9737
351562.00,250000.00,361526.73,11,10,11,10,11,0.045191,0.9077,0.9645
179688.00,125000.00,172175.88,12,11,12,11,12,0.021522,0.8932,0.9550
351562.00,250000.00,358966.83,11,10,11,10,11,0.044871,0.8905,0.9586
132812.00,125000.00,132039.55,10,10,10,10,10,0.016505,0.8648,0.8980
585938.00,500000.00,583668.35,11,11,11,11,11,0.072959,0.9740,0.9816
585938.00,500000.00,577950.48,11,11,11,11,11,0.072244,0.9515,0.9827
351562.00,250000.00,351121.90,11,10,11,10,11,0.043890,0.9501,0.9934
351562.00,250000.00,349501.61,11,10,11,10,11,0.043688,0.9467,0.9696
132812.00,125000.00,131848.34,10,10,10,10,10,0.016481,0.9277,0.9645
132812.00,125000.00,133768.08,10,10,10,10,10,0.016721,0.9234,0.9906
132812.00,125000.00,136463.17,10,10,10,10,10,0.017058,0.9123,0.9567
179688.00,125000.00,179111.48,12,11,12,11,12,0.022389,0.9047,0.9459
179688.00,125000.00,175981.52,12,11,12,11,12,0.021998,0.8656,0.8941
585938.00,500000.00,585210.80,11,11,11,11,11,0.073151,0.9485,0.9802
351562.00,250000.00,354774.00,11,10,11,10,11,0.044347,0.9465,0.9770
351562.00,250000.00,350410.19,11,10,11,10,11,0.043801,0.9409,0.9675
585938.00,500000.00,572209.60,11,11,11,11,11,0.071526,0.9365,0.9640
132812.00,125000.00,132421.49,10,10,10,10,10,0.016553,0.9086,0.9708
585938.00,500000.00,567015.65,11,11,11,11,11,0.070877,0.8709,0.9633
585938.00,500000.00,594111.44,11,11,11,11,11,0.074264,0.8025,0.9285
351562.00,500000.00,363990.78,11,12,12,11,11,0.045499,0.7719,0.9484
585938.00,500000.00,588513.37,11,11,11,11,11,0.073564,0.7315,0.9719
132812.00,125000.00,131018.64,10,10,10,10,10,0.016377,0.7299,0.7980
179688.00,125000.00,174562.45,12,11,12,11,12,0.021820,0.9601,0.9494
179688.00,125000.00,185033.80,12,11,12,11,12,0.023129,0.9218,0.9246
132812.00,125000.00,132370.23,10,10,10,10,10,0.016546,0.9134,0.9235
179688.00,125000.00,174386.98,12,11,12,11,12,0.021798,0.9120,0.9459
132812.00,125000.00,128475.19,10,10,10,10,10,0.016059,0.8988,0.9290
132812.00,125000.00,126487.02,10,10,10,10,10,0.015811,0.8931,0.9479
351562.00,250000.00,332081.79,11,10,11,10,11,0.041510,0.8926,0.9235
585938.00,500000.00,542178.87,11,11,11,11,11,0.067772,0.8843,0.6229
179688.00,125000.00,154569.63,12,11,12,11,12,0.019321,0.8285,0.8520
679688.00,500000.00,668935.78,11,11,12,11,12,0.083617,0.9711,0.9802
554688.00,500000.00,550518.04,12,12,12,12,12,0.068815,0.9590,0.9757
554688.00,500000.00,563765.53,12,12,12,12,12,0.070471,0.9525,0.9743
242188.00,250000.00,246036.05,12,12,12,12,12,0.030755,0.9406,0.9794
695312.00,500000.00,661705.02,11,11,12,11,12,0.082713,0.8909,0.9369
695312.00,500000.00,506214.14,11,11,11,11,11,0.063277,0.8462,0.7010
679688.00,500000.00,555471.18,11,11,11,11,11,0.069434,0.7973,0.8033
679688.00,500000.00,662343.03,11,11,12,11,12,0.082793,0.7658,0.9356
679688.00,500000.00,676666.26,11,11,12,11,12,0.084583,0.9199,0.9654
554688.00,500000.00,537960.05,12,12,12,12,12,0.067245,0.8484,0.8821
695312.00,500000.00,566463.47,11,11,11,11,11,0.070808,0.8455,0.8022
242188.00,250000.00,231361.39,12,12,12,12,12,0.028920,0.8060,0.9458
679688.00,500000.00,564929.96,11,11,11,11,11,0.070616,0.7206,0.8040
554688.00,500000.00,549524.31,12,12,12,12,12,0.068691,0.9545,0.9863
242188.00,250000.00,241369.25,12,12,12,12,12,0.030171,0.9538,0.9902
242188.00,250000.00,241766.93,12,12,12,12,12,0.030221,0.9474,0.9927
554688.00,500000.00,556083.68,12,12,12,12,12,0.069510,0.9465,0.9927
242188.00,250000.00,241844.18,12,12,12,12,12,0.030231,0.9400,0.9873
554688.00,500000.00,563987.73,12,12,12,12,12,0.070498,0.9101,0.9735
242188.00,250000.00,244699.95,12,12,12,12,12,0.030587,0.9096,0.9440
242188.00,250000.00,238818.17,12,12,12,12,12,0.029852,0.8963,0.9389
679688.00,500000.00,677628.52,11,11,12,11,12,0.084704,0.8674,0.9726
554688.00,500000.00,563661.58,12,12,12,12,12,0.070458,0.7660,0.9744
554688.00,500000.00,558896.06,12,12,12,12,12,0.069862,0.9674,0.9703
554688.00,500000.00,547849.66,12,12,12,12,12,0.068481,0.9611,0.9842
554688.00,500000.00,555823.33,12,12,12,12,12,0.069478,0.9573,0.9527
242188.00,250000.00,246690.75,12,12,12,12,12,0.030836,0.9448,0.9727
242188.00,250000.00,240191.46,12,12,12,12,12,0.030024,0.9393,0.9813
679688.00,500000.00,574855.86,11,11,11,11,11,0.071857,0.9006,0.8291
242188.00,250000.00,245256.42,12,12,12,12,12,0.030657,0.8971,0.9266
554688.00,500000.00,541569.71,12,12,12,12,12,0.067696,0.8739,0.9640
242188.00,250000.00,251684.19,12,12,12,12,12,0.031461,0.8322,0.9248
195312.00,250000.00,196297.17,9,10,10,9,9,0.024537,0.9399,0.9901
429688.00,500000.00,433501.24,12,12,12,12,12,0.054188,0.9275,0.9789
195312.00,250000.00,195253.37,9,10,10,9,9,0.024407,0.9242,0.9368
429688.00,500000.00,448190.69,12,12,12,12,12,0.056024,0.9198,0.9585
429688.00,500000.00,423962.59,12,12,12,12,12,0.052995,0.9085,0.9848
101562.00,125000.00,113908.77,9,9,9,9,9,0.014239,0.9081,0.8912
101562.00,125000.00,113263.13,9,9,9,9,9,0.014158,0.8971,0.8820
195312.00,250000.00,209790.23,9,10,10,9,9,0.026224,0.8788,0.9204
429688.00,500000.00,561165.81,12,12,12,12,12,0.070146,0.8140,0.6214
429688.00,500000.00,412302.97,12,12,12,11,11,0.051538,0.7594,0.9579
429688.00,500000.00,433936.60,12,12,12,12,12,0.054242,0.7461,0.8563
429688.00,500000.00,434009.55,12,12,12,12,12,0.054251,0.9421,0.9788
195312.00,250000.00,200844.76,9,10,10,9,9,0.025106,0.9276,0.9561
195312.00,250000.00,200798.03,9,10,10,9,9,0.025100,0.8960,0.9591
101562.00,125000.00,106437.68,9,9,9,9,9,0.013305,0.8808,0.9513
773438.00,500000.00,571318.63,11,11,11,11,11,0.071415,0.7220,0.6687
429688.00,500000.00,431293.96,12,12,12,12,12,0.053912,0.9615,0.9670
101562.00,125000.00,109729.29,9,10,10,10,10,0.013716,0.8853,0.9179
101562.00,125000.00,109504.70,9,9,9,9,9,0.013688,0.8648,0.9004
101562.00,125000.00,104378.94,9,9,9,8,8,0.013047,0.8368,0.9696
429688.00,500000.00,519075.39,12,12,12,12,12,0.064884,0.7879,0.6277
429688.00,500000.00,408966.06,12,12,12,11,11,0.051121,0.8646,0.9345
195312.00,250000.00,218622.21,9,10,10,10,10,0.027328,0.8032,0.8055
195312.00,250000.00,201252.46,9,10,10,9,9,0.025157,0.7991,0.9174
179688.00,250000.00,194026.47,9,10,10,9,9,0.024253,0.9292,0.9131
179688.00,250000.00,179526.81,9,10,10,9,9,0.022441,0.9269,0.9626
398438.00,250000.00,386854.41,11,10,11,10,11,0.048357,0.8993,0.9670
179688.00,250000.00,182026.62,9,10,10,9,9,0.022753,0.8964,0.9849
710938.00,500000.00,671344.76,11,11,12,11,12,0.083918,0.8911,0.9442
367188.00,250000.00,343526.84,11,10,11,10,11,0.042941,0.7000,0.8965
710938.00,500000.00,700317.38,11,11,12,11,12,0.087540,0.9548,0.9683
367188.00,250000.00,368068.70,11,10,11,10,11,0.046009,0.9438,0.9920
398438.00,250000.00,395175.93,11,10,11,10,11,0.049397,0.9391,0.9874
398438.00,250000.00,398508.07,11,10,11,10,11,0.049814,0.8624,0.9814
367188.00,250000.00,372328.76,11,10,11,10,11,0.046541,0.8543,0.9159
710938.00,500000.00,553041.46,11,11,11,11,11,0.069130,0.8637,0.7712
367188.00,250000.00,364892.01,11,10,11,10,11,0.045612,0.8608,0.9598
398438.00,250000.00,400701.52,11,10,11,10,11,0.050088,0.8141,0.9851
179688.00,250000.00,189493.18,9,10,10,9,9,0.023687,0.7036,0.8845
367188.00,500000.00,367502.21,11,12,12,11,11,0.045938,0.9329,0.9828
179688.00,250000.00,181027.41,9,10,10,9,9,0.022628,0.8949,0.9557
710938.00,500000.00,676036.00,11,11,12,11,12,0.084505,0.8454,0.9495
367188.00,250000.00,374663.83,11,10,11,10,11,0.046833,0.8237,0.9306
367188.00,250000.00,360116.48,11,10,11,10,11,0.045015,0.7780,0.9777
539062.00,500000.00,543653.49,11,11,11,11,11,0.067957,0.9653,0.9535
539062.00,500000.00,538905.14,11,11,11,11,11,0.067363,0.9535,0.9889
523438.00,500000.00,529628.75,12,12,12,12,12,0.066204,0.9463,0.8945
539062.00,500000.00,541774.75,11,11,11,11,11,0.067722,0.9086,0.9439
789062.00,500000.00,728138.92,12,11,12,11,12,0.091017,0.8907,0.8839
757812.00,500000.00,578893.18,12,11,11,11,11,0.072362,0.8873,0.6938
523438.00,500000.00,555541.99,12,12,12,12,12,0.069443,0.8736,0.9020
539062.00,500000.00,541109.32,11,11,11,11,11,0.067639,0.9593,0.9730
523438.00,500000.00,529487.61,12,12,12,12,12,0.066186,0.9576,0.9686
789062.00,500000.00,741483.69,12,11,12,11,12,0.092685,0.9480,0.9341
757812.00,500000.00,742672.92,12,11,12,11,12,0.092834,0.9449,0.9758
757812.00,500000.00,746084.21,12,11,12,11,12,0.093261,0.9395,0.9687
523438.00,500000.00,517808.44,12,12,12,12,12,0.064726,0.9374,0.9853
789062.00,500000.00,757696.15,12,11,12,11,12,0.094712,0.9246,0.9498
789062.00,500000.00,779113.77,12,11,12,11,12,0.097389,0.9059,0.9779
789062.00,500000.00,752469.54,12,11,12,11,12,0.094059,0.8961,0.9278
757812.00,500000.00,627270.22,12,11,12,11,12,0.078409,0.8242,0.8183
789062.00,500000.00,565874.10,12,11,11,11,11,0.070734,0.7937,0.6562
789062.00,500000.00,703120.23,12,11,12,11,12,0.087890,0.7143,0.7909
523438.00,500000.00,551012.52,12,12,12,12,12,0.068877,0.7101,0.8632
539062.00,500000.00,544920.33,11,11,11,11,11,0.068115,0.9588,0.9699
523438.00,500000.00,531751.63,12,12,12,12,12,0.066469,0.9444,0.9804
539062.00,500000.00,544576.64,11,11,11,11,11,0.068072,0.9246,0.9833
539062.00,500000.00,546291.35,11,11,11,11,11,0.068286,0.9130,0.9678
757812.00,500000.00,739502.91,12,11,12,11,12,0.092438,0.9128,0.9740
539062.00,500000.00,530345.92,11,11,11,11,11,0.066293,0.9098,0.9717
789062.00,500000.00,712867.74,12,11,12,11,12,0.089108,0.8492,0.8855
789062.00,500000.00,658407.69,12,11,12,11,12,0.082301,0.8372,0.8319
757812.00,500000.00,740825.65,12,11,12,11,12,0.092603,0.8340,0.9706
523438.00,500000.00,524169.92,12,12,12,12,12,0.065521,0.9714,0.9949
523438.00,500000.00,525600.43,12,12,12,12,12,0.065700,0.9596,0.9914
523438.00,500000.00,528470.99,12,12,12,12,12,0.066059,0.9548,0.9772
523438.00,500000.00,528989.79,12,12,12,12,12,0.066124,0.9544,0.9878
757812.00,500000.00,733083.72,12,11,12,11,12,0.091635,0.9369,0.9617
539062.00,500000.00,573150.63,11,11,11,11,11,0.071644,0.8953,0.9267
757812.00,500000.00,743227.01,12,11,12,11,12,0.092903,0.8484,0.9723
492188.00,500000.00,490003.59,12,12,12,12,12,0.061250,0.9506,0.9902
445312.00,500000.00,453429.70,11,11,11,11,11,0.056679,0.9491,0.9732
492188.00,500000.00,498933.55,12,12,12,12,12,0.062367,0.9291,0.9733
117188.00,125000.00,130784.03,12,12,12,12,12,0.016348,0.9002,0.8878
492188.00,500000.00,492959.98,12,12,12,12,12,0.061620,0.8637,0.9668
492188.00,500000.00,399879.46,12,12,12,11,11,0.049985,0.8634,0.7988
117188.00,125000.00,127725.60,12,12,12,12,12,0.015966,0.8613,0.9122
445312.00,500000.00,447669.03,11,11,11,11,11,0.055959,0.8607,0.9666
289062.00,250000.00,275911.33,12,12,12,12,12,0.034489,0.7617,0.8848
445312.00,500000.00,448843.00,11,11,11,11,11,0.056105,0.9222,0.9821
445312.00,500000.00,448703.29,11,11,11,11,11,0.056088,0.9050,0.9827
289062.00,250000.00,290675.67,12,11,11,11,11,0.036334,0.8956,0.9745
289062.00,250000.00,300008.59,12,11,12,11,12,0.037501,0.8603,0.9559
289062.00,250000.00,298140.88,12,12,13,12,13,0.037268,0.7924,0.8317
492188.00,500000.00,501273.16,12,12,12,12,12,0.062659,0.9530,0.9752
117188.00,125000.00,121375.56,12,12,12,12,12,0.015172,0.9362,0.9638
445312.00,500000.00,446209.91,11,11,11,11,11,0.055776,0.9218,0.9667
445312.00,500000.00,457105.28,11,11,11,11,11,0.057138,0.9104,0.9591
445312.00,500000.00,445913.31,11,11,11,11,11,0.055739,0.9007,0.9967
289062.00,250000.00,268623.35,12,12,12,12,12,0.033578,0.8432,0.9283
117188.00,125000.00,122213.36,12,12,12,12,12,0.015277,0.8425,0.9523
289062.00,250000.00,289724.35,12,11,11,11,11,0.036216,0.8215,0.9769
117188.00,125000.00,123070.96,12,12,12,12,12,0.015384,0.7729,0.9512
492188.00,500000.00,493097.31,12,12,12,12,12,0.061637,0.9525,0.9727
289062.00,250000.00,291725.16,12,12,12,12,12,0.036466,0.9454,0.9889
492188.00,500000.00,499902.73,12,12,12,12,12,0.062488,0.9395,0.9207
492188.00,500000.00,495221.61,12,12,12,12,12,0.061903,0.9323,0.9822
117188.00,125000.00,130900.38,12,12,12,12,12,0.016363,0.9170,0.8660
289062.00,250000.00,293560.98,12,11,11,11,11,0.036695,0.8985,0.9779
289062.00,250000.00,288644.79,12,12,12,12,12,0.036081,0.8871,0.9586
445312.00,500000.00,461676.12,11,11,11,11,11,0.057710,0.8845,0.9303
117188.00,125000.00,125516.89,12,12,12,12,12,0.015690,0.8630,0.8797
492188.00,500000.00,504184.37,12,12,12,12,12,0.063023,0.8000,0.8822
117188.00,125000.00,117483.14,12,12,12,12,12,0.014685,0.7850,0.9435
445312.00,500000.00,467350.96,11,11,11,11,11,0.058419,0.7661,0.9459
507812.00,500000.00,511340.14,12,12,12,12,12,0.063918,0.9541,0.9657
507812.00,500000.00,515102.62,12,12,12,12,12,0.064388,0.9371,0.9456
210938.00,250000.00,223419.19,12,12,12,12,12,0.027927,0.9354,0.9410
507812.00,500000.00,505657.20,12,12,12,12,12,0.063207,0.9327,0.9768
117188.00,125000.00,125320.91,11,11,11,11,11,0.015665,0.8920,0.9194
117188.00,125000.00,120761.87,11,11,11,11,11,0.015095,0.8682,0.9667
164062.00,250000.00,179450.99,9,10,10,9,9,0.022431,0.8495,0.7160
507812.00,500000.00,517320.16,12,12,12,12,12,0.064665,0.9656,0.9754
507812.00,500000.00,508608.82,12,12,12,12,12,0.063576,0.9447,0.9786
507812.00,500000.00,501577.38,12,12,12,12,12,0.062697,0.9239,0.9762
507812.00,500000.00,486644.80,12,12,12,12,12,0.060831,0.9221,0.9477
117188.00,125000.00,125734.33,11,11,11,11,11,0.015717,0.9127,0.9285
210938.00,250000.00,215446.47,12,12,12,12,12,0.026931,0.8997,0.9727
164062.00,125000.00,164864.06,9,9,10,9,10,0.020608,0.8582,0.9744
117188.00,125000.00,122426.99,11,11,11,11,11,0.015303,0.8579,0.9519
210938.00,250000.00,226806.64,12,12,12,12,12,0.028351,0.8067,0.9300
210938.00,250000.00,219490.05,12,12,12,12,12,0.027436,0.7818,0.9537
210938.00,250000.00,216394.90,12,12,12,12,12,0.027049,0.7764,0.9592
507812.00,500000.00,504042.39,12,12,12,12,12,0.063005,0.9579,0.9861
507812.00,500000.00,505022.05,12,12,12,12,12,0.063128,0.9524,0.9900
507812.00,500000.00,508362.77,12,12,12,12,12,0.063545,0.9402,0.9944
210938.00,125000.00,210033.42,12,11,12,11,12,0.026254,0.8923,0.9462
210938.00,250000.00,212114.33,12,12,12,12,12,0.026514,0.7870,0.9609
164062.00,125000.00,160520.55,9,9,10,9,10,0.020065,0.7764,0.9047
507812.00,500000.00,505094.53,12,12,12,12,12,0.063137,0.9665,0.9849
210938.00,250000.00,224760.06,12,12,12,12,12,0.028095,0.9319,0.9317
117188.00,125000.00,120827.20,11,11,11,11,11,0.015103,0.8059,0.9650
117188.00,125000.00,121526.72,11,11,11,11,11,0.015191,0.7096,0.7594
445312.00,500000.00,439935.45,10,11,11,11,11,0.054992,0.9553,0.9477
664062.00,500000.00,662377.36,11,11,12,11,12,0.082797,0.9465,0.9896
695312.00,500000.00,686801.91,11,11,12,11,12,0.085850,0.9458,0.9407
445312.00,500000.00,448934.56,10,11,11,11,11,0.056117,0.9390,0.9538
164062.00,125000.00,165613.17,12,11,12,11,12,0.020702,0.9265,0.9780
445312.00,500000.00,450615.88,10,11,11,11,11,0.056327,0.8943,0.9518
445312.00,500000.00,465028.76,10,11,11,11,11,0.058129,0.8920,0.9398
695312.00,500000.00,593181.61,11,11,11,11,11,0.074148,0.8831,0.8486
164062.00,125000.00,163511.28,12,11,12,11,12,0.020439,0.8730,0.9684
695312.00,500000.00,597775.46,11,11,12,11,12,0.074722,0.8518,0.8250
664062.00,500000.00,647769.93,11,11,12,11,12,0.080971,0.9392,0.9726
445312.00,500000.00,424521.45,10,11,11,11,11,0.053065,0.9227,0.9477
695312.00,500000.00,673660.28,11,11,12,11,12,0.084208,0.9193,0.9626
695312.00,500000.00,683158.87,11,11,12,11,12,0.085395,0.9044,0.9817
664062.00,500000.00,656279.56,11,11,12,11,12,0.082035,0.8936,0.9756
445312.00,500000.00,427638.05,10,11,11,11,11,0.053455,0.8822,0.9567
445312.00,500000.00,499647.62,10,11,11,11,11,0.062456,0.8511,0.8586
695312.00,500000.00,571290.02,11,11,11,11,11,0.071411,0.7857,0.8089
664062.00,500000.00,647655.49,11,11,12,11,12,0.080957,0.9567,0.9681
664062.00,500000.00,602276.56,11,11,12,11,12,0.075285,0.9271,0.8946
164062.00,125000.00,157021.52,12,11,12,11,12,0.019628,0.9032,0.9540
695312.00,500000.00,680700.30,11,11,12,11,12,0.085088,0.8826,0.9618
164062.00,125000.00,172270.77,12,11,12,11,12,0.021534,0.8742,0.8954
664062.00,500000.00,554029.94,11,11,11,11,11,0.069254,0.7790,0.8159
664062.00,500000.00,645659.92,11,11,12,11,12,0.080707,0.9471,0.9446
445312.00,500000.00,444942.47,10,11,11,11,11,0.055618,0.9363,0.9874
164062.00,125000.00,157876.01,12,11,12,11,12,0.019735,0.9178,0.9603
664062.00,500000.00,616183.76,11,11,12,11,12,0.077023,0.9007,0.9045
164062.00,125000.00,164930.34,12,11,12,11,12,0.020616,0.8940,0.9188
664062.00,500000.00,551861.76,11,11,11,11,11,0.068983,0.8331,0.8133
164062.00,125000.00,159867.29,12,11,12,11,12,0.019983,0.8315,0.8970
476562.00,500000.00,480804.44,11,11,11,11,11,0.060101,0.9536,0.9890
679688.00,500000.00,679301.26,12,11,12,11,12,0.084913,0.9526,0.9648
476562.00,500000.00,474107.27,11,11,11,11,11,0.059263,0.9305,0.9660
429688.00,500000.00,428750.99,12,12,12,12,12,0.053594,0.8704,0.9312
429688.00,500000.00,410028.46,12,12,12,11,11,0.051254,0.7129,0.9344
429688.00,500000.00,435249.33,12,12,12,12,12,0.054406,0.9641,0.9669
679688.00,500000.00,670838.36,12,11,12,11,12,0.083855,0.9535,0.9745
679688.00,500000.00,670977.12,12,11,12,11,12,0.083872,0.9458,0.9854
679688.00,500000.00,644838.09,12,11,12,11,12,0.080605,0.9343,0.9378
476562.00,500000.00,475612.16,11,11,11,11,11,0.059452,0.9323,0.9842
429688.00,500000.00,446949.01,12,12,12,12,12,0.055869,0.9256,0.9601
164062.00,125000.00,168665.89,11,10,11,10,11,0.021083,0.9155,0.9629
679688.00,500000.00,686218.02,12,11,12,11,12,0.085777,0.9151,0.9701
679688.00,500000.00,674137.12,12,11,12,11,12,0.084267,0.8640,0.9077
164062.00,125000.00,168632.45,11,10,11,10,11,0.021079,0.8580,0.9693
429688.00,500000.00,439464.57,12,12,12,12,12,0.054933,0.9588,0.9772
679688.00,500000.00,666605.95,12,11,12,11,12,0.083326,0.9525,0.9785
679688.00,500000.00,696602.58,12,11,12,11,12,0.087075,0.9472,0.9717
476562.00,500000.00,487181.43,11,11,11,11,11,0.060898,0.9458,0.9775
476562.00,500000.00,481321.33,11,11,11,11,11,0.060165,0.9402,0.9739
476562.00,500000.00,477198.60,11,11,11,11,11,0.059650,0.9367,0.9957
679688.00,500000.00,636991.50,12,11,12,11,12,0.079624,0.9351,0.9133
429688.00,500000.00,430637.36,12,12,12,12,12,0.053830,0.9265,0.9556
164062.00,125000.00,167420.15,11,10,11,10,11,0.020928,0.9195,0.9687
164062.00,125000.00,164191.25,11,10,11,10,11,0.020524,0.9168,0.9742
164062.00,125000.00,164520.26,11,10,11,10,11,0.020565,0.9142,0.9835
429688.00,500000.00,440441.37,12,12,12,12,12,0.055055,0.9549,0.9727
679688.00,500000.00,668756.96,12,11,12,11,12,0.083595,0.9539,0.9755
476562.00,500000.00,475137.71,11,11,11,11,11,0.059392,0.9353,0.9778
476562.00,500000.00,495691.30,11,11,11,11,11,0.061961,0.9328,0.9423
679688.00,500000.00,671398.16,12,11,12,11,12,0.083925,0.9217,0.9625
164062.00,125000.00,165760.04,11,10,11,10,11,0.020720,0.9100,0.9639
164062.00,125000.00,164237.98,11,10,11,10,11,0.020530,0.9093,0.9211
429688.00,500000.00,426206.59,12,12,12,12,12,0.053276,0.9054,0.9842
164062.00,125000.00,165851.59,11,10,11,10,11,0.020731,0.8957,0.9324
429688.00,500000.00,449558.26,12,12,12,12,12,0.056195,0.8939,0.9248
429688.00,500000.00,432696.34,12,12,12,12,12,0.054087,0.8507,0.9732
164062.00,125000.00,165397.64,11,10,11,10,11,0.020675,0.8129,0.9819
164062.00,125000.00,174784.66,11,10,11,10,11,0.021848,0.7911,0.9340
476562.00,500000.00,560747.15,11,11,11,11,11,0.070093,0.7506,0.7712
585938.00,500000.00,578168.39,11,11,11,11,11,0.072271,0.9599,0.9810
242188.00,250000.00,243987.08,12,12,12,12,12,0.030498,0.9393,0.9831
585938.00,500000.00,583811.28,11,11,11,11,11,0.072976,0.9347,0.9915
148438.00,125000.00,149931.91,11,10,11,10,11,0.018741,0.9267,0.9416
242188.00,250000.00,247560.50,12,12,12,12,12,0.030945,0.9232,0.9681
289062.00,250000.00,284260.75,10,10,10,10,10,0.035533,0.9186,0.9774
585938.00,500000.00,557234.76,11,11,11,11,11,0.069654,0.9044,0.9241
242188.00,250000.00,242365.84,12,12,12,12,12,0.030296,0.8785,0.9793
148438.00,125000.00,150431.63,11,10,11,10,11,0.018804,0.8708,0.9852
148438.00,125000.00,151324.27,11,11,12,11,12,0.018916,0.8381,0.9681
148438.00,125000.00,156688.69,11,10,11,10,11,0.019586,0.8359,0.9429
585938.00,500000.00,592461.59,11,11,11,11,11,0.074058,0.9573,0.9719
585938.00,500000.00,564838.41,11,11,11,11,11,0.070605,0.9565,0.9462
289062.00,250000.00,298015.59,10,10,11,10,11,0.037252,0.9331,0.9684
289062.00,250000.00,289777.76,10,10,10,10,10,0.036222,0.9142,0.9777
148438.00,125000.00,150485.04,11,11,12,11,12,0.018811,0.8715,0.9321
242188.00,250000.00,250714.12,12,12,12,12,12,0.031339,0.7739,0.9600
289062.00,250000.00,289125.44,10,10,10,10,10,0.036141,0.9520,0.9713
242188.00,250000.00,244628.91,12,12,12,12,12,0.030579,0.9340,0.9884
242188.00,250000.00,244419.10,12,12,12,12,12,0.030552,0.9331,0.9622
148438.00,125000.00,151448.97,11,10,11,10,11,0.018931,0.9122,0.9640
242188.00,250000.00,275548.93,12,12,12,12,12,0.034444,0.9052,0.8298
585938.00,500000.00,500899.31,11,11,11,11,11,0.062612,0.9024,0.8306
585938.00,500000.00,579015.79,11,11,11,11,11,0.072377,0.8907,0.9582
585938.00,500000.00,536354.06,11,11,11,11,11,0.067044,0.7653,0.8956
289062.00,250000.00,282482.15,10,10,10,10,10,0.035310,0.9422,0.9739
585938.00,500000.00,583878.28,11,11,11,11,11,0.072985,0.9387,0.9723
585938.00,500000.00,605062.01,11,11,12,11,12,0.075633,0.9373,0.9652
585938.00,500000.00,582782.75,11,11,11,11,11,0.072848,0.9345,0.7968
242188.00,250000.00,244079.08,12,12,12,12,12,0.030510,0.9342,0.9712
289062.00,250000.00,288248.06,10,10,10,10,10,0.036031,0.9267,0.9688
242188.00,250000.00,244963.17,12,12,12,12,12,0.030620,0.9245,0.9832
148438.00,125000.00,146528.24,11,10,10,10,10,0.018316,0.9034,0.9625
242188.00,250000.00,245307.92,12,12,12,12,12,0.030663,0.8902,0.9518
242188.00,250000.00,245597.84,12,12,12,12,12,0.030700,0.8607,0.9533
148438.00,125000.00,153774.26,11,10,11,10,11,0.019222,0.7098,0.7352
179688.00,125000.00,178689.00,10,9,10,9,10,0.022336,0.9119,0.9393
742188.00,500000.00,602136.61,12,11,12,11,12,0.075267,0.9028,0.7764
742188.00,500000.00,690336.94,12,11,12,11,12,0.086292,0.8971,0.9223
179688.00,125000.00,182256.70,10,9,10,9,10,0.022782,0.8847,0.9764
179688.00,125000.00,153898.24,12,11,12,11,12,0.019237,0.8606,0.8543
179688.00,125000.00,178746.22,10,9,10,9,10,0.022343,0.8424,0.9510
742188.00,500000.00,735603.09,12,11,12,11,12,0.091950,0.9343,0.9641
742188.00,500000.00,719620.23,12,11,12,11,12,0.089953,0.9307,0.9615
179688.00,125000.00,173499.11,12,11,12,11,12,0.021687,0.9191,0.9100
179688.00,125000.00,180156.23,12,11,12,11,12,0.022520,0.9117,0.9755
179688.00,125000.00,180594.44,12,11,12,11,12,0.022574,0.8831,0.9570
335938.00,500000.00,347009.66,10,11,11,10,10,0.043376,0.8460,0.9659
335938.00,500000.00,340911.87,10,11,11,10,10,0.042614,0.8229,0.9696
335938.00,500000.00,433930.40,10,11,11,11,11,0.054241,0.7945,0.7435
742188.00,500000.00,726190.57,12,11,12,11,12,0.090774,0.9578,0.9679
179688.00,125000.00,176650.52,10,9,10,9,10,0.022081,0.9126,0.9563
335938.00,500000.00,346080.78,10,11,11,10,10,0.043260,0.9054,0.9658
179688.00,125000.00,186536.79,12,11,12,11,12,0.023317,0.8931,0.9209
335938.00,500000.00,353894.23,10,11,11,10,10,0.044237,0.8831,0.9476
179688.00,125000.00,177249.91,12,11,12,11,12,0.022156,0.8798,0.9661
742188.00,500000.00,677421.57,12,11,12,11,12,0.084678,0.8760,0.9020
742188.00,500000.00,750829.70,12,11,12,11,12,0.093854,0.8542,0.9867
179688.00,125000.00,185997.01,10,9,10,9,10,0.023250,0.8412,0.9069
742188.00,500000.00,573757.29,12,11,11,11,11,0.071720,0.8370,0.7720
179688.00,125000.00,179272.65,10,9,10,9,10,0.022409,0.8153,0.9242
179688.00,125000.00,148720.74,12,11,12,11,12,0.018590,0.7414,0.6822
179688.00,125000.00,179961.20,10,9,10,9,10,0.022495,0.7317,0.9846
742188.00,500000.00,740495.68,12,11,12,11,12,0.092562,0.9601,0.9797
742188.00,500000.00,692871.57,12,11,12,11,12,0.086609,0.9351,0.9256
742188.00,500000.00,713455.20,12,11,12,11,12,0.089182,0.9156,0.9396
179688.00,125000.00,179785.73,12,11,12,11,12,0.022473,0.8853,0.9892
335938.00,500000.00,344600.68,10,11,11,10,10,0.043075,0.8648,0.9514
179688.00,125000.00,215620.52,12,11,13,11,13,0.026953,0.8264,0.7576
179688.00,250000.00,251485.82,10,11,11,11,11,0.031436,0.7990,0.6391
179688.00,250000.00,212413.79,10,11,11,11,11,0.026552,0.7692,0.8457
429688.00,500000.00,445926.67,11,11,11,11,11,0.055741,0.9119,0.9621
132812.00,125000.00,137558.94,11,11,11,11,11,0.017195,0.8930,0.9570
429688.00,500000.00,417087.55,11,11,11,10,10,0.052136,0.8550,0.9615
414062.00,500000.00,535177.23,11,11,11,11,11,0.066897,0.8449,0.7346
414062.00,500000.00,426113.61,11,11,11,11,11,0.053264,0.8403,0.9415
414062.00,250000.00,406451.23,11,10,11,10,11,0.050806,0.8020,0.9301
429688.00,500000.00,432510.38,11,11,11,11,11,0.054064,0.9137,0.9909
132812.00,125000.00,135170.70,11,11,11,11,11,0.016896,0.9107,0.8813
132812.00,125000.00,139614.11,11,11,11,11,11,0.017452,0.8690,0.9468
414062.00,500000.00,415518.76,11,11,11,10,10,0.051940,0.9495,0.9748
429688.00,500000.00,436151.50,11,11,11,11,11,0.054519,0.9174,0.9713
132812.00,125000.00,132924.08,12,12,12,12,12,0.016616,0.8983,0.9290
132812.00,125000.00,131771.09,12,12,12,12,12,0.016471,0.8901,0.9301
132812.00,125000.00,132041.93,11,11,11,11,11,0.016505,0.8707,0.9905
132812.00,125000.00,136195.18,12,12,12,12,12,0.017024,0.8174,0.9188
132812.00,125000.00,137070.66,11,11,11,11,11,0.017134,0.7878,0.8146
414062.00,500000.00,437907.22,11,11,11,11,11,0.054738,0.7775,0.9411
429688.00,500000.00,430453.30,11,11,11,11,11,0.053807,0.7607,0.9900
429688.00,500000.00,430413.25,11,11,11,11,11,0.053802,0.7574,0.9875
414062.00,500000.00,419476.99,11,11,11,10,10,0.052435,0.7225,0.9761
132812.00,125000.00,125859.08,12,12,12,12,12,0.015732,0.8986,0.9467
132812.00,125000.00,132751.46,12,12,12,12,12,0.016594,0.8789,0.9438
132812.00,125000.00,130043.98,12,12,12,12,12,0.016255,0.8590,0.9673
429688.00,500000.00,416399.00,11,11,11,10,10,0.052050,0.8416,0.9669
132812.00,125000.00,149810.79,11,11,12,11,12,0.018726,0.7637,0.7769
132812.00,125000.00,134878.16,12,12,12,12,12,0.016860,0.7363,0.8043
257812.00,250000.00,260368.35,11,11,11,11,11,0.032546,0.9593,0.9763
351562.00,250000.00,335936.55,12,11,12,11,12,0.041992,0.9390,0.9493
257812.00,250000.00,257351.88,11,11,11,11,11,0.032169,0.9369,0.9845
617188.00,500000.00,596983.91,11,11,12,11,12,0.074623,0.9271,0.9535
351562.00,250000.00,353633.88,12,11,12,11,12,0.044204,0.9039,0.7335
617188.00,500000.00,619761.47,11,11,12,11,12,0.077470,0.8618,0.8978
351562.00,250000.00,341396.33,12,11,12,11,12,0.042675,0.8602,0.9457
351562.00,250000.00,287759.78,12,11,11,11,11,0.035970,0.8444,0.7132
257812.00,250000.00,246929.17,11,11,11,11,11,0.030866,0.7313,0.7674
195312.00,125000.00,191375.73,10,9,10,9,10,0.023922,0.7268,0.9489
195312.00,125000.00,190482.14,10,9,10,9,10,0.023810,0.7119,0.9684
617188.00,500000.00,613017.08,11,11,12,11,12,0.076627,0.9495,0.9770
257812.00,250000.00,240143.78,11,11,11,11,11,0.030018,0.9242,0.9204
257812.00,250000.00,261120.80,11,11,11,11,11,0.032640,0.9174,0.9207
351562.00,250000.00,360503.20,12,11,12,11,12,0.045063,0.9173,0.9533
257812.00,250000.00,258483.59,11,11,11,11,11,0.032310,0.9151,0.9268
351562.00,250000.00,343676.57,12,11,12,11,12,0.042960,0.8570,0.9729
195312.00,125000.00,185762.29,10,9,10,9,10,0.023220,0.7960,0.9421
195312.00,125000.00,151098.49,10,9,10,9,10,0.018887,0.7602,0.7488
617188.00,500000.00,501625.06,11,11,11,11,11,0.062703,0.7037,0.7762
257812.00,250000.00,258239.75,11,11,11,11,11,0.032280,0.9565,0.9818
257812.00,250000.00,258937.84,11,11,11,11,11,0.032367,0.9490,0.9823
617188.00,500000.00,616703.03,11,11,12,11,12,0.077088,0.9480,0.9681
257812.00,250000.00,256175.52,11,11,11,11,11,0.032022,0.9461,0.9686
257812.00,250000.00,257937.13,11,11,11,11,11,0.032242,0.9427,0.9754
351562.00,250000.00,349066.73,12,11,12,11,12,0.043633,0.9381,0.9836
617188.00,500000.00,604349.14,11,11,12,11,12,0.075544,0.9352,0.9789
617188.00,500000.00,604919.43,11,11,12,11,12,0.075615,0.9211,0.9713
351562.00,250000.00,347542.76,12,11,12,11,12,0.043443,0.8405,0.9853
195312.00,125000.00,199839.59,10,9,10,9,10,0.024980,0.7172,0.9336
351562.00,250000.00,354531.29,12,11,12,11,12,0.044316,0.9574,0.9720
617188.00,500000.00,607727.05,11,11,12,11,12,0.075966,0.9498,0.9632
617188.00,500000.00,603365.90,11,11,12,11,12,0.075421,0.9443,0.9772
617188.00,500000.00,582396.39,11,11,11,11,11,0.072800,0.9124,0.9313
195312.00,125000.00,192972.90,10,9,10,9,10,0.024122,0.9081,0.9854
351562.00,250000.00,258203.98,12,11,11,11,11,0.032275,0.8988,0.7245
195312.00,125000.00,193268.78,10,9,10,9,10,0.024159,0.8887,0.9839
351562.00,250000.00,332622.05,12,11,12,11,12,0.041578,0.8002,0.9007
554688.00,500000.00,550846.10,11,11,11,11,11,0.068856,0.9471,0.9701
226562.00,250000.00,220959.66,12,12,12,12,12,0.027620,0.9327,0.9705
554688.00,500000.00,529785.39,11,11,11,11,11,0.066223,0.9321,0.9411
226562.00,250000.00,250944.14,12,12,12,12,12,0.031368,0.9061,0.9010
554688.00,500000.00,567527.77,11,11,11,11,11,0.070941,0.8853,0.9617
320312.00,250000.00,317568.78,10,10,11,10,11,0.039696,0.8384,0.9908
226562.00,250000.00,224009.51,12,12,12,12,12,0.028001,0.8170,0.9398
320312.00,500000.00,346948.62,10,11,11,10,10,0.043369,0.7727,0.9164
773438.00,500000.00,725410.46,12,11,12,11,12,0.090676,0.7462,0.8624
554688.00,500000.00,560123.92,11,11,11,11,11,0.070015,0.7368,0.9667
554688.00,500000.00,570710.18,11,11,11,11,11,0.071339,0.9498,0.9701
554688.00,500000.00,545310.02,11,11,11,11,11,0.068164,0.9322,0.9719
554688.00,500000.00,536642.55,11,11,11,11,11,0.067080,0.9304,0.9641
320312.00,250000.00,317034.72,10,10,11,10,11,0.039629,0.9174,0.9750
226562.00,250000.00,233122.47,12,12,12,12,12,0.029140,0.9060,0.7829
773438.00,500000.00,739894.03,12,11,12,11,12,0.092487,0.8831,0.9409
320312.00,500000.00,330260.28,10,11,11,10,10,0.041283,0.8622,0.9671
320312.00,250000.00,324401.86,10,10,11,10,11,0.040550,0.8273,0.9724
226562.00,250000.00,249427.44,12,12,12,12,12,0.031178,0.8039,0.8219
773438.00,500000.00,616032.60,12,11,12,11,12,0.077004,0.7906,0.7704
773438.00,500000.00,634451.39,12,11,12,11,12,0.079306,0.9380,0.8015
226562.00,250000.00,231204.99,12,12,12,12,12,0.028901,0.9230,0.9775
773438.00,500000.00,757464.41,12,11,12,11,12,0.094683,0.8856,0.9639
773438.00,500000.00,723171.23,12,11,12,11,12,0.090396,0.8768,0.8994
773438.00,500000.00,697786.33,12,11,12,11,12,0.087223,0.8636,0.8971
554688.00,500000.00,560903.55,11,11,11,11,11,0.070113,0.9384,0.9805
226562.00,250000.00,236563.68,12,12,12,12,12,0.029570,0.9212,0.9533
554688.00,500000.00,576163.29,11,11,11,11,11,0.072020,0.8935,0.9562
226562.00,250000.00,228422.16,12,12,12,12,12,0.028553,0.8890,0.9749
226562.00,250000.00,233761.79,12,12,12,12,12,0.029220,0.8830,0.8788
320312.00,500000.00,341346.74,10,11,11,10,10,0.042668,0.8828,0.9339
773438.00,500000.00,736034.39,12,11,12,11,12,0.092004,0.8716,0.9386
554688.00,500000.00,533100.13,11,11,11,11,11,0.066638,0.8651,0.9035
773438.00,500000.00,722383.50,12,11,12,11,12,0.090298,0.8621,0.9168
226562.00,250000.00,266550.78,12,12,12,12,12,0.033319,0.8617,0.8416
320312.00,500000.00,340625.76,10,11,11,10,10,0.042578,0.8397,0.9371
476562.00,500000.00,489459.04,12,12,12,12,12,0.061182,0.9526,0.9610
570312.00,500000.00,568573.00,11,11,11,11,11,0.071072,0.9380,0.9704
570312.00,500000.00,547630.31,11,11,11,11,11,0.068454,0.9334,0.9558
476562.00,500000.00,467699.41,12,12,12,12,12,0.058462,0.9276,0.9610
570312.00,500000.00,548834.80,11,11,11,11,11,0.068604,0.9164,0.9508
132812.00,125000.00,134102.85,12,12,12,12,12,0.016763,0.9044,0.9520
492188.00,500000.00,476136.68,10,11,11,11,11,0.059517,0.8851,0.9554
132812.00,125000.00,139621.73,12,12,12,12,12,0.017453,0.8799,0.9434
492188.00,500000.00,504646.30,10,11,11,11,11,0.063081,0.8290,0.8164
132812.00,125000.00,136743.55,12,12,12,12,12,0.017093,0.8202,0.8519
570312.00,500000.00,566325.19,11,11,11,11,11,0.070791,0.9379,0.9882
492188.00,500000.00,490877.15,10,11,11,11,11,0.061360,0.9368,0.9599
476562.00,500000.00,478622.44,12,12,12,12,12,0.059828,0.9316,0.9412
476562.00,500000.00,460696.70,12,12,12,12,12,0.057587,0.9295,0.9587
476562.00,500000.00,482087.61,12,12,12,12,12,0.060261,0.9279,0.9799
476562.00,500000.00,479407.31,12,12,12,12,12,0.059926,0.9276,0.9762
476562.00,500000.00,454746.25,12,12,12,12,12,0.056843,0.9128,0.9039
570312.00,500000.00,566048.62,11,11,11,11,11,0.070756,0.8898,0.9559
476562.00,500000.00,496110.92,12,12,12,12,12,0.062014,0.7058,0.9001
570312.00,500000.00,569758.18,11,11,11,11,11,0.071220,0.9682,0.9755
570312.00,500000.00,565253.26,11,11,11,11,11,0.070657,0.9521,0.9875
570312.00,500000.00,571241.38,11,11,11,11,11,0.071405,0.9465,0.9923
132812.00,125000.00,126939.77,12,12,12,12,12,0.015867,0.9352,0.9518
492188.00,500000.00,488941.19,10,11,11,11,11,0.061118,0.9172,0.9818
476562.00,500000.00,474887.85,12,12,12,12,12,0.059361,0.9168,0.9936
132812.00,125000.00,131656.65,12,12,12,12,12,0.016457,0.9154,0.9844
476562.00,500000.00,457544.92,12,12,12,12,12,0.057193,0.9058,0.9408
492188.00,500000.00,511159.90,10,11,11,11,11,0.063895,0.8810,0.9265
132812.00,125000.00,132836.34,12,12,12,12,12,0.016605,0.8693,0.9782
132812.00,125000.00,131370.54,12,12,12,12,12,0.016421,0.7983,0.8857
492188.00,500000.00,460843.09,10,11,11,11,11,0.057605,0.7402,0.9024
476562.00,500000.00,478989.60,12,12,12,12,12,0.059874,0.9499,0.9894
570312.00,500000.00,568516.73,11,11,11,11,11,0.071065,0.9450,0.9827
570312.00,500000.00,569882.63,11,11,11,11,11,0.071235,0.9411,0.9855
492188.00,500000.00,494955.06,10,11,11,11,11,0.061869,0.9334,0.9813
570312.00,500000.00,572744.37,11,11,11,11,11,0.071593,0.9256,0.9503
492188.00,500000.00,471510.41,10,11,11,11,11,0.058939,0.9152,0.9268
132812.00,125000.00,131606.10,12,12,12,12,12,0.016451,0.8783,0.9649
132812.00,125000.00,130427.36,12,12,12,12,12,0.016303,0.8616,0.9804
492188.00,500000.00,479382.99,10,11,11,11,11,0.059923,0.8347,0.9527
523438.00,500000.00,527400.97,12,12,12,12,12,0.065925,0.9434,0.9806
492188.00,500000.00,531141.76,11,11,11,11,11,0.066393,0.9420,0.9013
382812.00,250000.00,385911.94,12,11,12,11,12,0.048239,0.9221,0.9886
351562.00,500000.00,371347.43,10,11,11,10,10,0.046418,0.7692,0.9340
523438.00,500000.00,525415.42,12,12,12,12,12,0.065677,0.9645,0.9823
523438.00,500000.00,524773.60,12,12,12,12,12,0.065597,0.9622,0.9811
492188.00,500000.00,494096.28,11,11,11,11,11,0.061762,0.9349,0.9910
492188.00,500000.00,499195.10,11,11,11,11,11,0.062399,0.9254,0.9834
492188.00,500000.00,474863.05,11,11,11,11,11,0.059358,0.9220,0.9231
351562.00,500000.00,335914.61,10,11,11,10,10,0.041989,0.8580,0.9471
382812.00,250000.00,386960.98,12,11,12,11,12,0.048370,0.8430,0.9609
523438.00,500000.00,524373.05,12,12,12,12,12,0.065547,0.9492,0.9805
492188.00,500000.00,500318.53,11,11,11,11,11,0.062540,0.9432,0.9547
523438.00,500000.00,526602.98,12,12,12,12,12,0.065825,0.9385,0.9887
382812.00,250000.00,378995.90,12,11,12,11,12,0.047374,0.9359,0.9835
523438.00,500000.00,530299.19,12,12,12,12,12,0.066287,0.9347,0.9553
523438.00,500000.00,527837.75,12,12,12,12,12,0.065980,0.9333,0.9725
492188.00,500000.00,490634.92,11,11,11,11,11,0.061329,0.9220,0.9748
382812.00,500000.00,391992.57,12,12,12,11,11,0.048999,0.9145,0.9715
351562.00,500000.00,386888.98,10,11,11,10,10,0.048361,0.8837,0.9045
382812.00,250000.00,364769.94,12,11,12,11,12,0.045596,0.8348,0.8184
351562.00,500000.00,358957.77,10,11,11,10,10,0.044870,0.7409,0.9556
523438.00,500000.00,525457.50,12,12,12,12,12,0.065682,0.9601,0.9907
523438.00,500000.00,527114.39,12,12,12,12,12,0.065889,0.9504,0.9893
492188.00,500000.00,491500.85,11,11,11,11,11,0.061438,0.9487,0.9960
492188.00,500000.00,492990.49,11,11,11,11,11,0.061624,0.9485,0.9763
523438.00,500000.00,519474.51,12,12,12,12,12,0.064934,0.9238,0.9914
492188.00,500000.00,529671.91,11,11,11,11,11,0.066209,0.9164,0.9170
523438.00,500000.00,520684.24,12,12,12,12,12,0.065086,0.9160,0.9314
351562.00,500000.00,361139.30,10,11,11,10,10,0.045142,0.8705,0.9655
351562.00,500000.00,349433.90,10,11,11,10,10,0.043679,0.8577,0.9531
382812.00,250000.00,392502.78,12,11,12,11,12,0.049063,0.7973,0.9724
382812.00,250000.00,384031.06,12,11,12,11,12,0.048004,0.7755,0.9716
382812.00,250000.00,364505.77,12,11,12,11,12,0.045563,0.7635,0.9178
492188.00,500000.00,504167.56,11,11,11,11,11,0.063021,0.9468,0.9700
289062.00,250000.00,287384.99,11,11,11,11,11,0.035923,0.9245,0.9702
492188.00,500000.00,490032.20,11,11,11,11,11,0.061254,0.8908,0.9745
195312.00,250000.00,196021.08,9,10,10,9,9,0.024503,0.8753,0.9731
476562.00,500000.00,472751.62,10,11,11,11,11,0.059094,0.8744,0.9537
195312.00,250000.00,197402.95,9,10,10,9,9,0.024675,0.8386,0.9760
289062.00,250000.00,273134.23,11,10,10,10,10,0.034142,0.8215,0.9400
289062.00,250000.00,302345.28,11,11,12,11,12,0.037793,0.7521,0.9460
492188.00,500000.00,496646.40,11,11,11,11,11,0.062081,0.9668,0.9620
492188.00,500000.00,482394.70,11,11,11,11,11,0.060299,0.9411,0.9317
289062.00,250000.00,286033.63,11,11,11,11,11,0.035754,0.9183,0.9846
492188.00,500000.00,477440.77,11,11,11,11,11,0.059680,0.8994,0.9452
289062.00,250000.00,273655.65,11,11,11,11,11,0.034207,0.8926,0.9309
289062.00,250000.00,284901.71,11,11,11,11,11,0.035613,0.8817,0.8976
195312.00,250000.00,194166.18,9,10,10,9,9,0.024271,0.8746,0.9499
492188.00,500000.00,467052.46,11,11,11,11,11,0.058382,0.8531,0.9190
195312.00,250000.00,191424.37,9,10,10,9,9,0.023928,0.8290,0.9585
195312.00,250000.00,198934.56,9,10,10,9,9,0.024867,0.7951,0.9792
492188.00,500000.00,492945.67,11,11,11,11,11,0.061618,0.9533,0.9851
476562.00,500000.00,473879.34,10,11,11,11,11,0.059235,0.9484,0.9903
289062.00,250000.00,289951.80,11,11,11,11,11,0.036244,0.9390,0.9654
195312.00,250000.00,201197.92,9,10,10,9,9,0.025150,0.9289,0.9681
195312.00,250000.00,192165.37,9,10,10,9,9,0.024021,0.9139,0.9526
476562.00,500000.00,469919.68,10,11,11,11,11,0.058740,0.7576,0.9293
492188.00,500000.00,491516.11,11,11,11,11,11,0.061440,0.9550,0.9949
492188.00,500000.00,487792.97,11,11,11,11,11,0.060974,0.9514,0.9877
492188.00,500000.00,503553.15,11,11,11,11,11,0.062944,0.9372,0.9546
476562.00,500000.00,483397.72,10,11,11,11,11,0.060425,0.9293,0.9780
492188.00,500000.00,486932.28,11,11,11,11,11,0.060867,0.9096,0.9868
195312.00,250000.00,193632.60,9,10,10,9,9,0.024204,0.8845,0.9782
195312.00,250000.00,192501.07,9,10,10,9,9,0.024063,0.8617,0.9251
289062.00,250000.00,293067.93,11,11,11,11,11,0.036633,0.8441,0.9804
195312.00,250000.00,189981.46,9,10,10,9,9,0.023748,0.8414,0.9633
289062.00,250000.00,282543.18,11,11,11,11,11,0.035318,0.7470,0.9688
289062.00,250000.00,307497.02,11,11,12,11,12,0.038437,0.7334,0.9107
382812.00,250000.00,369328.02,11,10,11,10,11,0.046166,0.9493,0.9577
554688.00,500000.00,543295.62,11,11,11,11,11,0.067912,0.9481,0.9769
148438.00,125000.00,143815.99,9,9,9,9,9,0.017977,0.9256,0.9581
554688.00,500000.00,551834.11,11,11,11,11,11,0.068979,0.9127,0.8518
554688.00,500000.00,489908.22,11,11,11,11,11,0.061239,0.8992,0.7782
148438.00,125000.00,153022.77,9,9,10,9,10,0.019128,0.8867,0.9656
148438.00,125000.00,149284.36,9,9,10,9,10,0.018661,0.8592,0.9672
382812.00,250000.00,379957.20,11,10,11,10,11,0.047495,0.8537,0.9009
148438.00,125000.00,138320.92,9,9,9,9,9,0.017290,0.7764,0.8548
523438.00,500000.00,493332.86,11,11,11,11,11,0.061667,0.7433,0.9253
554688.00,500000.00,551988.60,11,11,11,11,11,0.068999,0.9543,0.9927
554688.00,500000.00,545992.14,11,11,11,11,11,0.068249,0.9516,0.9826
554688.00,500000.00,546293.50,11,11,11,11,11,0.068287,0.9488,0.9712
554688.00,500000.00,552072.76,11,11,11,11,11,0.069009,0.9421,0.9862
382812.00,250000.00,385193.82,11,10,11,10,11,0.048149,0.8987,0.9899
382812.00,250000.00,384794.24,11,10,11,10,11,0.048099,0.8627,0.9720
382812.00,250000.00,382146.89,11,10,11,10,11,0.047768,0.8078,0.9773
148438.00,125000.00,155632.02,9,9,10,9,10,0.019454,0.8005,0.9479
148438.00,125000.00,150656.70,9,9,10,9,10,0.018832,0.7482,0.9517
523438.00,500000.00,514843.94,11,11,11,11,11,0.064355,0.9606,0.9832
523438.00,500000.00,518733.98,11,11,11,11,11,0.064842,0.9281,0.9356
554688.00,500000.00,543649.67,11,11,11,11,11,0.067956,0.9199,0.9419
523438.00,500000.00,517900.47,11,11,11,11,11,0.064738,0.9166,0.9533
148438.00,125000.00,146410.58,9,9,9,9,9,0.018301,0.9057,0.9824
382812.00,250000.00,384231.57,11,10,11,10,11,0.048029,0.8720,0.9754
523438.00,500000.00,464222.67,11,11,11,11,11,0.058028,0.8537,0.7939
523438.00,500000.00,483278.27,11,11,11,11,11,0.060410,0.8324,0.6554
148438.00,125000.00,152293.68,9,9,10,9,10,0.019037,0.7922,0.9653
382812.00,250000.00,381116.87,11,10,11,10,11,0.047640,0.7842,0.9774
148438.00,125000.00,146621.70,9,9,9,9,9,0.018328,0.7418,0.7656
523438.00,500000.00,513774.87,11,11,11,11,11,0.064222,0.9485,0.9763
523438.00,500000.00,525436.88,11,11,11,11,11,0.065680,0.9429,0.9820
523438.00,500000.00,530198.10,11,11,11,11,11,0.066275,0.9309,0.9726
148438.00,125000.00,145830.15,9,9,9,9,9,0.018229,0.9307,0.9505
554688.00,500000.00,549351.69,11,11,11,11,11,0.068669,0.9293,0.9784
382812.00,500000.00,402489.66,11,11,11,10,10,0.050311,0.8558,0.9261
382812.00,500000.00,393975.26,11,11,11,10,10,0.049247,0.8223,0.8374
554688.00,500000.00,509050.37,11,11,11,11,11,0.063631,0.8017,0.8450
523438.00,500000.00,491898.54,11,11,11,11,11,0.061487,0.7906,0.9349
601562.00,500000.00,618195.53,11,11,12,11,12,0.077274,0.9369,0.9706
601562.00,500000.00,611632.35,11,11,12,11,12,0.076454,0.8690,0.9749
773438.00,500000.00,673931.12,12,11,12,11,12,0.084241,0.8604,0.8499
210938.00,250000.00,211186.41,10,10,10,10,10,0.026398,0.7570,0.9690
210938.00,125000.00,198147.30,10,9,10,9,10,0.024768,0.7542,0.9183
289062.00,250000.00,287715.91,10,10,10,10,10,0.035964,0.9634,0.9684
601562.00,500000.00,597576.14,11,11,12,11,12,0.074697,0.9516,0.9869
773438.00,500000.00,763016.28,12,11,12,11,12,0.095377,0.9350,0.9790
289062.00,250000.00,285608.77,10,10,10,10,10,0.035701,0.9321,0.9815
289062.00,250000.00,284508.23,10,10,10,10,10,0.035564,0.9246,0.9641
289062.00,250000.00,283392.91,10,10,10,10,10,0.035424,0.9241,0.9763
289062.00,250000.00,295413.97,10,10,10,10,10,0.036927,0.9194,0.9696
773438.00,500000.00,701763.15,12,11,12,11,12,0.087720,0.8895,0.8978
773438.00,500000.00,583650.59,12,11,11,11,11,0.072956,0.8846,0.7447
601562.00,500000.00,550337.79,11,11,11,11,11,0.068792,0.7212,0.9049
773438.00,500000.00,605110.17,12,11,12,11,12,0.075639,0.7015,0.7805
289062.00,250000.00,288651.47,10,10,10,10,10,0.036081,0.9436,0.9529
601562.00,500000.00,595053.67,11,11,12,11,12,0.074382,0.9414,0.9642
210938.00,250000.00,211358.07,10,10,10,10,10,0.026420,0.9391,0.9847
601562.00,500000.00,596211.19,11,11,12,11,12,0.074526,0.9374,0.9784
289062.00,250000.00,277631.76,10,10,10,10,10,0.034704,0.9367,0.9489
289062.00,250000.00,285346.98,10,10,10,10,10,0.035668,0.9241,0.9584
601562.00,500000.00,576682.09,11,11,11,11,11,0.072085,0.9098,0.9504
289062.00,250000.00,285025.60,10,10,10,10,10,0.035628,0.9075,0.9839
773438.00,500000.00,756318.57,12,11,12,11,12,0.094540,0.9006,0.9665
289062.00,250000.00,281663.89,10,10,10,10,10,0.035208,0.8938,0.9473
773438.00,500000.00,642724.99,12,11,12,11,12,0.080341,0.8929,0.8203
601562.00,500000.00,531825.07,11,11,11,11,11,0.066478,0.8596,0.8771
210938.00,250000.00,213436.60,10,10,10,10,10,0.026680,0.8422,0.9855
601562.00,500000.00,569532.39,11,11,11,11,11,0.071192,0.7590,0.9004
289062.00,250000.00,282441.14,10,10,10,10,10,0.035305,0.9500,0.9555
601562.00,500000.00,596985.82,11,11,12,11,12,0.074623,0.9491,0.9679
773438.00,500000.00,613574.03,12,11,12,11,12,0.076697,0.9063,0.7506
773438.00,500000.00,563282.01,12,11,11,11,11,0.070410,0.8652,0.7164
773438.00,500000.00,490914.82,12,11,11,11,11,0.061364,0.8402,0.6267
460938.00,500000.00,475049.97,12,12,12,12,12,0.059381,0.9451,0.9655
460938.00,500000.00,472091.67,12,12,12,12,12,0.059011,0.9298,0.9596
414062.00,500000.00,436092.85,10,11,11,11,11,0.054512,0.9224,0.9391
460938.00,500000.00,474477.77,12,12,12,12,12,0.059310,0.9215,0.9435
101562.00,125000.00,144974.71,11,12,12,12,12,0.018122,0.7051,0.7000
460938.00,500000.00,463979.72,12,12,12,12,12,0.057997,0.9523,0.9775
242188.00,250000.00,239561.08,11,11,11,11,11,0.029945,0.9410,0.9640
242188.00,250000.00,240616.32,11,11,11,11,11,0.030077,0.9359,0.9567
242188.00,250000.00,238536.83,11,11,11,11,11,0.029817,0.9352,0.9690
460938.00,500000.00,465312.00,12,12,12,12,12,0.058164,0.9334,0.9804
242188.00,250000.00,242027.28,11,11,11,11,11,0.030253,0.9244,0.9645
414062.00,500000.00,408243.18,10,11,11,10,10,0.051030,0.9224,0.9411
242188.00,250000.00,246870.99,11,11,11,11,11,0.030859,0.9161,0.9730
242188.00,250000.00,242902.70,11,11,11,11,11,0.030363,0.9136,0.9808
414062.00,500000.00,408901.21,10,11,11,10,10,0.051113,0.9090,0.9457
101562.00,125000.00,115241.05,11,12,12,12,12,0.014405,0.8774,0.8776
101562.00,125000.00,131799.70,11,11,11,11,11,0.016475,0.8756,0.7565
414062.00,500000.00,429545.40,10,11,11,11,11,0.053693,0.8576,0.9546
460938.00,500000.00,467773.44,12,12,12,12,12,0.058472,0.9567,0.9818
460938.00,500000.00,464013.10,12,12,12,12,12,0.058002,0.9487,0.9887
414062.00,500000.00,416209.22,10,11,11,10,10,0.052026,0.9480,0.9812
414062.00,500000.00,414814.00,10,11,11,10,10,0.051852,0.9338,0.9921
242188.00,250000.00,240688.32,11,11,11,11,11,0.030086,0.9315,0.9647
460938.00,500000.00,466866.49,12,12,12,12,12,0.058358,0.9314,0.9834
460938.00,500000.00,453760.39,12,12,12,12,12,0.056720,0.9089,0.9754
242188.00,250000.00,242684.36,11,11,11,11,11,0.030336,0.9062,0.9680
460938.00,500000.00,519626.14,12,12,12,12,12,0.064953,0.8985,0.8748
414062.00,500000.00,479256.15,10,11,11,11,11,0.059907,0.8943,0.8393
242188.00,250000.00,243212.70,11,11,11,11,11,0.030402,0.8901,0.9825
414062.00,500000.00,486274.96,10,11,11,11,11,0.060784,0.8570,0.8436
101562.00,125000.00,118978.50,11,12,12,12,12,0.014872,0.8079,0.7651
460938.00,500000.00,457264.90,12,12,12,12,12,0.057158,0.9613,0.9897
414062.00,500000.00,426359.18,10,11,11,11,11,0.053295,0.9255,0.9535
242188.00,250000.00,243019.58,11,11,11,11,11,0.030377,0.9199,0.9653
101562.00,125000.00,119977.95,11,11,11,11,11,0.014997,0.8321,0.8402
101562.00,125000.00,126759.53,11,12,12,12,12,0.015845,0.7802,0.7967
320312.00,250000.00,318299.06,11,10,11,10,11,0.039787,0.9432,0.9635
164062.00,125000.00,167481.66,10,9,10,9,10,0.020935,0.9174,0.9580
304688.00,250000.00,284152.03,11,10,10,10,10,0.035519,0.9026,0.9220
304688.00,250000.00,307198.52,11,10,11,10,11,0.038400,0.8991,0.9579
164062.00,125000.00,167764.66,10,9,10,9,10,0.020971,0.8794,0.8567
304688.00,250000.00,335216.52,11,10,11,10,11,0.041902,0.8484,0.8865
320312.00,250000.00,283690.45,12,11,11,11,11,0.035461,0.8238,0.8831
164062.00,125000.00,164196.97,10,9,10,9,10,0.020525,0.9370,0.9906
164062.00,125000.00,162891.86,10,9,10,9,10,0.020361,0.9037,0.9408
304688.00,250000.00,310227.63,11,10,11,10,11,0.038778,0.8809,0.9797
304688.00,250000.00,310085.30,11,10,11,10,11,0.038761,0.8788,0.9796
164062.00,125000.00,165587.90,10,9,10,9,10,0.020698,0.8614,0.9803
164062.00,125000.00,160246.85,10,9,10,9,10,0.020031,0.8350,0.8611
320312.00,250000.00,322639.47,12,11,12,11,12,0.040330,0.8285,0.9731
320312.00,250000.00,315210.34,12,11,12,11,12,0.039401,0.8239,0.9087
164062.00,250000.00,199399.95,10,11,11,10,10,0.024925,0.8047,0.8133
304688.00,250000.00,310988.43,11,10,11,10,11,0.038874,0.8012,0.9341
320312.00,250000.00,322012.90,11,11,12,11,12,0.040252,0.7947,0.6764
320312.00,250000.00,308941.84,12,12,13,12,13,0.038618,0.7804,0.9576
164062.00,125000.00,165773.39,10,9,10,9,10,0.020722,0.7596,0.8262
164062.00,125000.00,164928.91,10,9,10,9,10,0.020616,0.7183,0.9377
320312.00,250000.00,318058.97,12,11,12,11,12,0.039757,0.9395,0.9882
320312.00,250000.00,327742.58,12,11,12,11,12,0.040968,0.9283,0.9749
164062.00,125000.00,164403.92,10,9,10,9,10,0.020550,0.9207,0.9462
320312.00,250000.00,320183.75,12,11,12,11,12,0.040023,0.8475,0.9730
320312.00,250000.00,329606.53,11,10,11,10,11,0.041201,0.8327,0.9541
304688.00,250000.00,305196.76,11,11,12,11,12,0.038150,0.7506,0.9746
320312.00,250000.00,322135.93,11,11,12,11,12,0.040267,0.7350,0.9544
320312.00,250000.00,322713.85,11,11,12,11,12,0.040339,0.7229,0.9901
320312.00,250000.00,321858.41,12,11,12,11,12,0.040232,0.9481,0.9805
320312.00,250000.00,317850.11,12,11,12,11,12,0.039731,0.9184,0.9871
320312.00,250000.00,320850.37,11,10,11,10,11,0.040106,0.9110,0.9674
164062.00,125000.00,153025.63,10,9,10,9,10,0.019128,0.8649,0.9170
320312.00,250000.00,333967.21,11,10,11,10,11,0.041746,0.8273,0.9579
304688.00,250000.00,311480.52,11,10,11,10,11,0.038935,0.8038,0.9737
320312.00,250000.00,304661.75,12,11,12,11,12,0.038083,0.8012,0.8605
304688.00,250000.00,308075.64,11,10,11,10,11,0.038509,0.7715,0.9872
320312.00,250000.00,325460.02,11,10,11,10,11,0.040683,0.7003,0.9453
273438.00,250000.00,273337.36,11,11,11,11,11,0.034167,0.9598,0.9505
585938.00,500000.00,595577.24,12,12,13,12,13,0.074447,0.9581,0.9799
585938.00,500000.00,567754.75,12,12,12,12,12,0.070969,0.9230,0.9599
273438.00,250000.00,288165.09,11,11,11,11,11,0.036021,0.8916,0.9181
273438.00,250000.00,268130.30,11,11,11,11,11,0.033516,0.8833,0.9739
273438.00,250000.00,307106.02,11,11,12,11,12,0.038388,0.8240,0.8694
585938.00,500000.00,589991.57,12,12,12,12,12,0.073749,0.9620,0.9828
273438.00,250000.00,270168.30,11,11,11,11,11,0.033771,0.9367,0.9851
273438.00,250000.00,264560.22,11,11,11,11,11,0.033070,0.9339,0.9648
273438.00,250000.00,275710.11,11,11,11,11,11,0.034464,0.9302,0.9876
585938.00,500000.00,576729.77,12,12,12,12,12,0.072091,0.9275,0.9765
273438.00,250000.00,273126.60,11,11,11,11,11,0.034141,0.9264,0.9592
320312.00,250000.00,317482.95,11,10,11,10,11,0.039685,0.9098,0.9692
320312.00,250000.00,325131.65,11,10,11,10,11,0.040641,0.8972,0.9776
179688.00,250000.00,183746.34,9,10,10,9,9,0.022968,0.7356,0.9779
585938.00,500000.00,587265.97,12,12,12,12,12,0.073408,0.9549,0.9682
585938.00,500000.00,575681.69,12,12,12,12,12,0.071960,0.9360,0.9774
585938.00,500000.00,579954.15,12,12,12,12,12,0.072494,0.9357,0.9442
585938.00,500000.00,536373.14,12,12,12,12,12,0.067047,0.9352,0.9059
179688.00,250000.00,186910.63,9,10,10,9,9,0.023364,0.9349,0.9038
320312.00,250000.00,314460.99,11,10,11,10,11,0.039308,0.8888,0.9807
179688.00,250000.00,178881.65,9,10,10,9,9,0.022360,0.8279,0.9903
585938.00,500000.00,579515.46,12,12,12,12,12,0.072439,0.9535,0.9826
273438.00,250000.00,273422.00,11,11,11,11,11,0.034178,0.9528,0.9880
585938.00,500000.00,544038.77,12,12,12,12,12,0.068005,0.9326,0.9275
179688.00,250000.00,184659.12,9,10,10,9,9,0.023082,0.9081,0.9667
273438.00,250000.00,269368.17,11,11,11,11,11,0.033671,0.9001,0.9779
179688.00,250000.00,192630.77,9,10,10,9,9,0.024079,0.8924,0.6920
320312.00,250000.00,325161.70,11,10,11,10,11,0.040645,0.8657,0.9631
179688.00,250000.00,247793.20,9,10,10,10,10,0.030974,0.8195,0.7151
320312.00,250000.00,331212.04,11,10,11,10,11,0.041402,0.8144,0.9322
257812.00,250000.00,257802.96,11,11,11,11,11,0.032225,0.9591,0.9494
257812.00,250000.00,253183.84,11,11,11,11,11,0.031648,0.9560,0.9776
226562.00,250000.00,226797.10,11,11,11,11,11,0.028350,0.9408,0.9794
226562.00,250000.00,223827.36,9,10,10,10,10,0.027978,0.9392,0.9791
257812.00,250000.00,253372.19,11,11,11,11,11,0.031672,0.9296,0.9784
257812.00,250000.00,269794.94,11,11,11,11,11,0.033724,0.9279,0.9429
226562.00,250000.00,227465.63,11,11,11,11,11,0.028433,0.9242,0.9737
226562.00,250000.00,229632.38,9,10,10,10,10,0.028704,0.9184,0.9735
226562.00,250000.00,231723.79,11,11,11,11,11,0.028965,0.8895,0.9733
257812.00,250000.00,273755.07,11,11,11,11,11,0.034219,0.8870,0.9358
226562.00,250000.00,228293.42,9,10,10,10,10,0.028537,0.8707,0.9147
226562.00,250000.00,237567.42,9,10,10,10,10,0.029696,0.7979,0.9500
632812.00,500000.00,630814.08,12,11,12,11,12,0.078852,0.9633,0.9557
257812.00,250000.00,260567.67,11,11,11,11,11,0.032571,0.9463,0.9852
632812.00,500000.00,637904.17,12,11,12,11,12,0.079738,0.9445,0.9878
226562.00,250000.00,230227.23,11,11,11,11,11,0.028778,0.9410,0.9737
257812.00,250000.00,262046.81,11,11,11,11,11,0.032756,0.9308,0.9747
257812.00,250000.00,247596.74,11,11,11,11,11,0.030950,0.9295,0.9582
226562.00,250000.00,223195.37,9,10,10,10,10,0.027899,0.9154,0.9598
226562.00,250000.00,225934.98,9,10,10,10,10,0.028242,0.8993,0.9786
632812.00,500000.00,634643.55,12,12,13,12,13,0.079330,0.8942,0.9847
226562.00,250000.00,223834.99,11,11,11,11,11,0.027979,0.8538,0.9825
226562.00,250000.00,229545.59,9,10,10,10,10,0.028693,0.7691,0.9611
226562.00,250000.00,231134.41,11,11,11,11,11,0.028892,0.9777,0.9627
226562.00,250000.00,228504.66,11,11,11,11,11,0.028563,0.9441,0.9753
632812.00,500000.00,634044.65,12,11,12,11,12,0.079256,0.9178,0.9910
226562.00,250000.00,228892.33,9,10,10,10,10,0.028612,0.9024,0.9810
632812.00,500000.00,641853.33,12,12,13,12,13,0.080232,0.8945,0.9779
632812.00,500000.00,628528.59,12,11,12,11,12,0.078566,0.8725,0.9788
632812.00,500000.00,670570.91,12,11,12,11,12,0.083821,0.8702,0.9408
226562.00,250000.00,237697.60,11,11,11,11,11,0.029712,0.8492,0.9469
226562.00,250000.00,234157.92,11,11,11,11,11,0.029270,0.7787,0.6914
632812.00,500000.00,635556.22,12,11,12,11,12,0.079445,0.9425,0.9871
632812.00,500000.00,622416.50,12,11,12,11,12,0.077802,0.9161,0.9749
226562.00,250000.00,216034.53,11,11,11,11,11,0.027004,0.9017,0.9487
257812.00,250000.00,258850.10,11,11,11,11,11,0.032356,0.8929,0.9938
226562.00,250000.00,238937.14,9,10,10,10,10,0.029867,0.8499,0.9061
507812.00,500000.00,508304.12,11,11,11,11,11,0.063538,0.9222,0.9492
507812.00,500000.00,509498.60,11,11,11,11,11,0.063687,0.9188,0.9659
382812.00,250000.00,383619.31,12,11,12,11,12,0.047952,0.8810,0.9799
101562.00,125000.00,116320.61,9,9,9,9,9,0.014540,0.8650,0.8704
757812.00,500000.00,717341.30,11,11,12,11,12,0.089668,0.7803,0.9324
101562.00,125000.00,108426.09,9,9,9,9,9,0.013553,0.7073,0.7488
507812.00,500000.00,503759.38,11,11,11,11,11,0.062970,0.9755,0.9800
507812.00,500000.00,497520.69,11,11,11,11,11,0.062190,0.9431,0.9759
507812.00,500000.00,518180.13,11,11,11,11,11,0.064773,0.9415,0.9511
382812.00,250000.00,377717.73,12,11,12,11,12,0.047215,0.9273,0.9614
507812.00,500000.00,472888.95,11,11,11,11,11,0.059111,0.9108,0.9229
101562.00,125000.00,115715.03,9,10,10,10,10,0.014464,0.8843,0.8659
382812.00,250000.00,365588.19,12,11,12,11,12,0.045699,0.8814,0.9520
382812.00,250000.00,377456.19,12,11,12,11,12,0.047182,0.8810,0.9856
382812.00,250000.00,381368.16,12,11,12,11,12,0.047671,0.8496,0.9852
101562.00,125000.00,109497.07,9,9,9,9,9,0.013687,0.7742,0.9118
101562.00,125000.00,108949.66,9,10,10,10,10,0.013619,0.7732,0.9144
101562.00,125000.00,110576.63,9,9,9,9,9,0.013822,0.7427,0.8651
507812.00,500000.00,509759.90,11,11,11,11,11,0.063720,0.9638,0.9700
507812.00,500000.00,505350.59,11,11,11,11,11,0.063169,0.9460,0.9904
382812.00,250000.00,381937.03,12,11,12,11,12,0.047742,0.8684,0.9711
382812.00,250000.00,380611.66,12,11,12,11,12,0.047576,0.8530,0.9784
382812.00,250000.00,381407.74,12,11,12,11,12,0.047676,0.8150,0.9876
101562.00,125000.00,116217.85,9,9,9,9,9,0.014527,0.8041,0.8347
757812.00,500000.00,746912.00,11,11,12,11,12,0.093364,0.7076,0.9769
507812.00,500000.00,511936.19,11,11,11,11,11,0.063992,0.9536,0.9870
507812.00,500000.00,493679.05,11,11,11,11,11,0.061710,0.9532,0.9683
507812.00,500000.00,515765.67,11,11,11,11,11,0.064471,0.9477,0.9789
101562.00,125000.00,112216.00,9,9,9,9,9,0.014027,0.8599,0.8948
382812.00,250000.00,380630.49,12,11,12,11,12,0.047579,0.7097,0.9754
460938.00,500000.00,465097.43,11,11,11,11,11,0.058137,0.9469,0.9895
351562.00,250000.00,359506.13,11,10,11,10,11,0.044938,0.9130,0.9369
351562.00,250000.00,354537.96,11,10,11,10,11,0.044317,0.8925,0.9824
179688.00,125000.00,180248.02,10,9,10,9,10,0.022531,0.8887,0.9548
460938.00,500000.00,467662.99,11,11,11,11,11,0.058458,0.8623,0.7447
351562.00,250000.00,362394.33,11,10,11,10,11,0.045299,0.8548,0.9434
351562.00,250000.00,350563.05,11,10,11,10,11,0.043820,0.8280,0.9707
460938.00,500000.00,466363.91,10,11,11,11,11,0.058295,0.8211,0.8969
460938.00,500000.00,535566.33,10,11,11,11,11,0.066946,0.7925,0.8409
460938.00,500000.00,462726.59,11,11,11,11,11,0.057841,0.9375,0.9660
460938.00,500000.00,467607.50,11,11,11,11,11,0.058451,0.9246,0.9634
351562.00,250000.00,352622.99,11,10,11,10,11,0.044078,0.9203,0.9939
460938.00,500000.00,452441.22,11,11,11,11,11,0.056555,0.9096,0.9654
460938.00,500000.00,528940.68,11,11,11,11,11,0.066118,0.8434,0.8469
179688.00,125000.00,181540.01,10,9,10,9,10,0.022693,0.8423,0.8969
351562.00,250000.00,353694.92,11,10,11,10,11,0.044212,0.7529,0.9474
460938.00,500000.00,462767.12,11,11,11,11,11,0.057846,0.9536,0.9789
460938.00,500000.00,456789.02,10,11,11,11,11,0.057099,0.9230,0.9814
460938.00,500000.00,459554.67,10,11,11,11,11,0.057444,0.9210,0.9784
179688.00,125000.00,180963.52,10,9,10,9,10,0.022620,0.9039,0.9738
179688.00,125000.00,177966.12,10,9,10,9,10,0.022246,0.8726,0.9821
351562.00,250000.00,349644.66,11,10,11,10,11,0.043706,0.8614,0.9764
179688.00,125000.00,183537.96,10,9,10,9,10,0.022942,0.8061,0.9285
460938.00,500000.00,461799.62,11,11,11,11,11,0.057725,0.9615,0.9607
460938.00,500000.00,457853.32,11,11,11,11,11,0.057232,0.9526,0.9813
460938.00,500000.00,467426.30,11,11,11,11,11,0.058428,0.9460,0.9795
460938.00,500000.00,464516.64,11,11,11,11,11,0.058065,0.9446,0.9870
460938.00,500000.00,458485.60,10,11,11,11,11,0.057311,0.9427,0.9876
460938.00,500000.00,463334.56,10,11,11,11,11,0.057917,0.9062,0.9617
351562.00,250000.00,347473.50,11,10,11,10,11,0.043434,0.8701,0.9780
179688.00,125000.00,178934.10,10,9,10,9,10,0.022367,0.8431,0.9443
460938.00,500000.00,584989.79,10,11,11,11,11,0.073124,0.8394,0.7610
351562.00,250000.00,340817.45,11,10,11,10,11,0.042602,0.8127,0.9471
460938.00,500000.00,533403.40,10,11,11,11,11,0.066675,0.7841,0.8284
179688.00,125000.00,178873.78,10,9,10,9,10,0.022359,0.7260,0.8010
304688.00,250000.00,306676.86,11,11,12,11,12,0.038335,0.8946,0.9899
304688.00,250000.00,299005.03,11,11,12,11,12,0.037376,0.8641,0.9710
664062.00,500000.00,619737.15,11,11,12,11,12,0.077467,0.8625,0.9203
335938.00,250000.00,351263.05,11,10,11,10,11,0.043908,0.7921,0.9139
164062.00,250000.00,166145.32,9,10,10,9,9,0.020768,0.7387,0.9804
335938.00,250000.00,326122.28,11,10,11,10,11,0.040765,0.9306,0.9581
335938.00,250000.00,334918.98,11,10,11,10,11,0.041865,0.9298,0.9836
335938.00,250000.00,325662.61,11,10,11,10,11,0.040708,0.9252,0.9183
304688.00,250000.00,313992.74,11,10,11,10,11,0.039249,0.9231,0.9652
335938.00,250000.00,339355.47,11,10,11,10,11,0.042419,0.8631,0.9847
664062.00,500000.00,629218.10,11,11,12,11,12,0.078652,0.8144,0.9289
304688.00,250000.00,306331.63,11,11,12,11,12,0.038291,0.9328,0.9689
664062.00,500000.00,657457.35,11,11,12,11,12,0.082182,0.9298,0.9767
664062.00,500000.00,597797.39,11,11,12,11,12,0.074725,0.8506,0.5507
164062.00,250000.00,164490.70,9,10,10,9,9,0.020561,0.8178,0.9626
335938.00,250000.00,334236.15,11,10,11,10,11,0.041780,0.8177,0.9516
335938.00,250000.00,335008.14,11,10,11,10,11,0.041876,0.9579,0.9705
335938.00,250000.00,338562.01,11,10,11,10,11,0.042320,0.9438,0.9558
664062.00,500000.00,669434.43,11,11,12,11,12,0.083679,0.9320,0.9758
304688.00,250000.00,306321.62,11,10,11,10,11,0.038290,0.9306,0.9723
304688.00,250000.00,308089.26,11,10,11,10,11,0.038511,0.8823,0.9797
664062.00,500000.00,523972.51,11,11,11,11,11,0.065497,0.8164,0.7804
164062.00,250000.00,164031.03,9,10,10,9,9,0.020504,0.7704,0.9291
304688.00,250000.00,309643.27,11,10,11,10,11,0.038705,0.7473,0.9514
460938.00,500000.00,464222.91,12,12,12,12,12,0.058028,0.9508,0.9819
398438.00,250000.00,395503.04,12,11,12,11,12,0.049438,0.9469,0.9906
460938.00,500000.00,462958.34,12,12,12,12,12,0.057870,0.9458,0.9954
226562.00,250000.00,226446.15,11,11,11,11,11,0.028306,0.9362,0.9732
398438.00,250000.00,384664.57,12,11,12,11,12,0.048083,0.9358,0.9562
226562.00,250000.00,236835.48,11,11,11,11,11,0.029604,0.9311,0.9444
460938.00,500000.00,466375.35,12,12,12,12,12,0.058297,0.9277,0.9522
398438.00,250000.00,355220.79,12,11,12,11,12,0.044403,0.9095,0.8530
398438.00,250000.00,369829.18,12,11,12,11,12,0.046229,0.8484,0.9039
398438.00,250000.00,397459.03,12,11,12,11,12,0.049682,0.7640,0.9860
460938.00,500000.00,467182.16,12,12,12,12,12,0.058398,0.9581,0.9797
226562.00,250000.00,230571.75,11,11,11,11,11,0.028821,0.9371,0.9763
460938.00,500000.00,468160.87,12,12,12,12,12,0.058520,0.9370,0.9723
226562.00,250000.00,235141.75,11,11,11,11,11,0.029393,0.8817,0.9608
210938.00,250000.00,214317.80,12,12,12,12,12,0.026790,0.8284,0.9779
398438.00,250000.00,355931.28,12,11,12,11,12,0.044491,0.7669,0.8488
226562.00,250000.00,227055.07,11,11,11,11,11,0.028382,0.7639,0.8732
460938.00,500000.00,468247.41,12,12,12,12,12,0.058531,0.9607,0.9707
460938.00,500000.00,468181.61,12,12,12,12,12,0.058523,0.9554,0.9769
460938.00,500000.00,460605.62,12,12,12,12,12,0.057576,0.9513,0.9850
226562.00,250000.00,227380.75,11,11,11,11,11,0.028423,0.9309,0.9802
398438.00,250000.00,396889.69,12,11,12,11,12,0.049611,0.9305,0.9792
226562.00,250000.00,228157.04,11,11,11,11,11,0.028520,0.9303,0.9641
210938.00,250000.00,213514.33,12,12,12,12,12,0.026689,0.9062,0.9831
398438.00,250000.00,396594.05,12,11,12,11,12,0.049574,0.8993,0.9888
210938.00,250000.00,215883.26,12,12,12,12,12,0.026985,0.8857,0.9128
398438.00,250000.00,393424.03,12,11,12,11,12,0.049178,0.8712,0.9802
398438.00,250000.00,391532.90,12,11,12,11,12,0.048942,0.8608,0.9078
398438.00,250000.00,394973.28,12,11,12,11,12,0.049372,0.7979,0.9870
210938.00,250000.00,211871.15,12,12,12,12,12,0.026484,0.7510,0.9636
226562.00,250000.00,233802.80,11,11,11,11,11,0.029225,0.9475,0.9629
460938.00,500000.00,458486.56,12,12,12,12,12,0.057311,0.9455,0.9907
460938.00,500000.00,466411.59,12,12,12,12,12,0.058301,0.9422,0.9709
460938.00,500000.00,455317.50,12,12,12,12,12,0.056915,0.9390,0.9518
210938.00,250000.00,214787.96,12,12,12,12,12,0.026848,0.9322,0.9807
226562.00,250000.00,224760.29,11,11,11,11,11,0.028095,0.9267,0.9906
210938.00,250000.00,219718.93,12,12,12,12,12,0.027465,0.9235,0.9542
226562.00,250000.00,231107.71,11,11,11,11,11,0.028888,0.9190,0.9593
210938.00,250000.00,215812.68,12,12,12,12,12,0.026977,0.9169,0.9700
210938.00,250000.00,217773.44,12,12,12,12,12,0.027222,0.8895,0.9549
210938.00,250000.00,219257.35,12,12,12,12,12,0.027407,0.8603,0.9584
507812.00,500000.00,499247.31,12,12,12,12,12,0.062406,0.9642,0.9777
507812.00,500000.00,504361.39,12,12,12,12,12,0.063045,0.9612,0.9881
367188.00,250000.00,367666.24,12,11,12,11,12,0.045958,0.9398,0.9904
507812.00,500000.00,505790.71,12,12,12,12,12,0.063224,0.9181,0.9340
367188.00,250000.00,367512.23,12,11,12,11,12,0.045939,0.9131,0.6980
179688.00,125000.00,180806.16,11,10,11,10,11,0.022601,0.7952,0.9539
179688.00,125000.00,178643.47,11,10,11,10,11,0.022330,0.7913,0.9773
117188.00,125000.00,117103.58,9,9,9,9,9,0.014638,0.7766,0.9693
179688.00,250000.00,186388.97,11,12,12,11,11,0.023299,0.7649,0.9598
179688.00,125000.00,181465.15,11,10,11,10,11,0.022683,0.7028,0.9774
367188.00,250000.00,363231.66,12,11,12,11,12,0.045404,0.9551,0.9855
507812.00,500000.00,508820.30,12,12,12,12,12,0.063603,0.9548,0.9883
507812.00,500000.00,499954.70,12,12,12,12,12,0.062494,0.9525,0.9628
367188.00,250000.00,367783.78,12,11,12,11,12,0.045973,0.9419,0.9828
367188.00,250000.00,364571.57,12,11,12,11,12,0.045571,0.9210,0.9872
367188.00,250000.00,366291.05,12,11,12,11,12,0.045786,0.9202,0.9698
179688.00,125000.00,184425.35,11,10,11,10,11,0.023053,0.9195,0.9697
117188.00,125000.00,119181.63,9,9,9,9,9,0.014898,0.9178,0.9544
117188.00,125000.00,123229.03,9,9,9,9,9,0.015404,0.9109,0.8489
117188.00,125000.00,126554.49,9,9,9,9,9,0.015819,0.9093,0.9240
367188.00,250000.00,369313.24,12,11,12,11,12,0.046164,0.8998,0.9623
117188.00,125000.00,119234.09,9,9,9,9,9,0.014904,0.8993,0.9233
117188.00,125000.00,121929.17,9,9,9,9,9,0.015241,0.8741,0.9600
179688.00,125000.00,184347.15,11,10,11,10,11,0.023043,0.8554,0.9689
179688.00,125000.00,175229.07,11,10,11,10,11,0.021904,0.7752,0.9496
507812.00,500000.00,507379.53,12,12,12,12,12,0.063422,0.9672,0.9874
507812.00,500000.00,510408.40,12,12,12,12,12,0.063801,0.9643,0.9912
507812.00,500000.00,506616.59,12,12,12,12,12,0.063327,0.9550,0.9959
367188.00,250000.00,368034.36,12,11,12,11,12,0.046004,0.9203,0.9609
117188.00,125000.00,121423.24,9,9,9,9,9,0.015178,0.8630,0.9620
117188.00,125000.00,124075.89,9,9,9,9,9,0.015509,0.8566,0.8964
179688.00,125000.00,182783.13,11,10,11,10,11,0.022848,0.8292,0.9657
117188.00,125000.00,119621.28,9,9,9,9,9,0.014953,0.8234,0.8476
507812.00,500000.00,510571.96,12,12,12,12,12,0.063821,0.9548,0.9880
507812.00,500000.00,512933.25,12,12,12,12,12,0.064117,0.9412,0.9701
507812.00,500000.00,512268.19,12,12,12,12,12,0.064034,0.9339,0.9690
117188.00,125000.00,119541.17,9,9,9,9,9,0.014943,0.9335,0.9776
117188.00,125000.00,121845.72,9,9,9,9,9,0.015231,0.9169,0.9577
367188.00,250000.00,365915.30,12,11,12,11,12,0.045739,0.9056,0.9693
367188.00,250000.00,365098.71,12,11,12,11,12,0.045637,0.9048,0.9263
179688.00,125000.00,173435.21,11,10,11,10,11,0.021679,0.8343,0.9443
617188.00,500000.00,610162.73,12,11,12,11,12,0.076270,0.9637,0.9869
742188.00,500000.00,637887.95,11,11,12,11,12,0.079736,0.9365,0.8525
617188.00,500000.00,610494.61,12,11,12,11,12,0.076312,0.9291,0.9869
132812.00,125000.00,134799.00,11,11,11,11,11,0.016850,0.9285,0.9666
132812.00,125000.00,131107.33,11,11,11,11,11,0.016388,0.8929,0.9744
742188.00,500000.00,672216.42,11,11,12,11,12,0.084027,0.8714,0.8917
679688.00,500000.00,548401.83,11,11,11,11,11,0.068550,0.8573,0.7005
742188.00,500000.00,677810.43,11,11,12,11,12,0.084726,0.8002,0.9010
132812.00,125000.00,130328.66,11,11,11,11,11,0.016291,0.9355,0.9428
132812.00,125000.00,132429.12,11,11,11,11,11,0.016554,0.9239,0.9835
617188.00,500000.00,614753.72,12,11,12,11,12,0.076844,0.9118,0.9946
679688.00,500000.00,589909.08,11,11,11,11,11,0.073739,0.9078,0.8539
742188.00,500000.00,623084.90,11,11,12,11,12,0.077886,0.8822,0.8050
742188.00,500000.00,576660.16,11,11,11,11,11,0.072083,0.8801,0.7760
742188.00,500000.00,593656.54,11,11,11,11,11,0.074207,0.8685,0.7772
617188.00,500000.00,604735.37,12,11,12,11,12,0.075592,0.8664,0.9328
132812.00,125000.00,130789.76,11,11,11,11,11,0.016349,0.8148,0.9846
132812.00,125000.00,132947.44,11,11,11,11,11,0.016618,0.9127,0.9765
742188.00,500000.00,530487.06,11,11,11,11,11,0.066311,0.9110,0.6982
132812.00,125000.00,131717.68,11,11,11,11,11,0.016465,0.9089,0.9636
679688.00,500000.00,671395.30,11,11,12,11,12,0.083924,0.8991,0.9254
679688.00,500000.00,623243.33,11,11,12,11,12,0.077905,0.8894,0.8691
679688.00,500000.00,585798.26,11,11,11,11,11,0.073225,0.8793,0.8556
617188.00,500000.00,611190.56,12,12,13,12,13,0.076399,0.8768,0.9867
132812.00,125000.00,129643.44,11,11,11,11,11,0.016205,0.7552,0.7791
617188.00,500000.00,614918.77,12,12,13,12,13,0.076865,0.9574,0.9954
617188.00,500000.00,609792.71,12,12,13,12,13,0.076224,0.9087,0.9805
742188.00,500000.00,589663.03,11,11,11,11,11,0.073708,0.9054,0.7825
132812.00,125000.00,131721.50,11,11,11,11,11,0.016465,0.9019,0.9454
132812.00,125000.00,127506.73,11,11,11,11,11,0.015938,0.8983,0.9581
742188.00,500000.00,540217.40,11,11,11,11,11,0.067527,0.8737,0.7170
679688.00,500000.00,646189.69,11,11,12,11,12,0.080774,0.8695,0.9408
742188.00,500000.00,664795.88,11,11,12,11,12,0.083099,0.8671,0.8729
617188.00,500000.00,629451.75,12,12,13,12,13,0.078681,0.8614,0.9602
742188.00,500000.00,651597.50,11,11,12,11,12,0.081450,0.8429,0.7143
679688.00,500000.00,714555.74,11,11,12,11,12,0.089319,0.8298,0.5218
679688.00,500000.00,570831.30,11,11,11,11,11,0.071354,0.8276,0.8388
617188.00,500000.00,605389.60,12,11,12,11,12,0.075674,0.7941,0.9751
617188.00,500000.00,616366.39,12,12,13,12,13,0.077046,0.7428,0.9806
679688.00,500000.00,675823.21,12,11,12,11,12,0.084478,0.9541,0.9759
679688.00,500000.00,675819.87,12,11,12,11,12,0.084477,0.9510,0.9781
460938.00,500000.00,463817.60,11,11,11,11,11,0.057977,0.9420,0.9652
117188.00,125000.00,117939.00,10,10,10,10,10,0.014742,0.9263,0.9886
460938.00,500000.00,508214.95,11,11,11,11,11,0.063527,0.9237,0.9012
679688.00,500000.00,668548.58,12,11,12,11,12,0.083569,0.9222,0.9743
460938.00,500000.00,470003.13,11,11,11,11,11,0.058750,0.9209,0.9547
117188.00,125000.00,119703.29,10,10,10,10,10,0.014963,0.9194,0.9431
679688.00,500000.00,693439.48,12,11,12,11,12,0.086680,0.9099,0.9625
335938.00,250000.00,339496.61,11,10,11,10,11,0.042437,0.8891,0.9768
117188.00,125000.00,120677.95,10,10,10,10,10,0.015085,0.8777,0.9240
335938.00,250000.00,348112.58,11,10,11,10,11,0.043514,0.8755,0.9542
335938.00,250000.00,328642.85,11,10,11,10,11,0.041080,0.8428,0.9711
117188.00,125000.00,118412.02,10,10,10,10,10,0.014802,0.8370,0.9657
117188.00,125000.00,121526.72,10,10,10,10,10,0.015191,0.7041,0.7273
460938.00,500000.00,456995.01,11,11,11,11,11,0.057124,0.9603,0.9822
679688.00,500000.00,686805.73,12,11,12,11,12,0.085851,0.9578,0.9800
460938.00,500000.00,468095.78,11,11,11,11,11,0.058512,0.9517,0.9811
117188.00,125000.00,121936.80,10,10,10,10,10,0.015242,0.9301,0.9589
460938.00,500000.00,468299.03,11,11,11,11,11,0.058537,0.9295,0.9775
117188.00,125000.00,128293.28,10,10,10,10,10,0.016037,0.9041,0.9105
117188.00,125000.00,118970.87,10,10,10,10,10,0.014871,0.8853,0.9837
460938.00,500000.00,456192.02,11,11,11,11,11,0.057024,0.8843,0.9817
335938.00,250000.00,344518.18,11,10,11,10,11,0.043065,0.8765,0.9698
335938.00,250000.00,338472.37,11,10,11,10,11,0.042309,0.7317,0.9897
335938.00,250000.00,343544.24,11,10,11,10,11,0.042943,0.7119,0.9760
679688.00,500000.00,675593.38,12,11,12,11,12,0.084449,0.9639,0.9845
679688.00,500000.00,676525.12,12,11,12,11,12,0.084566,0.9422,0.9663
679688.00,500000.00,681094.65,12,11,12,11,12,0.085137,0.9394,0.9610
117188.00,125000.00,119305.13,10,10,10,10,10,0.014913,0.9356,0.9821
335938.00,250000.00,335180.28,11,10,11,10,11,0.041898,0.9202,0.9931
460938.00,500000.00,478973.39,11,12,12,12,12,0.059872,0.9061,0.9472
335938.00,250000.00,335830.69,11,10,11,10,11,0.041979,0.9036,0.9756
117188.00,125000.00,119798.66,10,10,10,10,10,0.014975,0.8972,0.9181
335938.00,250000.00,337862.49,11,10,11,10,11,0.042233,0.8361,0.9904
679688.00,500000.00,669477.94,12,11,12,11,12,0.083685,0.9538,0.9824
679688.00,500000.00,673202.51,12,11,12,11,12,0.084150,0.9510,0.9801
460938.00,500000.00,464556.69,11,11,11,11,11,0.058070,0.9368,0.9911
460938.00,500000.00,461993.22,11,11,11,11,11,0.057749,0.9206,0.9932
679688.00,500000.00,646363.26,12,12,13,12,13,0.080795,0.9035,0.9098
335938.00,250000.00,340479.85,11,10,11,10,11,0.042560,0.8964,0.9670
460938.00,500000.00,463165.28,11,11,11,11,11,0.057896,0.8923,0.9895
335938.00,250000.00,336110.56,11,11,12,11,12,0.042014,0.8900,0.9970
632812.00,500000.00,632980.82,12,11,12,11,12,0.079123,0.9215,0.9813
632812.00,500000.00,629424.10,12,12,13,12,13,0.078678,0.9182,0.9904
632812.00,500000.00,639220.24,12,11,12,11,12,0.079903,0.9033,0.9856
398438.00,500000.00,413843.15,10,11,11,10,10,0.051730,0.8934,0.9145
398438.00,500000.00,407855.99,10,11,11,10,10,0.050982,0.8927,0.9464
398438.00,500000.00,397676.47,10,11,11,10,10,0.049710,0.8829,0.9946
210938.00,250000.00,212053.30,11,11,11,11,11,0.026507,0.8662,0.9568
210938.00,250000.00,210507.39,11,11,11,11,11,0.026313,0.8530,0.9893
398438.00,500000.00,474044.80,10,11,11,11,11,0.059256,0.7393,0.5487
398438.00,500000.00,524129.39,10,11,11,11,11,0.065516,0.7376,0.6971
398438.00,250000.00,386415.00,12,11,12,11,12,0.048302,0.9360,0.9660
210938.00,250000.00,212984.14,11,11,11,11,11,0.026623,0.9262,0.9895
398438.00,250000.00,393609.76,12,11,12,11,12,0.049201,0.9259,0.9545
632812.00,500000.00,641596.79,12,12,13,12,13,0.080200,0.9106,0.9715
210938.00,250000.00,212720.87,11,11,11,11,11,0.026590,0.9100,0.9726
632812.00,500000.00,631656.77,12,12,13,12,13,0.078957,0.9086,0.9815
398438.00,250000.00,385885.72,12,11,12,11,12,0.048236,0.8868,0.9465
398438.00,250000.00,390196.80,12,11,12,11,12,0.048775,0.8867,0.9627
210938.00,250000.00,218078.61,11,11,11,11,11,0.027260,0.8753,0.9636
398438.00,250000.00,396636.01,12,11,12,11,12,0.049580,0.8655,0.9836
210938.00,250000.00,214254.38,11,11,11,11,11,0.026782,0.7675,0.9122
398438.00,500000.00,400075.44,10,11,11,10,10,0.050009,0.9397,0.9954
210938.00,250000.00,214970.11,11,11,11,11,11,0.026871,0.9091,0.9344
398438.00,250000.00,393043.52,12,11,12,11,12,0.049130,0.9008,0.9730
210938.00,250000.00,204710.01,11,11,11,10,10,0.025589,0.8937,0.9668
632812.00,500000.00,616282.46,12,11,12,11,12,0.077035,0.8821,0.9684
398438.00,500000.00,460571.29,10,11,11,11,11,0.057571,0.8758,0.7557
210938.00,250000.00,209024.55,11,11,11,10,10,0.026128,0.8559,0.9808
398438.00,250000.00,400947.33,12,11,12,11,12,0.050118,0.7889,0.9639
632812.00,500000.00,645591.26,12,11,12,11,12,0.080699,0.9497,0.9473
632812.00,500000.00,631903.65,12,11,12,11,12,0.078988,0.9252,0.9676
398438.00,250000.00,385167.60,12,11,12,11,12,0.048146,0.8994,0.9615
632812.00,500000.00,639719.49,12,12,13,12,13,0.079965,0.8671,0.9763
632812.00,500000.00,638903.14,12,12,13,12,13,0.079863,0.8133,0.9830
398438.00,250000.00,399534.23,12,11,12,11,12,0.049942,0.7774,0.9776
398438.00,250000.00,378180.50,12,11,12,11,12,0.047273,0.7158,0.9465
601562.00,500000.00,595632.55,12,12,13,12,13,0.074454,0.9555,0.9591
289062.00,250000.00,293022.16,11,11,11,11,11,0.036628,0.9517,0.9863
601562.00,500000.00,598810.20,12,12,13,12,13,0.074851,0.9512,0.9872
601562.00,500000.00,610266.69,12,12,13,12,13,0.076283,0.9413,0.9716
289062.00,250000.00,287302.02,11,11,11,11,11,0.035913,0.9266,0.9782
289062.00,250000.00,284560.20,11,11,11,11,11,0.035570,0.8951,0.9837
101562.00,125000.00,112647.77,11,12,12,12,12,0.014081,0.8740,0.9013
304688.00,250000.00,297920.70,12,12,13,12,13,0.037240,0.8566,0.9560
101562.00,125000.00,114742.28,11,12,12,12,12,0.014343,0.8158,0.8839
304688.00,250000.00,295866.01,12,12,12,12,12,0.036983,0.7885,0.9633
601562.00,500000.00,597820.28,12,12,13,12,13,0.074728,0.9660,0.9880
289062.00,250000.00,285728.45,11,11,11,11,11,0.035716,0.9659,0.9557
289062.00,250000.00,284631.73,11,11,11,11,11,0.035579,0.9565,0.9831
601562.00,500000.00,593301.30,12,12,12,12,12,0.074163,0.9451,0.9748
289062.00,250000.00,287643.43,11,11,11,11,11,0.035955,0.9428,0.9915
601562.00,500000.00,618135.93,12,12,13,12,13,0.077267,0.9325,0.9652
304688.00,250000.00,308689.12,12,11,12,11,12,0.038586,0.9318,0.9834
289062.00,250000.00,288503.89,11,11,11,11,11,0.036063,0.9282,0.9639
304688.00,250000.00,305283.55,12,11,12,11,12,0.038160,0.9205,0.9894
601562.00,500000.00,593860.63,12,12,12,12,12,0.074233,0.9689,0.9845
289062.00,250000.00,290349.72,11,11,11,11,11,0.036294,0.9496,0.9687
601562.00,500000.00,601445.20,12,12,13,12,13,0.075181,0.9447,0.9625
289062.00,250000.00,290163.04,11,11,11,11,11,0.036270,0.9350,0.9856
304688.00,250000.00,304306.03,12,11,12,11,12,0.038038,0.9211,0.9848
304688.00,250000.00,302865.03,12,11,12,11,12,0.037858,0.8976,0.9733
304688.00,250000.00,304695.13,12,11,12,11,12,0.038087,0.8966,0.9737
601562.00,500000.00,597984.31,12,12,13,12,13,0.074748,0.8799,0.9716
101562.00,125000.00,112216.95,11,12,12,12,12,0.014027,0.7812,0.9021
101562.00,125000.00,117292.88,11,12,12,12,12,0.014662,0.7738,0.8601
601562.00,500000.00,600235.46,12,12,13,12,13,0.075029,0.9441,0.9938
289062.00,250000.00,285001.75,11,11,11,11,11,0.035625,0.9434,0.9687
289062.00,250000.00,300543.07,11,11,12,11,12,0.037568,0.9185,0.9521
101562.00,125000.00,108242.03,11,12,12,12,12,0.013530,0.8939,0.9277
601562.00,500000.00,595871.93,12,12,13,12,13,0.074484,0.8874,0.9886
101562.00,125000.00,112684.25,11,12,12,12,12,0.014086,0.8845,0.8993
101562.00,125000.00,109167.10,11,12,12,12,12,0.013646,0.8733,0.9206
101562.00,125000.00,106082.92,11,12,12,12,12,0.013260,0.8461,0.9567
304688.00,250000.00,305847.64,12,12,13,12,13,0.038231,0.8043,0.9437
304688.00,250000.00,304121.02,12,12,13,12,13,0.038015,0.7947,0.9592
101562.00,125000.00,115573.88,11,12,12,12,12,0.014447,0.7684,0.8731
304688.00,250000.00,269527.44,12,12,12,12,12,0.033691,0.7034,0.8727
117188.00,125000.00,118732.45,11,11,11,11,11,0.014842,0.9219,0.9554
789062.00,500000.00,575182.91,11,11,11,11,11,0.071898,0.9040,0.7229
789062.00,500000.00,559013.37,11,11,11,11,11,0.069877,0.8754,0.6904
789062.00,500000.00,557497.02,11,11,11,11,11,0.069687,0.8729,0.6962
382812.00,500000.00,403119.09,10,11,11,10,10,0.050390,0.8718,0.9379
789062.00,500000.00,617333.41,11,11,12,11,12,0.077167,0.7677,0.7464
210938.00,250000.00,208510.64,9,10,10,9,9,0.026064,0.7076,0.8801
117188.00,125000.00,120818.14,11,11,11,11,11,0.015102,0.9328,0.9596
117188.00,125000.00,120037.08,11,11,11,11,11,0.015005,0.9147,0.9733
382812.00,500000.00,381530.76,10,11,11,10,10,0.047691,0.8916,0.9870
382812.00,500000.00,384300.23,10,11,11,10,10,0.048038,0.9487,0.9847
117188.00,125000.00,117423.06,11,11,11,11,11,0.014678,0.9306,0.9511
382812.00,500000.00,384988.78,10,11,11,10,10,0.048124,0.9254,0.9614
382812.00,500000.00,387419.70,10,11,11,10,10,0.048427,0.9210,0.9825
117188.00,125000.00,117660.52,11,11,11,11,11,0.014708,0.9174,0.9654
382812.00,500000.00,387600.90,10,11,11,10,10,0.048450,0.9123,0.9784
210938.00,250000.00,221397.40,9,10,10,10,10,0.027675,0.9073,0.9448
789062.00,500000.00,513026.71,11,11,11,11,11,0.064128,0.9041,0.6234
210938.00,250000.00,212514.88,9,10,10,10,10,0.026564,0.8760,0.9833
382812.00,500000.00,386310.58,10,11,11,10,10,0.048289,0.8725,0.9838
382812.00,500000.00,382891.65,10,11,11,10,10,0.047861,0.7199,0.9851
382812.00,500000.00,388481.14,10,11,11,10,10,0.048560,0.9377,0.9581
117188.00,125000.00,116731.88,11,11,11,11,11,0.014591,0.9174,0.9644
117188.00,125000.00,119458.68,11,11,11,11,11,0.014932,0.9116,0.9460
117188.00,125000.00,119850.16,11,11,11,11,11,0.014981,0.9082,0.9408
117188.00,125000.00,119789.12,11,11,11,11,11,0.014974,0.9074,0.8976
210938.00,250000.00,207010.27,9,10,10,9,9,0.025876,0.9046,0.8898
210938.00,250000.00,199150.09,9,10,10,9,9,0.024894,0.8936,0.9352
789062.00,500000.00,493248.46,11,11,11,11,11,0.061656,0.8817,0.6203
789062.00,500000.00,549480.44,11,11,11,11,11,0.068685,0.8673,0.6794
117188.00,125000.00,119764.33,11,11,11,11,11,0.014971,0.7366,0.7737
664062.00,500000.00,654066.56,12,11,12,11,12,0.081758,0.9631,0.9813
570312.00,500000.00,567104.34,11,11,11,11,11,0.070888,0.9519,0.9796
664062.00,500000.00,662284.85,12,11,12,11,12,0.082786,0.9477,0.9745
210938.00,250000.00,214126.11,11,11,11,11,11,0.026766,0.9425,0.9606
570312.00,500000.00,565964.70,11,11,11,11,11,0.070746,0.9388,0.9868
148438.00,125000.00,141937.73,12,12,12,12,12,0.017742,0.8857,0.9523
210938.00,250000.00,211850.17,11,11,11,11,11,0.026481,0.8264,0.9767
570312.00,500000.00,572786.33,11,11,11,11,11,0.071598,0.9668,0.9926
664062.00,500000.00,669321.06,12,11,12,11,12,0.083665,0.9613,0.9799
664062.00,500000.00,666838.65,12,11,12,11,12,0.083355,0.9468,0.9529
570312.00,500000.00,561836.24,11,11,11,11,11,0.070230,0.9243,0.9631
664062.00,500000.00,664463.52,12,11,12,11,12,0.083058,0.9237,0.9449
210938.00,250000.00,214260.10,11,11,11,11,11,0.026783,0.9065,0.9736
664062.00,500000.00,672404.29,12,11,12,11,12,0.084051,0.8750,0.9845
148438.00,125000.00,147289.28,12,12,12,12,12,0.018411,0.8592,0.8639
148438.00,125000.00,149076.94,12,12,13,12,13,0.018635,0.8274,0.9821
148438.00,125000.00,137258.05,12,12,12,12,12,0.017157,0.8272,0.9219
210938.00,250000.00,269297.60,11,11,11,11,11,0.033662,0.7858,0.7831
210938.00,125000.00,214159.01,11,10,12,10,12,0.026770,0.7508,0.9178
570312.00,500000.00,557720.18,11,11,11,11,11,0.069715,0.9505,0.9632
664062.00,500000.00,659065.25,12,11,12,11,12,0.082383,0.9396,0.9319
148438.00,125000.00,145122.59,12,12,12,12,12,0.018140,0.8953,0.9769
570312.00,500000.00,564702.99,11,11,11,11,11,0.070588,0.8895,0.9823
148438.00,125000.00,137270.93,12,12,12,12,12,0.017159,0.8033,0.9211
148438.00,125000.00,133932.11,12,12,12,12,12,0.016742,0.7427,0.7780
570312.00,500000.00,561150.55,11,11,11,11,11,0.070144,0.9549,0.9813
570312.00,500000.00,544753.07,11,11,11,11,11,0.068094,0.9269,0.9508
664062.00,500000.00,643876.31,12,11,12,11,12,0.080485,0.9233,0.9533
570312.00,500000.00,567042.83,11,11,11,11,11,0.070880,0.9218,0.9893
570312.00,500000.00,551254.27,11,11,11,11,11,0.068907,0.9192,0.9437
664062.00,500000.00,665851.59,12,11,12,11,12,0.083231,0.9139,0.9679
210938.00,250000.00,210613.25,11,11,11,11,11,0.026327,0.8659,0.9779
148438.00,125000.00,139768.60,12,12,12,12,12,0.017471,0.8301,0.9382
570312.00,500000.00,603680.61,11,11,12,11,12,0.075460,0.8028,0.9346
664062.00,500000.00,528330.80,12,11,11,11,11,0.066041,0.8022,0.7843
554688.00,500000.00,557584.76,12,12,12,12,12,0.069698,0.9568,0.9873
554688.00,500000.00,550603.87,12,12,12,12,12,0.068825,0.9556,0.9895
476562.00,500000.00,477683.07,10,11,11,11,11,0.059710,0.9337,0.9873
476562.00,500000.00,482206.82,10,11,11,11,11,0.060276,0.9210,0.9807
789062.00,500000.00,741053.58,12,11,12,11,12,0.092632,0.8708,0.9361
789062.00,500000.00,730737.69,12,11,12,11,12,0.091342,0.8561,0.9249
789062.00,500000.00,757558.82,12,11,12,11,12,0.094695,0.8518,0.9332
476562.00,500000.00,525640.49,10,11,11,11,11,0.065705,0.8347,0.8886
789062.00,500000.00,714288.71,12,11,12,11,12,0.089286,0.8044,0.8124
789062.00,500000.00,603165.63,12,11,12,11,12,0.075396,0.7205,0.7246
648438.00,500000.00,645200.73,12,11,12,11,12,0.080650,0.9693,0.9853
648438.00,500000.00,635000.23,12,11,12,11,12,0.079375,0.9661,0.9763
648438.00,500000.00,651435.85,12,11,12,11,12,0.081429,0.9610,0.9930
476562.00,500000.00,480241.78,10,11,11,11,11,0.060030,0.9525,0.9862
476562.00,500000.00,468067.77,10,11,11,11,11,0.058508,0.9500,0.9698
476562.00,500000.00,477011.68,10,11,11,11,11,0.059626,0.9482,0.9343
476562.00,500000.00,464334.25,10,11,11,11,11,0.058042,0.9440,0.8843
476562.00,500000.00,477652.55,10,11,11,11,11,0.059707,0.9279,0.9864
476562.00,500000.00,470237.73,10,11,11,11,11,0.058780,0.9106,0.9629
648438.00,500000.00,617897.03,12,11,12,11,12,0.077237,0.8230,0.9306
554688.00,500000.00,533309.94,12,12,12,12,12,0.066664,0.7834,0.8926
648438.00,500000.00,650827.41,12,11,12,11,12,0.081353,0.9642,0.9936
554688.00,500000.00,553359.99,12,12,12,12,12,0.069170,0.9576,0.9779
789062.00,500000.00,754444.12,12,11,12,11,12,0.094306,0.9448,0.8978
554688.00,500000.00,546375.04,12,12,12,12,12,0.068297,0.9446,0.9848
554688.00,500000.00,560812.00,12,12,12,12,12,0.070101,0.9372,0.9825
648438.00,500000.00,652581.21,12,11,12,11,12,0.081573,0.9115,0.9447
648438.00,500000.00,677644.73,12,11,12,11,12,0.084706,0.8264,0.7560
648438.00,500000.00,614677.43,12,11,12,11,12,0.076835,0.7233,0.9461
554688.00,500000.00,551250.46,12,12,12,12,12,0.068906,0.9611,0.9845
554688.00,500000.00,556191.92,12,12,12,12,12,0.069524,0.9595,0.9900
554688.00,500000.00,558263.30,12,12,12,12,12,0.069783,0.9558,0.9880
648438.00,500000.00,647668.84,12,11,12,11,12,0.080959,0.9412,0.9931
789062.00,500000.00,759536.74,12,11,12,11,12,0.094942,0.9251,0.9551
648438.00,500000.00,651266.34,12,11,12,11,12,0.081408,0.8730,0.9920
648438.00,500000.00,603670.12,12,11,12,11,12,0.075459,0.7611,0.8629
789062.00,500000.00,590504.65,12,11,11,11,11,0.073813,0.7528,0.7203
539062.00,500000.00,543309.81,12,12,12,12,12,0.067914,0.9569,0.9855
539062.00,500000.00,533782.01,12,12,12,12,12,0.066723,0.9503,0.9894
539062.00,500000.00,518199.92,12,12,12,12,12,0.064775,0.9187,0.9528
414062.00,500000.00,410781.86,11,12,12,11,11,0.051348,0.8939,0.9679
539062.00,500000.00,460117.34,12,12,12,12,12,0.057515,0.8303,0.8157
414062.00,500000.00,419441.22,11,11,11,10,10,0.052430,0.7383,0.9802
414062.00,500000.00,419150.35,11,12,12,11,11,0.052394,0.7053,0.9852
539062.00,500000.00,543216.71,12,12,12,12,12,0.067902,0.9666,0.9877
539062.00,500000.00,526711.46,12,12,12,12,12,0.065839,0.9633,0.9728
539062.00,500000.00,556245.80,12,12,12,12,12,0.069531,0.9408,0.9594
414062.00,500000.00,435274.12,11,11,11,11,11,0.054409,0.8771,0.9492
414062.00,500000.00,412198.07,11,12,12,11,11,0.051525,0.8473,0.9642
726562.00,500000.00,677916.53,11,11,12,11,12,0.084740,0.8356,0.9033
414062.00,500000.00,420783.76,11,12,12,12,12,0.052598,0.8334,0.9823
195312.00,125000.00,200879.81,10,9,10,9,10,0.025110,0.7451,0.9451
539062.00,500000.00,523154.14,12,12,12,12,12,0.065394,0.9597,0.9667
539062.00,500000.00,537038.33,12,12,12,12,12,0.067130,0.9323,0.9325
726562.00,500000.00,546302.80,11,11,11,11,11,0.068288,0.8610,0.7375
414062.00,500000.00,422883.03,11,12,12,12,12,0.052860,0.8545,0.9494
414062.00,500000.00,420066.83,11,11,11,10,10,0.052508,0.8534,0.9573
195312.00,125000.00,196540.83,10,9,10,9,10,0.024568,0.8454,0.9857
726562.00,500000.00,623371.60,11,11,12,11,12,0.077921,0.7158,0.8246
539062.00,500000.00,539450.65,12,12,12,12,12,0.067431,0.9658,0.9781
539062.00,500000.00,542268.75,12,12,12,12,12,0.067784,0.9534,0.9747
195312.00,125000.00,190358.64,10,9,10,9,10,0.023795,0.8932,0.9727
726562.00,500000.00,683520.79,11,11,12,11,12,0.085440,0.8492,0.8899
726562.00,500000.00,656869.41,11,11,12,11,12,0.082109,0.8080,0.8819
195312.00,125000.00,194770.81,10,9,10,9,10,0.024346,0.7890,0.9372
195312.00,125000.00,192672.73,10,9,10,9,10,0.024084,0.7823,0.9528
195312.00,125000.00,195240.97,10,9,10,9,10,0.024405,0.7681,0.9134
273438.00,250000.00,268711.09,12,12,12,12,12,0.033589,0.9680,0.9580
273438.00,250000.00,270313.26,12,12,12,12,12,0.033789,0.9654,0.9756
335938.00,250000.00,337536.81,12,11,12,11,12,0.042192,0.9573,0.9926
273438.00,250000.00,274850.85,12,12,12,12,12,0.034356,0.9560,0.9876
242188.00,250000.00,247699.74,11,11,11,11,11,0.030962,0.9543,0.9518
273438.00,250000.00,272674.56,12,12,12,12,12,0.034084,0.9530,0.9725
273438.00,250000.00,270039.08,12,12,12,12,12,0.033755,0.9505,0.9853
335938.00,250000.00,333711.62,12,11,12,11,12,0.041714,0.9489,0.9240
273438.00,250000.00,267606.74,12,12,12,12,12,0.033451,0.9437,0.9180
335938.00,250000.00,333683.97,12,11,12,11,12,0.041710,0.9263,0.9779
335938.00,250000.00,329241.75,12,11,12,11,12,0.041155,0.9201,0.9714
273438.00,250000.00,275937.56,12,11,11,11,11,0.034492,0.8862,0.9829
242188.00,250000.00,238482.48,11,11,11,11,11,0.029810,0.9549,0.9683
242188.00,250000.00,241783.14,11,11,11,11,11,0.030223,0.9436,0.9509
242188.00,250000.00,250453.95,11,11,11,11,11,0.031307,0.9375,0.9561
757812.00,500000.00,744108.20,12,11,12,11,12,0.093014,0.9374,0.9778
335938.00,250000.00,327358.25,12,11,12,11,12,0.040920,0.9311,0.9470
335938.00,250000.00,338500.26,12,11,12,11,12,0.042313,0.9047,0.9747
757812.00,500000.00,740285.87,12,11,12,11,12,0.092536,0.9033,0.9674
242188.00,250000.00,246025.32,11,11,11,11,11,0.030753,0.8966,0.9740
757812.00,500000.00,538681.27,12,11,11,11,11,0.067335,0.8694,0.6640
757812.00,500000.00,598483.09,12,11,12,11,12,0.074810,0.8167,0.7758
273438.00,250000.00,274605.75,12,12,12,12,12,0.034326,0.9468,0.9632
335938.00,250000.00,331900.60,12,11,12,11,12,0.041488,0.9207,0.9438
242188.00,250000.00,250873.57,11,11,11,11,11,0.031359,0.9196,0.9637
757812.00,500000.00,726211.55,12,11,12,11,12,0.090776,0.9184,0.9483
757812.00,500000.00,730171.20,12,11,12,11,12,0.091271,0.9159,0.9520
757812.00,500000.00,723524.09,12,11,12,11,12,0.090441,0.9110,0.9185
242188.00,250000.00,242652.89,11,11,11,11,11,0.030332,0.9100,0.9938
335938.00,250000.00,323074.34,12,11,12,11,12,0.040384,0.8861,0.9566
335938.00,250000.00,337359.67,12,11,12,11,12,0.042170,0.8805,0.9858
242188.00,250000.00,243899.35,11,11,11,11,11,0.030487,0.9595,0.9869
757812.00,500000.00,753246.31,12,11,12,11,12,0.094156,0.9554,0.9713
273438.00,250000.00,271675.11,12,12,12,12,12,0.033959,0.9550,0.9845
273438.00,250000.00,271885.87,12,12,12,12,12,0.033986,0.9511,0.9925
242188.00,250000.00,242918.97,11,11,11,11,11,0.030365,0.9366,0.9769
335938.00,250000.00,338536.02,12,11,12,11,12,0.042317,0.9337,0.9849
335938.00,250000.00,328542.71,12,11,12,11,12,0.041068,0.9201,0.9090
757812.00,500000.00,742918.01,12,11,12,11,12,0.092865,0.9161,0.9751
273438.00,250000.00,262308.12,12,12,12,12,12,0.032789,0.8911,0.9585
242188.00,250000.00,235705.38,11,11,11,11,11,0.029463,0.8889,0.8926
429688.00,500000.00,431389.81,10,11,11,11,11,0.053924,0.9722,0.9656
523438.00,500000.00,520958.90,11,11,11,11,11,0.065120,0.9549,0.9942
523438.00,500000.00,526865.01,11,11,11,11,11,0.065858,0.9471,0.9206
429688.00,500000.00,428766.97,10,11,11,11,11,0.053596,0.9438,0.9858
523438.00,500000.00,526012.42,11,11,11,11,11,0.065752,0.9305,0.9682
210938.00,250000.00,224374.77,10,10,10,10,10,0.028047,0.9275,0.9392
226562.00,250000.00,230509.28,12,12,12,12,12,0.028814,0.9189,0.9772
210938.00,250000.00,212156.30,10,10,10,10,10,0.026520,0.8519,0.9094
210938.00,250000.00,206767.08,10,10,10,9,9,0.025846,0.8311,0.9598
523438.00,500000.00,527236.94,11,11,11,11,11,0.065905,0.9592,0.9892
429688.00,500000.00,439326.29,10,11,11,11,11,0.054916,0.9348,0.9706
429688.00,500000.00,437183.86,10,11,11,11,11,0.054648,0.9340,0.9812
226562.00,250000.00,234352.11,12,12,12,12,12,0.029294,0.9134,0.9664
429688.00,500000.00,426328.66,10,11,11,11,11,0.053291,0.8973,0.8769
226562.00,250000.00,230968.95,12,12,12,12,12,0.028871,0.8810,0.9040
210938.00,250000.00,221290.59,10,10,10,10,10,0.027661,0.8766,0.9166
226562.00,250000.00,230400.92,12,12,12,12,12,0.028800,0.8645,0.8386
523438.00,500000.00,530877.35,11,11,11,11,11,0.066360,0.8520,0.8131
429688.00,500000.00,434464.81,10,11,11,11,11,0.054308,0.9574,0.9765
226562.00,250000.00,227636.34,12,12,12,12,12,0.028455,0.9557,0.9935
429688.00,500000.00,436433.79,10,11,11,11,11,0.054554,0.9471,0.9795
523438.00,500000.00,530982.97,11,11,11,11,11,0.066373,0.9470,0.9821
523438.00,500000.00,527935.50,11,11,11,11,11,0.065992,0.9460,0.9844
429688.00,500000.00,441291.81,10,11,11,11,11,0.055161,0.9438,0.9516
226562.00,250000.00,221908.57,12,12,12,12,12,0.027739,0.9334,0.9763
523438.00,500000.00,541422.37,11,11,11,11,11,0.067678,0.8832,0.9406
210938.00,250000.00,214475.15,10,10,10,10,10,0.026809,0.8181,0.9805
523438.00,500000.00,521523.48,11,11,11,11,11,0.065190,0.9566,0.9701
523438.00,500000.00,530265.81,11,11,11,11,11,0.066283,0.9478,0.9787
226562.00,250000.00,225006.10,12,12,12,12,12,0.028126,0.9440,0.9798
226562.00,250000.00,227747.98,12,12,12,12,12,0.028468,0.9361,0.9807
429688.00,500000.00,424979.21,10,11,11,11,11,0.053122,0.9299,0.9746
226562.00,250000.00,236773.01,12,12,12,12,12,0.029597,0.9146,0.9566
210938.00,250000.00,213220.60,10,10,10,10,10,0.026653,0.9117,0.9780
429688.00,500000.00,428041.46,10,11,11,11,11,0.053505,0.8999,0.9539
523438.00,500000.00,526302.81,11,11,11,11,11,0.065788,0.8739,0.9835
210938.00,250000.00,214263.44,10,10,10,10,10,0.026783,0.8294,0.9797
476562.00,500000.00,479019.88,11,11,11,11,11,0.059877,0.9551,0.9919
242188.00,250000.00,243601.32,10,10,10,10,10,0.030450,0.9451,0.9887
242188.00,250000.00,244970.32,10,10,10,10,10,0.030621,0.9413,0.9665
695312.00,500000.00,695686.34,12,11,12,11,12,0.086961,0.9369,0.9883
117188.00,125000.00,118721.01,12,12,12,12,12,0.014840,0.9287,0.9836
242188.00,250000.00,244773.86,10,10,10,10,10,0.030597,0.9257,0.9663
695312.00,500000.00,684451.34,12,11,12,11,12,0.085556,0.9208,0.9639
476562.00,500000.00,507884.98,11,11,11,11,11,0.063486,0.7731,0.9190
117188.00,125000.00,120489.12,12,12,12,12,12,0.015061,0.7403,0.7175
695312.00,500000.00,686063.05,12,11,12,11,12,0.085758,0.9702,0.9782
242188.00,250000.00,243147.85,10,10,10,10,10,0.030393,0.9538,0.9757
695312.00,500000.00,702457.43,12,11,12,11,12,0.087807,0.9530,0.9870
476562.00,500000.00,484127.04,11,11,11,11,11,0.060516,0.9476,0.9820
242188.00,250000.00,244413.50,10,10,10,10,10,0.030552,0.9473,0.9660
695312.00,500000.00,707897.19,12,11,12,11,12,0.088487,0.9355,0.9735
695312.00,500000.00,709445.95,12,11,12,11,12,0.088681,0.8973,0.9771
117188.00,125000.00,127585.89,12,12,12,12,12,0.015948,0.8791,0.7399
476562.00,500000.00,516899.11,11,11,11,11,11,0.064612,0.8646,0.8815
117188.00,125000.00,132497.79,12,12,12,12,12,0.016562,0.8348,0.8206
242188.00,250000.00,231327.06,10,10,10,10,10,0.028916,0.8290,0.8737
695312.00,500000.00,696588.52,12,11,12,11,12,0.087074,0.9622,0.9819
476562.00,500000.00,477968.22,11,11,11,11,11,0.059746,0.9618,0.9946
476562.00,500000.00,481199.26,11,11,11,11,11,0.060150,0.9600,0.9801
242188.00,250000.00,240350.72,10,10,10,10,10,0.030044,0.9565,0.9600
695312.00,500000.00,690721.09,12,11,12,11,12,0.086340,0.9523,0.9693
242188.00,250000.00,244376.18,10,10,10,10,10,0.030547,0.9488,0.9797
242188.00,250000.00,244707.11,10,10,10,10,10,0.030588,0.9259,0.9631
117188.00,125000.00,121337.89,12,12,12,12,12,0.015167,0.9186,0.9500
476562.00,500000.00,485493.66,11,11,11,11,11,0.060687,0.9178,0.9343
117188.00,125000.00,133980.04,12,12,12,12,12,0.016748,0.8447,0.8407
476562.00,500000.00,486518.86,11,11,11,11,11,0.060815,0.9631,0.9742
476562.00,500000.00,486806.87,11,11,11,11,11,0.060851,0.9568,0.9736
695312.00,500000.00,701623.92,12,11,12,11,12,0.087703,0.9561,0.9889
695312.00,500000.00,691968.92,12,11,12,11,12,0.086496,0.9519,0.9849
476562.00,500000.00,499556.54,11,11,11,11,11,0.062445,0.9423,0.9525
242188.00,250000.00,241518.97,10,10,10,10,10,0.030190,0.9063,0.9855
117188.00,125000.00,120703.70,12,12,12,12,12,0.015088,0.8936,0.9686
117188.00,125000.00,125944.61,12,12,12,12,12,0.015743,0.8883,0.9280
242188.00,250000.00,252810.48,10,10,10,10,10,0.031601,0.8829,0.9474
117188.00,125000.00,134570.12,12,12,12,12,12,0.016821,0.8347,0.8648
117188.00,125000.00,129919.05,12,12,12,12,12,0.016240,0.7929,0.8833
695312.00,500000.00,629938.13,12,11,12,11,12,0.078742,0.7263,0.8460
242188.00,250000.00,238899.47,10,10,10,10,10,0.029862,0.9711,0.9804
539062.00,500000.00,538540.36,11,11,11,11,11,0.067318,0.9628,0.9973
242188.00,250000.00,237659.93,10,10,10,10,10,0.029707,0.9539,0.9687
242188.00,250000.00,234503.75,10,10,10,10,10,0.029313,0.9523,0.9563
242188.00,250000.00,240583.42,10,10,10,10,10,0.030073,0.9501,0.9729
539062.00,500000.00,533781.05,11,11,11,11,11,0.066723,0.9493,0.9882
117188.00,125000.00,121686.94,9,9,9,9,9,0.015211,0.9208,0.9394
117188.00,125000.00,119730.00,9,9,9,9,9,0.014966,0.9106,0.9060
539062.00,500000.00,563874.24,11,11,11,11,11,0.070484,0.8869,0.8996
148438.00,125000.00,148830.65,9,9,10,9,10,0.018604,0.8521,0.9805
148438.00,125000.00,146445.27,9,9,9,9,9,0.018306,0.8422,0.9258
117188.00,125000.00,128379.23,9,9,9,9,9,0.016047,0.8394,0.7659
539062.00,500000.00,537220.00,11,11,11,11,11,0.067153,0.9521,0.9779
242188.00,250000.00,238071.92,10,10,10,10,10,0.029759,0.9360,0.9588
242188.00,250000.00,250006.68,10,10,10,10,10,0.031251,0.9236,0.9640
117188.00,125000.00,117856.98,9,9,9,9,9,0.014732,0.9222,0.9393
539062.00,500000.00,516388.89,11,11,11,11,11,0.064549,0.9073,0.9561
117188.00,125000.00,117473.13,9,9,9,9,9,0.014684,0.9022,0.8920
148438.00,125000.00,144399.64,9,9,9,9,9,0.018050,0.8800,0.9516
117188.00,125000.00,117571.83,9,9,9,9,9,0.014696,0.8612,0.8819
242188.00,250000.00,241852.76,10,10,10,10,10,0.030232,0.8165,0.9722
242188.00,250000.00,240427.02,10,10,10,10,10,0.030053,0.9420,0.9667
539062.00,500000.00,534808.16,11,11,11,11,11,0.066851,0.9406,0.9839
242188.00,250000.00,241692.54,10,10,10,10,10,0.030212,0.9365,0.9675
117188.00,125000.00,118100.88,9,9,9,9,9,0.014763,0.9364,0.9188
148438.00,125000.00,143054.01,9,9,9,9,9,0.017882,0.9307,0.9596
148438.00,125000.00,143556.59,9,9,9,9,9,0.017945,0.9099,0.9611
242188.00,250000.00,240628.24,10,10,10,10,10,0.030079,0.9006,0.9639
539062.00,500000.00,518130.78,11,11,11,11,11,0.064766,0.8624,0.9570
148438.00,125000.00,150322.91,9,9,10,9,10,0.018790,0.8532,0.8890
148438.00,125000.00,147775.65,9,9,9,9,9,0.018472,0.7880,0.8105
539062.00,500000.00,537872.91,11,11,11,11,11,0.067234,0.9633,0.9903
539062.00,500000.00,542418.96,11,11,11,11,11,0.067802,0.9560,0.9866
539062.00,500000.00,563516.62,11,11,11,11,11,0.070440,0.9311,0.9435
414062.00,500000.00,415200.23,12,12,12,11,11,0.051900,0.9250,0.9792
617188.00,500000.00,609504.70,12,11,12,11,12,0.076188,0.9162,0.9476
195312.00,125000.00,190820.69,12,11,12,11,12,0.023853,0.8874,0.9461
101562.00,125000.00,114655.49,10,10,10,10,10,0.014332,0.8795,0.8360
101562.00,125000.00,107532.50,10,11,11,11,11,0.013442,0.8724,0.8979
101562.00,125000.00,109814.64,10,10,10,10,10,0.013727,0.8655,0.9160
101562.00,125000.00,110741.14,10,10,10,10,10,0.013843,0.8584,0.9122
414062.00,500000.00,409816.74,12,12,12,11,11,0.051227,0.8488,0.9841
414062.00,500000.00,413723.95,12,12,12,11,11,0.051715,0.8160,0.9825
617188.00,500000.00,614768.03,12,12,13,12,13,0.076846,0.9532,0.9764
617188.00,500000.00,589814.19,12,12,12,12,12,0.073727,0.9372,0.9466
414062.00,500000.00,416970.73,12,12,12,11,11,0.052121,0.9353,0.9898
414062.00,500000.00,417096.14,12,12,12,11,11,0.052137,0.9063,0.9797
101562.00,125000.00,106884.96,10,10,10,10,10,0.013361,0.8978,0.9242
414062.00,500000.00,429111.48,12,12,12,12,12,0.053639,0.8529,0.9379
195312.00,125000.00,192453.38,12,11,12,11,12,0.024057,0.8032,0.9264
195312.00,125000.00,187596.32,12,11,12,11,12,0.023450,0.7897,0.9579
617188.00,500000.00,618972.78,12,11,12,11,12,0.077372,0.7878,0.9619
195312.00,125000.00,162023.54,12,11,12,11,12,0.020253,0.7716,0.8232
617188.00,500000.00,537459.37,12,12,12,12,12,0.067182,0.9012,0.8115
101562.00,125000.00,109251.02,10,10,10,10,10,0.013656,0.8677,0.9000
101562.00,125000.00,114839.55,10,11,11,11,11,0.014355,0.8617,0.8680
617188.00,500000.00,617418.29,12,12,13,12,13,0.077177,0.8402,0.9872
101562.00,125000.00,112250.33,10,10,10,10,10,0.014031,0.7946,0.8341
617188.00,500000.00,597787.86,12,11,12,11,12,0.074723,0.7135,0.9652
414062.00,500000.00,424551.01,12,12,12,12,12,0.053069,0.9318,0.9712
617188.00,500000.00,612137.79,12,11,12,11,12,0.076517,0.8987,0.9860
195312.00,125000.00,187772.75,12,11,12,11,12,0.023472,0.8831,0.9419
414062.00,500000.00,395347.71,12,12,12,11,11,0.049418,0.8788,0.9368
101562.00,125000.00,116954.80,10,11,11,11,11,0.014619,0.7648,0.8673
195312.00,125000.00,195640.70,12,11,12,11,12,0.024455,0.7634,0.9460
414062.00,500000.00,432003.02,12,12,12,12,12,0.054000,0.7527,0.8871
398438.00,500000.00,394430.16,10,11,11,10,10,0.049304,0.9698,0.9784
398438.00,500000.00,410571.10,10,11,11,10,10,0.051321,0.9634,0.9482
398438.00,500000.00,409362.79,10,11,11,10,10,0.051170,0.9471,0.9691
226562.00,250000.00,233488.08,10,10,10,10,10,0.029186,0.9383,0.9658
226562.00,250000.00,237714.77,10,10,10,10,10,0.029714,0.9242,0.9492
398438.00,500000.00,400035.86,10,11,11,10,10,0.050004,0.9183,0.9775
148438.00,125000.00,143359.18,11,11,11,11,11,0.017920,0.9056,0.9650
226562.00,250000.00,227537.16,10,10,10,10,10,0.028442,0.9465,0.9631
226562.00,250000.00,236277.58,10,10,10,10,10,0.029535,0.9430,0.9540
601562.00,500000.00,596433.10,11,11,12,11,12,0.074554,0.9369,0.9560
601562.00,500000.00,589585.30,11,11,11,11,11,0.073698,0.9312,0.9675
226562.00,250000.00,227947.95,10,10,10,10,10,0.028493,0.9304,0.9784
226562.00,250000.00,225090.03,10,10,10,10,10,0.028136,0.9254,0.9905
601562.00,500000.00,605182.65,11,11,12,11,12,0.075648,0.9233,0.9562
398438.00,500000.00,398902.89,10,11,11,10,10,0.049863,0.9006,0.9902
148438.00,125000.00,147947.31,11,10,10,10,10,0.018493,0.8973,0.9914
148438.00,125000.00,150033.95,11,11,12,11,12,0.018754,0.8656,0.9428
398438.00,500000.00,399151.21,10,11,11,10,10,0.049894,0.8526,0.9663
148438.00,125000.00,145288.47,11,11,11,11,11,0.018161,0.8515,0.9445
148438.00,125000.00,144186.97,11,11,11,11,11,0.018023,0.8443,0.9641
398438.00,500000.00,398660.66,10,11,11,10,10,0.049833,0.9516,0.9803
601562.00,500000.00,593669.89,11,11,11,11,11,0.074209,0.9494,0.9811
226562.00,250000.00,229596.14,10,10,10,10,10,0.028700,0.9429,0.9850
226562.00,250000.00,227512.36,10,10,10,10,10,0.028439,0.9354,0.9709
398438.00,500000.00,403176.31,10,11,11,10,10,0.050397,0.9223,0.9801
601562.00,500000.00,607512.95,11,11,12,11,12,0.075939,0.9184,0.9664
148438.00,125000.00,150802.14,11,11,12,11,12,0.018850,0.7870,0.9548
601562.00,500000.00,588302.85,11,11,11,11,11,0.073538,0.9663,0.9690
601562.00,500000.00,596438.41,11,11,12,11,12,0.074555,0.9524,0.9880
601562.00,500000.00,596435.55,11,11,12,11,12,0.074554,0.9311,0.9844
601562.00,500000.00,575177.19,11,11,11,11,11,0.071897,0.9279,0.9401
398438.00,500000.00,403060.91,10,11,11,10,10,0.050383,0.9276,0.9840
398438.00,500000.00,404152.87,10,11,11,10,10,0.050519,0.9264,0.9763
226562.00,250000.00,230901.72,10,10,10,10,10,0.028863,0.9129,0.9788
398438.00,500000.00,404840.47,10,11,11,10,10,0.050605,0.9083,0.9732
226562.00,250000.00,226277.35,10,10,10,10,10,0.028285,0.8896,0.9306
148438.00,125000.00,146708.97,11,11,11,11,11,0.018339,0.8836,0.9374
601562.00,500000.00,508413.31,11,11,11,11,11,0.063552,0.8797,0.8423
148438.00,125000.00,156909.94,11,11,12,11,12,0.019614,0.8336,0.9255
273438.00,250000.00,273338.32,11,11,11,11,11,0.034167,0.9690,0.9882
273438.00,250000.00,277250.77,10,10,10,10,10,0.034656,0.9518,0.9510
320312.00,250000.00,320246.22,12,11,12,11,12,0.040031,0.9495,0.9958
273438.00,250000.00,273236.75,11,11,11,11,11,0.034155,0.9482,0.9674
273438.00,250000.00,276362.42,11,11,11,11,11,0.034545,0.9444,0.9861
320312.00,250000.00,316247.94,12,11,12,11,12,0.039531,0.9397,0.9865
648438.00,500000.00,641010.28,12,11,12,11,12,0.080126,0.9362,0.9833
273438.00,250000.00,270419.96,10,10,10,10,10,0.033802,0.9214,0.9557
273438.00,250000.00,269982.10,10,10,10,10,10,0.033748,0.9201,0.9255
648438.00,500000.00,618701.93,12,12,13,12,13,0.077338,0.8412,0.9475
648438.00,500000.00,606536.87,12,12,13,12,13,0.075817,0.7549,0.8928
273438.00,250000.00,277590.75,11,11,11,11,11,0.034699,0.9573,0.9778
273438.00,250000.00,270918.61,10,10,10,10,10,0.033865,0.9561,0.9853
273438.00,250000.00,273452.76,11,11,11,11,11,0.034182,0.9519,0.9630
320312.00,250000.00,320461.21,12,11,12,11,12,0.040058,0.9466,0.9688
273438.00,250000.00,268098.83,11,11,11,11,11,0.033512,0.9416,0.9766
273438.00,250000.00,262775.42,11,11,11,11,11,0.032847,0.8803,0.9504
273438.00,250000.00,272575.38,11,11,11,11,11,0.034072,0.9589,0.9935
648438.00,500000.00,652418.14,12,11,12,11,12,0.081552,0.9548,0.9733
273438.00,250000.00,275189.40,11,11,11,11,11,0.034399,0.9511,0.9685
273438.00,250000.00,278529.61,10,10,10,10,10,0.034816,0.9453,0.9642
273438.00,250000.00,271249.77,11,11,11,11,11,0.033906,0.9424,0.9878
320312.00,250000.00,318113.33,12,11,12,11,12,0.039764,0.9410,0.9746
320312.00,250000.00,323056.22,12,11,12,11,12,0.040382,0.9330,0.9713
273438.00,250000.00,262465.95,10,10,10,10,10,0.032808,0.9238,0.9300
273438.00,250000.00,278817.18,10,10,10,10,10,0.034852,0.9209,0.9779
320312.00,250000.00,318677.90,12,11,12,11,12,0.039835,0.9185,0.9707
648438.00,500000.00,577858.92,12,11,11,11,11,0.072232,0.9028,0.8558
273438.00,250000.00,288045.88,10,10,10,10,10,0.036006,0.9009,0.9340
648438.00,500000.00,623998.64,12,11,12,11,12,0.078000,0.8922,0.9496
320312.00,250000.00,318545.34,12,11,12,11,12,0.039818,0.8767,0.9827
648438.00,500000.00,641236.31,12,11,12,11,12,0.080155,0.8701,0.9800
320312.00,250000.00,311405.18,12,11,12,11,12,0.038926,0.9540,0.9695
273438.00,250000.00,279998.30,10,10,10,10,10,0.035000,0.9464,0.9702
648438.00,500000.00,639230.73,12,11,12,11,12,0.079904,0.9442,0.9768
273438.00,250000.00,274700.16,10,10,10,10,10,0.034338,0.9427,0.9635
273438.00,250000.00,270691.16,10,10,10,10,10,0.033836,0.9373,0.9870
273438.00,250000.00,268098.83,11,11,11,11,11,0.033512,0.9364,0.9695
320312.00,250000.00,316096.31,12,11,12,11,12,0.039512,0.9138,0.9848
320312.00,250000.00,324306.49,12,11,12,11,12,0.040538,0.9050,0.9772
648438.00,500000.00,522124.77,12,12,12,12,12,0.065266,0.8408,0.7761
320312.00,250000.00,290830.37,12,11,11,11,11,0.036354,0.8329,0.7545
648438.00,500000.00,646512.15,12,11,12,11,12,0.080814,0.7143,0.9743
570312.00,500000.00,570186.61,12,12,12,12,12,0.071273,0.9649,0.9864
570312.00,500000.00,566038.13,12,12,12,12,12,0.070755,0.9634,0.9841
351562.00,250000.00,350667.48,12,11,12,11,12,0.043833,0.9539,0.9972
570312.00,500000.00,569339.75,12,12,12,12,12,0.071167,0.9534,0.9903
257812.00,250000.00,251602.17,12,12,12,12,12,0.031450,0.9435,0.9755
351562.00,250000.00,352484.29,12,11,12,11,12,0.044061,0.9434,0.9600
351562.00,250000.00,352007.39,12,11,12,11,12,0.044001,0.9425,0.9795
570312.00,500000.00,543333.05,12,12,12,12,12,0.067917,0.9412,0.9445
570312.00,500000.00,569812.66,12,12,12,12,12,0.071227,0.9332,0.9221
351562.00,250000.00,354038.24,12,11,12,11,12,0.044255,0.9301,0.9914
257812.00,250000.00,252673.15,12,12,12,12,12,0.031584,0.9299,0.9285
132812.00,125000.00,129931.93,9,9,9,9,9,0.016241,0.9198,0.9764
132812.00,125000.00,134273.53,9,9,9,9,9,0.016784,0.9154,0.9881
132812.00,125000.00,132577.90,9,9,9,9,9,0.016572,0.9152,0.9648
132812.00,125000.00,129067.42,9,9,9,9,9,0.016133,0.8160,0.8462
132812.00,125000.00,139148.71,9,9,9,9,9,0.017394,0.7724,0.6301
351562.00,250000.00,348951.34,12,11,12,11,12,0.043619,0.9568,0.9896
257812.00,250000.00,254855.16,12,12,12,12,12,0.031857,0.9510,0.9861
257812.00,250000.00,249920.61,12,12,12,12,12,0.031240,0.9435,0.9485
351562.00,250000.00,350641.49,12,11,12,11,12,0.043830,0.9429,0.9864
351562.00,250000.00,319078.45,12,11,12,11,12,0.039885,0.9225,0.8970
132812.00,125000.00,131382.47,9,9,9,9,9,0.016423,0.8340,0.8195
570312.00,500000.00,561368.94,12,12,12,12,12,0.070171,0.9644,0.9729
570312.00,500000.00,558174.13,12,12,12,12,12,0.069772,0.9555,0.9686
570312.00,500000.00,563344.00,12,12,12,12,12,0.070418,0.9500,0.9751
351562.00,250000.00,346357.35,12,11,12,11,12,0.043295,0.9376,0.9771
351562.00,250000.00,350992.20,12,11,12,11,12,0.043874,0.9303,0.9814
570312.00,500000.00,588453.29,12,12,12,12,12,0.073557,0.9279,0.9487
351562.00,250000.00,351821.90,12,11,12,11,12,0.043978,0.9159,0.9699
132812.00,125000.00,135537.62,9,9,9,9,9,0.016942,0.8920,0.9553
132812.00,125000.00,138294.22,9,9,9,9,9,0.017287,0.8908,0.9129
570312.00,500000.00,586964.61,12,12,12,12,12,0.073371,0.8809,0.9396
132812.00,125000.00,127341.27,9,9,9,9,9,0.015918,0.8600,0.9457
570312.00,500000.00,566467.29,12,12,12,12,12,0.070808,0.9640,0.9875
257812.00,250000.00,257839.20,12,12,12,12,12,0.032230,0.9554,0.9959
257812.00,250000.00,231573.10,12,12,12,12,12,0.028947,0.9495,0.8932
257812.00,250000.00,251590.61,12,12,12,12,12,0.031449,0.9455,0.9499
257812.00,250000.00,259569.17,12,12,12,12,12,0.032446,0.9401,0.9705
257812.00,250000.00,259204.86,12,12,12,12,12,0.032401,0.9287,0.9784
351562.00,250000.00,343948.36,12,11,12,11,12,0.042994,0.9019,0.9766
132812.00,125000.00,132323.27,9,9,9,9,9,0.016540,0.8785,0.9785
257812.00,250000.00,250297.55,12,12,12,12,12,0.031287,0.8700,0.9236
429688.00,500000.00,433262.83,10,11,11,11,11,0.054158,0.9416,0.9828
273438.00,250000.00,271077.87,12,12,12,12,12,0.033885,0.9404,0.9667
460938.00,500000.00,458168.03,10,11,11,11,11,0.057271,0.9403,0.9844
429688.00,500000.00,423058.03,10,11,11,11,11,0.052882,0.9297,0.9527
429688.00,500000.00,426162.72,10,11,11,11,11,0.053270,0.9254,0.9711
429688.00,500000.00,430338.86,10,11,11,11,11,0.053792,0.9247,0.9632
429688.00,500000.00,445486.55,10,11,11,11,11,0.055686,0.9224,0.9510
429688.00,500000.00,405906.68,10,11,11,10,10,0.050738,0.9197,0.9077
429688.00,500000.00,416376.11,10,11,11,10,10,0.052047,0.9061,0.9528
460938.00,500000.00,454065.32,10,11,11,11,11,0.056758,0.9032,0.9451
242188.00,250000.00,254579.07,9,10,10,10,10,0.031822,0.8473,0.9316
460938.00,500000.00,551990.51,10,11,11,11,11,0.068999,0.7110,0.7601
460938.00,500000.00,452359.91,10,11,11,11,11,0.056545,0.9347,0.9703
273438.00,250000.00,266279.22,12,12,12,12,12,0.033285,0.9316,0.9598
429688.00,500000.00,420993.80,10,11,11,11,11,0.052624,0.9240,0.5252
429688.00,500000.00,435130.60,10,11,11,11,11,0.054391,0.9219,0.9470
273438.00,250000.00,276332.86,12,12,12,12,12,0.034542,0.9204,0.9818
273438.00,250000.00,271156.31,12,12,12,12,12,0.033895,0.9041,0.9786
273438.00,250000.00,271118.16,12,12,12,12,12,0.033890,0.8929,0.9267
242188.00,250000.00,244181.63,9,10,10,10,10,0.030523,0.8841,0.9830
273438.00,250000.00,257327.08,12,12,12,12,12,0.032166,0.8699,0.9331
460938.00,500000.00,461879.73,10,11,11,11,11,0.057735,0.8585,0.9912
460938.00,500000.00,442934.99,10,11,11,11,11,0.055367,0.7123,0.5387
460938.00,500000.00,445522.19,10,11,11,11,11,0.055690,0.9582,0.9576
460938.00,500000.00,454910.76,10,11,11,11,11,0.056864,0.9410,0.9824
273438.00,250000.00,266214.37,12,12,12,12,12,0.033277,0.9404,0.9699
273438.00,250000.00,267583.37,12,12,12,12,12,0.033448,0.9304,0.9547
460938.00,500000.00,455924.99,10,11,11,11,11,0.056991,0.9297,0.9830
242188.00,250000.00,243606.57,9,10,10,10,10,0.030451,0.9293,0.8790
429688.00,500000.00,424026.73,10,11,11,11,11,0.053003,0.9226,0.9842
273438.00,250000.00,274671.55,12,12,12,12,12,0.034334,0.9438,0.9694
273438.00,250000.00,270332.57,12,12,12,12,12,0.033792,0.9431,0.9269
429688.00,500000.00,431606.29,10,11,11,11,11,0.053951,0.9413,0.9722
460938.00,500000.00,457052.23,10,11,11,11,11,0.057132,0.9360,0.9835
460938.00,500000.00,450274.47,10,11,11,11,11,0.056284,0.9302,0.9664
242188.00,250000.00,238043.79,9,10,10,10,10,0.029755,0.9177,0.9802
273438.00,250000.00,268179.89,12,12,12,12,12,0.033522,0.9048,0.9713
242188.00,500000.00,371276.86,9,11,11,10,10,0.046410,0.8743,0.6452
242188.00,250000.00,244188.31,9,10,10,10,10,0.030524,0.8609,0.9837
242188.00,500000.00,367719.65,9,11,11,10,10,0.045965,0.8269,0.6559
476562.00,500000.00,482215.64,12,12,12,12,12,0.060277,0.9661,0.9833
476562.00,500000.00,481184.96,12,12,12,12,12,0.060148,0.9446,0.9784
476562.00,500000.00,475308.18,12,12,12,12,12,0.059414,0.9414,0.9616
695312.00,500000.00,692519.66,12,11,12,11,12,0.086565,0.9333,0.9763
476562.00,500000.00,480005.26,12,12,12,12,12,0.060001,0.9162,0.9550
695312.00,500000.00,678589.34,12,11,12,11,12,0.084824,0.9136,0.9620
257812.00,250000.00,261884.69,10,10,10,10,10,0.032736,0.9083,0.9692
695312.00,500000.00,542037.73,12,12,12,12,12,0.067755,0.8901,0.7764
695312.00,500000.00,509199.14,12,11,11,11,11,0.063650,0.8717,0.6738
335938.00,250000.00,365291.60,10,10,11,10,11,0.045661,0.8329,0.8996
335938.00,250000.00,331014.16,10,10,11,10,11,0.041377,0.7954,0.9832
335938.00,250000.00,336586.00,10,10,11,10,11,0.042073,0.7306,0.9773
476562.00,500000.00,483811.86,12,12,12,12,12,0.060476,0.9605,0.9831
257812.00,250000.00,258685.11,10,10,10,10,10,0.032336,0.9548,0.9675
257812.00,250000.00,255588.53,10,10,10,10,10,0.031949,0.9403,0.9764
335938.00,250000.00,337922.10,10,10,11,10,11,0.042240,0.9380,0.9854
695312.00,500000.00,687908.17,12,11,12,11,12,0.085989,0.9327,0.9799
257812.00,250000.00,267637.25,10,10,10,10,10,0.033455,0.9297,0.9382
476562.00,500000.00,460018.16,12,12,12,12,12,0.057502,0.9272,0.9568
257812.00,250000.00,255132.44,10,10,10,10,10,0.031892,0.9174,0.9772
335938.00,250000.00,334930.42,10,10,11,10,11,0.041866,0.8618,0.9863
695312.00,500000.00,695600.51,12,11,12,11,12,0.086950,0.9597,0.9755
695312.00,500000.00,681224.82,12,11,12,11,12,0.085153,0.9584,0.9763
476562.00,500000.00,496506.45,12,12,12,12,12,0.062063,0.9568,0.9539
695312.00,500000.00,692695.26,12,11,12,11,12,0.086587,0.9563,0.9813
257812.00,250000.00,259428.02,10,10,10,10,10,0.032429,0.9531,0.9871
476562.00,500000.00,488808.16,12,12,12,12,12,0.061101,0.9262,0.9620
257812.00,250000.00,271724.22,10,10,10,10,10,0.033966,0.9244,0.9197
257812.00,250000.00,257871.63,10,10,10,10,10,0.032234,0.9144,0.9905
695312.00,500000.00,684024.81,12,11,12,11,12,0.085503,0.9043,0.9657
695312.00,500000.00,685339.93,12,11,12,11,12,0.085667,0.9015,0.9637
335938.00,250000.00,350715.64,10,10,11,10,11,0.043839,0.8080,0.9379
257812.00,250000.00,285325.53,10,10,10,10,10,0.035666,0.7900,0.7190
695312.00,500000.00,691850.66,12,11,12,11,12,0.086481,0.9675,0.9703
257812.00,250000.00,255409.24,10,10,10,10,10,0.031926,0.9549,0.9621
257812.00,250000.00,316276.55,10,10,11,10,11,0.039535,0.8302,0.8023
648438.00,500000.00,645466.33,11,11,12,11,12,0.080683,0.9464,0.9893
367188.00,250000.00,370857.24,11,10,11,10,11,0.046357,0.9195,0.9716
367188.00,250000.00,382920.27,11,10,11,10,11,0.047865,0.9061,0.9463
726562.00,500000.00,673172.00,11,11,12,11,12,0.084146,0.8831,0.9223
726562.00,500000.00,580482.48,11,11,11,11,11,0.072560,0.8809,0.7895
726562.00,500000.00,563757.30,11,11,11,11,11,0.070470,0.8758,0.7311
726562.00,500000.00,547376.75,11,11,11,11,11,0.068422,0.8620,0.7208
195312.00,250000.00,200513.84,11,12,12,11,11,0.025064,0.7460,0.9258
648438.00,500000.00,639665.60,11,11,12,11,12,0.079958,0.9462,0.9801
648438.00,500000.00,632043.84,11,11,12,11,12,0.079005,0.9419,0.9576
648438.00,500000.00,633821.49,11,11,12,11,12,0.079228,0.9390,0.9736
648438.00,500000.00,606908.80,11,11,12,11,12,0.075864,0.9086,0.9171
367188.00,250000.00,366983.41,11,10,11,10,11,0.045873,0.9074,0.9779
726562.00,500000.00,549470.90,11,11,11,11,11,0.068684,0.8829,0.7505
648438.00,500000.00,651296.26,11,11,12,11,12,0.081412,0.8619,0.9763
726562.00,500000.00,692044.73,11,11,12,11,12,0.086506,0.8358,0.9392
648438.00,500000.00,584940.79,11,11,11,11,11,0.073118,0.8098,0.8305
195312.00,125000.00,146872.52,11,10,10,10,10,0.018359,0.7843,0.7501
367188.00,250000.00,374006.75,11,10,11,10,11,0.046751,0.7793,0.9729
367188.00,500000.00,383176.80,11,12,12,11,11,0.047897,0.7553,0.9562
648438.00,500000.00,650413.51,11,11,12,11,12,0.081302,0.9451,0.9830
367188.00,250000.00,366436.00,11,10,11,10,11,0.045805,0.9415,0.9918
726562.00,500000.00,655557.63,11,11,12,11,12,0.081945,0.9311,0.8963
726562.00,500000.00,706422.81,11,11,12,11,12,0.088303,0.8949,0.9668
726562.00,500000.00,662240.98,11,11,12,11,12,0.082780,0.8817,0.9056
726562.00,500000.00,591595.17,11,11,11,11,11,0.073949,0.8355,0.8106
195312.00,125000.00,198114.40,11,10,11,10,11,0.024764,0.8064,0.9806
367188.00,250000.00,377167.70,11,10,11,10,11,0.047146,0.7856,0.9663
195312.00,125000.00,193125.72,11,10,11,10,11,0.024141,0.7450,0.9537
648438.00,500000.00,649106.98,11,11,12,11,12,0.081138,0.9760,0.9769
648438.00,500000.00,641464.71,11,11,12,11,12,0.080183,0.9672,0.9790
648438.00,500000.00,633045.20,11,11,12,11,12,0.079131,0.9567,0.9757
367188.00,250000.00,369344.71,11,10,11,10,11,0.046168,0.8321,0.9926
257812.00,250000.00,258809.09,11,11,11,11,11,0.032351,0.9601,0.9873
257812.00,250000.00,253352.17,11,11,11,11,11,0.031669,0.9522,0.9825
507812.00,500000.00,496983.53,11,11,11,11,11,0.062123,0.9424,0.9754
257812.00,250000.00,255130.77,11,11,11,11,11,0.031891,0.9419,0.9873
710938.00,500000.00,567286.49,11,11,11,11,11,0.070911,0.8943,0.7915
101562.00,125000.00,110023.50,9,10,10,10,10,0.013753,0.7572,0.9142
257812.00,250000.00,256549.84,11,11,11,11,11,0.032069,0.9664,0.9891
507812.00,500000.00,512221.34,11,11,11,11,11,0.064028,0.9609,0.9856
257812.00,250000.00,257804.87,11,11,11,11,11,0.032226,0.9595,0.9927
257812.00,250000.00,258838.65,11,11,11,11,11,0.032355,0.9528,0.9774
507812.00,500000.00,506461.62,11,11,11,11,11,0.063308,0.9524,0.9762
507812.00,500000.00,508678.44,11,11,11,11,11,0.063585,0.9507,0.9795
507812.00,500000.00,508499.15,11,11,11,11,11,0.063562,0.9494,0.9849
507812.00,500000.00,503601.07,11,11,11,11,11,0.062950,0.9464,0.9867
257812.00,250000.00,259457.59,11,11,11,11,11,0.032432,0.9387,0.9802
257812.00,250000.00,255456.92,11,11,11,11,11,0.031932,0.9218,0.9829
101562.00,125000.00,112552.64,9,10,10,10,10,0.014069,0.8899,0.9011
101562.00,125000.00,115400.31,9,10,10,10,10,0.014425,0.8380,0.8647
710938.00,500000.00,662341.12,11,11,12,11,12,0.082793,0.7895,0.9062
257812.00,250000.00,256711.01,11,11,11,11,11,0.032089,0.9560,0.9614
257812.00,250000.00,256068.23,11,11,11,11,11,0.032009,0.9496,0.9657
507812.00,500000.00,507609.37,11,11,11,11,11,0.063451,0.9489,0.9956
257812.00,250000.00,256741.52,11,11,11,11,11,0.032093,0.9372,0.9872
710938.00,500000.00,548177.72,11,11,11,11,11,0.068522,0.8981,0.7618
101562.00,125000.00,106227.52,9,10,10,10,10,0.013278,0.8727,0.9500
101562.00,125000.00,105603.46,9,10,10,10,10,0.013200,0.8615,0.9594
101562.00,125000.00,110395.43,9,9,9,9,9,0.013799,0.8446,0.9177
507812.00,500000.00,509333.61,11,11,11,11,11,0.063667,0.9690,0.9886
507812.00,500000.00,508468.21,11,11,11,11,11,0.063559,0.9589,0.9933
507812.00,500000.00,505308.03,11,11,11,11,11,0.063164,0.9214,0.9645
710938.00,500000.00,496806.62,11,11,11,11,11,0.062101,0.9042,0.6955
710938.00,500000.00,678185.34,11,11,12,11,12,0.084773,0.8721,0.9361
710938.00,500000.00,508821.49,11,11,11,11,11,0.063603,0.8440,0.7155
710938.00,500000.00,547667.50,11,11,11,11,11,0.068458,0.8240,0.7478
507812.00,500000.00,560893.06,11,11,11,11,11,0.070112,0.7790,0.7472
351562.00,250000.00,352457.52,12,11,12,11,12,0.044057,0.9435,0.9782
351562.00,250000.00,353102.45,12,11,12,11,12,0.044138,0.9370,0.9621
351562.00,250000.00,337807.66,12,11,12,11,12,0.042226,0.9321,0.9585
148438.00,125000.00,147783.28,9,9,9,9,9,0.018473,0.9198,0.9716
132812.00,125000.00,134739.88,10,10,10,10,10,0.016842,0.9147,0.9404
132812.00,125000.00,128076.55,10,10,10,10,10,0.016010,0.9147,0.9496
148438.00,125000.00,145673.75,9,9,9,9,9,0.018209,0.9111,0.9808
148438.00,125000.00,148789.11,9,9,10,9,10,0.018599,0.9031,0.9753
148438.00,125000.00,147433.28,9,9,9,9,9,0.018429,0.8896,0.9595
132812.00,125000.00,135414.12,10,10,10,10,10,0.016927,0.8839,0.8772
710938.00,500000.00,582715.99,11,11,11,11,11,0.072839,0.8705,0.8186
710938.00,500000.00,563693.05,11,11,11,11,11,0.070462,0.8395,0.7887
351562.00,250000.00,351505.40,12,11,12,11,12,0.043938,0.9315,0.9897
148438.00,125000.00,151271.82,9,9,10,9,10,0.018909,0.9208,0.9635
132812.00,125000.00,132771.49,10,10,10,10,10,0.016596,0.9109,0.9269
132812.00,125000.00,133411.41,10,10,10,10,10,0.016676,0.9089,0.9320
351562.00,250000.00,343741.89,12,11,12,11,12,0.042968,0.9067,0.9706
351562.00,250000.00,347080.23,12,11,12,11,12,0.043385,0.9032,0.9768
132812.00,125000.00,128531.34,10,10,10,10,10,0.016066,0.8933,0.8887
148438.00,125000.00,152722.36,9,9,10,9,10,0.019090,0.8891,0.9279
148438.00,125000.00,145845.41,9,9,9,9,9,0.018231,0.8823,0.9219
132812.00,125000.00,132107.73,10,10,10,10,10,0.016513,0.8806,0.9626
132812.00,125000.00,130542.76,10,10,10,10,10,0.016318,0.8771,0.9805
710938.00,500000.00,518733.98,11,11,11,11,11,0.064842,0.8580,0.7189
710938.00,500000.00,477696.42,11,11,11,11,11,0.059712,0.8553,0.6698
351562.00,250000.00,355217.93,12,11,12,11,12,0.044402,0.9451,0.9795
351562.00,250000.00,347526.55,12,11,12,11,12,0.043441,0.9389,0.9870
351562.00,250000.00,348548.47,12,11,12,11,12,0.043569,0.9359,0.9584
351562.00,250000.00,348892.21,12,11,12,11,12,0.043612,0.9358,0.9808
710938.00,500000.00,580940.25,11,11,11,11,11,0.072618,0.9124,0.8077
351562.00,250000.00,353418.35,12,11,12,11,12,0.044177,0.9118,0.9874
148438.00,125000.00,147520.54,9,9,9,9,9,0.018440,0.9092,0.9481
148438.00,125000.00,151740.31,9,9,10,9,10,0.018968,0.8999,0.9547
710938.00,500000.00,692913.06,11,11,12,11,12,0.086614,0.8841,0.9567
710938.00,500000.00,563978.08,11,11,11,11,11,0.070497,0.8734,0.7880
132812.00,125000.00,138594.63,10,10,10,10,10,0.017324,0.8208,0.9527
132812.00,125000.00,131939.89,10,10,10,10,10,0.016492,0.7893,0.8018
148438.00,125000.00,149705.89,9,9,10,9,10,0.018713,0.9132,0.9898
148438.00,125000.00,149950.98,9,9,10,9,10,0.018744,0.9105,0.9759
710938.00,500000.00,622309.68,11,11,12,11,12,0.077789,0.8854,0.8688
710938.00,500000.00,557469.37,11,11,11,11,11,0.069684,0.8810,0.7784
710938.00,500000.00,541117.67,11,11,11,11,11,0.067640,0.8795,0.7546
132812.00,125000.00,133607.86,10,10,10,10,10,0.016701,0.8528,0.8690
710938.00,500000.00,596429.82,11,11,12,11,12,0.074554,0.8451,0.8230
242188.00,250000.00,243567.47,12,12,12,12,12,0.030446,0.9551,0.9779
132812.00,125000.00,131737.35,10,10,10,10,10,0.016467,0.9527,0.9863
242188.00,250000.00,245800.97,12,12,12,12,12,0.030725,0.9450,0.9830
242188.00,250000.00,242768.29,12,12,12,12,12,0.030346,0.9399,0.9694
242188.00,250000.00,245502.05,12,12,12,12,12,0.030688,0.9345,0.9831
414062.00,500000.00,411708.41,12,12,12,11,11,0.051464,0.9299,0.9887
117188.00,125000.00,116183.28,12,12,12,12,12,0.014523,0.9104,0.9124
117188.00,125000.00,115460.40,12,12,12,12,12,0.014433,0.9058,0.9756
132812.00,125000.00,130926.13,10,10,10,10,10,0.016366,0.9011,0.9633
132812.00,125000.00,136199.95,10,10,10,10,10,0.017025,0.8844,0.9135
117188.00,125000.00,118093.49,12,12,12,12,12,0.014762,0.8456,0.9672
132812.00,125000.00,136867.52,10,10,10,10,10,0.017108,0.8098,0.9432
414062.00,500000.00,418541.91,12,12,12,11,11,0.052318,0.7980,0.9876
132812.00,125000.00,130811.69,10,10,10,10,10,0.016351,0.7624,0.7454
242188.00,250000.00,247940.54,12,12,12,12,12,0.030993,0.7310,0.9638
132812.00,125000.00,129421.23,10,10,10,10,10,0.016178,0.9386,0.9728
242188.00,250000.00,242917.54,12,12,12,12,12,0.030365,0.9375,0.9904
414062.00,500000.00,423762.32,12,12,12,12,12,0.052970,0.9108,0.9725
117188.00,125000.00,124291.11,12,12,12,12,12,0.015536,0.8918,0.9304
117188.00,125000.00,126714.47,12,12,12,12,12,0.015839,0.8903,0.9173
242188.00,250000.00,240398.41,12,12,12,12,12,0.030050,0.8534,0.9788
414062.00,250000.00,382404.33,12,11,12,11,12,0.047801,0.7675,0.8508
132812.00,125000.00,138399.12,10,10,10,10,10,0.017300,0.7187,0.7181
132812.00,125000.00,137446.40,10,10,10,10,10,0.017181,0.7124,0.7098
132812.00,125000.00,132242.20,10,10,10,10,10,0.016530,0.9245,0.9404
132812.00,125000.00,152076.24,10,10,11,10,11,0.019010,0.8464,0.8630
414062.00,500000.00,423486.71,12,12,12,12,12,0.052936,0.7036,0.9589
242188.00,250000.00,242305.76,12,12,12,12,12,0.030288,0.9534,0.9768
242188.00,250000.00,245620.73,12,12,12,12,12,0.030703,0.9525,0.9743
242188.00,250000.00,243755.34,12,12,12,12,12,0.030469,0.9522,0.9922
117188.00,125000.00,122647.29,12,12,12,12,12,0.015331,0.9299,0.9378
132812.00,125000.00,132811.07,10,10,10,10,10,0.016601,0.9218,0.9422
242188.00,250000.00,242785.45,12,12,12,12,12,0.030348,0.9098,0.9346
414062.00,500000.00,415338.52,12,12,12,11,11,0.051917,0.8940,0.9605
117188.00,125000.00,120619.67,12,12,12,12,12,0.015077,0.8845,0.9669
414062.00,500000.00,418821.33,12,12,12,11,11,0.052353,0.7308,0.9816
554688.00,500000.00,548030.85,12,12,12,12,12,0.068504,0.9550,0.9784
554688.00,500000.00,549154.28,12,12,12,12,12,0.068644,0.9537,0.9796
554688.00,500000.00,552293.78,12,12,12,12,12,0.069037,0.9503,0.9871
554688.00,500000.00,552013.40,12,12,12,12,12,0.069002,0.9445,0.9857
304688.00,250000.00,300647.97,10,10,11,10,11,0.037581,0.9223,0.9310
304688.00,250000.00,299400.33,10,10,11,10,11,0.037425,0.9189,0.9249
289062.00,250000.00,294171.57,11,11,11,11,11,0.036771,0.8903,0.9727
367188.00,500000.00,388389.59,10,11,11,10,10,0.048549,0.8538,0.9185
289062.00,250000.00,294465.07,11,11,11,11,11,0.036808,0.8332,0.9708
289062.00,500000.00,409143.45,11,12,12,11,11,0.051143,0.8087,0.6892
304688.00,500000.00,377935.41,10,11,11,10,10,0.047242,0.7362,0.7536
304688.00,250000.00,306612.01,10,10,11,10,11,0.038327,0.9522,0.9392
554688.00,500000.00,554275.75,12,12,12,12,12,0.069284,0.9493,0.9815
289062.00,250000.00,293416.02,11,11,11,11,11,0.036677,0.9447,0.9843
304688.00,250000.00,305889.61,10,10,11,10,11,0.038236,0.9321,0.9567
367188.00,500000.00,370499.61,10,11,11,10,10,0.046312,0.9229,0.9817
289062.00,250000.00,289274.22,11,11,11,11,11,0.036159,0.9171,0.9909
367188.00,500000.00,361295.70,10,11,11,10,10,0.045162,0.8791,0.9751
289062.00,250000.00,290122.99,11,11,11,11,11,0.036265,0.8537,0.9660
554688.00,500000.00,558546.07,12,12,12,12,12,0.069818,0.9472,0.9848
554688.00,500000.00,548534.39,12,12,12,12,12,0.068567,0.9293,0.9744
304688.00,250000.00,300786.02,10,10,11,10,11,0.037598,0.9289,0.9785
289062.00,250000.00,294727.33,11,11,11,11,11,0.036841,0.9195,0.9776
304688.00,250000.00,287302.02,10,10,10,10,10,0.035913,0.8873,0.9429
367188.00,250000.00,366406.44,10,10,11,10,11,0.045801,0.8791,0.9737
304688.00,250000.00,316816.33,10,10,11,10,11,0.039602,0.8779,0.9361
304688.00,250000.00,308183.19,10,10,11,10,11,0.038523,0.8609,0.9826
367188.00,500000.00,406629.56,10,11,11,10,10,0.050829,0.8304,0.8695
554688.00,500000.00,551454.54,12,12,12,12,12,0.068932,0.9647,0.9862
554688.00,500000.00,552495.00,12,12,12,12,12,0.069062,0.9617,0.9882
304688.00,250000.00,305552.48,10,10,11,10,11,0.038194,0.9586,0.9796
554688.00,500000.00,554245.47,12,12,12,12,12,0.069281,0.9569,0.9818
289062.00,250000.00,282909.87,11,11,11,11,11,0.035364,0.9549,0.9672
554688.00,500000.00,540756.23,12,12,12,12,12,0.067595,0.9511,0.8688
289062.00,250000.00,289466.86,11,11,11,11,11,0.036183,0.9401,0.9839
304688.00,250000.00,307184.22,10,10,11,10,11,0.038398,0.9250,0.9796
289062.00,250000.00,286161.42,11,11,11,11,11,0.035770,0.8975,0.9691
367188.00,500000.00,378511.43,10,11,11,10,10,0.047314,0.8722,0.9650
367188.00,500000.00,387294.77,10,11,11,10,10,0.048412,0.8193,0.9166
289062.00,250000.00,284494.40,11,11,11,11,11,0.035562,0.8181,0.9811
570312.00,500000.00,574609.40,11,11,11,11,11,0.071826,0.9657,0.9883
226562.00,250000.00,226074.34,10,10,10,10,10,0.028259,0.9539,0.9660
570312.00,500000.00,564514.16,11,11,11,11,11,0.070564,0.9479,0.9874
226562.00,250000.00,229093.55,10,10,10,10,10,0.028637,0.9462,0.9528
226562.00,250000.00,224298.48,10,10,10,10,10,0.028037,0.9376,0.9420
226562.00,250000.00,222677.23,10,10,10,10,10,0.027835,0.9292,0.9785
226562.00,250000.00,225358.96,10,10,10,10,10,0.028170,0.9163,0.9671
335938.00,250000.00,339936.73,11,10,11,10,11,0.042492,0.9111,0.9880
320312.00,250000.00,329797.63,11,10,11,10,11,0.041225,0.8762,0.9677
335938.00,250000.00,339597.46,11,10,11,10,11,0.042450,0.7962,0.9858
570312.00,500000.00,567440.99,11,11,11,11,11,0.070930,0.9665,0.9693
570312.00,500000.00,561941.15,11,11,11,11,11,0.070243,0.9499,0.9808
570312.00,500000.00,561795.71,11,11,11,11,11,0.070224,0.9484,0.9746
335938.00,250000.00,336841.58,11,10,11,10,11,0.042105,0.9435,0.9631
570312.00,500000.00,559255.60,11,11,11,11,11,0.069907,0.9396,0.9709
226562.00,250000.00,229105.00,10,10,10,10,10,0.028638,0.9338,0.9851
320312.00,250000.00,322035.79,11,10,11,10,11,0.040254,0.9194,0.9765
226562.00,250000.00,221363.07,10,10,10,10,10,0.027670,0.9151,0.9681
320312.00,250000.00,321683.88,11,10,11,10,11,0.040210,0.9108,0.9763
320312.00,250000.00,325578.69,11,10,11,10,11,0.040697,0.8998,0.9788
226562.00,250000.00,219209.67,10,10,10,10,10,0.027401,0.7952,0.9056
320312.00,250000.00,343790.05,11,10,11,10,11,0.042974,0.7276,0.9278
320312.00,250000.00,319424.39,11,10,11,10,11,0.039928,0.7071,0.9772
226562.00,250000.00,235788.35,10,10,10,10,10,0.029474,0.9505,0.9474
570312.00,500000.00,568337.44,11,11,11,11,11,0.071042,0.9484,0.9576
226562.00,250000.00,228390.22,10,10,10,10,10,0.028549,0.9454,0.9836
570312.00,500000.00,566344.26,11,11,11,11,11,0.070793,0.9436,0.9888
335938.00,250000.00,337519.65,11,10,11,10,11,0.042190,0.9326,0.9670
570312.00,500000.00,578622.82,11,11,11,11,11,0.072328,0.9160,0.9639
335938.00,250000.00,338465.96,11,10,11,10,11,0.042308,0.9079,0.9868
320312.00,250000.00,331405.64,11,10,11,10,11,0.041426,0.8834,0.9505
335938.00,250000.00,334013.70,11,10,11,10,11,0.041752,0.8360,0.9538
570312.00,500000.00,560135.72,11,11,11,11,11,0.070017,0.9475,0.9684
226562.00,250000.00,231057.17,10,10,10,10,10,0.028882,0.9361,0.9797
320312.00,250000.00,319636.34,11,10,11,10,11,0.039955,0.9341,0.9853
335938.00,250000.00,341392.52,11,10,11,10,11,0.042674,0.9235,0.9769
570312.00,500000.00,560449.60,11,11,11,11,11,0.070056,0.9022,0.9491
320312.00,250000.00,319172.86,11,10,11,10,11,0.039897,0.8789,0.9582
335938.00,250000.00,339041.71,11,10,11,10,11,0.042380,0.8594,0.9783
320312.00,250000.00,318239.45,11,10,11,10,11,0.039780,0.8568,0.9879
539062.00,500000.00,535628.32,12,12,12,12,12,0.066954,0.9664,0.9763
539062.00,500000.00,534537.79,12,12,12,12,12,0.066817,0.9561,0.9804
242188.00,250000.00,248523.71,10,10,10,10,10,0.031065,0.9353,0.9712
539062.00,500000.00,492052.08,12,12,12,12,12,0.061507,0.8990,0.8686
242188.00,250000.00,236145.73,10,10,10,10,10,0.029518,0.8723,0.9300
179688.00,250000.00,191583.63,10,11,11,10,10,0.023948,0.8635,0.9262
242188.00,250000.00,315855.98,10,10,11,10,11,0.039482,0.7984,0.7505
179688.00,250000.00,182609.56,10,11,11,10,10,0.022826,0.7908,0.9432
117188.00,125000.00,123346.81,9,9,9,9,9,0.015418,0.7115,0.7159
539062.00,500000.00,538022.52,12,12,12,12,12,0.067253,0.9640,0.9845
539062.00,500000.00,536746.98,12,12,12,12,12,0.067093,0.9534,0.9869
242188.00,250000.00,245275.50,10,10,10,10,10,0.030659,0.9468,0.9771
117188.00,125000.00,121827.13,9,9,9,9,9,0.015228,0.9303,0.9586
117188.00,125000.00,123418.81,9,9,9,9,9,0.015427,0.9166,0.9452
242188.00,250000.00,244194.27,10,10,10,10,10,0.030524,0.8641,0.9537
117188.00,125000.00,116731.64,9,9,9,9,9,0.014591,0.8547,0.9206
117188.00,125000.00,120082.86,9,9,9,9,9,0.015010,0.8445,0.8938
117188.00,125000.00,120423.32,9,9,9,9,9,0.015053,0.7144,0.8241
539062.00,500000.00,540098.43,12,12,12,12,12,0.067512,0.9554,0.9941
242188.00,250000.00,244342.09,10,10,10,10,10,0.030543,0.9549,0.9896
539062.00,500000.00,543002.49,12,12,12,12,12,0.067875,0.9513,0.9613
242188.00,250000.00,248725.89,10,10,10,10,10,0.031091,0.9379,0.9719
117188.00,125000.00,120478.63,9,9,9,9,9,0.015060,0.9282,0.9698
179688.00,125000.00,179473.88,10,9,10,9,10,0.022434,0.9278,0.9744
179688.00,125000.00,178336.14,10,9,10,9,10,0.022292,0.8595,0.9730
117188.00,125000.00,118239.88,9,9,9,9,9,0.014780,0.7331,0.7256
539062.00,500000.00,533758.10,12,12,12,12,12,0.066720,0.9646,0.9845
539062.00,500000.00,539129.26,12,12,12,12,12,0.067391,0.9594,0.9939
539062.00,500000.00,536392.21,12,12,12,12,12,0.067049,0.9496,0.9858
117188.00,125000.00,116449.36,9,9,9,9,9,0.014556,0.9289,0.9880
242188.00,250000.00,247669.22,10,10,10,10,10,0.030959,0.9224,0.9707
539062.00,500000.00,532417.30,12,12,12,12,12,0.066552,0.9164,0.9676
179688.00,125000.00,181780.82,10,9,10,9,10,0.022723,0.9028,0.9519
242188.00,250000.00,289228.44,10,10,10,10,10,0.036154,0.8939,0.7746
242188.00,250000.00,225719.45,10,10,10,10,10,0.028215,0.8676,0.8953
179688.00,125000.00,182100.30,10,9,10,9,10,0.022763,0.8672,0.9806
742188.00,500000.00,735545.64,12,11,12,11,12,0.091943,0.9510,0.9758
460938.00,500000.00,489424.71,10,11,11,11,11,0.061178,0.9278,0.9073
695312.00,500000.00,696035.39,11,11,12,11,12,0.087004,0.9236,0.9166
695312.00,500000.00,657007.22,11,11,12,11,12,0.082126,0.8765,0.9413
695312.00,500000.00,567031.15,11,11,11,11,11,0.070879,0.8570,0.7914
460938.00,500000.00,458053.23,10,11,11,11,11,0.057257,0.8504,0.9715
460938.00,500000.00,450477.12,10,11,11,11,11,0.056310,0.9526,0.9717
460938.00,500000.00,460783.00,10,11,11,11,11,0.057598,0.9465,0.9617
742188.00,500000.00,748912.81,12,11,12,11,12,0.093614,0.8897,0.9574
742188.00,500000.00,714955.33,12,11,12,11,12,0.089369,0.8648,0.9553
242188.00,250000.00,244271.28,9,10,10,10,10,0.030534,0.8568,0.9537
242188.00,250000.00,245916.37,9,10,10,10,10,0.030740,0.8131,0.9541
460938.00,500000.00,527027.61,10,11,11,11,11,0.065878,0.7373,0.8594
460938.00,500000.00,458497.05,10,11,11,11,11,0.057312,0.9199,0.9772
742188.00,500000.00,738050.70,12,11,12,11,12,0.092256,0.9183,0.9857
742188.00,500000.00,747172.83,12,11,12,11,12,0.093397,0.9015,0.9368
695312.00,500000.00,683125.50,11,11,12,11,12,0.085391,0.8377,0.9408
742188.00,500000.00,745614.53,12,11,12,11,12,0.093202,0.8358,0.8668
695312.00,500000.00,682924.27,11,11,12,11,12,0.085366,0.8256,0.7637
742188.00,500000.00,741580.25,12,11,12,11,12,0.092698,0.9555,0.9984
742188.00,500000.00,737292.29,12,11,12,11,12,0.092162,0.9522,0.9795
460938.00,500000.00,468687.06,10,11,11,11,11,0.058586,0.9250,0.9581
742188.00,500000.00,683988.57,12,11,12,11,12,0.085499,0.9082,0.9140
242188.00,250000.00,259166.72,9,10,10,10,10,0.032396,0.9047,0.9327
242188.00,250000.00,245046.62,9,10,10,10,10,0.030631,0.9002,0.9848
695312.00,500000.00,543456.55,11,11,11,11,11,0.067932,0.8878,0.7632
242188.00,250000.00,243951.80,9,10,10,10,10,0.030494,0.8849,0.9693
460938.00,500000.00,486913.68,10,11,11,11,11,0.060864,0.8066,0.9059
742188.00,500000.00,671131.13,12,11,12,11,12,0.083891,0.7582,0.8610
414062.00,500000.00,427321.08,12,12,12,12,12,0.053415,0.9438,0.9665
226562.00,250000.00,225604.53,11,11,11,11,11,0.028201,0.9297,0.9769
226562.00,250000.00,233898.64,11,11,11,11,11,0.029237,0.9160,0.9603
414062.00,500000.00,418325.42,12,12,12,11,11,0.052291,0.9075,0.9803
101562.00,125000.00,110160.59,11,12,12,12,12,0.013770,0.9042,0.9159
742188.00,500000.00,535751.34,11,11,11,11,11,0.066969,0.8269,0.6962
226562.00,250000.00,228925.70,11,11,11,11,11,0.028616,0.9560,0.9874
226562.00,250000.00,229465.48,11,11,11,11,11,0.028683,0.9457,0.9685
226562.00,250000.00,226471.90,11,11,11,11,11,0.028309,0.9417,0.9540
226562.00,250000.00,232615.47,11,11,11,11,11,0.029077,0.9304,0.9670
742188.00,500000.00,704877.38,11,11,12,11,12,0.088110,0.9230,0.9394
101562.00,125000.00,106543.54,11,12,12,12,12,0.013318,0.9215,0.9323
414062.00,500000.00,418998.72,12,12,12,11,11,0.052375,0.8748,0.9574
101562.00,125000.00,112326.62,11,12,12,12,12,0.014041,0.8244,0.8920
414062.00,500000.00,417609.93,12,12,12,11,11,0.052201,0.8232,0.9825
414062.00,250000.00,406461.24,12,11,12,11,12,0.050808,0.7669,0.9648
414062.00,500000.00,418466.57,12,12,12,11,11,0.052308,0.7302,0.9832
226562.00,250000.00,228006.36,11,11,11,11,11,0.028501,0.7019,0.7378
226562.00,250000.00,229444.50,11,11,11,11,11,0.028681,0.9253,0.9833
742188.00,500000.00,587823.87,11,11,11,11,11,0.073478,0.8932,0.7880
742188.00,500000.00,525494.58,11,11,11,11,11,0.065687,0.8897,0.6715
101562.00,125000.00,107402.80,11,12,12,12,12,0.013425,0.8678,0.9430
101562.00,125000.00,117920.40,11,12,12,12,12,0.014740,0.8465,0.8600
101562.00,125000.00,115720.75,11,12,12,12,12,0.014465,0.7643,0.8752
226562.00,250000.00,228609.58,11,11,11,11,11,0.028576,0.9583,0.9827
226562.00,250000.00,228401.18,11,11,11,11,11,0.028550,0.9333,0.9811
101562.00,125000.00,110520.60,11,12,12,12,12,0.013815,0.9196,0.8735
742188.00,500000.00,554646.49,11,11,11,11,11,0.069331,0.9108,0.7385
742188.00,500000.00,504405.50,11,11,11,11,11,0.063051,0.9050,0.6605
414062.00,500000.00,411388.40,12,12,12,11,11,0.051424,0.9049,0.9818
742188.00,500000.00,590976.72,11,11,11,11,11,0.073872,0.8931,0.7861
742188.00,500000.00,513649.94,11,11,11,11,11,0.064206,0.8860,0.6873
414062.00,500000.00,412616.73,12,12,12,11,11,0.051577,0.8151,0.9693
414062.00,500000.00,415134.91,12,12,12,11,11,0.051892,0.7805,0.9859
242188.00,250000.00,242141.69,11,11,11,11,11,0.030268,0.9578,0.9807
132812.00,125000.00,130998.61,12,12,12,12,12,0.016375,0.9506,0.9565
132812.00,125000.00,131506.56,12,12,12,12,12,0.016438,0.9270,0.9724
429688.00,500000.00,433194.16,11,12,12,12,12,0.054149,0.8980,0.9867
429688.00,500000.00,433435.32,11,11,11,11,11,0.054179,0.7974,0.9522
242188.00,250000.00,242350.58,11,11,11,11,11,0.030294,0.9627,0.9577
242188.00,250000.00,240997.31,11,11,11,11,11,0.030125,0.9608,0.9847
289062.00,250000.00,287664.41,10,10,10,10,10,0.035958,0.9569,0.9668
242188.00,250000.00,245685.58,11,11,11,11,11,0.030711,0.9442,0.9818
242188.00,250000.00,244298.46,11,11,11,11,11,0.030537,0.9412,0.9705
132812.00,125000.00,130336.28,12,12,12,12,12,0.016292,0.8934,0.9641
289062.00,250000.00,289463.04,10,10,10,10,10,0.036183,0.9696,0.9914
289062.00,250000.00,286715.98,10,10,10,10,10,0.035839,0.9530,0.9828
289062.00,250000.00,288175.58,10,10,10,10,10,0.036022,0.9518,0.9877
289062.00,250000.00,288047.79,10,10,10,10,10,0.036006,0.9496,0.9727
242188.00,250000.00,246633.05,11,11,11,11,11,0.030829,0.9487,0.9790
242188.00,250000.00,241120.34,11,11,11,11,11,0.030140,0.9486,0.9692
289062.00,250000.00,287070.27,10,10,10,10,10,0.035884,0.9483,0.9707
242188.00,250000.00,242536.54,11,11,11,11,11,0.030317,0.9437,0.9677
242188.00,250000.00,242661.00,11,11,11,11,11,0.030333,0.9240,0.9730
132812.00,125000.00,133118.63,12,12,12,12,12,0.016640,0.9163,0.9339
289062.00,250000.00,288118.36,10,10,10,10,10,0.036015,0.8891,0.9955
429688.00,500000.00,425172.81,11,11,11,11,11,0.053147,0.8760,0.9326
132812.00,125000.00,137699.13,12,12,12,12,12,0.017212,0.8113,0.9099
242188.00,250000.00,241811.75,11,11,11,11,11,0.030226,0.9687,0.9821
289062.00,250000.00,287614.82,10,10,10,10,10,0.035952,0.9542,0.9698
289062.00,250000.00,292417.53,10,10,10,10,10,0.036552,0.9534,0.9772
289062.00,250000.00,284730.43,10,10,10,10,10,0.035591,0.9510,0.9813
242188.00,250000.00,237414.63,11,11,11,11,11,0.029677,0.9481,0.9772
289062.00,250000.00,290550.23,10,10,10,10,10,0.036319,0.9469,0.9819
132812.00,125000.00,132236.48,12,12,12,12,12,0.016530,0.9450,0.9822
132812.00,125000.00,127515.79,12,12,12,12,12,0.015939,0.8743,0.9572
132812.00,125000.00,123836.99,12,12,12,12,12,0.015480,0.8661,0.9289
429688.00,500000.00,429497.72,11,11,11,11,11,0.053687,0.7951,0.9945
429688.00,500000.00,426101.68,11,11,11,11,11,0.053263,0.7727,0.9898
132812.00,125000.00,133241.18,12,12,12,12,12,0.016655,0.7096,0.7068
757812.00,500000.00,742910.39,12,11,12,11,12,0.092864,0.9610,0.9779
492188.00,500000.00,531782.15,10,11,11,11,11,0.066473,0.8964,0.9194
773438.00,500000.00,667674.06,12,11,12,11,12,0.083459,0.8930,0.8444
757812.00,500000.00,734508.04,12,11,12,11,12,0.091814,0.8805,0.9303
773438.00,500000.00,640052.80,12,11,12,11,12,0.080007,0.8744,0.8060
773438.00,500000.00,730712.89,12,11,12,11,12,0.091339,0.8673,0.9306
757812.00,500000.00,646203.04,12,11,12,11,12,0.080775,0.8206,0.8031
492188.00,500000.00,549264.91,10,11,11,11,11,0.068658,0.7537,0.7468
757812.00,500000.00,746696.47,12,11,12,11,12,0.093337,0.9223,0.9672
492188.00,500000.00,507579.80,10,11,11,11,11,0.063447,0.9113,0.9601
773438.00,500000.00,574878.69,11,11,11,11,11,0.071860,0.9102,0.7320
757812.00,500000.00,673356.53,12,11,12,11,12,0.084170,0.8921,0.8728
773438.00,500000.00,732597.35,12,11,12,11,12,0.091575,0.8852,0.9412
492188.00,500000.00,486732.48,10,11,11,11,11,0.060842,0.8586,0.9561
492188.00,500000.00,507934.57,10,11,11,11,11,0.063492,0.8226,0.9422
773438.00,500000.00,739599.23,11,11,12,11,12,0.092450,0.7900,0.9315
757812.00,500000.00,737899.78,12,11,12,11,12,0.092237,0.9618,0.9622
773438.00,500000.00,753867.63,12,11,12,11,12,0.094233,0.9488,0.9672
757812.00,500000.00,746398.93,12,11,12,11,12,0.093300,0.9314,0.9564
773438.00,500000.00,756519.32,12,11,12,11,12,0.094565,0.9212,0.9678
757812.00,500000.00,725668.91,12,11,12,11,12,0.090709,0.9203,0.9288
773438.00,500000.00,651486.40,12,11,12,11,12,0.081436,0.8091,0.8086
773438.00,500000.00,765774.25,12,11,12,11,12,0.095722,0.9572,0.9720
757812.00,500000.00,744599.34,12,11,12,11,12,0.093075,0.9571,0.9789
492188.00,500000.00,499951.36,10,11,11,11,11,0.062494,0.9403,0.9799
773438.00,500000.00,745935.44,12,11,12,11,12,0.093242,0.9312,0.9565
773438.00,500000.00,564705.85,12,11,11,11,11,0.070588,0.8762,0.7187
757812.00,500000.00,747841.36,12,11,12,11,12,0.093480,0.7754,0.9295
492188.00,500000.00,555866.24,10,11,11,11,11,0.069483,0.7036,0.5561
523438.00,500000.00,517610.55,11,11,11,11,11,0.064701,0.9600,0.9817
507812.00,500000.00,504526.14,12,12,12,12,12,0.063066,0.9537,0.9590
226562.00,250000.00,230459.21,12,12,12,12,12,0.028807,0.9532,0.9641
507812.00,500000.00,505868.91,12,12,12,12,12,0.063234,0.9511,0.9939
523438.00,500000.00,514960.29,11,11,11,11,11,0.064370,0.9326,0.9787
507812.00,500000.00,503770.83,12,12,12,12,12,0.062971,0.9255,0.9648
398438.00,250000.00,376030.92,12,11,12,11,12,0.047004,0.9153,0.9297
398438.00,250000.00,399901.27,12,11,12,11,12,0.049988,0.9023,0.9850
226562.00,250000.00,234841.35,12,12,12,12,12,0.029355,0.8940,0.9546
398438.00,250000.00,395880.70,12,11,12,11,12,0.049485,0.8000,0.9906
507812.00,500000.00,504538.54,12,12,12,12,12,0.063067,0.9726,0.9751
523438.00,500000.00,520160.68,11,11,11,11,11,0.065020,0.9598,0.9909
507812.00,500000.00,506520.27,12,12,12,12,12,0.063315,0.9535,0.9902
226562.00,250000.00,232070.92,12,12,12,12,12,0.029009,0.9467,0.9669
523438.00,500000.00,519096.85,11,11,11,11,11,0.064887,0.9464,0.9812
226562.00,250000.00,234873.29,12,12,12,12,12,0.029359,0.9430,0.9580
507812.00,500000.00,513064.86,12,12,12,12,12,0.064133,0.9375,0.9795
523438.00,500000.00,505133.15,11,11,11,11,11,0.063142,0.8947,0.9637
523438.00,500000.00,532080.89,11,11,11,11,11,0.066510,0.8820,0.9569
507812.00,500000.00,508036.61,12,12,12,12,12,0.063505,0.9599,0.9860
507812.00,500000.00,496624.95,12,12,12,12,12,0.062078,0.9505,0.9698
523438.00,500000.00,522384.64,11,11,11,11,11,0.065298,0.9451,0.9890
523438.00,500000.00,520654.20,11,11,11,11,11,0.065082,0.9406,0.9849
523438.00,500000.00,529379.84,11,11,11,11,11,0.066172,0.9387,0.9732
523438.00,500000.00,520888.33,11,11,11,11,11,0.065111,0.9367,0.9922
226562.00,250000.00,234878.54,12,12,12,12,12,0.029360,0.9210,0.9632
226562.00,250000.00,234107.97,12,12,12,12,12,0.029263,0.9178,0.9633
226562.00,250000.00,268594.74,12,12,12,12,12,0.033574,0.9035,0.8355
226562.00,250000.00,228548.05,12,12,12,12,12,0.028569,0.8934,0.9337
507812.00,500000.00,510317.68,12,12,12,12,12,0.063790,0.8912,0.9790
226562.00,250000.00,240596.77,12,12,12,12,12,0.030075,0.8269,0.8655
398438.00,250000.00,416012.76,12,11,12,11,12,0.052002,0.7161,0.8756
523438.00,500000.00,515417.10,11,11,11,11,11,0.064427,0.9473,0.9803
398438.00,250000.00,391714.10,12,11,12,11,12,0.048964,0.9159,0.9745
226562.00,250000.00,245698.93,12,12,12,12,12,0.030712,0.9005,0.9218
398438.00,250000.00,388307.27,12,11,12,11,12,0.048538,0.8878,0.9743
507812.00,500000.00,512587.31,12,12,12,12,12,0.064073,0.8855,0.9691
398438.00,250000.00,389953.61,12,11,12,11,12,0.048744,0.8582,0.9590
398438.00,250000.00,391132.83,12,11,12,11,12,0.048892,0.8225,0.9614
226562.00,250000.00,291483.88,12,12,12,12,12,0.036435,0.7118,0.7741
492188.00,500000.00,493056.30,12,12,12,12,12,0.061632,0.9506,0.9755
226562.00,250000.00,229164.12,12,12,12,12,12,0.028646,0.9495,0.9868
226562.00,250000.00,227244.38,12,12,12,12,12,0.028406,0.9466,0.9909
492188.00,500000.00,484132.29,12,12,12,12,12,0.060517,0.9453,0.9487
351562.00,250000.00,349260.33,12,11,12,11,12,0.043658,0.9425,0.9581
351562.00,250000.00,352275.13,12,11,12,11,12,0.044034,0.9375,0.9715
226562.00,250000.00,233659.74,12,12,12,12,12,0.029207,0.9215,0.9686
117188.00,125000.00,117351.53,9,9,9,9,9,0.014669,0.9198,0.9364
117188.00,125000.00,120996.48,9,9,9,9,9,0.015125,0.9059,0.9520
351562.00,250000.00,356500.63,12,11,12,11,12,0.044563,0.8796,0.9416
351562.00,250000.00,339077.59,12,11,12,11,12,0.042385,0.8687,0.9487
492188.00,500000.00,497400.28,12,12,12,12,12,0.062175,0.9669,0.9874
492188.00,500000.00,495164.45,12,12,12,12,12,0.061896,0.9661,0.9763
492188.00,500000.00,489604.95,12,12,12,12,12,0.061201,0.9562,0.9921
492188.00,500000.00,495899.20,12,12,12,12,12,0.061987,0.9538,0.9775
351562.00,250000.00,347810.75,12,11,12,11,12,0.043476,0.9506,0.9857
226562.00,250000.00,228067.40,12,12,12,12,12,0.028508,0.9295,0.8969
492188.00,500000.00,488547.33,12,12,12,12,12,0.061068,0.9189,0.9589
226562.00,250000.00,229915.62,12,12,12,12,12,0.028739,0.9608,0.9761
351562.00,250000.00,352701.19,12,11,12,11,12,0.044088,0.9205,0.9521
492188.00,500000.00,501941.68,12,12,12,12,12,0.062743,0.9188,0.9649
117188.00,125000.00,118944.17,9,9,9,9,9,0.014868,0.9165,0.9302
117188.00,125000.00,120611.19,9,9,9,9,9,0.015076,0.8818,0.9644
117188.00,125000.00,118506.43,9,9,9,9,9,0.014813,0.8142,0.7525
492188.00,500000.00,485235.21,12,12,12,12,12,0.060654,0.9639,0.9801
351562.00,250000.00,351148.84,12,11,12,11,12,0.043894,0.9544,0.9766
351562.00,250000.00,353691.82,12,11,12,11,12,0.044211,0.9534,0.9734
351562.00,250000.00,347978.59,12,11,12,11,12,0.043497,0.9521,0.9874
492188.00,500000.00,492040.16,12,12,12,12,12,0.061505,0.9429,0.9728
226562.00,250000.00,234791.76,12,12,12,12,12,0.029349,0.9388,0.9617
226562.00,250000.00,231946.95,12,12,12,12,12,0.028993,0.9355,0.9655
226562.00,250000.00,223494.29,12,12,12,12,12,0.027937,0.9271,0.9711
117188.00,125000.00,120924.23,9,9,9,9,9,0.015116,0.9257,0.9339
492188.00,500000.00,494859.70,12,12,12,12,12,0.061857,0.9238,0.9850
226562.00,250000.00,218712.81,12,12,12,12,12,0.027339,0.9159,0.9572
226562.00,250000.00,231914.52,12,12,12,12,12,0.028989,0.9155,0.9737
117188.00,125000.00,118133.54,9,9,9,9,9,0.014767,0.9149,0.9517
117188.00,125000.00,120930.67,9,9,9,9,9,0.015116,0.9138,0.9651
117188.00,125000.00,126379.97,9,9,9,9,9,0.015797,0.8457,0.8896
351562.00,250000.00,336412.91,12,11,12,11,12,0.042052,0.8121,0.9558
226562.00,250000.00,225649.83,12,12,12,12,12,0.028206,0.7389,0.8726
570312.00,500000.00,570350.65,12,12,12,12,12,0.071294,0.9689,0.9884
445312.00,500000.00,451102.73,12,12,12,12,12,0.056388,0.9667,0.9854
445312.00,500000.00,453325.03,11,11,11,11,11,0.056666,0.9652,0.9820
695312.00,500000.00,687686.92,12,11,12,11,12,0.085961,0.9459,0.9738
445312.00,500000.00,448633.19,12,12,12,12,12,0.056079,0.9413,0.9863
695312.00,500000.00,688545.23,12,11,12,11,12,0.086068,0.9244,0.8748
445312.00,500000.00,454144.48,12,12,12,12,12,0.056768,0.9076,0.9766
445312.00,500000.00,450334.07,12,12,12,12,12,0.056292,0.9071,0.9729
695312.00,500000.00,699504.85,12,11,12,11,12,0.087438,0.9685,0.9593
570312.00,500000.00,571445.23,12,12,12,12,12,0.071431,0.9655,0.9979
570312.00,500000.00,562610.63,12,12,12,12,12,0.070326,0.9595,0.9812
570312.00,500000.00,581128.60,12,12,12,12,12,0.072641,0.9557,0.9688
445312.00,500000.00,449863.43,11,11,11,11,11,0.056233,0.9525,0.9699
445312.00,500000.00,452831.27,12,12,12,12,12,0.056604,0.9490,0.9820
695312.00,500000.00,702576.16,12,11,12,11,12,0.087822,0.9337,0.9766
445312.00,500000.00,449398.04,12,12,12,12,12,0.056175,0.9181,0.9870
445312.00,500000.00,449806.21,11,11,11,11,11,0.056226,0.9157,0.9878
445312.00,500000.00,451687.81,11,11,11,11,11,0.056461,0.9156,0.9774
445312.00,500000.00,491760.73,11,11,11,11,11,0.061470,0.9152,0.8891
445312.00,500000.00,445040.70,12,12,12,12,12,0.055630,0.7666,0.9618
570312.00,500000.00,563633.44,12,12,12,12,12,0.070454,0.9655,0.9780
695312.00,500000.00,703735.35,12,11,12,11,12,0.087967,0.9619,0.9714
570312.00,500000.00,560529.71,12,12,12,12,12,0.070066,0.9607,0.9784
695312.00,500000.00,703646.06,12,11,12,11,12,0.087956,0.9449,0.9843
445312.00,500000.00,442195.89,11,11,11,11,11,0.055274,0.9280,0.9905
570312.00,500000.00,585380.08,12,12,12,12,12,0.073173,0.9437,0.9525
570312.00,500000.00,573041.92,12,12,12,12,12,0.071630,0.9397,0.9619
570312.00,500000.00,575698.85,12,12,12,12,12,0.071962,0.9349,0.9711
445312.00,500000.00,452887.54,12,12,12,12,12,0.056611,0.9335,0.9704
695312.00,500000.00,696706.77,12,11,12,11,12,0.087088,0.9306,0.9502
445312.00,500000.00,438368.32,12,12,12,12,12,0.054796,0.9286,0.9432
445312.00,500000.00,443348.88,11,11,11,11,11,0.055419,0.9254,0.9854
445312.00,500000.00,455576.90,11,11,11,11,11,0.056947,0.9247,0.9302
445312.00,500000.00,455314.64,11,11,11,11,11,0.056914,0.9194,0.9720
445312.00,500000.00,437073.71,12,12,12,12,12,0.054634,0.9072,0.9793
445312.00,500000.00,451564.79,11,11,11,11,11,0.056446,0.8955,0.9772
570312.00,500000.00,555839.90,12,12,12,12,12,0.069480,0.8889,0.9280
695312.00,500000.00,706691.74,12,11,12,11,12,0.088336,0.8818,0.9632
445312.00,500000.00,454993.25,12,12,12,12,12,0.056874,0.8605,0.9725
695312.00,500000.00,682231.90,12,11,12,11,12,0.085279,0.8597,0.9570
570312.00,500000.00,578907.97,12,11,11,11,11,0.072363,0.7644,0.9321
289062.00,250000.00,293197.63,11,11,11,11,11,0.036650,0.9422,0.9622
601562.00,500000.00,601449.97,12,12,13,12,13,0.075181,0.9381,0.9943
132812.00,125000.00,136568.07,9,9,9,9,9,0.017071,0.9266,0.9573
289062.00,250000.00,288233.76,11,11,11,11,11,0.036029,0.9246,0.9691
601562.00,500000.00,609482.77,12,12,13,12,13,0.076185,0.9051,0.9856
132812.00,125000.00,132419.59,9,9,9,9,9,0.016552,0.8985,0.9514
132812.00,125000.00,132977.49,9,9,9,9,9,0.016622,0.8745,0.8706
132812.00,125000.00,131710.05,9,9,9,9,9,0.016464,0.8030,0.8344
289062.00,250000.00,289223.73,11,11,11,11,11,0.036153,0.9395,0.9877
601562.00,500000.00,607103.35,12,12,13,12,13,0.075888,0.9342,0.9673
132812.00,125000.00,132669.93,9,9,9,9,9,0.016584,0.9267,0.9658
289062.00,250000.00,293446.54,11,11,11,11,11,0.036681,0.9111,0.9485
289062.00,250000.00,283567.43,11,11,11,11,11,0.035446,0.9072,0.9795
601562.00,500000.00,575741.53,12,12,12,12,12,0.071968,0.9007,0.9558
289062.00,250000.00,290346.15,11,11,11,11,11,0.036293,0.8961,0.9594
460938.00,500000.00,458684.33,11,11,11,11,11,0.057336,0.8722,0.9697
289062.00,250000.00,291509.15,11,11,11,11,11,0.036439,0.8568,0.8254
460938.00,500000.00,475538.25,11,11,11,11,11,0.059442,0.9491,0.9646
601562.00,500000.00,606808.66,12,12,13,12,13,0.075851,0.9459,0.9794
460938.00,500000.00,467439.89,11,11,11,11,11,0.058430,0.9409,0.9783
289062.00,250000.00,284166.34,11,11,11,11,11,0.035521,0.9362,0.9691
601562.00,500000.00,601408.00,12,12,13,12,13,0.075176,0.9296,0.9825
460938.00,500000.00,470551.49,11,11,11,11,11,0.058819,0.9224,0.9666
460938.00,500000.00,475042.82,11,11,11,11,11,0.059380,0.9168,0.9335
132812.00,125000.00,128643.04,9,9,9,9,9,0.016080,0.9164,0.9506
601562.00,500000.00,589711.19,12,12,12,12,12,0.073714,0.8444,0.9665
460938.00,500000.00,458226.92,11,11,11,11,11,0.057278,0.7918,0.9642
460938.00,500000.00,462008.48,11,11,11,11,11,0.057751,0.9534,0.9925
601562.00,500000.00,596782.68,12,12,13,12,13,0.074598,0.9465,0.9684
132812.00,125000.00,133852.01,9,9,9,9,9,0.016732,0.9437,0.9911
601562.00,500000.00,598134.04,12,12,13,12,13,0.074767,0.9422,0.9839
460938.00,500000.00,474079.13,11,11,11,11,11,0.059260,0.9329,0.9690
132812.00,125000.00,132180.21,9,9,9,9,9,0.016523,0.9250,0.9701
132812.00,125000.00,129060.75,9,9,9,9,9,0.016133,0.9162,0.9555
289062.00,250000.00,276815.41,11,11,11,11,11,0.034602,0.9130,0.9293
460938.00,500000.00,480694.77,11,11,11,11,11,0.060087,0.9084,0.9471
289062.00,250000.00,281836.51,11,11,11,11,11,0.035230,0.9079,0.9650
601562.00,500000.00,598058.70,12,12,13,12,13,0.074757,0.8994,0.9926
132812.00,125000.00,131040.57,9,9,9,9,9,0.016380,0.8969,0.9811
289062.00,250000.00,296039.46,11,11,11,11,11,0.037005,0.8872,0.9079
460938.00,500000.00,492959.53,11,11,11,11,11,0.061620,0.7834,0.8579
601562.00,500000.00,598422.05,12,12,13,12,13,0.074803,0.9691,0.9908
601562.00,500000.00,600992.68,12,12,13,12,13,0.075124,0.9637,0.9873
601562.00,500000.00,598541.26,12,12,13,12,13,0.074818,0.9624,0.9732
242188.00,250000.00,239355.09,9,10,10,10,10,0.029919,0.9580,0.9704
242188.00,250000.00,237312.56,9,10,10,10,10,0.029664,0.9572,0.9710
242188.00,250000.00,235500.34,9,10,10,10,10,0.029438,0.9460,0.9482
179688.00,250000.00,179460.53,9,10,10,9,9,0.022433,0.9231,0.9644
601562.00,500000.00,562516.21,12,12,12,12,12,0.070315,0.9224,0.9245
148438.00,125000.00,148496.87,9,9,9,9,9,0.018562,0.8867,0.9755
179688.00,250000.00,181669.24,9,10,10,9,9,0.022709,0.8833,0.9876
179688.00,250000.00,175930.26,9,10,10,9,9,0.021991,0.8128,0.9741
601562.00,500000.00,594441.41,12,12,12,12,12,0.074305,0.9606,0.9870
601562.00,500000.00,595557.21,12,12,13,12,13,0.074445,0.9417,0.9868
242188.00,250000.00,240251.06,9,10,10,10,10,0.030031,0.9397,0.9704
242188.00,250000.00,242511.75,9,10,10,10,10,0.030314,0.9187,0.9874
179688.00,250000.00,182421.68,9,10,10,9,9,0.022803,0.9139,0.9838
242188.00,250000.00,302343.37,9,10,11,10,11,0.037793,0.9118,0.7905
179688.00,250000.00,175282.48,9,10,10,9,9,0.021910,0.9061,0.9717
242188.00,250000.00,238129.62,9,10,10,10,10,0.029766,0.9024,0.9679
242188.00,250000.00,242056.85,9,10,10,10,10,0.030257,0.9003,0.9704
179688.00,250000.00,177031.76,9,10,10,9,9,0.022129,0.8773,0.9441
179688.00,250000.00,183397.29,9,10,10,9,9,0.022925,0.8690,0.9267
179688.00,250000.00,180152.65,9,10,10,9,9,0.022519,0.8299,0.9780
601562.00,500000.00,600679.40,12,12,13,12,13,0.075085,0.9658,0.9703
601562.00,500000.00,587347.98,12,12,12,12,12,0.073418,0.9637,0.9694
601562.00,500000.00,592886.21,12,12,12,12,12,0.074111,0.9587,0.9777
148438.00,125000.00,148953.68,9,9,10,9,10,0.018619,0.9183,0.9744
179688.00,250000.00,180207.25,9,10,10,9,9,0.022526,0.9154,0.9591
242188.00,250000.00,240302.09,9,10,10,10,10,0.030038,0.9071,0.9885
148438.00,125000.00,150173.19,9,9,10,9,10,0.018772,0.8901,0.9540
148438.00,125000.00,146049.02,9,9,9,9,9,0.018256,0.8897,0.9727
242188.00,250000.00,238980.29,9,10,10,10,10,0.029873,0.9529,0.9817
601562.00,500000.00,597266.20,12,12,13,12,13,0.074658,0.9198,0.9523
148438.00,125000.00,146694.18,9,9,9,9,9,0.018337,0.8924,0.9649
148438.00,125000.00,148000.72,9,9,9,9,9,0.018500,0.8751,0.9878
148438.00,125000.00,138385.30,9,9,9,9,9,0.017298,0.8690,0.9293
179688.00,250000.00,179970.62,9,10,10,9,9,0.022496,0.8682,0.9453
242188.00,250000.00,236288.07,9,10,10,10,10,0.029536,0.8407,0.9686
601562.00,500000.00,598463.06,12,11,12,11,12,0.074808,0.8236,0.9896
179688.00,250000.00,193552.02,9,10,10,9,9,0.024194,0.7126,0.9237
632812.00,500000.00,630191.80,12,11,12,11,12,0.078774,0.9449,0.9228
664062.00,500000.00,645631.79,11,11,12,11,12,0.080704,0.9318,0.9616
664062.00,500000.00,663938.52,11,11,12,11,12,0.082992,0.9220,0.9770
210938.00,250000.00,214958.19,10,10,10,10,10,0.026870,0.8968,0.9740
632812.00,500000.00,651717.19,12,11,12,11,12,0.081465,0.8774,0.9625
664062.00,500000.00,621561.53,11,11,12,11,12,0.077695,0.8532,0.7395
210938.00,250000.00,211750.03,10,10,10,10,10,0.026469,0.7302,0.9880
179688.00,125000.00,166064.26,11,10,11,10,11,0.020758,0.9314,0.8824
664062.00,500000.00,665239.33,11,11,12,11,12,0.083155,0.9291,0.9666
664062.00,500000.00,658033.37,11,11,12,11,12,0.082254,0.9248,0.9212
210938.00,250000.00,212169.65,10,10,10,10,10,0.026521,0.9222,0.9894
179688.00,125000.00,173526.76,11,10,11,10,11,0.021691,0.8900,0.9347
179688.00,125000.00,174666.40,11,10,11,10,11,0.021833,0.8859,0.9713
632812.00,500000.00,641234.40,12,11,12,11,12,0.080154,0.8740,0.9493
179688.00,125000.00,180568.70,11,10,11,10,11,0.022571,0.8693,0.9069
179688.00,125000.00,185973.17,11,10,11,10,11,0.023247,0.8543,0.9645
632812.00,500000.00,573501.59,12,11,11,11,11,0.071688,0.8322,0.9034
210938.00,250000.00,210111.62,10,10,10,9,9,0.026264,0.8317,0.9598
179688.00,125000.00,181824.21,11,10,11,10,11,0.022728,0.8200,0.9748
632812.00,500000.00,630851.51,12,11,12,11,12,0.078856,0.7960,0.9660
210938.00,250000.00,216787.10,10,10,10,10,10,0.027098,0.8740,0.9312
179688.00,125000.00,184429.17,11,10,11,10,11,0.023054,0.8389,0.9692
632812.00,500000.00,597341.54,12,11,12,11,12,0.074668,0.8236,0.9423
210938.00,250000.00,215056.42,10,10,10,10,10,0.026882,0.7955,0.9776
664062.00,500000.00,642205.24,11,11,12,11,12,0.080276,0.7828,0.8962
210938.00,250000.00,214072.23,10,10,10,10,10,0.026759,0.7407,0.9844
632812.00,500000.00,635468.48,12,11,12,11,12,0.079434,0.9652,0.9788
632812.00,500000.00,621515.27,12,11,12,11,12,0.077689,0.9567,0.9649
632812.00,500000.00,635993.96,12,11,12,11,12,0.079499,0.9441,0.9923
632812.00,500000.00,641828.54,12,11,12,11,12,0.080229,0.8940,0.9636
210938.00,250000.00,212291.72,10,10,10,10,10,0.026536,0.8549,0.9645
210938.00,125000.00,209651.95,10,9,10,9,10,0.026206,0.7663,0.9709
664062.00,500000.00,627836.23,11,11,12,11,12,0.078480,0.7110,0.8545
429688.00,500000.00,433242.80,12,12,12,12,12,0.054155,0.9510,0.9757
429688.00,500000.00,440599.44,12,12,12,12,12,0.055075,0.9430,0.9690
117188.00,125000.00,120595.93,10,10,10,10,10,0.015074,0.9304,0.9683
117188.00,125000.00,122926.71,10,10,10,10,10,0.015366,0.9178,0.9517
429688.00,500000.00,444064.86,12,12,12,12,12,0.055508,0.9123,0.9543
117188.00,125000.00,118545.53,10,10,10,10,10,0.014818,0.8977,0.9504
289062.00,250000.00,279053.69,12,12,12,12,12,0.034882,0.8889,0.9519
304688.00,250000.00,310968.88,11,10,11,10,11,0.038871,0.8677,0.9637
117188.00,125000.00,117701.05,10,10,10,10,10,0.014713,0.9248,0.9659
117188.00,125000.00,121625.90,10,10,10,10,10,0.015203,0.9166,0.9169
429688.00,500000.00,423589.71,12,12,12,12,12,0.052949,0.9161,0.9743
117188.00,125000.00,120275.50,10,10,10,10,10,0.015034,0.9033,0.9720
429688.00,500000.00,434121.13,12,12,12,12,12,0.054265,0.8995,0.9864
429688.00,500000.00,427717.21,12,12,12,12,12,0.053465,0.8179,0.9335
289062.00,250000.00,292263.03,12,12,12,12,12,0.036533,0.9659,0.9714
289062.00,250000.00,290424.35,12,12,12,12,12,0.036303,0.9575,0.9838
289062.00,250000.00,291967.87,12,12,12,12,12,0.036496,0.9573,0.9843
429688.00,500000.00,436738.97,12,12,12,12,12,0.054592,0.9248,0.9784
429688.00,500000.00,434325.22,12,12,12,12,12,0.054291,0.9207,0.9847
289062.00,250000.00,294125.56,12,12,12,12,12,0.036766,0.8974,0.9793
117188.00,125000.00,124810.22,10,10,10,10,10,0.015601,0.8947,0.9373
289062.00,250000.00,287021.64,12,12,12,12,12,0.035878,0.8552,0.9217
289062.00,250000.00,285663.60,12,12,12,12,12,0.035708,0.9742,0.9760
289062.00,250000.00,287618.64,12,12,12,12,12,0.035952,0.9472,0.9691
117188.00,125000.00,121629.24,10,10,10,10,10,0.015204,0.9358,0.9571
429688.00,500000.00,436008.45,12,12,12,12,12,0.054501,0.9316,0.9816
429688.00,500000.00,437263.49,12,12,12,12,12,0.054658,0.9098,0.9739
117188.00,125000.00,121186.26,10,10,10,10,10,0.015148,0.9043,0.9627
289062.00,250000.00,281957.63,12,12,12,12,12,0.035245,0.8754,0.9512
304688.00,250000.00,229298.23,11,10,10,10,10,0.028662,0.8627,0.7477
117188.00,125000.00,117776.87,10,10,10,10,10,0.014722,0.8623,0.9274
289062.00,250000.00,262592.32,12,12,12,12,12,0.032824,0.8191,0.9027
289062.00,250000.00,296257.02,12,12,12,12,12,0.037032,0.7966,0.9636
304688.00,250000.00,305378.91,11,10,11,10,11,0.038172,0.7752,0.9855
304688.00,250000.00,306898.12,11,11,12,11,12,0.038362,0.7563,0.9903
507812.00,500000.00,504857.06,12,12,12,12,12,0.063107,0.9721,0.9890
507812.00,500000.00,512501.72,12,12,12,12,12,0.064063,0.9659,0.9846
210938.00,250000.00,214797.02,11,11,11,11,11,0.026850,0.9364,0.9742
507812.00,500000.00,503736.91,12,12,12,12,12,0.062967,0.9326,0.9818
210938.00,250000.00,212471.96,11,11,11,11,11,0.026559,0.9217,0.9695
632812.00,500000.00,635687.83,12,12,13,12,13,0.079461,0.8849,0.9838
210938.00,250000.00,207567.57,10,10,10,9,9,0.025946,0.7947,0.9799
632812.00,500000.00,627441.41,12,11,12,11,12,0.078430,0.9091,0.9697
632812.00,500000.00,577349.19,12,12,12,12,12,0.072169,0.8790,0.8860
210938.00,250000.00,215953.83,10,10,10,10,10,0.026994,0.8457,0.9663
210938.00,250000.00,220663.07,11,12,12,12,12,0.027583,0.7756,0.8859
632812.00,500000.00,638938.43,12,12,13,12,13,0.079867,0.7624,0.9611
632812.00,500000.00,635089.87,12,12,13,12,13,0.079386,0.7549,0.9598
507812.00,500000.00,507837.77,12,12,12,12,12,0.063480,0.9600,0.9848
507812.00,500000.00,521108.63,12,12,12,12,12,0.065139,0.9490,0.9703
632812.00,500000.00,639235.50,12,11,12,11,12,0.079904,0.9155,0.9840
210938.00,250000.00,222200.39,11,11,11,11,11,0.027775,0.9011,0.9451
210938.00,250000.00,212673.19,11,11,11,11,11,0.026584,0.9003,0.9746
210938.00,250000.00,225860.60,11,11,11,11,11,0.028233,0.7423,0.8854
632812.00,500000.00,630690.57,12,12,13,12,13,0.078836,0.9637,0.9944
507812.00,500000.00,496551.04,12,12,12,12,12,0.062069,0.9604,0.9681
507812.00,500000.00,515524.39,12,12,12,12,12,0.064441,0.9423,0.9719
632812.00,500000.00,641783.71,12,12,13,12,13,0.080223,0.9299,0.9678
210938.00,250000.00,213590.28,11,11,11,11,11,0.026699,0.9295,0.9673
210938.00,250000.00,214653.02,11,11,11,11,11,0.026832,0.9086,0.9471
507812.00,500000.00,522535.32,12,12,12,12,12,0.065317,0.8951,0.8963
507812.00,500000.00,443700.79,12,12,12,12,12,0.055463,0.8906,0.8613
210938.00,250000.00,217153.55,11,11,11,11,11,0.027144,0.8740,0.9681
632812.00,500000.00,621273.99,12,12,13,12,13,0.077659,0.8105,0.9728
507812.00,500000.00,486269.95,12,12,12,12,12,0.060784,0.8031,0.9529
632812.00,500000.00,624971.39,12,12,13,12,13,0.078121,0.7839,0.9599
507812.00,500000.00,503506.66,12,12,12,12,12,0.062938,0.7762,0.9846
445312.00,500000.00,451919.56,12,12,12,12,12,0.056490,0.9680,0.9847
445312.00,500000.00,446487.43,12,12,12,12,12,0.055811,0.9384,0.9714
179688.00,250000.00,183519.36,9,10,10,9,9,0.022940,0.8955,0.9703
445312.00,500000.00,435351.85,12,12,12,12,12,0.054419,0.8569,0.9673
132812.00,125000.00,130128.32,12,12,12,12,12,0.016266,0.7833,0.6198
351562.00,250000.00,348505.02,10,10,11,10,11,0.043563,0.7319,0.9834
351562.00,500000.00,439252.85,10,11,11,11,11,0.054907,0.7074,0.7760
445312.00,500000.00,446408.63,12,12,12,12,12,0.055801,0.9601,0.9903
445312.00,500000.00,441627.98,12,12,12,12,12,0.055203,0.9520,0.9588
445312.00,500000.00,448940.28,12,12,12,12,12,0.056118,0.9476,0.9800
445312.00,500000.00,446134.57,12,12,12,12,12,0.055767,0.9430,0.9787
132812.00,125000.00,135492.32,12,12,12,12,12,0.016937,0.9176,0.9008
132812.00,125000.00,135315.90,12,12,12,12,12,0.016914,0.8972,0.9221
132812.00,125000.00,127590.18,12,12,12,12,12,0.015949,0.8913,0.9274
179688.00,250000.00,178734.78,9,10,10,9,9,0.022342,0.8527,0.9591
179688.00,250000.00,178068.16,9,10,10,9,9,0.022259,0.8498,0.9811
179688.00,250000.00,177671.19,9,10,10,9,9,0.022209,0.8369,0.9748
351562.00,500000.00,354407.31,10,11,11,10,10,0.044301,0.7493,0.9854
445312.00,500000.00,453769.68,12,12,12,12,12,0.056721,0.9634,0.9804
445312.00,500000.00,455629.35,12,12,12,12,12,0.056954,0.9495,0.9722
445312.00,500000.00,449330.81,12,12,12,12,12,0.056166,0.9395,0.9788
132812.00,125000.00,132650.38,12,12,12,12,12,0.016581,0.9361,0.9307
179688.00,250000.00,184307.10,9,10,10,9,9,0.023038,0.9263,0.9694
445312.00,500000.00,440544.43,12,12,12,12,12,0.055068,0.9145,0.9583
132812.00,125000.00,125363.23,12,12,12,12,12,0.015670,0.8277,0.9391
351562.00,500000.00,353244.78,10,11,11,10,10,0.044156,0.8177,0.9899
351562.00,250000.00,349442.01,10,10,11,10,11,0.043680,0.7975,0.9854
179688.00,250000.00,197957.34,9,10,10,9,9,0.024745,0.7798,0.8891
179688.00,250000.00,203004.84,9,10,10,9,9,0.025376,0.7320,0.8838
179688.00,250000.00,178979.87,9,10,10,9,9,0.022372,0.9002,0.9651
132812.00,125000.00,130548.00,12,12,12,12,12,0.016319,0.8877,0.9529
132812.00,125000.00,132480.62,12,12,12,12,12,0.016560,0.8867,0.9702
132812.00,125000.00,121543.88,12,12,12,12,12,0.015193,0.8514,0.9133
179688.00,250000.00,179018.02,9,10,10,9,9,0.022377,0.7826,0.9607
351562.00,500000.00,350028.28,10,11,11,10,10,0.043754,0.7725,0.9735
585938.00,500000.00,584538.46,11,11,11,11,11,0.073067,0.9609,0.9958
476562.00,500000.00,478859.90,11,11,11,11,11,0.059857,0.9487,0.9688
476562.00,500000.00,472257.61,10,11,11,11,11,0.059032,0.9450,0.9812
585938.00,500000.00,592189.31,11,11,11,11,11,0.074024,0.9375,0.9752
585938.00,500000.00,599687.70,11,11,12,11,12,0.074961,0.9370,0.9694
476562.00,500000.00,491744.04,11,11,11,11,11,0.061468,0.9249,0.9654
101562.00,125000.00,121902.82,12,12,12,12,12,0.015238,0.8942,0.7893
476562.00,500000.00,509306.91,10,11,11,11,11,0.063663,0.8918,0.9302
101562.00,125000.00,114299.77,12,12,12,12,12,0.014287,0.7866,0.8872
585938.00,500000.00,580367.33,11,11,11,11,11,0.072546,0.9589,0.9782
476562.00,500000.00,480639.93,11,11,11,11,11,0.060080,0.9557,0.9886
476562.00,500000.00,488762.86,11,11,11,11,11,0.061095,0.9530,0.9371
476562.00,500000.00,475342.75,10,11,11,11,11,0.059418,0.9459,0.9673
476562.00,500000.00,484133.72,11,11,11,11,11,0.060517,0.9285,0.9584
476562.00,500000.00,473289.49,10,11,11,11,11,0.059161,0.9238,0.9726
476562.00,500000.00,478593.83,10,11,11,11,11,0.059824,0.8861,0.9795
101562.00,125000.00,112919.81,12,12,12,12,12,0.014115,0.8844,0.8976
476562.00,500000.00,481765.75,11,11,11,11,11,0.060221,0.9482,0.9890
476562.00,500000.00,483748.20,11,11,11,11,11,0.060469,0.9464,0.9847
476562.00,500000.00,478748.80,11,11,11,11,11,0.059844,0.9448,0.9718
476562.00,500000.00,479824.07,11,11,11,11,11,0.059978,0.9360,0.9824
585938.00,500000.00,568994.52,11,11,11,11,11,0.071124,0.9246,0.9469
585938.00,500000.00,554759.98,11,11,11,11,11,0.069345,0.9181,0.9159
101562.00,125000.00,106834.41,12,12,12,12,12,0.013354,0.8859,0.9444
585938.00,500000.00,551298.38,11,11,11,11,11,0.068912,0.8578,0.8522
101562.00,125000.00,129101.22,12,12,12,12,12,0.016138,0.8282,0.7844
585938.00,500000.00,581259.73,11,11,11,11,11,0.072657,0.8079,0.8566
585938.00,500000.00,543651.58,11,11,11,11,11,0.067956,0.7223,0.7468
476562.00,500000.00,472911.83,11,11,11,11,11,0.059114,0.9563,0.9763
476562.00,500000.00,477828.98,11,11,11,11,11,0.059729,0.9501,0.9882
476562.00,500000.00,471092.22,10,11,11,11,11,0.058887,0.9399,0.9840
476562.00,500000.00,475321.77,10,11,11,11,11,0.059415,0.9370,0.9898
101562.00,125000.00,108434.20,12,12,12,12,12,0.013554,0.9040,0.9289
101562.00,125000.00,110475.42,12,12,12,12,12,0.013809,0.9035,0.9160
101562.00,125000.00,106729.51,12,12,12,12,12,0.013341,0.9024,0.8832
101562.00,125000.00,119344.71,12,12,12,12,12,0.014918,0.8300,0.8471
476562.00,500000.00,481504.44,10,11,11,11,11,0.060188,0.7671,0.9860
335938.00,500000.00,340362.55,10,11,11,10,10,0.042545,0.8764,0.9695
179688.00,125000.00,178646.09,10,9,10,9,10,0.022331,0.8701,0.9519
335938.00,500000.00,335956.57,10,11,11,10,10,0.041995,0.8686,0.9810
351562.00,250000.00,351735.12,11,10,11,10,11,0.043967,0.8449,0.9884
351562.00,500000.00,354166.03,11,12,12,11,11,0.044271,0.8078,0.9873
351562.00,250000.00,349781.04,11,10,11,10,11,0.043723,0.8980,0.9757
351562.00,250000.00,350152.97,11,10,11,10,11,0.043769,0.8496,0.9916
195312.00,250000.00,199643.14,10,11,11,10,10,0.024955,0.8338,0.9721
179688.00,125000.00,178129.20,10,9,10,9,10,0.022266,0.8016,0.9471
195312.00,250000.00,193628.97,10,11,11,10,10,0.024204,0.7993,0.9521
335938.00,500000.00,345213.89,10,11,11,10,10,0.043152,0.7793,0.9556
351562.00,500000.00,351363.18,11,12,12,11,11,0.043920,0.7469,0.9946
179688.00,125000.00,170728.68,10,9,10,9,10,0.021341,0.7209,0.9288
335938.00,500000.00,330801.96,10,11,11,10,10,0.041350,0.7057,0.9793
335938.00,500000.00,354684.83,10,11,11,10,10,0.044336,0.8883,0.9365
335938.00,500000.00,347077.37,10,11,11,10,10,0.043385,0.8539,0.9620
179688.00,125000.00,179548.26,10,9,10,9,10,0.022444,0.8429,0.9727
351562.00,500000.00,353120.80,11,12,12,11,11,0.044140,0.8130,0.9694
179688.00,125000.00,181024.55,10,9,10,9,10,0.022628,0.7844,0.8450
179688.00,125000.00,164098.74,10,9,10,9,10,0.020512,0.7539,0.8813
179688.00,125000.00,174409.87,10,9,10,9,10,0.021801,0.7529,0.9484
335938.00,500000.00,359091.76,10,11,11,10,10,0.044886,0.9269,0.9192
351562.00,250000.00,355685.23,11,10,11,10,11,0.044461,0.9002,0.9865
335938.00,500000.00,361946.11,10,11,11,10,10,0.045243,0.8518,0.9254
335938.00,500000.00,429574.97,10,11,11,11,11,0.053697,0.8482,0.7721
195312.00,125000.00,192219.99,10,9,10,9,10,0.024027,0.8420,0.9821
351562.00,500000.00,358184.81,11,12,12,11,11,0.044773,0.8077,0.9486
335938.00,500000.00,357663.15,10,11,11,10,10,0.044708,0.7938,0.9372
351562.00,250000.00,357584.00,11,10,11,10,11,0.044698,0.7895,0.9800
585938.00,500000.00,587725.64,12,12,12,12,12,0.073466,0.9562,0.9925
585938.00,500000.00,582340.96,12,12,12,12,12,0.072793,0.9538,0.9936
445312.00,500000.00,448319.44,11,11,11,11,11,0.056040,0.9313,0.9921
351562.00,250000.00,355931.28,11,10,11,10,11,0.044491,0.8024,0.9684
289062.00,250000.00,292033.20,12,11,11,11,11,0.036504,0.7441,0.9283
585938.00,500000.00,581922.53,12,12,12,12,12,0.072740,0.9762,0.9907
585938.00,500000.00,591488.84,12,12,12,12,12,0.073936,0.9496,0.9519
289062.00,250000.00,286542.18,12,12,12,12,12,0.035818,0.9223,0.9824
289062.00,250000.00,287143.23,12,12,12,12,12,0.035893,0.9145,0.9512
445312.00,500000.00,451267.75,11,11,11,11,11,0.056408,0.8799,0.9771
289062.00,250000.00,290216.45,12,12,12,12,12,0.036277,0.8689,0.9857
289062.00,250000.00,277799.61,12,12,12,12,12,0.034725,0.8609,0.9449
351562.00,250000.00,351860.05,11,10,11,10,11,0.043983,0.8308,0.9673
351562.00,250000.00,353742.60,11,10,11,10,11,0.044218,0.7983,0.9826
585938.00,500000.00,618911.74,12,12,13,12,13,0.077364,0.7756,0.9272
289062.00,250000.00,283531.43,12,11,11,11,11,0.035441,0.7352,0.8498
351562.00,500000.00,366425.34,11,12,12,11,11,0.045803,0.7008,0.9462
585938.00,500000.00,578663.83,12,12,12,12,12,0.072333,0.9711,0.9856
289062.00,250000.00,285001.75,12,12,12,12,12,0.035625,0.9571,0.9757
289062.00,250000.00,288705.59,12,12,12,12,12,0.036088,0.9405,0.9711
585938.00,500000.00,588609.70,12,12,12,12,12,0.073576,0.8912,0.8695
445312.00,500000.00,445055.01,11,11,11,11,11,0.055632,0.8857,0.9938
585938.00,500000.00,646419.53,12,12,13,12,13,0.080802,0.8569,0.8938
445312.00,500000.00,448614.12,11,11,11,11,11,0.056077,0.8211,0.9896
289062.00,250000.00,318263.05,12,12,13,12,13,0.039783,0.7682,0.8484
289062.00,250000.00,307233.33,12,11,12,11,12,0.038404,0.7198,0.9107
585938.00,500000.00,584793.09,12,12,12,12,12,0.073099,0.9652,0.9890
351562.00,250000.00,350612.64,11,10,11,10,11,0.043827,0.9512,0.9913
585938.00,500000.00,592612.74,12,12,12,12,12,0.074077,0.9086,0.9662
351562.00,250000.00,348297.12,11,10,11,10,11,0.043537,0.8946,0.9707
445312.00,500000.00,447079.42,11,11,11,11,11,0.055885,0.8837,0.9781
289062.00,250000.00,289971.83,12,11,11,11,11,0.036246,0.8798,0.9862
445312.00,500000.00,451375.01,11,11,11,11,11,0.056422,0.8561,0.9820
445312.00,500000.00,435703.28,11,12,12,12,12,0.054463,0.8337,0.9741
445312.00,500000.00,469088.55,11,11,11,11,11,0.058636,0.8103,0.8879
445312.00,500000.00,432830.81,11,11,11,11,11,0.054104,0.8009,0.6335
507812.00,500000.00,510169.98,11,11,11,11,11,0.063771,0.9687,0.9900
414062.00,500000.00,413608.55,10,11,11,10,10,0.051701,0.9487,0.9936
414062.00,500000.00,408202.17,10,11,11,10,10,0.051025,0.9399,0.9602
539062.00,500000.00,528960.23,12,12,12,12,12,0.066120,0.9327,0.9637
539062.00,500000.00,524849.41,12,12,12,12,12,0.065606,0.9324,0.9668
414062.00,500000.00,405717.85,10,11,11,10,10,0.050715,0.9172,0.9717
507812.00,500000.00,528322.22,11,11,11,11,11,0.066040,0.9096,0.9358
414062.00,500000.00,427790.64,11,12,12,12,12,0.053474,0.8880,0.9647
507812.00,500000.00,529319.05,11,11,11,11,11,0.066165,0.8777,0.9351
414062.00,500000.00,414537.43,11,12,12,11,11,0.051817,0.8480,0.9931
414062.00,500000.00,427293.78,10,11,11,11,11,0.053412,0.7520,0.9131
507812.00,500000.00,464459.42,11,11,11,11,11,0.058057,0.7443,0.5844
539062.00,500000.00,540005.68,12,12,12,12,12,0.067501,0.9658,0.9918
539062.00,500000.00,541564.94,12,12,12,12,12,0.067696,0.9647,0.9860
507812.00,500000.00,508551.60,11,11,11,11,11,0.063569,0.9592,0.9889
507812.00,500000.00,502604.01,11,11,11,11,11,0.062826,0.9469,0.9715
539062.00,500000.00,532154.08,12,12,12,12,12,0.066519,0.9468,0.9850
414062.00,250000.00,408956.53,11,10,11,10,11,0.051120,0.9362,0.9841
507812.00,500000.00,509930.13,11,11,11,11,11,0.063741,0.8942,0.9848
539062.00,500000.00,539455.41,12,12,12,12,12,0.067432,0.9629,0.9834
507812.00,500000.00,514261.54,11,11,11,11,11,0.064283,0.9562,0.9788
414062.00,500000.00,419458.87,10,11,11,10,10,0.052432,0.9536,0.9846
539062.00,500000.00,530539.99,12,12,12,12,12,0.066317,0.9492,0.9780
414062.00,500000.00,412359.24,10,11,11,10,10,0.051545,0.9379,0.9394
539062.00,500000.00,544790.27,12,12,12,12,12,0.068099,0.9318,0.9650
414062.00,500000.00,411498.07,11,12,12,11,11,0.051437,0.7709,0.9790
539062.00,500000.00,540909.77,12,12,12,12,12,0.067614,0.9656,0.9862
507812.00,500000.00,504465.10,11,11,11,11,11,0.063058,0.9611,0.9923
539062.00,500000.00,538272.86,12,12,12,12,12,0.067284,0.9585,0.9919
507812.00,500000.00,505446.55,11,11,11,11,11,0.063181,0.9509,0.9869
507812.00,500000.00,504312.52,11,11,11,11,11,0.063039,0.9509,0.9880
414062.00,500000.00,417779.92,10,11,11,10,10,0.052222,0.9486,0.9888
414062.00,500000.00,414171.22,10,11,11,10,10,0.051771,0.9171,0.9892
414062.00,500000.00,414544.11,10,11,11,10,10,0.051818,0.9056,0.9840
414062.00,500000.00,411661.62,10,11,11,10,10,0.051458,0.8828,0.9867
414062.00,500000.00,425255.06,11,11,11,11,11,0.053157,0.8397,0.9672
539062.00,500000.00,530922.65,12,11,11,11,11,0.066365,0.8331,0.9487
414062.00,250000.00,408229.83,11,10,11,10,11,0.051029,0.7220,0.9633
726562.00,500000.00,683393.48,11,11,12,11,12,0.085424,0.9334,0.9334
398438.00,500000.00,395895.00,10,11,11,10,10,0.049487,0.9221,0.9910
726562.00,500000.00,684017.18,11,11,12,11,12,0.085502,0.9039,0.9276
398438.00,500000.00,410592.08,10,11,11,10,10,0.051324,0.8879,0.9248
382812.00,500000.00,401023.15,11,12,12,11,11,0.050128,0.8864,0.9472
726562.00,500000.00,530352.59,11,11,11,11,11,0.066294,0.8663,0.7185
726562.00,500000.00,710813.05,11,11,12,11,12,0.088852,0.8342,0.9582
382812.00,250000.00,376167.77,11,10,11,10,11,0.047021,0.7441,0.9080
398438.00,500000.00,391472.82,10,11,11,10,10,0.048934,0.9427,0.9766
398438.00,500000.00,405084.61,10,11,11,10,10,0.050636,0.9387,0.9683
398438.00,500000.00,405715.94,10,11,11,10,10,0.050714,0.9299,0.9717
398438.00,500000.00,403798.10,10,11,11,10,10,0.050475,0.9297,0.9843
429688.00,500000.00,431672.10,11,11,11,11,11,0.053959,0.9185,0.7766
726562.00,500000.00,711032.87,11,11,12,11,12,0.088879,0.9177,0.9620
398438.00,500000.00,388274.19,10,11,11,10,10,0.048534,0.9138,0.9588
726562.00,500000.00,708562.37,11,11,12,11,12,0.088570,0.9009,0.9580
726562.00,500000.00,674164.77,11,11,12,11,12,0.084271,0.8933,0.9006
726562.00,500000.00,675516.13,11,11,12,11,12,0.084440,0.8841,0.9234
398438.00,500000.00,396602.63,10,11,11,10,10,0.049575,0.8830,0.9776
726562.00,500000.00,660943.98,11,11,12,11,12,0.082618,0.8786,0.9078
726562.00,500000.00,700002.61,11,11,12,11,12,0.087500,0.9515,0.9632
382812.00,250000.00,385013.58,11,10,11,10,11,0.048127,0.8608,0.9792
382812.00,250000.00,375829.70,11,10,11,10,11,0.046979,0.8423,0.9763
429688.00,500000.00,430282.59,11,11,11,11,11,0.053785,0.8309,0.9936
429688.00,500000.00,430141.81,11,11,11,11,11,0.053768,0.7889,0.9908
398438.00,500000.00,390881.30,10,11,11,10,10,0.048860,0.9422,0.9789
382812.00,250000.00,378439.96,11,10,11,10,11,0.047305,0.9412,0.9803
398438.00,500000.00,402626.57,10,11,11,10,10,0.050328,0.9200,0.9815
382812.00,250000.00,381429.67,11,10,11,10,11,0.047679,0.9182,0.9697
726562.00,500000.00,702021.60,11,11,12,11,12,0.087753,0.8919,0.9553
382812.00,250000.00,383173.47,11,10,11,10,11,0.047897,0.8776,0.9858
429688.00,500000.00,441476.82,11,11,11,11,11,0.055185,0.8181,0.9693
429688.00,500000.00,432251.93,11,11,11,11,11,0.054031,0.7329,0.9938
585938.00,500000.00,581223.01,11,11,11,11,11,0.072653,0.9622,0.9777
585938.00,500000.00,583434.10,11,11,11,11,11,0.072929,0.9365,0.9795
117188.00,125000.00,118002.89,12,12,12,12,12,0.014750,0.9354,0.9452
117188.00,125000.00,120611.19,12,12,12,12,12,0.015076,0.9120,0.9639
335938.00,250000.00,341045.38,10,10,11,10,11,0.042631,0.8495,0.9664
335938.00,500000.00,371327.88,10,11,11,10,10,0.046416,0.7499,0.8968
585938.00,500000.00,576122.76,11,11,11,11,11,0.072015,0.9563,0.9769
585938.00,500000.00,589272.26,11,11,11,11,11,0.073659,0.9411,0.9849
117188.00,125000.00,119613.65,12,12,12,12,12,0.014952,0.9366,0.9794
585938.00,500000.00,585697.17,11,11,11,11,11,0.073212,0.9027,0.9131
585938.00,500000.00,521821.98,11,11,11,11,11,0.065228,0.8750,0.8811
117188.00,125000.00,121069.91,12,12,12,12,12,0.015134,0.8429,0.9628
335938.00,250000.00,339895.25,10,10,11,10,11,0.042487,0.8038,0.9584
195312.00,125000.00,200993.54,11,10,11,10,11,0.025124,0.7452,0.8605
335938.00,500000.00,395179.75,10,11,11,10,10,0.049397,0.7129,0.7638
335938.00,250000.00,337739.71,10,10,11,10,11,0.042217,0.9191,0.9915
335938.00,250000.00,334791.18,10,10,11,10,11,0.041849,0.8720,0.9872
117188.00,125000.00,120799.78,12,12,12,12,12,0.015100,0.8245,0.9674
585938.00,500000.00,584320.07,11,11,11,11,11,0.073040,0.9637,0.9730
585938.00,500000.00,577026.37,11,11,11,11,11,0.072128,0.9513,0.9841
117188.00,125000.00,118180.27,12,12,12,12,12,0.014773,0.9118,0.9641
585938.00,500000.00,553502.08,11,11,11,11,11,0.069188,0.9050,0.9278
117188.00,125000.00,120668.41,12,12,12,12,12,0.015084,0.8914,0.9699
195312.00,125000.00,193746.57,11,10,11,10,11,0.024218,0.7291,0.8289
679688.00,500000.00,675048.83,11,11,12,11,12,0.084381,0.9446,0.9714
148438.00,125000.00,146818.16,12,12,12,12,12,0.018352,0.8887,0.9747
460938.00,500000.00,435281.75,12,12,12,12,12,0.054410,0.8682,0.8885
148438.00,125000.00,143546.58,12,11,11,11,11,0.017943,0.7537,0.9666
460938.00,500000.00,472559.93,12,12,12,12,12,0.059070,0.9633,0.9719
460938.00,500000.00,471405.03,12,12,12,12,12,0.058926,0.9554,0.9777
367188.00,250000.00,370593.07,12,11,12,11,12,0.046324,0.9489,0.9816
148438.00,125000.00,151208.88,12,12,13,12,13,0.018901,0.9463,0.9763
367188.00,250000.00,368133.01,12,11,12,11,12,0.046017,0.9402,0.9910
367188.00,250000.00,368659.02,12,11,12,11,12,0.046082,0.9326,0.9812
367188.00,250000.00,353189.47,12,11,12,11,12,0.044149,0.9282,0.9565
367188.00,250000.00,362591.27,12,11,12,11,12,0.045324,0.9210,0.9625
679688.00,500000.00,649246.93,11,11,12,11,12,0.081156,0.9009,0.9494
148438.00,125000.00,150218.01,12,12,13,12,13,0.018777,0.8840,0.9714
679688.00,500000.00,584434.03,11,11,11,11,11,0.073054,0.8766,0.8573
679688.00,500000.00,672641.75,11,11,12,11,12,0.084080,0.7972,0.9719
679688.00,500000.00,664092.06,11,11,12,11,12,0.083012,0.9531,0.9724
367188.00,250000.00,366983.41,12,11,12,11,12,0.045873,0.9510,0.9849
367188.00,250000.00,368860.24,12,11,12,11,12,0.046108,0.9430,0.9597
460938.00,500000.00,471958.16,12,12,12,12,12,0.058995,0.9357,0.9728
679688.00,500000.00,672111.51,11,11,12,11,12,0.084014,0.9346,0.9868
460938.00,500000.00,463636.40,12,12,12,12,12,0.057955,0.9346,0.9786
460938.00,500000.00,466613.77,12,12,12,12,12,0.058327,0.9340,0.9844
367188.00,250000.00,362942.46,12,11,12,11,12,0.045368,0.9236,0.9862
148438.00,125000.00,146912.57,12,12,12,12,12,0.018364,0.9064,0.9540
148438.00,125000.00,153513.91,12,11,12,11,12,0.019189,0.9043,0.9428
460938.00,500000.00,471405.51,12,12,12,12,12,0.058926,0.9701,0.9670
367188.00,250000.00,367649.08,12,11,12,11,12,0.045956,0.9534,0.9854
460938.00,500000.00,461282.91,12,12,12,12,12,0.057660,0.9484,0.9682
679688.00,500000.00,669327.26,11,11,12,11,12,0.083666,0.9411,0.9650
679688.00,500000.00,635706.90,11,11,12,11,12,0.079463,0.9352,0.9245
367188.00,250000.00,358693.12,12,11,12,11,12,0.044837,0.9330,0.9692
367188.00,250000.00,342004.30,12,11,12,11,12,0.042751,0.9281,0.9267
460938.00,500000.00,486487.39,12,12,12,12,12,0.060811,0.8960,0.9373
460938.00,500000.00,486383.44,12,12,12,12,12,0.060798,0.8770,0.9383
148438.00,125000.00,147660.26,12,12,12,12,12,0.018458,0.8660,0.8557
148438.00,125000.00,125856.40,12,12,12,12,12,0.015732,0.7453,0.8455
367188.00,250000.00,370407.10,12,11,12,11,12,0.046301,0.9424,0.9539
382812.00,250000.00,382759.09,12,11,12,11,12,0.047845,0.9414,0.9847
367188.00,250000.00,366888.05,12,11,12,11,12,0.045861,0.9396,0.9482
429688.00,500000.00,419637.20,10,11,11,10,10,0.052455,0.9366,0.9689
367188.00,250000.00,371520.04,12,11,12,11,12,0.046440,0.9172,0.9642
429688.00,500000.00,453178.41,10,11,11,11,11,0.056647,0.9014,0.9351
429688.00,500000.00,440830.71,10,11,11,11,11,0.055104,0.8863,0.9165
117188.00,125000.00,119258.88,11,11,11,11,11,0.014907,0.8745,0.9307
367188.00,250000.00,359807.97,12,11,12,11,12,0.044976,0.9238,0.9594
382812.00,250000.00,382353.78,12,11,12,11,12,0.047794,0.9214,0.9816
382812.00,250000.00,381031.04,12,11,12,11,12,0.047629,0.9159,0.9916
367188.00,250000.00,355976.10,12,11,12,11,12,0.044497,0.8950,0.9688
429688.00,500000.00,423461.91,10,11,11,11,11,0.052933,0.8944,0.9720
382812.00,250000.00,376529.69,12,11,12,11,12,0.047066,0.8894,0.9767
367188.00,250000.00,377416.61,12,11,12,11,12,0.047177,0.8741,0.9676
117188.00,125000.00,122461.32,11,11,11,11,11,0.015308,0.8628,0.9529
117188.00,125000.00,114597.32,11,11,11,11,11,0.014325,0.7205,0.8076
382812.00,250000.00,381028.18,12,11,12,11,12,0.047629,0.9486,0.9914
429688.00,500000.00,433487.89,10,11,11,11,11,0.054186,0.9476,0.9805
382812.00,250000.00,384778.98,12,11,12,11,12,0.048097,0.9199,0.9926
117188.00,125000.00,118413.45,11,11,11,11,11,0.014802,0.9165,0.9627
429688.00,500000.00,427345.28,10,11,11,11,11,0.053418,0.9079,0.9683
429688.00,500000.00,439939.50,10,11,11,11,11,0.054992,0.9012,0.9418
382812.00,250000.00,382687.57,12,11,12,11,12,0.047836,0.8599,0.9618
367188.00,250000.00,310466.77,12,11,12,11,12,0.038808,0.7412,0.6605
429688.00,500000.00,419850.35,10,11,11,10,10,0.052481,0.9585,0.9698
367188.00,250000.00,372025.01,12,11,12,11,12,0.046503,0.9321,0.9741
367188.00,250000.00,301479.34,12,11,12,11,12,0.037685,0.9132,0.8166
117188.00,125000.00,118234.63,11,11,11,11,11,0.014779,0.9114,0.9637
429688.00,500000.00,449720.62,10,11,11,11,11,0.056215,0.9041,0.9319
382812.00,250000.00,377930.64,12,11,12,11,12,0.047241,0.9034,0.9478
429688.00,500000.00,431682.59,10,11,11,11,11,0.053960,0.8975,0.9729
367188.00,250000.00,337005.62,12,11,12,11,12,0.042126,0.8963,0.9115
367188.00,250000.00,365197.18,12,11,12,11,12,0.045650,0.8882,0.9729
117188.00,125000.00,121297.84,11,11,11,11,11,0.015162,0.8856,0.8900
382812.00,250000.00,388254.17,12,11,12,11,12,0.048532,0.8828,0.9669
117188.00,125000.00,114874.84,11,11,11,11,11,0.014359,0.8555,0.9412
117188.00,125000.00,122842.79,11,11,11,11,11,0.015355,0.8550,0.9128
382812.00,250000.00,382976.53,12,11,12,11,12,0.047872,0.8082,0.9585
117188.00,125000.00,126907.35,11,11,11,11,11,0.015863,0.7403,0.8197
554688.00,500000.00,553005.22,12,12,12,12,12,0.069126,0.9723,0.9906
554688.00,500000.00,550788.40,12,12,12,12,12,0.068849,0.9660,0.9845
554688.00,500000.00,554881.99,12,12,12,12,12,0.069360,0.9565,0.9811
257812.00,250000.00,255109.79,11,11,11,11,11,0.031889,0.9363,0.9855
148438.00,125000.00,144862.17,12,11,11,11,11,0.018108,0.9282,0.9582
554688.00,500000.00,563358.72,12,12,12,12,12,0.070420,0.9196,0.9747
257812.00,250000.00,255580.90,11,11,11,11,11,0.031948,0.9082,0.9818
335938.00,250000.00,223535.54,12,11,11,11,11,0.027942,0.9072,0.6625
335938.00,250000.00,334531.78,12,11,12,11,12,0.041816,0.8965,0.9637
257812.00,250000.00,286466.60,11,11,11,11,11,0.035808,0.8870,0.8935
148438.00,125000.00,131431.58,12,12,12,12,12,0.016429,0.8083,0.7675
148438.00,125000.00,151924.13,12,11,12,11,12,0.018991,0.7623,0.9487
257812.00,250000.00,255655.05,11,11,11,11,11,0.031957,0.9503,0.9730
257812.00,250000.00,260176.66,11,11,11,11,11,0.032522,0.9429,0.9830
335938.00,250000.00,335582.73,12,11,12,11,12,0.041948,0.9390,0.9360
335938.00,250000.00,340666.77,12,11,12,11,12,0.042583,0.9233,0.9014
335938.00,250000.00,339238.17,12,11,12,11,12,0.042405,0.8923,0.9509
335938.00,250000.00,335046.29,12,11,12,11,12,0.041881,0.8913,0.9489
554688.00,500000.00,460020.07,12,12,12,12,12,0.057503,0.8426,0.7918
148438.00,125000.00,147121.43,12,12,12,12,12,0.018390,0.8364,0.9779
148438.00,125000.00,142880.92,12,11,11,11,11,0.017860,0.7459,0.8099
257812.00,250000.00,255840.30,11,11,11,11,11,0.031980,0.9657,0.9718
554688.00,500000.00,552545.31,12,12,12,12,12,0.069068,0.9561,0.9942
554688.00,500000.00,550406.46,12,12,12,12,12,0.068801,0.9559,0.9733
554688.00,500000.00,549322.13,12,12,12,12,12,0.068665,0.9457,0.9837
257812.00,250000.00,255292.89,11,11,11,11,11,0.031912,0.9437,0.9833
335938.00,250000.00,341621.40,12,11,12,11,12,0.042703,0.9413,0.9824
554688.00,500000.00,554879.19,12,12,12,12,12,0.069360,0.9408,0.9675
257812.00,250000.00,255641.94,11,11,11,11,11,0.031955,0.9298,0.9782
257812.00,250000.00,253484.49,11,11,11,11,11,0.031686,0.9298,0.9785
335938.00,250000.00,339011.19,12,11,12,11,12,0.042376,0.9119,0.9749
335938.00,250000.00,357693.67,12,11,12,11,12,0.044712,0.7935,0.8931
554688.00,500000.00,556695.94,12,12,12,12,12,0.069587,0.9590,0.9933
257812.00,250000.00,258476.26,11,11,11,11,11,0.032310,0.9554,0.9756
554688.00,500000.00,555469.51,12,12,12,12,12,0.069434,0.9456,0.9869
335938.00,250000.00,340727.06,12,11,12,11,12,0.042591,0.9447,0.9804
257812.00,250000.00,258698.46,11,11,11,11,11,0.032337,0.9217,0.9688
335938.00,250000.00,332279.21,12,11,12,11,12,0.041535,0.9158,0.9727
148438.00,125000.00,140778.54,12,11,11,11,11,0.017597,0.9009,0.9465
148438.00,125000.00,137720.11,12,12,12,12,12,0.017215,0.7941,0.9078
148438.00,125000.00,145503.04,12,12,12,12,12,0.018188,0.7729,0.9704
148438.00,125000.00,152357.10,12,11,12,11,12,0.019045,0.7049,0.9633
726562.00,500000.00,722859.38,12,11,12,11,12,0.090357,0.9730,0.9691
554688.00,500000.00,552732.23,11,11,11,11,11,0.069092,0.9645,0.9864
554688.00,500000.00,554090.50,11,11,11,11,11,0.069261,0.9622,0.9915
304688.00,250000.00,303070.07,12,11,12,11,12,0.037884,0.9443,0.9839
304688.00,250000.00,310407.64,12,11,12,11,12,0.038801,0.8991,0.9682
554688.00,500000.00,611309.05,11,11,12,11,12,0.076414,0.8889,0.8776
726562.00,500000.00,728185.65,12,11,12,11,12,0.091023,0.8650,0.9600
304688.00,250000.00,304976.88,12,11,12,11,12,0.038122,0.8574,0.9964
304688.00,250000.00,307967.19,12,12,13,12,13,0.038496,0.8354,0.9781
554688.00,500000.00,560415.27,11,11,11,11,11,0.070052,0.7701,0.9586
726562.00,500000.00,719357.49,12,11,12,11,12,0.089920,0.9623,0.9576
554688.00,500000.00,549023.63,11,11,11,11,11,0.068628,0.9553,0.9824
304688.00,250000.00,305276.87,12,11,12,11,12,0.038160,0.9494,0.9491
726562.00,500000.00,721071.24,12,11,12,11,12,0.090134,0.9457,0.9866
726562.00,500000.00,725248.34,12,11,12,11,12,0.090656,0.9419,0.9667
726562.00,500000.00,726420.16,12,11,12,11,12,0.090803,0.9360,0.9804
554688.00,500000.00,560544.97,11,11,11,11,11,0.070068,0.9119,0.9304
726562.00,500000.00,701015.95,12,11,12,11,12,0.087627,0.8844,0.9521
304688.00,250000.00,304694.18,12,11,12,11,12,0.038087,0.8552,0.9875
726562.00,500000.00,732233.05,12,11,12,11,12,0.091529,0.8503,0.9379
726562.00,500000.00,732357.98,12,11,12,11,12,0.091545,0.8395,0.7649
726562.00,500000.00,676460.27,12,11,12,11,12,0.084558,0.8077,0.8929
554688.00,500000.00,558502.20,11,11,11,11,11,0.069813,0.9450,0.9767
726562.00,500000.00,720160.48,12,11,12,11,12,0.090020,0.9442,0.9673
554688.00,500000.00,555996.89,11,11,11,11,11,0.069500,0.9404,0.9699
726562.00,500000.00,728076.93,12,11,12,11,12,0.091010,0.9374,0.9816
554688.00,500000.00,562143.33,11,11,11,11,11,0.070268,0.9374,0.9670
726562.00,500000.00,726318.36,12,11,12,11,12,0.090790,0.9318,0.9752
304688.00,250000.00,303327.56,12,11,12,11,12,0.037916,0.9192,0.9531
304688.00,250000.00,304693.70,12,11,12,11,12,0.038087,0.9105,0.9616
726562.00,500000.00,700085.64,12,11,12,11,12,0.087511,0.7285,0.9419
304688.00,250000.00,268110.04,12,11,11,11,11,0.033514,0.7085,0.6901
726562.00,500000.00,716397.29,12,11,12,11,12,0.089550,0.9632,0.9762
726562.00,500000.00,719469.61,12,11,12,11,12,0.089934,0.9620,0.9828
726562.00,500000.00,706724.17,12,11,12,11,12,0.088341,0.9578,0.9462
554688.00,500000.00,549830.91,11,11,11,11,11,0.068729,0.9530,0.9840
726562.00,500000.00,710273.50,12,11,12,11,12,0.088784,0.9328,0.9423
554688.00,500000.00,542401.31,11,11,11,11,11,0.067800,0.9266,0.9686
304688.00,250000.00,301015.62,12,12,13,12,13,0.037627,0.8913,0.9866
726562.00,500000.00,722097.52,12,11,12,11,12,0.090262,0.8819,0.7111
726562.00,500000.00,659199.24,12,11,12,11,12,0.082400,0.7983,0.6912
523438.00,500000.00,523515.46,11,11,11,11,11,0.065439,0.9392,0.9712
179688.00,125000.00,176338.20,12,11,12,11,12,0.022042,0.9331,0.9406
523438.00,500000.00,515552.52,11,11,11,11,11,0.064444,0.9141,0.9790
179688.00,125000.00,166536.33,12,11,12,11,12,0.020817,0.8900,0.9256
148438.00,125000.00,143228.05,10,10,10,10,10,0.017904,0.8667,0.9621
164062.00,250000.00,160428.05,9,10,10,9,9,0.020054,0.8365,0.9660
164062.00,125000.00,160093.31,9,9,10,9,10,0.020012,0.8085,0.9677
164062.00,250000.00,163909.91,9,10,10,9,9,0.020489,0.7402,0.9547
164062.00,250000.00,163954.26,9,10,10,9,9,0.020494,0.7245,0.9297
179688.00,125000.00,176491.74,12,11,12,11,12,0.022061,0.7136,0.7732
523438.00,500000.00,517889.02,11,11,11,11,11,0.064736,0.9518,0.9779
523438.00,500000.00,522476.20,11,11,11,11,11,0.065310,0.9457,0.9910
179688.00,125000.00,174594.16,12,11,12,11,12,0.021824,0.9205,0.9010
523438.00,500000.00,527669.91,11,11,11,11,11,0.065959,0.8737,0.9462
179688.00,125000.00,175280.57,12,11,12,11,12,0.021910,0.8370,0.9669
179688.00,125000.00,163941.86,12,11,12,11,12,0.020493,0.7451,0.9060
179688.00,125000.00,178797.72,12,11,12,11,12,0.022350,0.7277,0.7844
523438.00,500000.00,519158.36,11,11,11,11,11,0.064895,0.9605,0.9796
523438.00,500000.00,520858.76,11,11,11,11,11,0.065107,0.9568,0.9893
523438.00,500000.00,528591.16,11,11,11,11,11,0.066074,0.9417,0.9753
148438.00,125000.00,148758.65,10,10,11,10,11,0.018595,0.8462,0.8756
179688.00,125000.00,155062.20,12,11,12,11,12,0.019383,0.8438,0.8533
164062.00,250000.00,174905.78,9,10,10,9,9,0.021863,0.7815,0.8771
148438.00,125000.00,148817.06,10,10,11,10,11,0.018602,0.7592,0.9657
523438.00,500000.00,524191.38,11,11,11,11,11,0.065524,0.9581,0.9884
523438.00,500000.00,522707.46,11,11,11,11,11,0.065338,0.9493,0.9891
523438.00,500000.00,517341.85,11,11,11,11,11,0.064668,0.9430,0.9857
148438.00,125000.00,146806.72,10,10,10,10,10,0.018351,0.8482,0.9798
148438.00,125000.00,145966.29,10,10,10,10,10,0.018246,0.8068,0.9657
179688.00,125000.00,170272.83,12,11,12,11,12,0.021284,0.8019,0.9417
148438.00,125000.00,148412.23,10,9,9,9,9,0.018552,0.7832,0.9859
148438.00,125000.00,149685.86,10,10,11,10,11,0.018711,0.7680,0.9555
164062.00,250000.00,164361.95,9,10,10,9,9,0.020545,0.7515,0.9387
164062.00,250000.00,165669.44,9,10,10,9,9,0.020709,0.7164,0.9230
242188.00,250000.00,242242.81,10,10,10,10,10,0.030280,0.9542,0.9854
210938.00,250000.00,218479.16,12,12,12,12,12,0.027310,0.9463,0.9511
242188.00,250000.00,243268.97,10,10,10,10,10,0.030409,0.9415,0.9808
210938.00,250000.00,216282.37,9,10,10,10,10,0.027035,0.9383,0.9518
210938.00,250000.00,212856.29,9,10,10,10,10,0.026607,0.9248,0.9627
210938.00,250000.00,217479.23,9,10,10,10,10,0.027185,0.9235,0.9521
210938.00,250000.00,219653.13,12,12,12,12,12,0.027457,0.9063,0.9585
179688.00,125000.00,175041.20,12,11,12,11,12,0.021880,0.9048,0.9573
210938.00,250000.00,219732.28,12,12,12,12,12,0.027467,0.8919,0.9392
179688.00,125000.00,180677.41,12,11,12,11,12,0.022585,0.8908,0.9785
179688.00,125000.00,184807.78,12,11,12,11,12,0.023101,0.8704,0.9721
179688.00,125000.00,183184.62,12,11,12,11,12,0.022898,0.8384,0.9056
210938.00,250000.00,220021.25,12,12,12,12,12,0.027503,0.9504,0.9492
242188.00,250000.00,244483.47,10,10,10,10,10,0.030560,0.9453,0.9497
242188.00,250000.00,239736.56,10,10,10,10,10,0.029967,0.9432,0.9852
179688.00,125000.00,179864.88,12,11,12,11,12,0.022483,0.9425,0.9368
210938.00,250000.00,212898.02,9,10,10,10,10,0.026612,0.9399,0.9869
242188.00,250000.00,244626.05,10,10,10,10,10,0.030578,0.9378,0.9808
242188.00,250000.00,241252.36,10,10,10,10,10,0.030157,0.9325,0.9892
210938.00,250000.00,212665.56,9,10,10,10,10,0.026583,0.9283,0.9562
210938.00,250000.00,211816.79,9,10,10,10,10,0.026477,0.9176,0.9564
210938.00,250000.00,217203.14,9,10,10,10,10,0.027150,0.9122,0.9281
179688.00,125000.00,178385.97,12,11,12,11,12,0.022298,0.9085,0.8767
210938.00,250000.00,212684.39,12,12,12,12,12,0.026586,0.8998,0.9521
210938.00,250000.00,212950.71,9,10,10,10,10,0.026619,0.8851,0.9537
210938.00,250000.00,210639.95,12,12,12,12,12,0.026330,0.8507,0.9839
210938.00,250000.00,220610.62,12,12,12,12,12,0.027576,0.8404,0.9517
179688.00,125000.00,180279.73,12,11,12,11,12,0.022535,0.7789,0.9719
242188.00,250000.00,240990.64,10,10,10,10,10,0.030124,0.9453,0.9887
242188.00,250000.00,249234.20,10,10,10,10,10,0.031154,0.9430,0.9628
242188.00,250000.00,241777.18,10,10,10,10,10,0.030222,0.9430,0.9871
210938.00,250000.00,210371.02,9,10,10,10,10,0.026296,0.9309,0.9595
210938.00,250000.00,213209.15,9,10,10,10,10,0.026651,0.8894,0.9762
242188.00,250000.00,241686.58,10,10,10,10,10,0.030211,0.9531,0.9798
242188.00,250000.00,243293.76,10,10,10,10,10,0.030412,0.9373,0.9749
210938.00,250000.00,206994.06,9,10,10,9,9,0.025874,0.9281,0.9791
210938.00,250000.00,217173.58,12,12,12,12,12,0.027147,0.9098,0.9498
210938.00,250000.00,215406.92,12,12,12,12,12,0.026926,0.9059,0.9729
179688.00,125000.00,177350.04,12,11,12,11,12,0.022169,0.8945,0.9127
210938.00,250000.00,216082.57,12,12,12,12,12,0.027010,0.8760,0.9719
179688.00,125000.00,178183.79,12,11,12,11,12,0.022273,0.8538,0.9365
179688.00,125000.00,180035.59,12,11,12,11,12,0.022504,0.8514,0.9427
179688.00,125000.00,172080.99,12,11,12,11,12,0.021510,0.7784,0.9187
710938.00,500000.00,703500.63,12,11,12,11,12,0.087938,0.9602,0.9886
273438.00,250000.00,275369.64,11,11,11,11,11,0.034421,0.9597,0.9600
710938.00,500000.00,705648.42,12,11,12,11,12,0.088206,0.9473,0.9809
273438.00,250000.00,270822.53,11,11,11,11,11,0.033853,0.9238,0.9640
710938.00,500000.00,710010.53,12,11,12,11,12,0.088751,0.9194,0.9832
210938.00,250000.00,222860.34,11,11,11,11,11,0.027858,0.9050,0.9308
304688.00,250000.00,306307.79,10,10,11,10,11,0.038288,0.8894,0.9908
304688.00,250000.00,310826.30,10,10,11,10,11,0.038853,0.8893,0.9788
304688.00,250000.00,309161.19,10,10,11,10,11,0.038645,0.8618,0.9677
710938.00,500000.00,662622.45,12,11,12,11,12,0.082828,0.8141,0.9105
273438.00,250000.00,273604.04,11,11,11,11,11,0.034201,0.9597,0.9974
273438.00,250000.00,276855.05,11,11,11,11,11,0.034607,0.9531,0.9854
273438.00,250000.00,271424.29,11,11,11,11,11,0.033928,0.9436,0.9802
273438.00,250000.00,264001.85,11,11,11,11,11,0.033000,0.9345,0.9623
304688.00,250000.00,307073.59,10,10,11,10,11,0.038384,0.9297,0.9877
304688.00,250000.00,300164.22,10,10,11,10,11,0.037521,0.9266,0.9742
710938.00,500000.00,695032.12,12,11,12,11,12,0.086879,0.8872,0.9663
710938.00,500000.00,659833.91,12,11,12,11,12,0.082479,0.8011,0.9086
273438.00,250000.00,273456.34,11,11,11,11,11,0.034182,0.9556,0.9964
273438.00,250000.00,269688.25,11,11,11,11,11,0.033711,0.9502,0.9786
273438.00,250000.00,273282.05,11,11,11,11,11,0.034160,0.9268,0.9760
710938.00,500000.00,638543.13,12,11,12,11,12,0.079818,0.9261,0.8883
304688.00,250000.00,307706.83,10,10,11,10,11,0.038463,0.9261,0.9860
210938.00,250000.00,217859.27,11,11,11,11,11,0.027232,0.7612,0.9673
710938.00,500000.00,706299.07,12,11,12,11,12,0.088287,0.9551,0.9860
273438.00,250000.00,276568.41,11,11,11,11,11,0.034571,0.9549,0.9870
210938.00,250000.00,218385.70,11,11,11,11,11,0.027298,0.9543,0.9541
304688.00,250000.00,306217.19,10,10,11,10,11,0.038277,0.9526,0.9939
304688.00,250000.00,308157.92,10,10,11,10,11,0.038520,0.9506,0.9759
710938.00,500000.00,693665.50,12,11,12,11,12,0.086708,0.9482,0.9449
273438.00,250000.00,273828.51,11,11,11,11,11,0.034229,0.9434,0.9862
304688.00,250000.00,305193.90,10,10,11,10,11,0.038149,0.9409,0.9709
304688.00,250000.00,303035.74,10,10,11,10,11,0.037879,0.9244,0.9743
304688.00,250000.00,310071.47,10,10,11,10,11,0.038759,0.9244,0.9778
710938.00,500000.00,718864.20,12,11,12,11,12,0.089858,0.9050,0.9444
710938.00,500000.00,713558.20,12,11,12,11,12,0.089195,0.8766,0.9738
210938.00,250000.00,212628.90,11,11,11,11,11,0.026579,0.8445,0.9642
382812.00,250000.00,386532.78,12,11,12,11,12,0.048317,0.9516,0.9790
554688.00,500000.00,551063.54,11,11,11,11,11,0.068883,0.9511,0.9821
382812.00,250000.00,377416.61,12,11,12,11,12,0.047177,0.9267,0.9556
554688.00,500000.00,566392.90,11,11,11,11,11,0.070799,0.9199,0.9194
382812.00,250000.00,384694.10,12,11,12,11,12,0.048087,0.9075,0.9764
382812.00,250000.00,379066.47,12,11,12,11,12,0.047383,0.9030,0.9811
382812.00,250000.00,305156.71,12,11,12,11,12,0.038145,0.8835,0.7848
117188.00,125000.00,119621.28,11,11,11,11,11,0.014953,0.7294,0.8143
554688.00,500000.00,556048.63,11,11,11,11,11,0.069506,0.9473,0.9955
164062.00,125000.00,166072.83,10,9,10,9,10,0.020759,0.9129,0.9843
117188.00,125000.00,120134.35,11,11,11,11,11,0.015017,0.9091,0.9530
117188.00,125000.00,117449.82,11,11,11,11,11,0.014681,0.8977,0.9810
117188.00,125000.00,116426.47,11,11,11,11,11,0.014553,0.8918,0.9636
554688.00,500000.00,555657.39,11,11,11,11,11,0.069457,0.8696,0.9716
382812.00,250000.00,338804.75,12,11,12,11,12,0.042351,0.8547,0.8252
117188.00,125000.00,122492.31,11,11,11,11,11,0.015312,0.7557,0.8304
554688.00,500000.00,556071.28,11,11,11,11,11,0.069509,0.9689,0.9925
554688.00,500000.00,552949.43,11,11,11,11,11,0.069119,0.9576,0.9578
382812.00,250000.00,385117.53,12,11,12,11,12,0.048140,0.9328,0.9771
164062.00,125000.00,167872.97,10,9,10,9,10,0.020984,0.8854,0.9654
117188.00,125000.00,102384.57,11,11,11,10,10,0.012798,0.7776,0.8353
554688.00,500000.00,546866.18,11,11,11,11,11,0.068358,0.9308,0.9764
382812.00,250000.00,386116.98,12,11,12,11,12,0.048265,0.9279,0.9708
554688.00,500000.00,565634.73,11,11,11,11,11,0.070704,0.9161,0.9140
117188.00,125000.00,119612.69,11,11,11,11,11,0.014952,0.9136,0.9315
382812.00,250000.00,387270.45,12,11,12,11,12,0.048409,0.9020,0.9874
554688.00,500000.00,545751.57,11,11,11,11,11,0.068219,0.8990,0.9807
117188.00,125000.00,125991.82,11,11,11,11,11,0.015749,0.8579,0.8522
164062.00,125000.00,165897.37,10,9,10,9,10,0.020737,0.8564,0.9169
164062.00,125000.00,170901.78,10,9,10,9,10,0.021363,0.8442,0.9516
117188.00,125000.00,123044.97,11,11,11,11,11,0.015381,0.8040,0.8338
164062.00,250000.00,196444.03,10,11,11,10,10,0.024556,0.7971,0.7344
773438.00,500000.00,762648.58,12,11,12,11,12,0.095331,0.9511,0.9814
429688.00,500000.00,433218.96,10,11,11,11,11,0.054152,0.9379,0.9888
429688.00,500000.00,440998.08,10,11,11,11,11,0.055125,0.9371,0.9570
195312.00,250000.00,195539.47,9,10,10,9,9,0.024442,0.9156,0.9945
195312.00,250000.00,216207.50,9,10,10,10,10,0.027026,0.8989,0.8984
773438.00,500000.00,713042.26,12,11,12,11,12,0.089130,0.8963,0.9156
195312.00,250000.00,196082.71,9,10,10,9,9,0.024510,0.8957,0.9630
773438.00,500000.00,721078.87,12,11,12,11,12,0.090135,0.8866,0.9186
320312.00,500000.00,342537.88,10,11,11,10,10,0.042817,0.8376,0.9303
320312.00,250000.00,327257.16,10,10,11,10,11,0.040907,0.7400,0.9709
429688.00,500000.00,438961.03,10,11,11,11,11,0.054870,0.9473,0.9562
773438.00,500000.00,717819.21,12,11,12,11,12,0.089727,0.9387,0.9258
773438.00,500000.00,766446.59,12,11,12,11,12,0.095806,0.9373,0.9672
429688.00,500000.00,427867.89,10,11,11,11,11,0.053483,0.9328,0.9924
195312.00,250000.00,197012.90,9,10,10,9,9,0.024627,0.9037,0.9431
195312.00,250000.00,195114.14,9,10,10,9,9,0.024389,0.8848,0.9572
320312.00,500000.00,322182.30,10,11,11,10,10,0.040273,0.8685,0.9845
429688.00,500000.00,455986.02,10,11,11,11,11,0.056998,0.8203,0.9363
773438.00,500000.00,747058.87,12,11,12,11,12,0.093382,0.8112,0.9144
429688.00,500000.00,431795.12,10,11,11,11,11,0.053974,0.9594,0.9684
429688.00,500000.00,435675.62,10,11,11,11,11,0.054459,0.9456,0.9809
773438.00,500000.00,750896.45,12,11,12,11,12,0.093862,0.9357,0.9699
773438.00,500000.00,733274.46,12,11,12,11,12,0.091659,0.9042,0.9456
320312.00,500000.00,335422.52,10,11,11,10,10,0.041928,0.8935,0.9526
320312.00,250000.00,324254.04,10,10,11,10,11,0.040532,0.8686,0.9761
195312.00,250000.00,195625.31,9,10,10,9,9,0.024453,0.8177,0.9469
773438.00,500000.00,696430.21,12,11,12,11,12,0.087054,0.7205,0.7150
195312.00,250000.00,198245.05,9,10,10,9,9,0.024781,0.9075,0.9728
429688.00,500000.00,417526.01,10,11,11,10,10,0.052191,0.9041,0.9504
429688.00,500000.00,426614.76,10,11,11,11,11,0.053327,0.9013,0.9451
195312.00,250000.00,194305.42,9,10,10,9,9,0.024288,0.9002,0.9427
195312.00,250000.00,199419.98,9,10,10,9,9,0.024927,0.8998,0.9502
320312.00,250000.00,317416.67,10,10,11,10,11,0.039677,0.8303,0.9855
195312.00,250000.00,309072.02,9,10,11,10,11,0.038634,0.8252,0.6229
242188.00,250000.00,239610.67,12,12,12,12,12,0.029951,0.9438,0.9753
242188.00,250000.00,243947.39,12,12,12,12,12,0.030493,0.9407,0.9835
101562.00,125000.00,112158.78,10,11,11,11,11,0.014020,0.8585,0.8976
101562.00,125000.00,119870.19,12,12,12,12,12,0.014984,0.8497,0.8279
382812.00,250000.00,387506.48,11,10,11,10,11,0.048438,0.8294,0.9628
101562.00,125000.00,114643.41,10,10,10,10,10,0.014330,0.7584,0.8854
382812.00,500000.00,386693.00,11,12,12,11,11,0.048337,0.7547,0.9868
382812.00,250000.00,385809.90,11,10,11,10,11,0.048226,0.7527,0.9637
101562.00,125000.00,127913.48,10,11,11,11,11,0.015989,0.7418,0.7761
242188.00,250000.00,246273.99,12,12,12,12,12,0.030784,0.9565,0.9650
242188.00,250000.00,245710.37,12,12,12,12,12,0.030714,0.9440,0.9156
242188.00,250000.00,235755.92,12,12,12,12,12,0.029469,0.9427,0.9670
382812.00,250000.00,384856.22,11,10,11,10,11,0.048107,0.8721,0.9744
101562.00,125000.00,108355.52,10,10,10,10,10,0.013544,0.8470,0.9330
101562.00,125000.00,116918.80,10,10,10,10,10,0.014615,0.8276,0.8291
101562.00,125000.00,127559.66,12,12,12,12,12,0.015945,0.8101,0.7943
101562.00,125000.00,106577.87,10,10,10,10,10,0.013322,0.7956,0.9088
242188.00,250000.00,239315.03,12,12,12,12,12,0.029914,0.9646,0.9854
242188.00,250000.00,245160.10,12,12,12,12,12,0.030645,0.9522,0.9742
242188.00,250000.00,244689.94,12,12,12,12,12,0.030586,0.9371,0.9884
242188.00,250000.00,243695.26,12,12,12,12,12,0.030462,0.9331,0.9741
101562.00,125000.00,120265.96,12,12,12,12,12,0.015033,0.8444,0.8421
101562.00,125000.00,111293.79,10,11,11,11,11,0.013912,0.8181,0.9048
101562.00,125000.00,115001.68,12,12,12,12,12,0.014375,0.8104,0.8811
242188.00,250000.00,243012.43,12,12,12,12,12,0.030377,0.9535,0.9805
242188.00,250000.00,243850.71,12,12,12,12,12,0.030481,0.9362,0.9325
101562.00,125000.00,109556.20,10,10,10,10,10,0.013695,0.8903,0.9232
101562.00,125000.00,134733.20,12,12,12,12,12,0.016842,0.8276,0.7166
382812.00,500000.00,384593.96,11,12,12,11,11,0.048074,0.7422,0.9755
101562.00,125000.00,109275.82,10,10,10,10,10,0.013659,0.7361,0.7595
492188.00,500000.00,496655.02,11,11,11,11,11,0.062082,0.9511,0.8555
273438.00,250000.00,274090.77,12,12,12,12,12,0.034261,0.9457,0.9401
164062.00,125000.00,154732.70,12,11,12,11,12,0.019342,0.9224,0.9431
164062.00,125000.00,156963.35,12,11,12,11,12,0.019620,0.9202,0.9519
164062.00,125000.00,157160.76,12,11,12,11,12,0.019645,0.9029,0.9564
789062.00,500000.00,761646.27,12,11,12,11,12,0.095206,0.8947,0.9642
492188.00,500000.00,499059.68,11,11,11,11,11,0.062382,0.9506,0.9824
273438.00,250000.00,273166.42,12,12,12,12,12,0.034146,0.9485,0.9891
492188.00,500000.00,495943.07,11,11,11,11,11,0.061993,0.9443,0.9625
789062.00,500000.00,769006.73,12,11,12,11,12,0.096126,0.9407,0.9468
164062.00,125000.00,163845.54,12,11,12,11,12,0.020481,0.9347,0.9383
789062.00,500000.00,782257.08,12,11,12,11,12,0.097782,0.9111,0.9453
492188.00,500000.00,514821.05,11,11,11,11,11,0.064353,0.9110,0.9120
789062.00,500000.00,711027.15,12,11,12,11,12,0.088878,0.9004,0.8610
789062.00,500000.00,759399.41,12,11,12,11,12,0.094925,0.9003,0.9346
273438.00,250000.00,271472.93,12,12,12,12,12,0.033934,0.8960,0.9576
273438.00,250000.00,338544.37,12,12,13,12,13,0.042318,0.8281,0.7661
789062.00,500000.00,693072.32,12,11,12,11,12,0.086634,0.7944,0.8548
164062.00,125000.00,154978.75,12,11,12,11,12,0.019372,0.7881,0.9372
492188.00,500000.00,549470.90,11,11,11,11,11,0.068684,0.7675,0.8747
273438.00,250000.00,268316.27,12,12,12,12,12,0.033540,0.9632,0.9769
273438.00,250000.00,271018.98,12,12,12,12,12,0.033877,0.9619,0.9571
492188.00,500000.00,489548.92,11,11,11,11,11,0.061194,0.9522,0.9793
273438.00,250000.00,269068.72,12,12,12,12,12,0.033634,0.9513,0.9788
492188.00,500000.00,497179.03,11,11,11,11,11,0.062147,0.9508,0.9826
492188.00,500000.00,491428.38,11,11,11,11,11,0.061429,0.9499,0.9884
273438.00,250000.00,268472.67,12,12,12,12,12,0.033559,0.9499,0.9759
273438.00,250000.00,269591.33,12,12,12,12,12,0.033699,0.9477,0.9852
164062.00,125000.00,162043.09,12,11,12,11,12,0.020255,0.9261,0.9423
164062.00,125000.00,166966.44,12,11,12,11,12,0.020871,0.9158,0.9673
789062.00,500000.00,717021.47,12,11,12,11,12,0.089628,0.8712,0.8903
492188.00,500000.00,499537.47,11,11,11,11,11,0.062442,0.9596,0.9761
273438.00,250000.00,274263.14,12,12,12,12,12,0.034283,0.9416,0.9954
164062.00,125000.00,163645.74,12,11,12,11,12,0.020456,0.9226,0.9625
789062.00,500000.00,744697.57,12,11,12,11,12,0.093087,0.9132,0.9381
273438.00,250000.00,269752.98,12,12,12,12,12,0.033719,0.9129,0.9691
492188.00,500000.00,509394.41,11,11,11,11,11,0.063674,0.9099,0.9300
164062.00,125000.00,163979.53,12,11,12,11,12,0.020497,0.9074,0.9860
789062.00,500000.00,699873.69,12,11,12,11,12,0.087484,0.8996,0.8745
789062.00,500000.00,747843.74,12,11,12,11,12,0.093480,0.8972,0.9322
164062.00,125000.00,160991.67,12,11,12,11,12,0.020124,0.8654,0.9746
789062.00,500000.00,739551.54,12,11,12,11,12,0.092444,0.7963,0.9158
445312.00,500000.00,434588.19,10,11,11,11,11,0.054324,0.9550,0.9673
648438.00,500000.00,636103.63,12,11,12,11,12,0.079513,0.9481,0.9742
445312.00,500000.00,439373.02,10,11,11,11,11,0.054922,0.9428,0.9795
648438.00,500000.00,636333.47,12,12,13,12,13,0.079542,0.9422,0.9594
195312.00,250000.00,198207.86,9,10,10,9,9,0.024776,0.9411,0.9758
132812.00,125000.00,132660.87,9,9,9,9,9,0.016583,0.9338,0.9698
195312.00,250000.00,194561.00,9,10,10,9,9,0.024320,0.9281,0.9704
195312.00,250000.00,193600.65,9,10,10,9,9,0.024200,0.9234,0.9609
195312.00,250000.00,185495.79,9,10,10,9,9,0.023187,0.8907,0.9426
132812.00,125000.00,129825.35,9,9,9,9,9,0.016228,0.8483,0.8449
648438.00,500000.00,624947.55,12,11,12,11,12,0.078118,0.7559,0.7922
195312.00,250000.00,203141.21,9,10,10,9,9,0.025393,0.7251,0.9361
648438.00,500000.00,654687.88,12,11,12,11,12,0.081836,0.9646,0.9883
445312.00,500000.00,452167.03,10,11,11,11,11,0.056521,0.9569,0.9767
445312.00,500000.00,445344.92,10,11,11,11,11,0.055668,0.9419,0.9806
445312.00,500000.00,450049.40,10,11,11,11,11,0.056256,0.9330,0.9635
132812.00,125000.00,132579.33,9,9,9,9,9,0.016572,0.9299,0.9862
648438.00,500000.00,650512.70,12,11,12,11,12,0.081314,0.9268,0.9669
648438.00,500000.00,640356.06,12,11,12,11,12,0.080045,0.9172,0.9800
445312.00,500000.00,443025.59,10,11,11,11,11,0.055378,0.9126,0.9812
195312.00,250000.00,201166.15,9,10,10,9,9,0.025146,0.9079,0.9507
132812.00,125000.00,129654.88,9,9,9,9,9,0.016207,0.9071,0.9209
195312.00,250000.00,211274.52,9,10,10,10,10,0.026409,0.8488,0.8954
445312.00,500000.00,442126.27,10,11,11,11,11,0.055266,0.9448,0.9678
648438.00,500000.00,649618.63,12,11,12,11,12,0.081202,0.9445,0.9874
132812.00,125000.00,133286.00,9,9,9,9,9,0.016661,0.9420,0.9818
132812.00,125000.00,130806.92,9,9,9,9,9,0.016351,0.9328,0.9727
132812.00,125000.00,130689.62,9,9,9,9,9,0.016336,0.9270,0.9719
648438.00,500000.00,657332.90,12,11,12,11,12,0.082167,0.9171,0.9682
648438.00,500000.00,653640.75,12,11,12,11,12,0.081705,0.9105,0.9360
648438.00,500000.00,638648.99,12,11,12,11,12,0.079831,0.8993,0.9625
445312.00,500000.00,494893.07,10,11,11,11,11,0.061862,0.8601,0.8735
195312.00,250000.00,192173.00,9,10,10,9,9,0.024022,0.8129,0.9325
445312.00,500000.00,446407.79,10,11,11,11,11,0.055801,0.9405,0.9748
195312.00,250000.00,199693.92,9,10,10,9,9,0.024962,0.9369,0.9671
648438.00,500000.00,643871.31,12,11,12,11,12,0.080484,0.9328,0.9879
132812.00,125000.00,133482.93,9,9,9,9,9,0.016685,0.9127,0.9492
445312.00,500000.00,472370.03,10,11,11,11,11,0.059046,0.9101,0.9290
195312.00,250000.00,200383.19,9,10,10,9,9,0.025048,0.8388,0.9183
195312.00,250000.00,190098.76,9,10,10,9,9,0.023762,0.8182,0.9577
132812.00,125000.00,129916.19,9,9,9,9,9,0.016240,0.7603,0.7838
539062.00,500000.00,536358.83,11,11,11,11,11,0.067045,0.9658,0.9787
539062.00,500000.00,545972.35,11,11,11,11,11,0.068247,0.9413,0.9815
539062.00,500000.00,567169.19,11,11,11,11,11,0.070896,0.9211,0.9368
367188.00,250000.00,367004.39,11,10,11,10,11,0.045876,0.8916,0.9792
617188.00,500000.00,618783.95,11,11,12,11,12,0.077348,0.8165,0.9709
367188.00,250000.00,372475.62,11,10,11,10,11,0.046559,0.7284,0.9751
539062.00,500000.00,544446.59,11,11,11,11,11,0.068056,0.9647,0.9875
539062.00,500000.00,542901.04,11,11,11,11,11,0.067863,0.9454,0.9880
539062.00,500000.00,533517.84,11,11,11,11,11,0.066690,0.9325,0.9874
617188.00,500000.00,572941.06,11,11,11,11,11,0.071618,0.9257,0.7681
367188.00,250000.00,368790.63,11,10,11,10,11,0.046099,0.9144,0.9871
367188.00,250000.00,364862.44,11,10,11,10,11,0.045608,0.8843,0.9840
539062.00,500000.00,547760.96,11,11,11,11,11,0.068470,0.9478,0.9595
539062.00,500000.00,517403.84,11,11,11,11,11,0.064675,0.9407,0.9577
367188.00,250000.00,368464.71,11,10,11,10,11,0.046058,0.9074,0.9873
367188.00,250000.00,371902.47,11,10,11,10,11,0.046488,0.8976,0.9758
367188.00,250000.00,369888.31,11,10,11,10,11,0.046236,0.8695,0.9698
789062.00,500000.00,539111.97,11,11,11,11,11,0.067389,0.8494,0.6787
367188.00,250000.00,370200.16,11,10,11,10,11,0.046275,0.7689,0.9590
539062.00,500000.00,544475.56,11,11,11,11,11,0.068059,0.9649,0.9855
539062.00,500000.00,543869.02,11,11,11,11,11,0.067984,0.9551,0.9614
539062.00,500000.00,544105.53,11,11,11,11,11,0.068013,0.9330,0.9735
617188.00,500000.00,612490.65,11,11,12,11,12,0.076561,0.9139,0.9552
367188.00,250000.00,364043.24,11,10,11,10,11,0.045505,0.8935,0.9902
617188.00,500000.00,596538.54,11,11,12,11,12,0.074567,0.8452,0.9617
617188.00,500000.00,517835.62,11,11,11,11,11,0.064729,0.8341,0.8040
617188.00,500000.00,580597.88,11,11,11,11,11,0.072575,0.8153,0.9336
617188.00,500000.00,482703.21,11,11,11,11,11,0.060338,0.7993,0.7785
367188.00,250000.00,373066.90,11,10,11,10,11,0.046633,0.7749,0.9437
367188.00,250000.00,374695.78,11,10,11,10,11,0.046837,0.7261,0.9681
476562.00,500000.00,474357.60,12,12,12,12,12,0.059295,0.9675,0.9723
320312.00,250000.00,338080.41,12,11,12,11,12,0.042260,0.9460,0.9468
476562.00,500000.00,478523.25,12,12,12,12,12,0.059815,0.9338,0.9929
320312.00,250000.00,297108.65,10,10,10,10,10,0.037139,0.9196,0.9161
320312.00,250000.00,319285.39,10,10,11,10,11,0.039911,0.9170,0.9601
476562.00,500000.00,482710.84,12,12,12,12,12,0.060339,0.9014,0.9690
148438.00,125000.00,148554.80,11,11,11,11,11,0.018569,0.8460,0.9565
148438.00,125000.00,144071.58,11,11,11,11,11,0.018009,0.8292,0.9685
476562.00,500000.00,486683.43,12,12,12,12,12,0.060835,0.9477,0.9737
320312.00,250000.00,319128.99,10,10,11,10,11,0.039891,0.9452,0.9894
320312.00,250000.00,323011.40,12,11,12,11,12,0.040376,0.9400,0.9749
320312.00,250000.00,317377.33,10,10,11,10,11,0.039672,0.9354,0.9863
320312.00,250000.00,323514.94,10,10,11,10,11,0.040439,0.9035,0.9844
476562.00,500000.00,503244.40,12,12,12,12,12,0.062906,0.8966,0.9416
476562.00,500000.00,449903.49,12,12,12,12,12,0.056238,0.8948,0.9425
148438.00,125000.00,150888.44,11,11,12,11,12,0.018861,0.8073,0.9684
476562.00,500000.00,479277.61,12,12,12,12,12,0.059910,0.9572,0.9915
476562.00,500000.00,473587.04,12,12,12,12,12,0.059198,0.9554,0.9842
476562.00,500000.00,474244.12,12,12,12,12,12,0.059281,0.9385,0.9825
320312.00,250000.00,317493.44,12,11,12,11,12,0.039687,0.9294,0.9881
320312.00,250000.00,320799.83,12,11,12,11,12,0.040100,0.9208,0.9560
476562.00,500000.00,487112.52,12,12,12,12,12,0.060889,0.9199,0.9628
476562.00,500000.00,482892.04,12,12,12,12,12,0.060362,0.9007,0.9198
320312.00,250000.00,320826.53,10,10,11,10,11,0.040103,0.8826,0.9743
320312.00,250000.00,321918.49,10,10,11,10,11,0.040240,0.8747,0.9864
148438.00,125000.00,143918.51,11,11,11,11,11,0.017990,0.8659,0.9342
320312.00,250000.00,312364.58,12,11,12,11,12,0.039046,0.8087,0.9706
320312.00,250000.00,280388.83,12,11,11,11,11,0.035049,0.7000,0.7175
320312.00,250000.00,317280.29,10,10,11,10,11,0.039660,0.9351,0.9884
320312.00,250000.00,303218.84,12,11,12,11,12,0.037902,0.9297,0.9381
148438.00,125000.00,146223.07,11,11,11,11,11,0.018278,0.9256,0.9756
320312.00,250000.00,319636.11,12,11,12,11,12,0.039955,0.9112,0.9934
320312.00,250000.00,318912.51,12,11,12,11,12,0.039864,0.8881,0.9674
320312.00,250000.00,320490.84,10,10,11,10,11,0.040061,0.8614,0.9517
148438.00,125000.00,143519.40,11,11,11,11,11,0.017940,0.8586,0.9638
320312.00,250000.00,322360.04,10,10,11,10,11,0.040295,0.8306,0.9596
320312.00,250000.00,256726.26,12,11,11,11,11,0.032091,0.8296,0.7478
148438.00,125000.00,121377.94,11,11,11,11,11,0.015172,0.8279,0.8105
523438.00,500000.00,522084.24,12,12,12,12,12,0.065261,0.9655,0.9873
523438.00,500000.00,521738.05,12,12,12,12,12,0.065217,0.9615,0.9891
679688.00,500000.00,666839.12,11,11,12,11,12,0.083355,0.9373,0.9744
382812.00,500000.00,395698.55,10,11,11,10,10,0.049462,0.9328,0.9653
679688.00,500000.00,620265.96,11,11,12,11,12,0.077533,0.9187,0.8882
382812.00,500000.00,383903.98,10,11,11,10,10,0.047988,0.9108,0.9823
679688.00,500000.00,612626.08,11,11,12,11,12,0.076578,0.9056,0.8947
679688.00,500000.00,666114.09,11,11,12,11,12,0.083264,0.9620,0.9763
523438.00,500000.00,519760.13,12,12,12,12,12,0.064970,0.9506,0.9891
679688.00,500000.00,659397.13,11,11,12,11,12,0.082425,0.9091,0.9598
726562.00,500000.00,702695.85,11,11,12,11,12,0.087837,0.9043,0.6626
726562.00,500000.00,591487.65,11,11,11,11,11,0.073936,0.8881,0.7903
726562.00,500000.00,700877.43,11,11,12,11,12,0.087610,0.8707,0.9504
726562.00,500000.00,533440.59,11,11,11,11,11,0.066680,0.8667,0.7276
382812.00,500000.00,406059.27,10,11,11,10,10,0.050757,0.8411,0.6558
726562.00,500000.00,695403.10,11,11,12,11,12,0.086925,0.8015,0.9293
523438.00,500000.00,521821.98,12,12,12,12,12,0.065228,0.9666,0.9719
523438.00,500000.00,518720.63,12,12,12,12,12,0.064840,0.9559,0.8974
523438.00,500000.00,526608.47,12,12,12,12,12,0.065826,0.9389,0.9331
523438.00,500000.00,536575.79,12,12,12,12,12,0.067072,0.9292,0.9708
726562.00,500000.00,685036.66,11,11,12,11,12,0.085630,0.9240,0.9253
382812.00,500000.00,395345.69,10,11,11,10,10,0.049418,0.9017,0.9651
726562.00,500000.00,634330.51,11,11,12,11,12,0.079291,0.8766,0.8581
523438.00,500000.00,536903.38,12,12,12,12,12,0.067113,0.8525,0.9666
523438.00,500000.00,551082.61,12,12,12,12,12,0.068885,0.7469,0.9203
382812.00,500000.00,437412.26,10,11,11,11,11,0.054677,0.7126,0.8651
382812.00,500000.00,394779.21,10,11,11,10,10,0.049347,0.9699,0.9446
679688.00,500000.00,656330.11,11,11,12,11,12,0.082041,0.9528,0.9580
382812.00,500000.00,386056.90,10,11,11,10,10,0.048257,0.9406,0.9884
382812.00,500000.00,383210.18,10,11,11,10,10,0.047901,0.9377,0.9690
679688.00,500000.00,677109.72,11,11,12,11,12,0.084639,0.9249,0.9823
382812.00,500000.00,390210.15,10,11,11,10,10,0.048776,0.9179,0.9622
726562.00,500000.00,700611.11,11,11,12,11,12,0.087576,0.9139,0.9593
382812.00,500000.00,389997.48,10,11,11,10,10,0.048750,0.8847,0.9745
679688.00,500000.00,668445.59,11,11,12,11,12,0.083556,0.8697,0.8062
679688.00,500000.00,546578.41,11,11,11,11,11,0.068322,0.8668,0.7924
664062.00,500000.00,654613.97,12,11,12,11,12,0.081827,0.9365,0.9818
601562.00,500000.00,590283.39,11,11,11,11,11,0.073785,0.9131,0.9470
210938.00,250000.00,211959.24,9,10,10,10,10,0.026495,0.9077,0.9606
664062.00,500000.00,665653.23,12,11,12,11,12,0.083207,0.8853,0.9790
664062.00,500000.00,665684.94,12,12,13,12,13,0.083211,0.8733,0.9756
664062.00,500000.00,655447.96,12,11,12,11,12,0.081931,0.8520,0.7851
601562.00,500000.00,581636.67,11,11,11,11,11,0.072705,0.8314,0.9601
664062.00,500000.00,699865.34,12,11,12,11,12,0.087483,0.8213,0.8334
476562.00,500000.00,548541.07,10,11,11,11,11,0.068568,0.8160,0.8490
601562.00,500000.00,597815.51,11,11,12,11,12,0.074727,0.7385,0.8915
664062.00,500000.00,659075.26,12,11,12,11,12,0.082384,0.9401,0.9865
210938.00,250000.00,212931.63,9,10,10,10,10,0.026616,0.9324,0.9692
664062.00,500000.00,642667.77,12,11,12,11,12,0.080333,0.9282,0.9494
210938.00,250000.00,217184.07,9,10,10,10,10,0.027148,0.9234,0.9521
601562.00,500000.00,597807.41,11,11,12,11,12,0.074726,0.9107,0.9540
210938.00,250000.00,208106.99,9,10,10,9,9,0.026013,0.8161,0.9794
210938.00,250000.00,211404.80,9,10,10,10,10,0.026426,0.9372,0.9800
664062.00,500000.00,633596.42,12,11,12,11,12,0.079200,0.9279,0.9285
476562.00,500000.00,477343.20,10,11,11,11,11,0.059668,0.9208,0.9773
601562.00,500000.00,500327.11,11,11,11,11,11,0.062541,0.9179,0.8199
210938.00,250000.00,210453.03,9,10,10,10,10,0.026307,0.9139,0.9873
210938.00,250000.00,205411.91,9,10,10,9,9,0.025676,0.8913,0.9656
601562.00,500000.00,592719.08,11,11,11,11,11,0.074090,0.7965,0.7733
476562.00,500000.00,475196.36,10,11,11,11,11,0.059400,0.9514,0.9817
476562.00,500000.00,478266.72,10,11,11,11,11,0.059783,0.9396,0.9879
210938.00,250000.00,216459.27,9,10,10,10,10,0.027057,0.9234,0.9704
210938.00,250000.00,214593.89,9,10,10,10,10,0.026824,0.9227,0.9793
664062.00,500000.00,656354.78,12,11,12,11,12,0.082044,0.9038,0.9272
210938.00,250000.00,208601.00,9,10,10,9,9,0.026075,0.8947,0.9822
601562.00,500000.00,584530.83,11,11,11,11,11,0.073066,0.8052,0.6971
476562.00,500000.00,486719.13,11,11,11,11,11,0.060840,0.9517,0.9720
226562.00,250000.00,224943.16,11,11,11,11,11,0.028118,0.9351,0.9777
148438.00,125000.00,151308.06,11,10,11,10,11,0.018914,0.9199,0.9600
148438.00,125000.00,145249.37,11,11,11,11,11,0.018156,0.8755,0.9760
539062.00,500000.00,552127.84,11,11,11,11,11,0.069016,0.7969,0.8903
148438.00,125000.00,152065.28,11,10,11,10,11,0.019008,0.7847,0.9558
539062.00,500000.00,543749.81,11,11,11,11,11,0.067969,0.9614,0.9864
539062.00,500000.00,528718.95,11,11,11,11,11,0.066090,0.9535,0.9753
226562.00,250000.00,226070.40,11,11,11,11,11,0.028259,0.9493,0.9488
226562.00,250000.00,227787.02,11,11,11,11,11,0.028473,0.9482,0.9882
476562.00,500000.00,483902.45,11,11,11,11,11,0.060488,0.9465,0.9675
226562.00,250000.00,225424.29,11,11,11,11,11,0.028178,0.9430,0.9216
476562.00,500000.00,477715.49,11,11,11,11,11,0.059714,0.9421,0.9794
539062.00,500000.00,541616.44,11,11,11,11,11,0.067702,0.9239,0.9740
476562.00,500000.00,485633.85,11,11,11,11,11,0.060704,0.9194,0.9731
476562.00,500000.00,493263.24,11,11,11,11,11,0.061658,0.9133,0.8811
476562.00,500000.00,486997.60,11,11,11,11,11,0.060875,0.8763,0.8968
148438.00,125000.00,148742.68,11,11,12,11,12,0.018593,0.8717,0.9197
148438.00,125000.00,149365.43,11,11,12,11,12,0.018671,0.8690,0.9747
148438.00,125000.00,145956.04,11,11,11,11,11,0.018245,0.7186,0.9637
539062.00,500000.00,542279.24,11,11,11,11,11,0.067785,0.9619,0.9848
226562.00,250000.00,228999.14,11,11,11,11,11,0.028625,0.9261,0.9692
476562.00,500000.00,548072.81,11,11,11,11,11,0.068509,0.9154,0.8646
539062.00,500000.00,554965.97,11,11,11,11,11,0.069371,0.9026,0.9491
148438.00,125000.00,147794.72,11,11,11,11,11,0.018474,0.9023,0.9927
476562.00,500000.00,604587.55,11,11,12,11,12,0.075573,0.8821,0.7824
148438.00,125000.00,143708.47,11,11,11,11,11,0.017964,0.8704,0.9153
226562.00,250000.00,229198.46,11,11,11,11,11,0.028650,0.7968,0.9755
476562.00,500000.00,479862.21,11,11,11,11,11,0.059983,0.9641,0.9859
539062.00,500000.00,540587.90,11,11,11,11,11,0.067573,0.9593,0.9918
539062.00,500000.00,529284.48,11,11,11,11,11,0.066161,0.9556,0.9795
226562.00,250000.00,227051.32,11,11,11,11,11,0.028381,0.9489,0.9920
226562.00,250000.00,227634.43,11,11,11,11,11,0.028454,0.9477,0.9933
476562.00,500000.00,484372.62,11,11,11,11,11,0.060547,0.9412,0.9780
476562.00,500000.00,474343.18,11,11,11,11,11,0.059293,0.9394,0.9857
226562.00,250000.00,223016.26,11,11,11,11,11,0.027877,0.9295,0.9796
226562.00,250000.00,226816.18,11,11,11,11,11,0.028352,0.9285,0.9602
226562.00,250000.00,227599.38,11,11,11,11,11,0.028450,0.9212,0.9648
539062.00,500000.00,551983.83,11,11,11,11,11,0.068998,0.7838,0.8996
757812.00,500000.00,737640.38,12,11,12,11,12,0.092205,0.9569,0.9692
445312.00,500000.00,445951.46,10,11,11,11,11,0.055744,0.9482,0.9910
445312.00,500000.00,445263.03,10,11,11,11,11,0.055658,0.9451,0.9762
429688.00,500000.00,436089.52,12,12,12,12,12,0.054511,0.9148,0.9809
117188.00,125000.00,124592.30,10,10,10,10,10,0.015574,0.8960,0.9323
429688.00,500000.00,429937.36,12,12,12,12,12,0.053742,0.8823,0.9897
757812.00,500000.00,749498.37,12,11,12,11,12,0.093687,0.8822,0.9522
445312.00,500000.00,430579.19,10,11,11,11,11,0.053822,0.8784,0.9508
757812.00,500000.00,652111.05,12,11,12,11,12,0.081514,0.8554,0.8377
757812.00,500000.00,754098.42,12,11,12,11,12,0.094262,0.9520,0.9723
445312.00,500000.00,463237.76,10,11,11,11,11,0.057905,0.9426,0.9566
757812.00,500000.00,745404.01,12,11,12,11,12,0.093176,0.9114,0.9681
117188.00,125000.00,122378.82,10,10,10,10,10,0.015297,0.9037,0.9511
117188.00,125000.00,124860.76,10,10,10,10,10,0.015608,0.8896,0.9258
117188.00,125000.00,126294.97,10,10,10,10,10,0.015787,0.8742,0.8739
757812.00,500000.00,744057.24,12,11,12,11,12,0.093007,0.8639,0.9167
429688.00,500000.00,521609.78,12,12,12,12,12,0.065201,0.7785,0.7965
429688.00,500000.00,429544.93,12,12,12,12,12,0.053693,0.9559,0.9859
445312.00,500000.00,446266.17,10,11,11,11,11,0.055783,0.9443,0.9904
757812.00,500000.00,752493.86,12,11,12,11,12,0.094062,0.9301,0.9678
429688.00,500000.00,436036.23,12,12,12,12,12,0.054505,0.9262,0.9721
117188.00,125000.00,120441.44,10,10,10,10,10,0.015055,0.9126,0.9684
117188.00,125000.00,117576.60,10,10,10,10,10,0.014697,0.9093,0.9582
757812.00,500000.00,633115.77,12,11,12,11,12,0.079139,0.8857,0.8126
757812.00,500000.00,699138.64,12,11,12,11,12,0.087392,0.8205,0.7674
429688.00,500000.00,433963.30,12,12,12,12,12,0.054245,0.9657,0.9669
429688.00,500000.00,428904.53,12,12,12,12,12,0.053613,0.9148,0.9767
117188.00,125000.00,119627.00,10,10,10,10,10,0.014953,0.8983,0.9723
117188.00,125000.00,118970.87,10,10,10,10,10,0.014871,0.8048,0.9255
117188.00,125000.00,121023.18,10,10,10,10,10,0.015128,0.7757,0.7860
257812.00,250000.00,258378.98,12,12,12,12,12,0.032297,0.9775,0.9721
257812.00,250000.00,253563.76,12,12,12,12,12,0.031695,0.9665,0.9734
460938.00,500000.00,452532.77,10,11,11,11,11,0.056567,0.9553,0.9779
257812.00,250000.00,253919.54,12,12,12,12,12,0.031740,0.9488,0.9584
460938.00,500000.00,455701.83,10,11,11,11,11,0.056963,0.9473,0.9374
257812.00,250000.00,256580.35,12,12,12,12,12,0.032073,0.9335,0.9600
679688.00,500000.00,664818.17,12,11,12,11,12,0.083102,0.8850,0.9714
257812.00,250000.00,257787.23,12,12,12,12,12,0.032223,0.8602,0.9720
179688.00,125000.00,178495.41,11,10,11,10,11,0.022312,0.7859,0.9062
679688.00,500000.00,685599.33,12,11,12,11,12,0.085700,0.9652,0.9825
679688.00,500000.00,675278.19,12,11,12,11,12,0.084410,0.9600,0.9878
257812.00,250000.00,258030.89,12,12,12,12,12,0.032254,0.9529,0.9750
460938.00,500000.00,460357.67,10,11,11,11,11,0.057545,0.9474,0.9856
679688.00,500000.00,676203.73,12,11,12,11,12,0.084525,0.9430,0.9930
460938.00,500000.00,458241.46,10,11,11,11,11,0.057280,0.9421,0.9838
679688.00,500000.00,664930.34,12,11,12,11,12,0.083116,0.9410,0.9734
460938.00,500000.00,454000.47,10,11,11,11,11,0.056750,0.9376,0.9806
179688.00,250000.00,212918.28,11,12,12,12,12,0.026615,0.9351,0.8396
460938.00,500000.00,454153.06,10,11,11,11,11,0.056769,0.9118,0.9656
257812.00,250000.00,255803.59,12,12,12,12,12,0.031975,0.9082,0.9856
257812.00,250000.00,287363.53,12,12,12,12,12,0.035920,0.8835,0.8765
679688.00,500000.00,562992.57,12,11,11,11,11,0.070374,0.8752,0.7770
460938.00,500000.00,452845.57,10,11,11,11,11,0.056606,0.7965,0.9764
679688.00,500000.00,640355.11,12,11,12,11,12,0.080044,0.7731,0.9096
179688.00,125000.00,181622.45,11,10,11,10,11,0.022703,0.7084,0.9816
679688.00,500000.00,684409.14,12,11,12,11,12,0.085551,0.9529,0.9860
179688.00,125000.00,173555.37,11,10,11,10,11,0.021694,0.9442,0.9621
257812.00,250000.00,258198.74,12,12,12,12,12,0.032275,0.9413,0.9885
460938.00,500000.00,455234.05,10,11,11,11,11,0.056904,0.9191,0.9847
679688.00,500000.00,682033.24,12,11,12,11,12,0.085254,0.8954,0.9349
179688.00,125000.00,180579.19,11,10,11,10,11,0.022572,0.8609,0.9476
179688.00,125000.00,181364.54,11,10,11,10,11,0.022671,0.8518,0.9888
679688.00,500000.00,672818.18,12,11,12,11,12,0.084102,0.9611,0.9649
679688.00,500000.00,677614.21,12,11,12,11,12,0.084702,0.9584,0.9855
460938.00,500000.00,470651.63,10,11,11,11,11,0.058831,0.9509,0.9784
460938.00,500000.00,450831.41,10,11,11,11,11,0.056354,0.9506,0.9717
179688.00,125000.00,178138.73,11,10,11,10,11,0.022267,0.9211,0.9708
257812.00,250000.00,253691.67,12,12,12,12,12,0.031711,0.9163,0.9779
179688.00,125000.00,181602.48,11,10,11,10,11,0.022700,0.9044,0.9880
460938.00,500000.00,480448.96,10,11,11,11,11,0.060056,0.8893,0.9446
179688.00,125000.00,178246.02,11,10,11,10,11,0.022281,0.8775,0.9767
179688.00,125000.00,181089.40,11,10,11,10,11,0.022636,0.8581,0.9724
257812.00,250000.00,252983.09,10,10,10,10,10,0.031623,0.9578,0.9812
585938.00,500000.00,588379.86,12,12,12,12,12,0.073547,0.9516,0.9877
585938.00,500000.00,580146.79,12,12,12,12,12,0.072518,0.9506,0.9887
226562.00,250000.00,227145.20,9,10,10,10,10,0.028393,0.9448,0.9881
257812.00,250000.00,267683.98,10,10,10,10,10,0.033460,0.9243,0.9341
226562.00,250000.00,252964.02,9,10,10,10,10,0.031621,0.9208,0.8812
585938.00,500000.00,531476.02,12,12,12,12,12,0.066435,0.9069,0.8784
585938.00,500000.00,589430.33,12,12,12,12,12,0.073679,0.9579,0.9860
257812.00,250000.00,255815.51,10,10,10,10,10,0.031977,0.9459,0.9820
585938.00,500000.00,584815.98,12,12,12,12,12,0.073102,0.9361,0.9627
226562.00,250000.00,232155.80,9,10,10,10,10,0.029019,0.9124,0.9684
257812.00,250000.00,255918.50,10,10,10,10,10,0.031990,0.9110,0.9289
226562.00,250000.00,230130.20,9,10,10,10,10,0.028766,0.9000,0.9662
257812.00,250000.00,260237.51,10,10,10,10,10,0.032530,0.9433,0.9339
226562.00,250000.00,227389.34,9,10,10,10,10,0.028424,0.9290,0.9478
226562.00,250000.00,226776.12,9,10,10,10,10,0.028347,0.9284,0.9807
257812.00,250000.00,252842.90,10,10,10,10,10,0.031605,0.9224,0.9763
585938.00,500000.00,573116.30,12,12,12,12,12,0.071640,0.8828,0.9408
148438.00,125000.00,148139.72,10,9,9,9,9,0.018517,0.8383,0.9910
257812.00,250000.00,256353.38,10,10,10,10,10,0.032044,0.9459,0.9749
226562.00,250000.00,223133.09,9,10,10,10,10,0.027892,0.9427,0.9566
226562.00,250000.00,224047.66,9,10,10,10,10,0.028006,0.9414,0.9590
257812.00,250000.00,251304.63,10,10,10,10,10,0.031413,0.9405,0.9608
257812.00,250000.00,258422.85,10,10,10,10,10,0.032303,0.9397,0.9886
257812.00,250000.00,256064.41,10,10,10,10,10,0.032008,0.9368,0.9637
585938.00,500000.00,583150.86,12,12,12,12,12,0.072894,0.9367,0.9675
585938.00,500000.00,598400.12,12,12,13,12,13,0.074800,0.9151,0.9695
148438.00,125000.00,153465.27,10,10,11,10,11,0.019183,0.8414,0.9489
148438.00,125000.00,146776.20,10,9,9,9,9,0.018347,0.8374,0.9847
148438.00,125000.00,153208.73,10,10,11,10,11,0.019151,0.8082,0.8656
148438.00,125000.00,147436.14,10,10,10,10,10,0.018430,0.7851,0.9652
492188.00,500000.00,495039.46,12,12,12,12,12,0.061880,0.9410,0.9779
492188.00,500000.00,490912.44,12,12,12,12,12,0.061364,0.9355,0.9942
164062.00,125000.00,170906.07,11,10,11,10,11,0.021363,0.9234,0.9533
492188.00,500000.00,477850.44,10,11,11,11,11,0.059731,0.9170,0.9693
492188.00,500000.00,502092.36,12,12,12,12,12,0.062762,0.9612,0.9702
492188.00,500000.00,505100.25,12,12,12,12,12,0.063138,0.9609,0.9683
492188.00,500000.00,501322.75,12,12,12,12,12,0.062665,0.9533,0.9770
492188.00,500000.00,487381.40,10,11,11,11,11,0.060923,0.9472,0.9874
492188.00,500000.00,504327.77,12,12,12,12,12,0.063041,0.9461,0.9656
164062.00,125000.00,167432.79,11,10,11,10,11,0.020929,0.9417,0.9747
164062.00,125000.00,162921.91,11,10,11,10,11,0.020365,0.9158,0.9396
492188.00,500000.00,493912.70,10,11,11,11,11,0.061739,0.9120,0.9435
492188.00,500000.00,492921.83,10,11,11,11,11,0.061615,0.8999,0.9552
773438.00,500000.00,492162.23,11,11,11,11,11,0.061520,0.8957,0.6203
773438.00,500000.00,697896.24,11,11,12,11,12,0.087237,0.7510,0.8772
773438.00,500000.00,692522.05,11,11,12,11,12,0.086565,0.7158,0.7915
492188.00,500000.00,492686.27,10,11,11,11,11,0.061586,0.9536,0.9906
492188.00,500000.00,495710.37,12,12,12,12,12,0.061964,0.9479,0.9908
492188.00,500000.00,497000.69,12,12,12,12,12,0.062125,0.9364,0.9657
164062.00,125000.00,166240.22,11,10,11,10,11,0.020780,0.9262,0.9608
492188.00,500000.00,484024.05,12,12,12,12,12,0.060503,0.9093,0.9134
492188.00,500000.00,503233.43,12,12,12,12,12,0.062904,0.8988,0.7623
773438.00,500000.00,491306.30,11,11,11,11,11,0.061413,0.8683,0.6321
492188.00,500000.00,466511.73,10,11,11,11,11,0.058314,0.8640,0.9234
492188.00,500000.00,492231.37,12,12,12,12,12,0.061529,0.9563,0.9675
164062.00,125000.00,162340.64,11,10,11,10,11,0.020293,0.9045,0.9876
773438.00,500000.00,652031.90,11,11,12,11,12,0.081504,0.7056,0.8340
289062.00,250000.00,289510.73,10,10,10,10,10,0.036189,0.9619,0.9787
601562.00,500000.00,595932.48,11,11,12,11,12,0.074492,0.9588,0.9628
289062.00,250000.00,291460.04,10,10,10,10,10,0.036433,0.9565,0.9882
601562.00,500000.00,595159.05,11,11,12,11,12,0.074395,0.9383,0.9836
164062.00,125000.00,167100.43,11,10,11,10,11,0.020888,0.9228,0.9294
289062.00,250000.00,284838.68,10,10,10,10,10,0.035605,0.9577,0.9613
289062.00,250000.00,286710.74,10,10,10,10,10,0.035839,0.9516,0.9883
289062.00,250000.00,286910.06,10,10,10,10,10,0.035864,0.9490,0.9858
289062.00,250000.00,291084.29,10,10,10,10,10,0.036386,0.9482,0.9828
601562.00,500000.00,599323.27,11,11,12,11,12,0.074915,0.9427,0.9919
164062.00,125000.00,166122.67,11,10,11,10,11,0.020765,0.9198,0.9298
601562.00,500000.00,579427.72,11,11,11,11,11,0.072428,0.9173,0.9617
289062.00,250000.00,286533.36,10,10,10,10,10,0.035817,0.9126,0.9483
195312.00,125000.00,195796.01,11,10,11,10,11,0.024475,0.7878,0.9921
601562.00,500000.00,611951.83,11,11,12,11,12,0.076494,0.9557,0.9812
164062.00,125000.00,165452.48,11,10,11,10,11,0.020682,0.9194,0.9632
601562.00,500000.00,563179.02,11,11,11,11,11,0.070397,0.9122,0.8855
164062.00,125000.00,166754.25,11,10,11,10,11,0.020844,0.9068,0.9631
164062.00,125000.00,166980.74,11,10,11,10,11,0.020873,0.9048,0.9541
289062.00,250000.00,296840.67,10,10,10,10,10,0.037105,0.9019,0.9576
601562.00,500000.00,538918.50,11,11,11,11,11,0.067365,0.8725,0.7911
195312.00,125000.00,192971.44,11,10,11,10,11,0.024121,0.8684,0.9859
164062.00,125000.00,178735.73,11,10,11,10,11,0.022342,0.8263,0.8500
289062.00,250000.00,293395.04,10,10,10,10,10,0.036674,0.9636,0.9832
601562.00,500000.00,598390.58,11,11,12,11,12,0.074799,0.9533,0.9777
601562.00,500000.00,603173.73,11,11,12,11,12,0.075397,0.9449,0.9910
164062.00,125000.00,166566.85,11,10,11,10,11,0.020821,0.9110,0.9575
164062.00,125000.00,168199.54,11,10,11,10,11,0.021025,0.8084,0.9681
460938.00,500000.00,464574.81,11,11,11,11,11,0.058072,0.9531,0.9610
460938.00,500000.00,459883.93,11,11,11,11,11,0.057485,0.9522,0.9724
617188.00,500000.00,591732.98,12,11,11,11,11,0.073967,0.9303,0.9534
460938.00,500000.00,474375.72,11,11,11,11,11,0.059297,0.9147,0.9312
460938.00,500000.00,490701.44,11,11,11,11,11,0.061338,0.9143,0.9341
132812.00,125000.00,128604.65,11,11,11,11,11,0.016076,0.9116,0.9273
460938.00,500000.00,468327.52,11,11,11,11,11,0.058541,0.9099,0.9654
101562.00,125000.00,110340.12,10,10,10,10,10,0.013793,0.8920,0.9177
617188.00,500000.00,462842.94,12,11,11,11,11,0.057855,0.8845,0.6740
132812.00,125000.00,119693.76,11,11,11,11,11,0.014962,0.8819,0.8060
132812.00,125000.00,130483.63,11,11,11,11,11,0.016310,0.8739,0.9519
101562.00,125000.00,108105.66,10,10,10,10,10,0.013513,0.8681,0.9320
132812.00,125000.00,130512.36,11,11,11,11,11,0.016314,0.8553,0.9356
101562.00,125000.00,110666.28,10,10,10,10,10,0.013833,0.8315,0.9131
101562.00,125000.00,106964.11,10,11,11,11,11,0.013371,0.8181,0.9438
617188.00,500000.00,606568.34,12,12,13,12,13,0.075821,0.7505,0.9808
460938.00,500000.00,469520.57,11,11,11,11,11,0.058690,0.9594,0.9687
460938.00,500000.00,473072.53,11,11,11,11,11,0.059134,0.9363,0.9671
617188.00,500000.00,616869.93,12,12,13,12,13,0.077109,0.9255,0.9929
617188.00,500000.00,625061.04,12,12,13,12,13,0.078133,0.8130,0.9852
460938.00,500000.00,507462.50,11,11,11,11,11,0.063433,0.7901,0.9008
132812.00,125000.00,133719.44,11,11,11,11,11,0.016715,0.7898,0.9339
101562.00,125000.00,111730.10,10,10,10,10,10,0.013966,0.7816,0.9039
460938.00,500000.00,454442.98,11,11,11,11,11,0.056805,0.9432,0.9847
617188.00,500000.00,612511.63,12,12,13,12,13,0.076564,0.9403,0.9844
132812.00,125000.00,134060.86,11,11,11,11,11,0.016758,0.9376,0.9225
460938.00,500000.00,468308.93,11,11,11,11,11,0.058539,0.9305,0.9755
460938.00,500000.00,474124.91,11,11,11,11,11,0.059266,0.9222,0.9048
132812.00,125000.00,131364.35,11,11,11,11,11,0.016421,0.8913,0.9321
617188.00,500000.00,594495.77,12,11,11,11,11,0.074312,0.8571,0.9584
101562.00,125000.00,113834.38,10,11,11,11,11,0.014229,0.8525,0.8802
617188.00,500000.00,615369.80,12,11,12,11,12,0.076921,0.7838,0.9911
132812.00,125000.00,130723.95,11,11,11,11,11,0.016340,0.7510,0.7822
101562.00,125000.00,106526.97,10,11,11,11,11,0.013316,0.7482,0.9517
132812.00,125000.00,135121.35,11,11,11,11,11,0.016890,0.9236,0.9479
617188.00,500000.00,614925.38,12,12,13,12,13,0.076866,0.9226,0.9935
617188.00,500000.00,575853.35,12,11,11,11,11,0.071982,0.8666,0.9182
101562.00,125000.00,113521.10,10,10,10,10,10,0.014190,0.7617,0.8916
101562.00,125000.00,114727.02,10,11,11,11,11,0.014341,0.7543,0.8840
101562.00,125000.00,112262.73,10,11,11,11,11,0.014033,0.7155,0.9010
617188.00,500000.00,619770.05,11,11,12,11,12,0.077471,0.9631,0.9801
273438.00,250000.00,274909.97,10,10,10,10,10,0.034364,0.9629,0.9718
617188.00,500000.00,603780.75,11,11,12,11,12,0.075473,0.9559,0.9722
617188.00,500000.00,617598.06,11,11,12,11,12,0.077200,0.9511,0.9795
273438.00,250000.00,270888.33,10,10,10,10,10,0.033861,0.9474,0.9710
304688.00,250000.00,299236.77,12,12,13,12,13,0.037405,0.9349,0.9780
304688.00,250000.00,300757.41,12,11,12,11,12,0.037595,0.8907,0.9707
273438.00,250000.00,274613.38,10,10,10,10,10,0.034327,0.9582,0.9753
617188.00,500000.00,601211.55,11,11,12,11,12,0.075151,0.9483,0.9636
273438.00,250000.00,273467.06,10,10,10,10,10,0.034183,0.9441,0.9876
273438.00,250000.00,267468.93,10,10,10,10,10,0.033434,0.9418,0.9624
617188.00,500000.00,542093.28,11,11,11,11,11,0.067762,0.8966,0.8712
398438.00,250000.00,399000.41,11,10,11,10,11,0.049875,0.8797,0.9564
304688.00,250000.00,297874.45,12,12,13,12,13,0.037234,0.8723,0.9755
398438.00,500000.00,401388.17,11,12,12,11,11,0.050174,0.8153,0.9896
398438.00,500000.00,409448.62,11,12,12,11,11,0.051181,0.7035,0.9549
304688.00,250000.00,300008.77,12,12,13,12,13,0.037501,0.9621,0.9634
273438.00,250000.00,268272.40,10,10,10,10,10,0.033534,0.9562,0.9730
617188.00,500000.00,609453.20,11,11,12,11,12,0.076182,0.9542,0.9667
617188.00,500000.00,609001.16,11,11,12,11,12,0.076125,0.9514,0.9828
273438.00,250000.00,266439.44,10,10,10,10,10,0.033305,0.9514,0.9689
617188.00,500000.00,608194.35,11,11,12,11,12,0.076024,0.9434,0.9817
273438.00,250000.00,268809.32,10,10,10,10,10,0.033601,0.9433,0.9782
617188.00,500000.00,607484.82,11,11,12,11,12,0.075936,0.9408,0.9803
304688.00,250000.00,301734.57,12,11,12,11,12,0.037717,0.9255,0.9881
304688.00,250000.00,303185.52,12,11,12,11,12,0.037898,0.9058,0.9556
398438.00,500000.00,402376.17,11,12,12,11,11,0.050297,0.7904,0.9793
617188.00,500000.00,606304.17,11,11,12,11,12,0.075788,0.9610,0.9572
273438.00,250000.00,270340.92,10,10,10,10,10,0.033793,0.9581,0.9839
273438.00,250000.00,270837.78,10,10,10,10,10,0.033855,0.9543,0.9756
273438.00,250000.00,276114.11,10,10,10,10,10,0.034514,0.9077,0.9802
304688.00,250000.00,302904.13,12,11,12,11,12,0.037863,0.8661,0.9820
398438.00,500000.00,399534.23,11,12,12,11,11,0.049942,0.8426,0.9927
304688.00,250000.00,300921.38,12,12,13,12,13,0.037615,0.8258,0.9698
304688.00,250000.00,304432.87,12,11,12,11,12,0.038054,0.7899,0.9793
304688.00,250000.00,304307.70,12,11,12,11,12,0.038038,0.7719,0.9802
398438.00,250000.00,392478.94,11,10,11,10,11,0.049060,0.7442,0.9809
164062.00,125000.00,163318.63,12,11,12,11,12,0.020415,0.9398,0.9619
164062.00,125000.00,162939.07,12,11,12,11,12,0.020367,0.9052,0.9732
195312.00,125000.00,195280.08,12,11,12,11,12,0.024410,0.8631,0.9448
398438.00,250000.00,396857.74,12,11,12,11,12,0.049607,0.8626,0.9784
195312.00,125000.00,195234.30,12,11,12,11,12,0.024404,0.7598,0.9866
195312.00,125000.00,195100.78,12,11,12,11,12,0.024388,0.7111,0.9662
195312.00,125000.00,195989.61,12,11,12,11,12,0.024499,0.9197,0.9364
164062.00,125000.00,160102.84,12,11,12,11,12,0.020013,0.8766,0.9673
195312.00,125000.00,192929.74,12,11,12,11,12,0.024116,0.8254,0.9229
195312.00,125000.00,194204.33,12,11,12,11,12,0.024276,0.7698,0.9265
195312.00,125000.00,185848.00,12,11,12,11,12,0.023231,0.9374,0.9484
164062.00,125000.00,162230.49,12,11,12,11,12,0.020279,0.9275,0.9288
164062.00,125000.00,154800.42,12,11,12,11,12,0.019350,0.9057,0.9381
164062.00,125000.00,158235.07,12,11,12,11,12,0.019779,0.8850,0.9588
195312.00,125000.00,193362.24,12,11,12,11,12,0.024170,0.8764,0.9771
398438.00,250000.00,394108.77,12,11,12,11,12,0.049264,0.8632,0.9701
195312.00,125000.00,201509.48,12,11,12,11,12,0.025189,0.8622,0.9235
398438.00,250000.00,398038.39,12,11,12,11,12,0.049755,0.8590,0.9909
164062.00,125000.00,148935.08,12,11,12,11,12,0.018617,0.8445,0.8767
195312.00,125000.00,197513.58,12,11,12,11,12,0.024689,0.7977,0.9771
195312.00,125000.00,150663.38,12,11,12,11,12,0.018833,0.7876,0.7643
164062.00,125000.00,165727.62,12,11,12,11,12,0.020716,0.9449,0.9810
398438.00,250000.00,401130.68,12,11,12,11,12,0.050141,0.9365,0.9895
164062.00,125000.00,161440.85,12,11,12,11,12,0.020180,0.9007,0.9521
195312.00,125000.00,193300.25,12,11,12,11,12,0.024163,0.8957,0.9220
398438.00,250000.00,391319.27,12,11,12,11,12,0.048915,0.8885,0.9740
398438.00,250000.00,402569.77,12,11,12,11,12,0.050321,0.8499,0.9739
195312.00,125000.00,196128.61,12,11,12,11,12,0.024516,0.8412,0.9777
195312.00,125000.00,189191.82,12,11,12,11,12,0.023649,0.8289,0.8108
195312.00,125000.00,177137.37,12,11,12,11,12,0.022142,0.8158,0.8995
195312.00,125000.00,198329.45,12,11,12,11,12,0.024791,0.7981,0.9246
398438.00,250000.00,401898.86,12,11,12,11,12,0.050237,0.7133,0.9772
570312.00,500000.00,559083.94,11,11,11,11,11,0.069885,0.9555,0.9794
570312.00,500000.00,569103.24,11,11,11,11,11,0.071138,0.9511,0.9933
570312.00,500000.00,568983.79,11,11,11,11,11,0.071123,0.9504,0.9945
335938.00,250000.00,338533.88,11,10,11,10,11,0.042317,0.9491,0.9804
632812.00,500000.00,620969.77,11,11,12,11,12,0.077621,0.9373,0.9751
664062.00,500000.00,649289.13,11,11,12,11,12,0.081161,0.9186,0.9638
335938.00,500000.00,350596.43,11,12,12,11,11,0.043825,0.9075,0.9553
335938.00,250000.00,340411.19,11,10,11,10,11,0.042551,0.9026,0.9692
664062.00,500000.00,638876.91,11,11,12,11,12,0.079860,0.8734,0.9086
632812.00,500000.00,624619.48,11,11,12,11,12,0.078077,0.8714,0.9369
335938.00,250000.00,340959.55,11,11,12,11,12,0.042620,0.8532,0.9828
570312.00,500000.00,572055.34,11,11,11,11,11,0.071507,0.9584,0.9739
664062.00,500000.00,649980.55,11,11,12,11,12,0.081248,0.9535,0.9726
570312.00,500000.00,568294.05,11,11,11,11,11,0.071037,0.9500,0.9780
632812.00,500000.00,618408.20,11,11,12,11,12,0.077301,0.9495,0.9748
335938.00,250000.00,346343.52,11,10,11,10,11,0.043293,0.9367,0.9612
335938.00,250000.00,340541.84,11,10,11,10,11,0.042568,0.9341,0.9620
335938.00,250000.00,338551.52,11,10,11,10,11,0.042319,0.8574,0.9829
335938.00,250000.00,339445.11,11,10,11,10,11,0.042431,0.7755,0.9836
335938.00,250000.00,344043.73,11,10,11,10,11,0.043005,0.7477,0.9650
632812.00,500000.00,632597.21,11,11,12,11,12,0.079075,0.9563,0.9763
664062.00,500000.00,655296.33,11,11,12,11,12,0.081912,0.9480,0.9517
335938.00,250000.00,331470.49,11,10,11,10,11,0.041434,0.9437,0.9802
632812.00,500000.00,633786.20,11,11,12,11,12,0.079223,0.9415,0.9838
632812.00,500000.00,617294.31,11,11,12,11,12,0.077162,0.9378,0.9682
632812.00,500000.00,620683.55,11,11,12,11,12,0.077585,0.8973,0.9477
664062.00,500000.00,682336.81,11,11,12,11,12,0.085292,0.8905,0.9422
632812.00,500000.00,642357.11,11,11,12,11,12,0.080295,0.8615,0.9736
570312.00,500000.00,732511.52,11,11,12,11,12,0.091564,0.7109,0.7020
664062.00,500000.00,602417.95,11,11,12,11,12,0.075302,0.9463,0.8911
570312.00,500000.00,558782.58,11,11,11,11,11,0.069848,0.9429,0.9774
570312.00,500000.00,580321.31,11,11,11,11,11,0.072540,0.9243,0.9480
632812.00,500000.00,625122.07,11,11,12,11,12,0.078140,0.9228,0.9865
664062.00,500000.00,654651.17,11,11,12,11,12,0.081831,0.9040,0.9848
664062.00,500000.00,650789.26,11,11,12,11,12,0.081349,0.8749,0.9449
632812.00,500000.00,596807.24,11,11,12,11,12,0.074601,0.8271,0.9303
570312.00,500000.00,589680.67,11,11,11,11,11,0.073710,0.8243,0.8270
664062.00,500000.00,603519.44,11,11,12,11,12,0.075440,0.7892,0.6401
570312.00,500000.00,497777.46,11,11,11,11,11,0.062222,0.7111,0.8523
367188.00,500000.00,373685.84,10,11,11,10,10,0.046711,0.9434,0.9786
226562.00,250000.00,229785.92,10,10,10,10,10,0.028723,0.9362,0.9841
226562.00,250000.00,230024.34,9,10,10,10,10,0.028753,0.9164,0.9704
367188.00,500000.00,385213.85,10,11,11,10,10,0.048152,0.9148,0.9493
226562.00,250000.00,230423.93,9,10,10,10,10,0.028803,0.9088,0.9769
226562.00,250000.00,226231.16,9,10,10,10,10,0.028279,0.8984,0.9559
226562.00,250000.00,221981.05,10,10,10,10,10,0.027748,0.8904,0.8680
226562.00,250000.00,227928.16,9,10,10,10,10,0.028491,0.8607,0.9898
101562.00,125000.00,119964.60,11,12,12,12,12,0.014996,0.8393,0.8401
367188.00,500000.00,409851.07,10,11,11,10,10,0.051231,0.8035,0.6293
101562.00,125000.00,113301.28,11,11,11,11,11,0.014163,0.7533,0.8934
367188.00,500000.00,367866.52,10,11,11,10,10,0.045983,0.9549,0.9651
226562.00,250000.00,232290.27,10,10,10,10,10,0.029036,0.9463,0.9623
226562.00,250000.00,227238.66,10,10,10,10,10,0.028405,0.9330,0.9843
226562.00,250000.00,227525.71,10,10,10,10,10,0.028441,0.9322,0.9514
226562.00,250000.00,208764.08,10,10,10,9,9,0.026096,0.8748,0.8918
226562.00,250000.00,227417.47,9,10,10,10,10,0.028427,0.8522,0.9867
101562.00,125000.00,115907.67,11,11,11,11,11,0.014488,0.7537,0.8599
367188.00,500000.00,367239.95,10,11,11,10,10,0.045905,0.9575,0.9744
226562.00,250000.00,232398.03,10,10,10,10,10,0.029050,0.9541,0.9629
226562.00,250000.00,230932.00,9,10,10,10,10,0.028866,0.9483,0.9519
226562.00,250000.00,228520.39,10,10,10,10,10,0.028565,0.9425,0.9830
367188.00,500000.00,373106.00,10,11,11,10,10,0.046638,0.9201,0.9806
367188.00,500000.00,364300.73,10,11,11,10,10,0.045538,0.8364,0.9879
226562.00,250000.00,225701.33,9,10,10,10,10,0.028213,0.8274,0.9901
101562.00,125000.00,116212.84,11,12,12,12,12,0.014527,0.7307,0.8698
226562.00,250000.00,227597.24,10,10,10,10,10,0.028450,0.9466,0.9858
226562.00,250000.00,226918.22,9,10,10,10,10,0.028365,0.9207,0.9621
367188.00,500000.00,415104.87,10,11,11,10,10,0.051888,0.9150,0.8804
367188.00,500000.00,368604.66,10,11,11,10,10,0.046076,0.9078,0.9781
101562.00,125000.00,110507.97,11,12,12,12,12,0.013813,0.8830,0.9167
789062.00,500000.00,770602.70,12,11,12,11,12,0.096325,0.9448,0.9659
789062.00,500000.00,743093.49,12,11,12,11,12,0.092887,0.9323,0.9393
164062.00,250000.00,163360.60,9,10,10,9,9,0.020420,0.8341,0.9885
195312.00,125000.00,197187.42,10,9,10,9,10,0.024648,0.8324,0.9150
414062.00,250000.00,417047.26,11,10,11,10,11,0.052131,0.8215,0.9764
195312.00,125000.00,194841.38,10,9,10,9,10,0.024355,0.8168,0.9940
164062.00,125000.00,167180.06,9,9,10,9,10,0.020898,0.8064,0.9335
789062.00,500000.00,746266.84,12,11,12,11,12,0.093283,0.9177,0.9326
789062.00,500000.00,491187.81,12,11,11,11,11,0.061398,0.9175,0.5815
164062.00,250000.00,171554.09,9,10,10,9,9,0.021444,0.8985,0.9522
789062.00,500000.00,742296.22,12,11,12,11,12,0.092787,0.8964,0.9351
195312.00,125000.00,190120.70,10,9,10,9,10,0.023765,0.8521,0.9636
414062.00,250000.00,413652.42,11,10,11,10,11,0.051707,0.7836,0.9909
789062.00,500000.00,761027.34,12,11,12,11,12,0.095128,0.9243,0.9545
789062.00,500000.00,606820.82,12,11,12,11,12,0.075853,0.8920,0.7620
789062.00,500000.00,628469.71,12,11,12,11,12,0.078559,0.8880,0.7822
195312.00,250000.00,232076.64,10,11,11,11,11,0.029010,0.8834,0.8340
789062.00,500000.00,752925.52,12,11,12,11,12,0.094116,0.8780,0.9402
195312.00,250000.00,191698.55,10,11,11,10,10,0.023962,0.8018,0.9787
164062.00,250000.00,162334.44,9,10,10,9,9,0.020292,0.7871,0.9742
164062.00,250000.00,162188.05,9,10,10,9,9,0.020274,0.7247,0.9689
414062.00,500000.00,418916.70,11,12,12,11,11,0.052365,0.7074,0.9588
789062.00,500000.00,735144.62,12,11,12,11,12,0.091893,0.9260,0.9298
789062.00,500000.00,769861.22,12,11,12,11,12,0.096233,0.9117,0.9718
195312.00,125000.00,195051.19,10,9,10,9,10,0.024381,0.8296,0.9820
195312.00,125000.00,195086.03,10,9,10,9,10,0.024386,0.7906,0.9590
195312.00,125000.00,193228.24,10,9,10,9,10,0.024154,0.7488,0.9835
320312.00,250000.00,323757.44,12,11,12,11,12,0.040470,0.9432,0.9822
101562.00,125000.00,111061.10,9,9,9,9,9,0.013883,0.9034,0.9012
648438.00,500000.00,625955.58,11,11,12,11,12,0.078244,0.8926,0.9528
648438.00,500000.00,569045.54,11,11,11,11,11,0.071131,0.8921,0.8315
320312.00,250000.00,316793.44,12,11,12,11,12,0.039599,0.8686,0.9873
101562.00,125000.00,109655.38,9,10,10,10,10,0.013707,0.8652,0.9180
757812.00,500000.00,574333.43,11,11,11,11,11,0.071792,0.8555,0.7087
757812.00,500000.00,587031.36,11,11,11,11,11,0.073379,0.8468,0.7679
648438.00,500000.00,649761.20,11,11,12,11,12,0.081220,0.9565,0.9933
320312.00,250000.00,314619.66,12,11,12,11,12,0.039327,0.9479,0.9798
648438.00,500000.00,628372.19,11,11,12,11,12,0.078547,0.9358,0.9660
320312.00,250000.00,300706.86,12,11,12,11,12,0.037588,0.9270,0.9179
320312.00,250000.00,316900.97,12,11,12,11,12,0.039613,0.8855,0.9863
757812.00,500000.00,598369.60,11,11,12,11,12,0.074796,0.8818,0.7787
101562.00,125000.00,109156.61,9,9,9,9,9,0.013645,0.8587,0.9233
101562.00,125000.00,107088.57,9,9,9,9,9,0.013386,0.8420,0.9275
757812.00,500000.00,707152.37,11,11,12,11,12,0.088394,0.8119,0.9217
320312.00,250000.00,319446.56,12,11,12,11,12,0.039931,0.9570,0.9742
648438.00,500000.00,651344.06,11,11,12,11,12,0.081418,0.9182,0.9659
757812.00,500000.00,724929.33,11,11,12,11,12,0.090616,0.8124,0.9335
757812.00,500000.00,735369.21,11,11,12,11,12,0.091921,0.8107,0.9645
757812.00,500000.00,533981.32,11,11,11,11,11,0.066748,0.7114,0.6623
320312.00,250000.00,324947.60,12,11,12,11,12,0.040618,0.9362,0.9643
320312.00,250000.00,315275.19,12,11,12,11,12,0.039409,0.9334,0.9577
320312.00,250000.00,277140.14,12,11,11,11,11,0.034643,0.9293,0.8608
101562.00,125000.00,108564.85,9,9,9,9,9,0.013571,0.9292,0.9204
320312.00,250000.00,317649.84,12,11,12,11,12,0.039706,0.9285,0.9656
101562.00,125000.00,105138.78,9,9,9,9,9,0.013142,0.9229,0.9653
320312.00,250000.00,311710.36,12,11,12,11,12,0.038964,0.9104,0.9702
757812.00,500000.00,535099.98,11,11,11,11,11,0.066887,0.8856,0.6779
101562.00,125000.00,110138.03,9,9,9,9,9,0.013767,0.8646,0.8051
648438.00,500000.00,643881.80,11,11,12,11,12,0.080485,0.9658,0.9677
257812.00,250000.00,253679.28,12,12,12,12,12,0.031710,0.9490,0.9458
257812.00,250000.00,257949.83,12,12,12,12,12,0.032244,0.9418,0.9685
257812.00,250000.00,255312.80,12,12,12,12,12,0.031914,0.9312,0.9813
648438.00,500000.00,646012.31,11,11,12,11,12,0.080752,0.9298,0.9583
273438.00,250000.00,273856.16,10,10,10,10,10,0.034232,0.9228,0.9716
210938.00,250000.00,215426.45,12,12,12,12,12,0.026928,0.9077,0.9657
257812.00,250000.00,256961.82,12,12,12,12,12,0.032120,0.9627,0.9591
273438.00,250000.00,264479.64,10,10,10,10,10,0.033060,0.9606,0.9638
273438.00,250000.00,275199.89,10,10,10,10,10,0.034400,0.9362,0.9755
210938.00,250000.00,215887.07,12,12,12,12,12,0.026986,0.9103,0.9718
257812.00,250000.00,260925.29,12,12,12,12,12,0.032616,0.9018,0.9413
648438.00,500000.00,627996.09,11,11,12,11,12,0.078500,0.8954,0.9621
210938.00,250000.00,219338.30,12,12,12,12,12,0.027417,0.8928,0.9512
210938.00,250000.00,216851.23,12,12,12,12,12,0.027106,0.8861,0.9707
648438.00,500000.00,470622.06,11,11,11,11,11,0.058828,0.8750,0.7112
210938.00,250000.00,212223.05,12,12,12,12,12,0.026528,0.8648,0.9838
273438.00,250000.00,340639.23,10,10,11,10,11,0.042580,0.7720,0.7859
257812.00,250000.00,254564.29,12,12,12,12,12,0.031821,0.9571,0.9761
273438.00,250000.00,265093.80,10,10,10,10,10,0.033137,0.9399,0.9638
273438.00,250000.00,272470.00,10,10,10,10,10,0.034059,0.9375,0.9820
257812.00,250000.00,259243.01,12,12,12,12,12,0.032405,0.9257,0.9762
273438.00,250000.00,273992.54,10,10,10,10,10,0.034249,0.9221,0.9750
257812.00,250000.00,257191.66,12,12,12,12,12,0.032149,0.9028,0.9662
210938.00,250000.00,213898.66,12,12,12,12,12,0.026737,0.9021,0.9804
257812.00,250000.00,252499.58,12,12,12,12,12,0.031562,0.9735,0.9708
648438.00,500000.00,640630.72,11,11,12,11,12,0.080079,0.9681,0.9817
257812.00,250000.00,257031.44,12,12,12,12,12,0.032129,0.9611,0.9845
273438.00,250000.00,268068.31,10,10,10,10,10,0.033509,0.9452,0.9740
273438.00,250000.00,271647.93,10,10,10,10,10,0.033956,0.9361,0.9858
648438.00,500000.00,653118.13,11,11,12,11,12,0.081640,0.9239,0.9810
210938.00,250000.00,206851.96,12,12,12,11,11,0.025856,0.9164,0.9793
648438.00,500000.00,635923.39,11,11,12,11,12,0.079490,0.9074,0.9561
210938.00,250000.00,212444.54,12,12,12,12,12,0.026556,0.8954,0.9616
257812.00,250000.00,268223.76,12,12,12,12,12,0.033528,0.8925,0.9600
210938.00,250000.00,247341.16,12,12,12,12,12,0.030918,0.8316,0.8492
273438.00,250000.00,270534.99,10,10,10,10,10,0.033817,0.8013,0.9012
335938.00,250000.00,331342.70,12,11,12,11,12,0.041418,0.9470,0.9842
460938.00,500000.00,467336.65,12,12,12,12,12,0.058417,0.9464,0.9813
242188.00,250000.00,244381.43,11,11,11,11,11,0.030548,0.9440,0.9820
242188.00,250000.00,245987.42,11,11,11,11,11,0.030748,0.9332,0.9522
242188.00,250000.00,245886.80,11,11,11,11,11,0.030736,0.9322,0.9585
335938.00,250000.00,339702.61,12,11,12,11,12,0.042463,0.9270,0.9615
335938.00,250000.00,337366.10,12,11,12,11,12,0.042171,0.9233,0.9937
242188.00,250000.00,243515.01,11,11,11,11,11,0.030439,0.9181,0.9643
335938.00,250000.00,335041.05,12,11,12,11,12,0.041880,0.9122,0.9908
320312.00,250000.00,324819.56,11,10,11,10,11,0.040602,0.8866,0.9826
242188.00,250000.00,246529.58,11,11,11,11,11,0.030816,0.9662,0.8151
242188.00,250000.00,243162.93,11,11,11,11,11,0.030395,0.9645,0.9936
335938.00,250000.00,336416.24,12,11,12,11,12,0.042052,0.9563,0.9696
460938.00,500000.00,466329.57,12,12,12,12,12,0.058291,0.9558,0.9879
335938.00,250000.00,332079.41,12,11,12,11,12,0.041510,0.9512,0.9874
335938.00,250000.00,335779.19,12,11,12,11,12,0.041972,0.9510,0.9946
242188.00,250000.00,244545.94,11,11,11,11,11,0.030568,0.9411,0.9828
242188.00,250000.00,240835.19,11,11,11,11,11,0.030104,0.9363,0.9705
242188.00,250000.00,242986.68,11,11,11,11,11,0.030373,0.9349,0.9777
320312.00,250000.00,325664.52,11,10,11,10,11,0.040708,0.8396,0.9797
335938.00,250000.00,337562.56,12,11,12,11,12,0.042195,0.9566,0.9923
460938.00,500000.00,463603.50,12,12,12,12,12,0.057950,0.9535,0.9912
460938.00,500000.00,465704.92,12,12,12,12,12,0.058213,0.9381,0.9750
335938.00,250000.00,335265.34,12,11,12,11,12,0.041908,0.9380,0.9930
460938.00,500000.00,457215.19,12,12,12,12,12,0.057152,0.9204,0.9658
460938.00,500000.00,460577.01,12,12,12,12,12,0.057572,0.8910,0.9276
320312.00,250000.00,326918.60,11,11,12,11,12,0.040865,0.7216,0.9695
460938.00,500000.00,468236.92,12,12,12,12,12,0.058530,0.9644,0.9775
460938.00,500000.00,465955.29,12,12,12,12,12,0.058244,0.9616,0.9623
460938.00,500000.00,460973.74,12,12,12,12,12,0.057622,0.9543,0.9938
242188.00,250000.00,241211.41,11,11,11,11,11,0.030151,0.9540,0.9901
460938.00,500000.00,485317.23,12,12,12,12,12,0.060665,0.9489,0.9446
320312.00,250000.00,328801.16,11,10,11,10,11,0.041100,0.9441,0.9641
460938.00,500000.00,470206.74,12,12,12,12,12,0.058776,0.9323,0.9682
335938.00,250000.00,337631.23,12,11,12,11,12,0.042204,0.9283,0.9261
320312.00,250000.00,321892.74,11,10,11,10,11,0.040237,0.8533,0.9697
320312.00,250000.00,321005.82,11,10,11,10,11,0.040126,0.7670,0.9670
320312.00,250000.00,322861.67,11,10,11,10,11,0.040358,0.7494,0.9711
242188.00,250000.00,243942.26,11,11,11,11,11,0.030493,0.7456,0.9750
570312.00,500000.00,570926.67,12,12,12,12,12,0.071366,0.9725,0.9946
273438.00,250000.00,273019.79,11,11,11,11,11,0.034127,0.9517,0.9491
570312.00,500000.00,562000.27,12,12,12,12,12,0.070250,0.9491,0.9763
273438.00,250000.00,269283.29,11,11,11,11,11,0.033660,0.9419,0.9610
273438.00,250000.00,279939.17,11,11,11,11,11,0.034992,0.9367,0.9734
304688.00,250000.00,312337.88,11,11,12,11,12,0.039042,0.9231,0.9548
304688.00,250000.00,304366.11,11,11,12,11,12,0.038046,0.9078,0.9687
570312.00,500000.00,540248.87,12,12,12,12,12,0.067531,0.8166,0.9107
273438.00,250000.00,279759.41,11,11,11,11,11,0.034970,0.9374,0.9548
273438.00,250000.00,267774.82,11,11,11,11,11,0.033472,0.9337,0.9767
273438.00,250000.00,270831.11,11,11,11,11,11,0.033854,0.9336,0.9884
570312.00,500000.00,553750.99,12,12,12,12,12,0.069219,0.9329,0.9139
570312.00,500000.00,582611.08,12,12,12,12,12,0.072826,0.9187,0.9661
304688.00,250000.00,313574.79,11,11,12,11,12,0.039197,0.9153,0.9632
304688.00,250000.00,304159.16,11,11,12,11,12,0.038020,0.8977,0.9716
742188.00,500000.00,736317.63,11,11,12,11,12,0.092040,0.8893,0.9814
570312.00,500000.00,560359.00,12,12,12,12,12,0.070045,0.9644,0.9782
570312.00,500000.00,566771.51,12,12,12,12,12,0.070846,0.9613,0.9887
273438.00,250000.00,274248.12,11,11,11,11,11,0.034281,0.9579,0.9770
304688.00,250000.00,322752.24,11,11,12,11,12,0.040344,0.9377,0.9336
304688.00,250000.00,303113.22,11,11,12,11,12,0.037889,0.8901,0.9817
273438.00,250000.00,268417.84,11,11,11,11,11,0.033552,0.9517,0.9813
304688.00,250000.00,303121.81,11,11,12,11,12,0.037890,0.9475,0.9723
570312.00,500000.00,585553.05,12,12,12,12,12,0.073194,0.9469,0.9652
273438.00,250000.00,282728.20,11,11,11,11,11,0.035341,0.9236,0.9514
273438.00,250000.00,278405.43,11,11,11,11,11,0.034801,0.9211,0.9735
273438.00,250000.00,269672.39,11,11,11,11,11,0.033709,0.9011,0.9647
742188.00,500000.00,576662.06,11,11,11,11,11,0.072083,0.8565,0.7670
304688.00,250000.00,307487.49,11,11,12,11,12,0.038436,0.8319,0.9645
304688.00,250000.00,297915.46,11,11,12,11,12,0.037239,0.7923,0.9652
570312.00,500000.00,575140.00,12,12,12,12,12,0.071892,0.7593,0.7691
414062.00,500000.00,417263.03,10,11,11,10,10,0.052158,0.9422,0.9849
679688.00,500000.00,685718.54,12,11,12,11,12,0.085715,0.9409,0.9879
679688.00,500000.00,678956.03,12,11,12,11,12,0.084870,0.9363,0.9680
132812.00,125000.00,134242.06,11,11,11,11,11,0.016780,0.9265,0.9373
132812.00,125000.00,134256.36,11,11,11,11,11,0.016782,0.9122,0.9872
132812.00,125000.00,130782.13,11,11,11,11,11,0.016348,0.9016,0.9775
351562.00,500000.00,353875.94,10,11,11,10,10,0.044234,0.8846,0.9713
414062.00,500000.00,415608.41,10,11,11,10,10,0.051951,0.9388,0.9766
414062.00,500000.00,421322.35,10,11,11,11,11,0.052665,0.9388,0.9827
132812.00,125000.00,130640.03,11,11,11,11,11,0.016330,0.9329,0.9707
679688.00,500000.00,684223.65,12,11,12,11,12,0.085528,0.9319,0.9823
414062.00,500000.00,416038.99,10,11,11,10,10,0.052005,0.9311,0.9820
414062.00,500000.00,414592.74,10,11,11,10,10,0.051824,0.9189,0.9862
679688.00,500000.00,679890.69,12,11,12,11,12,0.084986,0.9184,0.9600
414062.00,500000.00,424914.00,10,11,11,11,11,0.053114,0.8947,0.9681
132812.00,125000.00,134057.04,11,11,11,11,11,0.016757,0.7211,0.7598
414062.00,500000.00,412851.45,10,11,11,10,10,0.051606,0.9545,0.9891
414062.00,500000.00,408385.28,10,11,11,10,10,0.051048,0.9525,0.9585
414062.00,500000.00,415152.07,10,11,11,10,10,0.051894,0.9518,0.9724
679688.00,500000.00,666936.76,12,11,12,11,12,0.083367,0.9482,0.9793
351562.00,500000.00,362161.64,10,11,11,10,10,0.045270,0.9287,0.9541
351562.00,500000.00,367846.49,10,11,11,10,10,0.045981,0.9197,0.9485
132812.00,125000.00,128834.72,11,11,11,11,11,0.016104,0.9197,0.9616
132812.00,125000.00,129442.21,11,11,11,11,11,0.016180,0.9166,0.9630
351562.00,500000.00,356751.44,10,11,11,10,10,0.044594,0.8851,0.9831
351562.00,500000.00,367164.61,10,11,11,10,10,0.045896,0.8777,0.9342
351562.00,500000.00,362905.50,10,11,11,10,10,0.045363,0.8562,0.9627
679688.00,500000.00,666797.64,12,11,12,11,12,0.083350,0.8289,0.9740
414062.00,500000.00,413311.00,10,11,11,10,10,0.051664,0.9551,0.9836
679688.00,500000.00,682760.24,12,11,12,11,12,0.085345,0.9526,0.9772
679688.00,500000.00,671597.48,12,11,12,11,12,0.083950,0.9487,0.9820
414062.00,500000.00,414323.81,10,11,11,10,10,0.051790,0.9266,0.9752
351562.00,500000.00,357752.80,10,11,11,10,10,0.044719,0.9146,0.9808
351562.00,500000.00,358899.59,10,11,11,10,10,0.044862,0.9124,0.9723
132812.00,125000.00,134150.03,11,11,11,11,11,0.016769,0.8948,0.9815
679688.00,500000.00,666954.52,12,11,12,11,12,0.083369,0.8843,0.9612
679688.00,500000.00,636951.45,12,11,12,11,12,0.079619,0.8662,0.9229
351562.00,500000.00,364684.10,10,11,11,10,10,0.045586,0.8226,0.9576
132812.00,125000.00,133456.71,11,11,11,11,11,0.016682,0.7665,0.8665
492188.00,500000.00,494513.51,11,11,11,11,11,0.061814,0.9635,0.9894
632812.00,500000.00,630437.37,11,11,12,11,12,0.078805,0.9619,0.9889
492188.00,500000.00,493993.76,11,11,11,11,11,0.061749,0.9564,0.9882
398438.00,500000.00,411482.81,10,11,11,10,10,0.051435,0.9530,0.9612
492188.00,500000.00,490701.68,11,11,11,11,11,0.061338,0.9506,0.9897
632812.00,500000.00,636203.77,11,11,12,11,12,0.079525,0.9633,0.9880
632812.00,500000.00,630791.66,11,11,12,11,12,0.078849,0.9594,0.9673
632812.00,500000.00,637394.91,11,11,12,11,12,0.079674,0.9498,0.9641
398438.00,500000.00,402738.57,10,11,11,10,10,0.050342,0.9453,0.9887
695312.00,500000.00,698527.34,12,11,12,11,12,0.087316,0.9359,0.9489
398438.00,500000.00,397947.31,10,11,11,10,10,0.049743,0.9349,0.9912
398438.00,500000.00,405400.28,10,11,11,10,10,0.050675,0.9219,0.9800
398438.00,500000.00,403394.70,10,11,11,10,10,0.050424,0.9012,0.9876
632812.00,500000.00,628566.50,11,11,12,11,12,0.078571,0.8878,0.8854
695312.00,500000.00,544359.68,12,11,11,11,11,0.068045,0.8789,0.7625
632812.00,500000.00,526582.96,11,11,11,11,11,0.065823,0.8649,0.8235
492188.00,500000.00,504289.63,11,11,11,11,11,0.063036,0.8133,0.9364
695312.00,500000.00,651830.20,12,11,12,11,12,0.081479,0.7755,0.8921
492188.00,500000.00,494894.03,11,11,11,11,11,0.061862,0.9616,0.9917
492188.00,500000.00,493028.64,11,11,11,11,11,0.061629,0.9534,0.9944
695312.00,500000.00,694097.76,12,11,12,11,12,0.086762,0.9454,0.9684
632812.00,500000.00,627955.44,11,11,12,11,12,0.078494,0.9319,0.9827
492188.00,500000.00,497411.73,11,11,11,11,11,0.062176,0.9313,0.9639
695312.00,500000.00,605194.09,12,11,12,11,12,0.075649,0.8697,0.8523
695312.00,500000.00,622746.47,12,11,12,11,12,0.077843,0.8692,0.8841
695312.00,500000.00,652958.87,12,11,12,11,12,0.081620,0.8641,0.9305
632812.00,500000.00,616436.00,11,11,12,11,12,0.077055,0.8621,0.9467
695312.00,500000.00,694026.35,12,11,12,11,12,0.086753,0.9552,0.9826
492188.00,500000.00,497290.13,11,11,11,11,11,0.062161,0.9379,0.9847
695312.00,500000.00,710079.19,12,11,12,11,12,0.088760,0.9346,0.9677
492188.00,500000.00,482957.84,11,11,11,11,11,0.060370,0.9320,0.9702
632812.00,500000.00,623615.26,11,11,12,11,12,0.077952,0.9228,0.9554
398438.00,500000.00,396904.95,10,11,11,10,10,0.049613,0.9146,0.9609
398438.00,500000.00,406350.61,10,11,11,10,10,0.050794,0.9114,0.9776
632812.00,500000.00,624572.75,11,11,12,11,12,0.078072,0.9060,0.9572
492188.00,500000.00,560649.63,11,11,11,11,11,0.070081,0.8998,0.8678
398438.00,500000.00,423571.59,10,11,11,11,11,0.052946,0.8897,0.9357
695312.00,500000.00,586097.84,12,11,11,11,11,0.073262,0.8458,0.6560
632812.00,500000.00,534647.70,11,11,11,11,11,0.066831,0.8281,0.8406
398438.00,500000.00,446657.66,10,11,11,11,11,0.055832,0.7934,0.8861
398438.00,500000.00,481172.56,10,11,11,11,11,0.060147,0.7853,0.7771
648438.00,500000.00,655182.84,12,11,12,11,12,0.081898,0.8963,0.9868
617188.00,500000.00,611615.18,12,12,13,12,13,0.076452,0.8757,0.9864
648438.00,500000.00,666557.37,12,11,12,11,12,0.083320,0.8720,0.9121
648438.00,500000.00,636810.30,12,12,13,12,13,0.079601,0.8535,0.9646
648438.00,500000.00,651621.82,12,11,12,11,12,0.081453,0.9655,0.9924
257812.00,250000.00,258759.50,10,10,10,10,10,0.032345,0.9287,0.9937
257812.00,250000.00,252273.56,10,10,10,10,10,0.031534,0.9204,0.9640
648438.00,500000.00,661419.87,12,11,12,11,12,0.082677,0.9132,0.9671
257812.00,250000.00,264299.81,10,10,10,10,10,0.033037,0.8580,0.9650
617188.00,500000.00,623372.14,12,12,13,12,13,0.077922,0.7815,0.9783
648438.00,500000.00,653402.92,12,11,12,11,12,0.081675,0.9426,0.9900
257812.00,250000.00,258413.31,10,10,10,10,10,0.032302,0.9402,0.9776
257812.00,250000.00,251610.99,10,10,10,10,10,0.031451,0.9367,0.9655
648438.00,500000.00,561192.51,12,11,11,11,11,0.070149,0.8909,0.8351
648438.00,500000.00,653814.32,12,11,12,11,12,0.081727,0.8597,0.9602
617188.00,500000.00,624326.71,12,12,13,12,13,0.078041,0.8526,0.9649
398438.00,500000.00,404430.39,11,11,11,10,10,0.050554,0.8104,0.9803
617188.00,500000.00,610162.73,12,12,13,12,13,0.076270,0.7739,0.9692
617188.00,500000.00,615564.35,12,11,12,11,12,0.076946,0.7253,0.9874
257812.00,250000.00,257520.68,10,10,10,10,10,0.032190,0.9489,0.9805
257812.00,250000.00,257072.45,10,10,10,10,10,0.032134,0.9392,0.9798
257812.00,250000.00,258722.31,10,10,10,10,10,0.032340,0.9359,0.9853
257812.00,250000.00,255009.77,10,10,10,10,10,0.031876,0.9351,0.9870
617188.00,500000.00,600575.45,12,12,13,12,13,0.075072,0.9209,0.9689
617188.00,500000.00,621489.29,12,11,12,11,12,0.077686,0.8865,0.9807
398438.00,250000.00,403293.61,11,10,11,10,11,0.050412,0.8836,0.9544
398438.00,250000.00,401332.86,11,10,11,10,11,0.050167,0.8466,0.9858
617188.00,500000.00,492439.27,12,12,12,12,12,0.061555,0.8233,0.7754
617188.00,500000.00,617633.34,12,12,13,12,13,0.077204,0.8178,0.9921
648438.00,500000.00,643667.22,12,11,12,11,12,0.080458,0.8167,0.9725
460938.00,500000.00,463331.22,11,11,11,11,11,0.057916,0.9601,0.9727
460938.00,500000.00,460938.45,11,11,11,11,11,0.057617,0.9510,0.9877
460938.00,500000.00,466410.88,11,11,11,11,11,0.058301,0.9404,0.9813
460938.00,500000.00,462524.18,11,11,11,11,11,0.057816,0.9376,0.9909
226562.00,250000.00,237885.00,11,11,11,11,11,0.029736,0.9013,0.9480
460938.00,500000.00,463199.26,11,11,11,11,11,0.057900,0.9544,0.9874
460938.00,500000.00,454481.36,11,11,11,11,11,0.056810,0.9481,0.9826
226562.00,250000.00,231145.86,11,11,11,11,11,0.028893,0.9405,0.9787
226562.00,250000.00,226723.67,11,11,11,11,11,0.028340,0.9379,0.9722
226562.00,250000.00,230480.19,11,11,11,11,11,0.028810,0.9364,0.9740
101562.00,125000.00,112650.87,11,12,12,12,12,0.014081,0.9030,0.9003
460938.00,500000.00,461635.59,11,11,11,11,11,0.057704,0.8988,0.9719
101562.00,125000.00,110332.97,11,12,12,12,12,0.013792,0.8320,0.8777
226562.00,250000.00,230535.51,11,11,11,11,11,0.028817,0.8265,0.9039
101562.00,125000.00,122525.22,11,12,12,12,12,0.015316,0.7583,0.8259
195312.00,250000.00,225328.92,11,12,12,12,12,0.028166,0.7260,0.8597
460938.00,500000.00,463699.34,11,11,11,11,11,0.057962,0.9507,0.9873
226562.00,250000.00,231523.51,11,11,11,11,11,0.028940,0.9410,0.9535
226562.00,250000.00,224216.46,11,11,11,11,11,0.028027,0.9247,0.9535
460938.00,500000.00,460004.33,11,11,11,11,11,0.057501,0.9178,0.9796
101562.00,125000.00,111711.50,11,12,12,12,12,0.013964,0.8032,0.9037
101562.00,125000.00,108400.34,11,12,12,12,12,0.013550,0.7242,0.8045
460938.00,500000.00,466658.12,11,11,11,11,11,0.058332,0.9587,0.9860
460938.00,500000.00,466082.22,11,11,11,11,11,0.058260,0.9384,0.9675
226562.00,250000.00,228730.20,11,11,11,11,11,0.028591,0.9318,0.9732
226562.00,250000.00,227242.47,11,11,11,11,11,0.028405,0.8933,0.9856
226562.00,250000.00,223691.94,11,11,11,11,11,0.027961,0.8863,0.9537
226562.00,250000.00,221658.23,11,11,11,11,11,0.027707,0.8742,0.8873
195312.00,125000.00,200622.08,11,10,11,10,11,0.025078,0.8457,0.9659
101562.00,125000.00,115115.17,11,12,12,12,12,0.014389,0.8419,0.8810
101562.00,125000.00,116544.72,11,12,12,12,12,0.014568,0.8287,0.7987
195312.00,125000.00,193919.18,11,10,11,10,11,0.024240,0.7897,0.9743
101562.00,125000.00,110508.92,11,12,12,12,12,0.013814,0.7418,0.8499
585938.00,500000.00,590810.78,11,11,11,11,11,0.073851,0.9538,0.9799
132812.00,125000.00,131835.94,10,10,10,10,10,0.016479,0.9319,0.9528
132812.00,125000.00,130881.79,10,10,10,10,10,0.016360,0.9273,0.9384
132812.00,125000.00,132918.36,10,10,10,10,10,0.016615,0.9251,0.9840
382812.00,250000.00,379762.17,12,11,12,11,12,0.047470,0.9028,0.9911
382812.00,250000.00,384030.76,12,11,12,11,12,0.048004,0.9003,0.9917
132812.00,125000.00,126302.36,10,10,10,10,10,0.015788,0.8229,0.8613
585938.00,500000.00,585733.41,11,11,11,11,11,0.073217,0.9596,0.9860
585938.00,500000.00,566257.48,11,11,11,11,11,0.070782,0.9584,0.9615
585938.00,500000.00,572551.73,11,11,11,11,11,0.071569,0.9553,0.9739
585938.00,500000.00,584195.61,11,11,11,11,11,0.073024,0.9495,0.9874
585938.00,500000.00,593824.27,11,11,11,11,11,0.074228,0.9404,0.9804
585938.00,500000.00,576998.71,11,11,11,11,11,0.072125,0.9395,0.9749
226562.00,250000.00,236763.95,12,12,12,12,12,0.029595,0.9381,0.9525
585938.00,500000.00,587845.80,11,11,11,11,11,0.073481,0.9327,0.9423
382812.00,250000.00,384503.36,12,11,12,11,12,0.048063,0.9039,0.9844
226562.00,250000.00,223220.35,12,12,12,12,12,0.027903,0.9020,0.9822
132812.00,125000.00,129972.46,10,10,10,10,10,0.016247,0.8927,0.9495
382812.00,250000.00,384063.24,12,11,12,11,12,0.048008,0.8808,0.8983
585938.00,500000.00,579262.73,11,11,11,11,11,0.072408,0.8707,0.9593
382812.00,250000.00,381503.11,12,11,12,11,12,0.047688,0.9406,0.9587
226562.00,250000.00,225650.31,12,12,12,12,12,0.028206,0.9384,0.9826
382812.00,250000.00,379220.96,12,11,12,11,12,0.047403,0.9383,0.9725
585938.00,500000.00,590454.58,11,11,11,11,11,0.073807,0.9368,0.9914
226562.00,250000.00,228807.45,12,12,12,12,12,0.028601,0.9206,0.9770
132812.00,125000.00,131224.63,10,10,10,10,10,0.016403,0.9143,0.9830
382812.00,250000.00,379042.15,12,11,12,11,12,0.047380,0.9099,0.9697
226562.00,250000.00,231131.55,12,12,12,12,12,0.028891,0.9093,0.9583
226562.00,250000.00,228079.80,12,12,12,12,12,0.028510,0.8986,0.9741
226562.00,250000.00,229974.75,12,12,12,12,12,0.028747,0.8935,0.9741
226562.00,250000.00,226123.81,12,12,12,12,12,0.028265,0.8930,0.9359
226562.00,250000.00,229625.70,12,12,12,12,12,0.028703,0.8801,0.9722
132812.00,125000.00,146580.70,10,10,10,10,10,0.018323,0.8509,0.9037
132812.00,125000.00,139048.10,10,10,10,10,10,0.017381,0.8286,0.9505
585938.00,500000.00,589468.00,11,11,11,11,11,0.073684,0.9445,0.9865
226562.00,250000.00,224803.92,12,12,12,12,12,0.028100,0.9256,0.9744
382812.00,250000.00,381750.11,12,11,12,11,12,0.047719,0.9207,0.9799
132812.00,125000.00,135960.10,10,10,10,10,10,0.016995,0.9171,0.9745
382812.00,250000.00,379576.68,12,11,12,11,12,0.047447,0.9168,0.9848
382812.00,250000.00,374774.93,12,11,12,11,12,0.046847,0.9163,0.9545
132812.00,125000.00,126053.09,10,10,10,10,10,0.015757,0.9088,0.9352
382812.00,500000.00,381425.86,12,12,12,11,11,0.047678,0.8515,0.9761
476562.00,500000.00,483381.27,12,12,12,12,12,0.060423,0.9668,0.9827
148438.00,125000.00,144443.51,12,12,12,12,12,0.018055,0.9630,0.9487
476562.00,500000.00,480588.67,12,12,12,12,12,0.060074,0.9525,0.9886
476562.00,500000.00,472701.31,12,12,12,12,12,0.059088,0.9464,0.9773
492188.00,500000.00,479159.95,12,12,12,12,12,0.059895,0.9292,0.9697
476562.00,500000.00,489732.74,12,12,12,12,12,0.061217,0.9112,0.9612
101562.00,125000.00,109321.59,12,12,12,12,12,0.013665,0.8865,0.9195
148438.00,125000.00,144652.37,12,12,12,12,12,0.018082,0.8827,0.9524
148438.00,125000.00,139916.90,12,12,12,12,12,0.017490,0.8810,0.9421
476562.00,500000.00,448194.50,12,12,12,12,12,0.056024,0.8772,0.8863
148438.00,125000.00,134471.42,12,11,11,11,11,0.016809,0.8362,0.9047
492188.00,500000.00,490873.34,12,12,12,12,12,0.061359,0.9762,0.9867
492188.00,500000.00,497789.38,12,12,12,12,12,0.062224,0.9678,0.9859
492188.00,500000.00,492169.86,12,12,12,12,12,0.061521,0.9540,0.9885
492188.00,500000.00,501663.21,12,12,12,12,12,0.062708,0.9531,0.9766
476562.00,500000.00,485540.39,12,12,12,12,12,0.060693,0.9528,0.9759
492188.00,500000.00,495951.65,12,12,12,12,12,0.061994,0.9513,0.9870
476562.00,500000.00,484696.39,12,12,12,12,12,0.060587,0.9345,0.9823
148438.00,125000.00,143979.07,12,12,12,12,12,0.017997,0.9189,0.9307
148438.00,125000.00,146375.66,12,12,12,12,12,0.018297,0.8885,0.9825
101562.00,125000.00,126966.48,12,12,12,12,12,0.015871,0.8800,0.7918
101562.00,125000.00,109680.18,12,12,12,12,12,0.013710,0.8075,0.9205
476562.00,500000.00,481069.56,12,12,12,12,12,0.060134,0.9571,0.9692
492188.00,500000.00,493084.01,12,12,12,12,12,0.061636,0.9540,0.9936
492188.00,500000.00,499853.13,12,12,12,12,12,0.062482,0.9522,0.8281
492188.00,500000.00,493235.59,12,12,12,12,12,0.061654,0.9408,0.9778
492188.00,500000.00,501336.57,12,12,12,12,12,0.062667,0.9397,0.9738
148438.00,125000.00,139783.86,12,12,12,12,12,0.017473,0.9323,0.9239
476562.00,500000.00,493330.00,12,12,12,12,12,0.061666,0.9243,0.8875
101562.00,125000.00,110236.17,12,12,12,12,12,0.013780,0.8517,0.9167
101562.00,125000.00,120777.13,12,12,12,12,12,0.015097,0.8510,0.8390
492188.00,500000.00,503459.93,12,12,12,12,12,0.062932,0.8507,0.9716
101562.00,125000.00,124392.51,12,12,12,12,12,0.015549,0.8049,0.7664
101562.00,125000.00,113889.69,12,12,12,12,12,0.014236,0.7589,0.8344
476562.00,500000.00,479392.53,12,12,12,12,12,0.059924,0.9446,0.9846
148438.00,125000.00,143807.17,12,11,11,11,11,0.017976,0.8802,0.9592
101562.00,125000.00,125577.81,12,12,12,12,12,0.015697,0.8629,0.8062
148438.00,125000.00,116214.75,12,12,12,12,12,0.014527,0.8127,0.7812
101562.00,125000.00,124475.00,12,12,12,12,12,0.015559,0.8090,0.7277
664062.00,500000.00,654449.94,11,11,12,11,12,0.081806,0.9551,0.9829
242188.00,250000.00,240921.02,9,10,10,10,10,0.030115,0.9105,0.9452
773438.00,500000.00,524495.12,11,11,11,11,11,0.065562,0.9087,0.6523
242188.00,250000.00,244318.01,9,10,10,10,10,0.030540,0.9414,0.9887
242188.00,250000.00,240955.11,9,10,10,10,10,0.030119,0.9095,0.9397
210938.00,250000.00,214399.34,10,10,10,10,10,0.026800,0.8949,0.9809
242188.00,250000.00,249652.86,9,10,10,10,10,0.031207,0.8925,0.9559
210938.00,250000.00,220709.80,10,10,10,10,10,0.027589,0.8548,0.9433
773438.00,500000.00,674974.44,11,11,12,11,12,0.084372,0.8516,0.8364
210938.00,250000.00,213064.19,10,10,10,10,10,0.026633,0.8410,0.9843
210938.00,250000.00,210561.75,10,10,10,10,10,0.026320,0.8231,0.9815
242188.00,250000.00,250295.64,9,10,10,10,10,0.031287,0.8066,0.9377
210938.00,250000.00,213662.62,10,10,10,10,10,0.026708,0.7930,0.9582
773438.00,500000.00,554628.37,11,11,11,11,11,0.069329,0.7747,0.6764
664062.00,500000.00,676056.98,11,11,12,11,12,0.084507,0.9678,0.9784
242188.00,250000.00,236164.09,9,10,10,10,10,0.029521,0.9519,0.9746
242188.00,250000.00,250926.02,9,10,10,10,10,0.031366,0.8925,0.9168
664062.00,500000.00,576478.96,11,11,11,11,11,0.072060,0.8760,0.8259
210938.00,250000.00,208557.13,10,10,10,9,9,0.026070,0.8091,0.9518
773438.00,500000.00,574697.97,11,11,11,11,11,0.071837,0.8075,0.7395
664062.00,500000.00,568059.92,11,11,11,11,11,0.071007,0.7597,0.8114
664062.00,500000.00,518333.67,11,11,11,11,11,0.064792,0.7359,0.7801
773438.00,500000.00,596977.23,11,11,12,11,12,0.074622,0.7218,0.6638
773438.00,500000.00,547845.13,11,11,11,11,11,0.068481,0.7153,0.6756
242188.00,250000.00,238138.20,9,10,10,10,10,0.029767,0.9678,0.9809
242188.00,250000.00,249526.98,9,10,10,10,10,0.031191,0.9329,0.9450
664062.00,500000.00,652985.51,11,11,12,11,12,0.081623,0.9323,0.9816
242188.00,250000.00,243604.66,9,10,10,10,10,0.030451,0.9268,0.9690
773438.00,500000.00,520974.16,11,11,11,11,11,0.065122,0.9012,0.6570
664062.00,500000.00,674563.41,11,11,12,11,12,0.084320,0.8974,0.9800
664062.00,500000.00,594977.38,11,11,12,11,12,0.074372,0.8972,0.8532
664062.00,500000.00,659678.46,11,11,12,11,12,0.082460,0.8686,0.9700
210938.00,250000.00,212862.01,10,10,10,10,10,0.026608,0.8095,0.9889
210938.00,250000.00,208660.07,10,10,10,9,9,0.026083,0.7043,0.9734
460938.00,500000.00,464900.97,12,12,12,12,12,0.058113,0.9639,0.9781
242188.00,250000.00,244430.90,12,12,12,12,12,0.030554,0.9562,0.9556
242188.00,250000.00,248256.68,12,12,12,12,12,0.031032,0.9511,0.9660
242188.00,250000.00,241012.57,12,12,12,12,12,0.030127,0.9426,0.9813
242188.00,250000.00,244329.21,12,12,12,12,12,0.030541,0.9263,0.9388
117188.00,125000.00,117770.20,9,9,9,9,9,0.014721,0.9180,0.8980
210938.00,250000.00,214134.69,11,11,11,11,11,0.026767,0.9155,0.9752
117188.00,125000.00,122339.25,9,9,9,9,9,0.015292,0.9013,0.9575
117188.00,125000.00,140554.43,9,9,9,9,9,0.017569,0.8924,0.8202
460938.00,500000.00,458959.58,12,12,12,12,12,0.057370,0.9556,0.9900
460938.00,500000.00,460828.78,12,12,12,12,12,0.057604,0.9545,0.9784
242188.00,250000.00,246267.32,12,12,12,12,12,0.030783,0.9505,0.9769
460938.00,500000.00,460943.70,12,12,12,12,12,0.057618,0.9435,0.9809
117188.00,125000.00,115367.89,9,9,9,9,9,0.014421,0.9198,0.9784
460938.00,500000.00,464089.39,12,12,12,12,12,0.058011,0.9094,0.9773
210938.00,250000.00,214781.76,11,11,11,11,11,0.026848,0.8103,0.9556
460938.00,500000.00,470342.64,12,12,12,12,12,0.058793,0.9620,0.9722
242188.00,250000.00,245596.41,12,12,12,12,12,0.030700,0.9563,0.9626
460938.00,500000.00,464637.25,12,12,12,12,12,0.058080,0.9534,0.9865
242188.00,250000.00,245399.48,12,12,12,12,12,0.030675,0.9425,0.9842
460938.00,500000.00,466788.29,12,12,12,12,12,0.058349,0.9409,0.9838
242188.00,250000.00,245094.30,12,12,12,12,12,0.030637,0.9340,0.9671
117188.00,125000.00,113069.77,9,9,9,9,9,0.014134,0.9275,0.9598
117188.00,125000.00,118796.83,9,9,9,9,9,0.014850,0.9109,0.9569
460938.00,500000.00,505758.64,12,12,12,12,12,0.063220,0.9047,0.9104
117188.00,125000.00,124245.64,9,9,9,9,9,0.015531,0.8950,0.9418
117188.00,125000.00,118156.43,9,9,9,9,9,0.014770,0.8906,0.9280
242188.00,250000.00,244492.29,12,12,12,12,12,0.030562,0.8706,0.9725
242188.00,250000.00,239102.36,12,12,12,12,12,0.029888,0.9642,0.9690
242188.00,250000.00,248577.12,12,12,12,12,12,0.031072,0.9545,0.9710
117188.00,125000.00,120481.49,9,9,9,9,9,0.015060,0.9381,0.9691
460938.00,500000.00,472112.66,12,12,12,12,12,0.059014,0.9377,0.9724
460938.00,500000.00,484506.61,12,12,12,12,12,0.060563,0.9342,0.9307
210938.00,250000.00,212952.02,11,11,11,11,11,0.026619,0.8971,0.9751
210938.00,250000.00,215503.93,11,11,11,11,11,0.026938,0.8888,0.9658
210938.00,250000.00,212385.89,11,11,11,11,11,0.026548,0.8530,0.9855
210938.00,250000.00,210838.32,11,11,11,11,11,0.026355,0.7301,0.9764
648438.00,500000.00,642535.21,11,11,12,11,12,0.080317,0.9629,0.9598
554688.00,500000.00,555084.23,12,12,12,12,12,0.069386,0.9567,0.9981
554688.00,500000.00,559070.59,12,12,12,12,12,0.069884,0.9323,0.9779
648438.00,500000.00,647903.92,11,11,12,11,12,0.080988,0.9153,0.9749
648438.00,500000.00,656822.20,11,11,12,11,12,0.082103,0.8317,0.9667
179688.00,125000.00,183155.06,11,10,11,10,11,0.022894,0.8192,0.9736
554688.00,500000.00,490794.18,12,12,12,12,12,0.061349,0.7521,0.8845
554688.00,500000.00,541490.55,12,12,12,12,12,0.067686,0.9543,0.9708
554688.00,500000.00,554519.65,12,12,12,12,12,0.069315,0.9441,0.9476
648438.00,500000.00,553034.78,11,11,11,11,11,0.069129,0.8095,0.7675
179688.00,250000.00,197322.85,11,12,12,11,11,0.024665,0.7400,0.8752
179688.00,250000.00,190842.63,11,12,12,11,11,0.023855,0.7299,0.9305
554688.00,500000.00,550726.89,12,12,12,12,12,0.068841,0.9673,0.9926
648438.00,500000.00,610967.64,11,11,12,11,12,0.076371,0.9424,0.9350
554688.00,500000.00,540927.89,12,12,12,12,12,0.067616,0.9401,0.9592
179688.00,125000.00,177860.26,11,10,11,10,11,0.022233,0.8321,0.9862
414062.00,250000.00,407859.80,11,10,11,10,11,0.050982,0.8252,0.9794
414062.00,250000.00,407503.13,11,10,11,10,11,0.050938,0.7063,0.9550
554688.00,500000.00,553632.74,12,12,12,12,12,0.069204,0.9656,0.9923
554688.00,500000.00,562338.83,12,12,12,12,12,0.070292,0.9655,0.9678
554688.00,500000.00,558866.50,12,12,12,12,12,0.069858,0.9419,0.9850
648438.00,500000.00,648576.26,11,11,12,11,12,0.081072,0.9282,0.9837
648438.00,500000.00,607123.37,11,11,12,11,12,0.075890,0.9031,0.9340
554688.00,500000.00,569293.02,12,12,12,12,12,0.071162,0.8768,0.9529
648438.00,500000.00,570049.29,11,11,11,11,11,0.071256,0.8573,0.8353
179688.00,125000.00,182336.09,11,10,11,10,11,0.022792,0.7873,0.9827
179688.00,125000.00,187232.18,11,10,11,10,11,0.023404,0.7206,0.9585
523438.00,500000.00,516130.45,12,12,12,12,12,0.064516,0.9701,0.9809
710938.00,500000.00,715291.98,12,11,12,11,12,0.089411,0.9615,0.9692
523438.00,500000.00,524377.82,12,12,12,12,12,0.065547,0.9614,0.9942
476562.00,500000.00,479518.89,12,12,12,12,12,0.059940,0.9557,0.9807
476562.00,500000.00,484620.81,12,12,12,12,12,0.060578,0.9549,0.9696
523438.00,500000.00,529957.77,12,12,12,12,12,0.066245,0.9536,0.9851
476562.00,500000.00,468680.38,12,12,12,12,12,0.058585,0.9524,0.9697
710938.00,500000.00,701199.05,12,11,12,11,12,0.087650,0.9482,0.9811
789062.00,500000.00,579442.98,11,11,11,11,11,0.072430,0.9046,0.7308
789062.00,500000.00,612351.42,11,11,12,11,12,0.076544,0.8964,0.7702
789062.00,500000.00,567787.17,11,11,11,11,11,0.070973,0.8723,0.7184
789062.00,500000.00,572046.28,11,11,11,11,11,0.071506,0.8680,0.7237
710938.00,500000.00,647762.78,12,11,12,11,12,0.080970,0.8511,0.8994
710938.00,500000.00,655013.08,12,11,12,11,12,0.081877,0.7444,0.8814
476562.00,500000.00,480089.72,12,12,12,12,12,0.060011,0.9668,0.9894
710938.00,500000.00,710117.34,12,11,12,11,12,0.088765,0.9665,0.9632
476562.00,500000.00,475474.36,12,12,12,12,12,0.059434,0.9626,0.9852
523438.00,500000.00,523906.71,12,12,12,12,12,0.065488,0.9528,0.9812
710938.00,500000.00,711284.64,12,11,12,11,12,0.088911,0.9519,0.9906
523438.00,500000.00,521585.46,12,12,12,12,12,0.065198,0.9492,0.9760
523438.00,500000.00,521608.35,12,12,12,12,12,0.065201,0.9423,0.9693
523438.00,500000.00,553601.26,12,12,12,12,12,0.069200,0.9356,0.9348
710938.00,500000.00,704648.97,12,11,12,11,12,0.088081,0.9288,0.9568
789062.00,500000.00,575202.94,11,11,11,11,11,0.071900,0.8352,0.7212
789062.00,500000.00,568060.87,11,11,11,11,11,0.071008,0.7379,0.6176
476562.00,500000.00,481281.28,12,12,12,12,12,0.060160,0.9570,0.9873
710938.00,500000.00,702110.29,12,11,12,11,12,0.087764,0.9490,0.9850
710938.00,500000.00,708489.42,12,11,12,11,12,0.088561,0.9444,0.9817
476562.00,500000.00,479938.51,12,12,12,12,12,0.059992,0.9409,0.9641
789062.00,500000.00,752546.31,11,11,12,11,12,0.094068,0.8541,0.9474
523438.00,500000.00,527582.29,12,12,12,12,12,0.065948,0.9437,0.9887
523438.00,500000.00,541139.60,12,12,12,12,12,0.067642,0.9431,0.9550
476562.00,500000.00,475735.66,12,12,12,12,12,0.059467,0.9424,0.9905
710938.00,500000.00,706807.14,12,11,12,11,12,0.088351,0.9420,0.9709
523438.00,500000.00,523997.31,12,12,12,12,12,0.065500,0.9361,0.9712
476562.00,500000.00,481472.97,12,12,12,12,12,0.060184,0.9332,0.9165
523438.00,500000.00,527269.36,12,12,12,12,12,0.065909,0.9287,0.9309
710938.00,500000.00,633195.52,12,11,12,11,12,0.079149,0.9063,0.8775
789062.00,500000.00,587944.98,11,11,11,11,11,0.073493,0.8957,0.7442
789062.00,500000.00,503054.62,11,11,11,11,11,0.062882,0.8954,0.6192
789062.00,500000.00,746963.50,11,11,12,11,12,0.093370,0.8555,0.9092
492188.00,500000.00,483863.83,10,11,11,11,11,0.060483,0.9399,0.9782
445312.00,500000.00,445526.60,12,12,12,12,12,0.055691,0.9387,0.9600
210938.00,250000.00,216580.39,12,12,12,12,12,0.027073,0.9297,0.9733
492188.00,500000.00,506828.78,10,11,11,11,11,0.063354,0.9038,0.9197
210938.00,250000.00,214428.66,12,12,12,12,12,0.026804,0.9037,0.9653
210938.00,250000.00,213089.94,12,12,12,12,12,0.026636,0.8940,0.9562
445312.00,500000.00,441220.76,12,12,12,12,12,0.055153,0.9488,0.9876
445312.00,500000.00,445610.05,12,12,12,12,12,0.055701,0.9454,0.9735
492188.00,500000.00,498751.64,10,11,11,11,11,0.062344,0.9338,0.9660
445312.00,500000.00,450416.56,12,12,12,12,12,0.056302,0.9276,0.9793
710938.00,500000.00,662847.52,11,11,12,11,12,0.082856,0.9017,0.9110
445312.00,500000.00,441279.41,12,12,12,12,12,0.055160,0.8972,0.9836
445312.00,500000.00,464916.71,12,12,12,12,12,0.058115,0.8936,0.9228
492188.00,500000.00,506917.95,10,11,11,11,11,0.063365,0.8678,0.9553
710938.00,500000.00,598215.58,11,11,12,11,12,0.074777,0.8050,0.8257
210938.00,250000.00,214653.49,12,12,12,12,12,0.026832,0.7354,0.9756
492188.00,500000.00,481225.01,10,11,11,11,11,0.060153,0.9616,0.9703
445312.00,500000.00,445407.33,12,12,12,12,12,0.055676,0.9524,0.9955
445312.00,500000.00,441277.50,12,12,12,12,12,0.055160,0.9459,0.9655
210938.00,250000.00,215827.47,12,12,12,12,12,0.026978,0.9364,0.9645
445312.00,500000.00,448121.07,12,12,12,12,12,0.056015,0.9344,0.9894
210938.00,250000.00,214527.13,12,12,12,12,12,0.026816,0.9066,0.9802
492188.00,500000.00,484295.85,10,11,11,11,11,0.060537,0.9445,0.9739
710938.00,500000.00,517616.51,11,11,11,11,11,0.064702,0.9098,0.7051
210938.00,250000.00,214653.02,12,12,12,12,12,0.026832,0.9065,0.9137
210938.00,125000.00,142393.11,12,11,11,11,11,0.017799,0.9042,0.6743
210938.00,250000.00,214339.26,12,12,12,12,12,0.026792,0.9028,0.9822
710938.00,500000.00,518889.67,11,11,11,11,11,0.064861,0.8929,0.7196
710938.00,500000.00,652851.10,11,11,12,11,12,0.081606,0.8625,0.8823
210938.00,125000.00,208438.87,12,11,12,11,12,0.026055,0.8479,0.9731
710938.00,500000.00,472341.54,11,11,11,11,11,0.059043,0.8418,0.6418
492188.00,500000.00,477576.26,10,11,11,11,11,0.059697,0.8367,0.5194
429688.00,500000.00,436895.25,10,11,11,11,11,0.054612,0.9465,0.9775
429688.00,500000.00,442309.38,10,11,11,11,11,0.055289,0.9465,0.9645
429688.00,500000.00,433832.65,10,11,11,11,11,0.054229,0.9414,0.9542
757812.00,500000.00,752489.09,12,11,12,11,12,0.094061,0.9406,0.9592
757812.00,500000.00,752427.10,12,11,12,11,12,0.094053,0.9400,0.9708
523438.00,500000.00,537586.21,12,12,12,12,12,0.067198,0.9336,0.9646
617188.00,500000.00,618454.40,12,12,13,12,13,0.077307,0.9262,0.9747
757812.00,500000.00,732531.55,12,11,12,11,12,0.091566,0.9222,0.9549
617188.00,500000.00,614423.75,12,12,13,12,13,0.076803,0.8913,0.9890
523438.00,500000.00,524368.29,12,12,12,12,12,0.065546,0.8836,0.9455
523438.00,500000.00,551742.55,12,12,12,12,12,0.068968,0.8824,0.9036
617188.00,500000.00,626441.96,12,12,13,12,13,0.078305,0.8723,0.9846
523438.00,500000.00,526638.03,12,12,12,12,12,0.065830,0.9419,0.9877
523438.00,500000.00,531920.43,12,12,12,12,12,0.066490,0.9356,0.9781
757812.00,500000.00,748757.36,12,11,12,11,12,0.093595,0.9319,0.9616
429688.00,500000.00,459126.47,10,11,11,11,11,0.057391,0.8607,0.8737
757812.00,500000.00,721313.48,12,11,12,11,12,0.090164,0.8588,0.9240
757812.00,500000.00,734376.91,12,11,12,11,12,0.091797,0.8406,0.8369
429688.00,500000.00,446440.70,10,11,11,11,11,0.055805,0.8401,0.9602
617188.00,500000.00,596378.33,12,11,12,11,12,0.074547,0.8063,0.9603
429688.00,500000.00,451007.84,10,11,11,11,11,0.056376,0.7753,0.9358
617188.00,500000.00,620340.82,12,12,13,12,13,0.077543,0.7750,0.8891
617188.00,500000.00,621300.22,12,12,13,12,13,0.077663,0.7048,0.9288
757812.00,500000.00,753580.57,12,11,12,11,12,0.094198,0.9605,0.9916
523438.00,500000.00,530382.63,12,12,12,12,12,0.066298,0.9373,0.9759
757812.00,500000.00,703888.89,12,11,12,11,12,0.087986,0.9326,0.9128
523438.00,500000.00,541637.42,12,12,12,12,12,0.067705,0.9315,0.9286
617188.00,500000.00,626387.60,12,11,12,11,12,0.078298,0.9288,0.9733
429688.00,500000.00,440142.63,10,11,11,11,11,0.055018,0.9228,0.9269
757812.00,500000.00,699326.52,12,11,12,11,12,0.087416,0.9199,0.9208
429688.00,500000.00,437223.43,10,11,11,11,11,0.054653,0.9149,0.9684
429688.00,500000.00,440572.74,10,11,11,11,11,0.055072,0.9101,0.7769
617188.00,500000.00,617728.47,12,12,13,12,13,0.077216,0.8939,0.9606
523438.00,500000.00,569090.84,12,12,12,12,12,0.071136,0.8536,0.8641
757812.00,500000.00,638914.11,12,11,12,11,12,0.079864,0.7379,0.8246
523438.00,500000.00,522369.38,12,12,12,12,12,0.065296,0.9673,0.9888
523438.00,500000.00,522914.89,12,12,12,12,12,0.065364,0.9574,0.9930
617188.00,500000.00,615356.45,12,12,13,12,13,0.076920,0.9055,0.9877
757812.00,500000.00,752187.73,12,11,12,11,12,0.094023,0.8770,0.9526
617188.00,500000.00,610583.31,12,12,13,12,13,0.076323,0.8689,0.9847
367188.00,250000.00,369859.70,12,11,12,11,12,0.046232,0.9471,0.9698
367188.00,250000.00,360242.84,12,11,12,11,12,0.045030,0.9470,0.9591
179688.00,250000.00,181627.27,9,10,10,9,9,0.022703,0.9364,0.9622
367188.00,250000.00,354425.43,12,11,12,11,12,0.044303,0.9264,0.9516
710938.00,500000.00,720174.79,12,11,12,11,12,0.090022,0.9200,0.9758
179688.00,250000.00,180070.64,9,10,10,9,9,0.022509,0.9198,0.9628
710938.00,500000.00,535005.09,11,11,11,11,11,0.066876,0.9118,0.6214
710938.00,500000.00,697600.36,12,11,12,11,12,0.087200,0.8416,0.9260
710938.00,500000.00,655714.04,12,11,12,11,12,0.081964,0.8199,0.7774
710938.00,500000.00,686565.40,11,11,12,11,12,0.085821,0.9399,0.9465
367188.00,250000.00,366753.58,12,11,12,11,12,0.045844,0.9360,0.9641
710938.00,500000.00,704256.06,12,11,12,11,12,0.088032,0.9332,0.9879
367188.00,250000.00,364031.31,12,11,12,11,12,0.045504,0.9331,0.9725
367188.00,250000.00,371170.04,12,11,12,11,12,0.046396,0.9159,0.9107
367188.00,250000.00,370161.89,12,11,12,11,12,0.046270,0.8930,0.9888
710938.00,500000.00,684361.10,11,11,12,11,12,0.085545,0.8926,0.9535
710938.00,500000.00,581091.28,11,11,11,11,11,0.072636,0.8653,0.8074
710938.00,500000.00,544525.68,11,11,11,11,11,0.068066,0.8240,0.7483
710938.00,500000.00,604900.36,11,11,12,11,12,0.075613,0.8008,0.8328
179688.00,250000.00,171684.27,9,10,10,9,9,0.021461,0.7920,0.9148
710938.00,500000.00,713012.58,12,11,12,11,12,0.089127,0.9552,0.9935
710938.00,500000.00,705770.02,12,11,12,11,12,0.088221,0.9537,0.9753
367188.00,250000.00,360950.47,12,11,12,11,12,0.045119,0.9375,0.9425
710938.00,500000.00,687829.97,12,11,12,11,12,0.085979,0.9342,0.9672
367188.00,250000.00,371255.87,12,11,12,11,12,0.046407,0.9001,0.9627
367188.00,250000.00,367710.11,12,11,12,11,12,0.045964,0.8976,0.9845
710938.00,500000.00,629768.85,11,11,12,11,12,0.078721,0.8578,0.8322
710938.00,500000.00,707681.66,11,11,12,11,12,0.088460,0.8501,0.9850
710938.00,500000.00,617023.47,11,11,12,11,12,0.077128,0.8404,0.8517
710938.00,500000.00,675319.67,11,11,12,11,12,0.084415,0.8254,0.9303
179688.00,250000.00,174196.24,9,10,10,9,9,0.021775,0.8236,0.9168
179688.00,250000.00,176694.87,9,10,10,9,9,0.022087,0.8208,0.9470
710938.00,500000.00,667255.16,12,11,12,11,12,0.083407,0.8031,0.8965
179688.00,250000.00,177526.47,9,10,10,9,9,0.022191,0.7408,0.9762
710938.00,500000.00,699153.90,12,11,12,11,12,0.087394,0.9426,0.9737
367188.00,250000.00,370769.26,12,11,12,11,12,0.046346,0.8947,0.9842
179688.00,250000.00,179209.71,9,10,10,9,9,0.022401,0.8924,0.9779
351562.00,500000.00,359554.29,10,11,11,10,10,0.044944,0.8980,0.9647
351562.00,500000.00,469830.04,10,11,11,11,11,0.058729,0.8497,0.7313
351562.00,500000.00,347938.06,10,11,11,10,10,0.043492,0.8165,0.9614
429688.00,500000.00,431374.55,11,11,11,11,11,0.053922,0.7976,0.9849
429688.00,500000.00,430025.10,11,11,11,11,11,0.053753,0.7416,0.9884
351562.00,500000.00,360022.19,10,11,11,10,10,0.045003,0.9282,0.9646
351562.00,500000.00,352235.79,10,11,11,10,10,0.044029,0.9055,0.9690
179688.00,125000.00,178496.84,10,9,10,9,10,0.022312,0.8727,0.9679
429688.00,500000.00,425130.84,11,11,11,11,11,0.053141,0.8349,0.9872
179688.00,125000.00,180939.67,10,9,10,9,10,0.022617,0.8245,0.9808
179688.00,250000.00,181480.41,10,11,11,10,10,0.022685,0.8046,0.9538
179688.00,125000.00,180894.85,10,9,10,9,10,0.022612,0.7018,0.7191
382812.00,250000.00,385414.66,11,10,11,10,11,0.048177,0.9179,0.9881
179688.00,125000.00,183002.47,10,9,10,9,10,0.022875,0.8852,0.9633
351562.00,500000.00,352525.71,10,11,11,10,10,0.044066,0.8777,0.9611
351562.00,500000.00,365619.66,10,11,11,10,10,0.045702,0.8052,0.9543
429688.00,500000.00,432830.33,11,11,11,11,11,0.054104,0.7701,0.9916
382812.00,500000.00,390527.73,11,12,12,11,11,0.048816,0.7450,0.9556
179688.00,125000.00,181447.98,10,9,10,9,10,0.022681,0.7009,0.9487
382812.00,500000.00,385919.57,11,12,12,11,11,0.048240,0.8970,0.9791
429688.00,500000.00,430143.36,11,11,11,11,11,0.053768,0.8919,0.9573
382812.00,500000.00,382810.59,11,12,12,11,11,0.047851,0.8913,0.9550
351562.00,500000.00,356915.47,10,11,11,10,10,0.044614,0.8871,0.9822
351562.00,500000.00,353292.47,10,11,11,10,10,0.044162,0.8808,0.9896
429688.00,500000.00,461057.66,11,11,11,11,11,0.057632,0.8792,0.9241
179688.00,125000.00,179096.22,10,9,10,9,10,0.022387,0.8486,0.9505
429688.00,250000.00,423706.05,11,10,12,10,12,0.052963,0.7849,0.9807
382812.00,250000.00,385779.38,11,10,11,10,11,0.048222,0.7820,0.9805
648438.00,500000.00,642908.33,12,11,12,11,12,0.080364,0.9720,0.9860
648438.00,500000.00,643726.83,12,11,12,11,12,0.080466,0.9626,0.9918
242188.00,250000.00,244408.25,10,10,10,10,10,0.030551,0.9517,0.9791
648438.00,500000.00,641464.23,12,11,12,11,12,0.080183,0.9498,0.9844
648438.00,500000.00,647875.55,12,11,12,11,12,0.080984,0.9325,0.9820
648438.00,500000.00,676334.38,12,11,12,11,12,0.084542,0.9307,0.9525
304688.00,250000.00,307455.54,12,11,12,11,12,0.038432,0.8479,0.9686
242188.00,250000.00,243670.94,10,10,10,10,10,0.030459,0.7606,0.9098
648438.00,500000.00,648490.19,12,11,12,11,12,0.081061,0.9677,0.9765
242188.00,250000.00,245004.65,10,10,10,10,10,0.030626,0.9481,0.9860
242188.00,250000.00,245214.46,10,10,10,10,10,0.030652,0.9465,0.9792
242188.00,250000.00,240444.18,10,10,10,10,10,0.030056,0.9350,0.9629
304688.00,250000.00,300920.72,12,11,12,11,12,0.037615,0.9105,0.9677
648438.00,500000.00,672094.35,12,11,12,11,12,0.084012,0.9058,0.9499
648438.00,500000.00,633248.81,12,11,12,11,12,0.079156,0.8618,0.6540
304688.00,250000.00,304725.65,12,12,13,12,13,0.038091,0.7890,0.9777
648438.00,500000.00,639804.84,12,11,12,11,12,0.079976,0.9504,0.9803
304688.00,250000.00,297987.94,12,12,13,12,13,0.037248,0.9465,0.9545
648438.00,500000.00,651249.89,12,11,12,11,12,0.081406,0.9438,0.9838
648438.00,500000.00,647719.38,12,11,12,11,12,0.080965,0.9310,0.9849
242188.00,250000.00,248212.81,10,10,10,10,10,0.031027,0.9293,0.9724
242188.00,250000.00,236628.53,10,10,10,10,10,0.029579,0.9162,0.9719
179688.00,125000.00,183782.58,12,11,12,11,12,0.022973,0.9029,0.9387
304688.00,250000.00,304625.27,12,12,13,12,13,0.038078,0.8908,0.9632
304688.00,250000.00,301661.49,12,12,13,12,13,0.037708,0.8832,0.9710
179688.00,125000.00,167829.99,12,11,12,11,12,0.020979,0.8762,0.9295
304688.00,250000.00,305253.98,12,11,12,11,12,0.038157,0.8750,0.9169
179688.00,125000.00,167042.73,12,11,12,11,12,0.020880,0.8743,0.8941
242188.00,250000.00,254272.46,10,10,10,10,10,0.031784,0.8708,0.9460
179688.00,125000.00,179176.33,12,11,12,11,12,0.022397,0.8655,0.9545
179688.00,125000.00,128309.25,12,11,11,11,11,0.016039,0.8216,0.7108
179688.00,125000.00,178749.56,12,11,12,11,12,0.022344,0.9503,0.9914
242188.00,250000.00,240715.74,10,10,10,10,10,0.030089,0.9356,0.9801
242188.00,250000.00,243025.78,10,10,10,10,10,0.030378,0.9331,0.9668
304688.00,250000.00,304355.62,12,12,13,12,13,0.038044,0.9267,0.9839
304688.00,250000.00,303636.55,12,12,13,12,13,0.037955,0.8989,0.9716
179688.00,125000.00,169280.05,12,11,12,11,12,0.021160,0.8417,0.9280
179688.00,125000.00,174146.65,12,11,12,11,12,0.021768,0.8064,0.8472
179688.00,125000.00,177913.31,12,11,12,11,12,0.022239,0.7631,0.8228
304688.00,250000.00,300383.57,12,12,13,12,13,0.037548,0.7374,0.9846
601562.00,500000.00,590756.89,11,11,11,11,11,0.073845,0.9526,0.9801
789062.00,500000.00,759260.18,12,11,12,11,12,0.094908,0.9437,0.9549
789062.00,500000.00,729109.76,12,11,12,11,12,0.091139,0.9052,0.7942
382812.00,500000.00,386652.95,10,11,11,10,10,0.048332,0.8921,0.8092
226562.00,250000.00,221876.14,10,10,10,10,10,0.027735,0.8902,0.9515
382812.00,500000.00,399066.93,10,11,11,10,10,0.049883,0.8600,0.6412
382812.00,500000.00,382889.27,10,11,11,10,10,0.047861,0.8462,0.9774
789062.00,500000.00,645951.27,12,11,12,11,12,0.080744,0.8269,0.7223
789062.00,500000.00,722089.77,12,11,12,11,12,0.090261,0.8195,0.8396
226562.00,250000.00,218293.34,10,10,10,10,10,0.027287,0.8008,0.9528
601562.00,500000.00,591726.30,11,11,11,11,11,0.073966,0.9607,0.9772
601562.00,500000.00,594264.27,11,11,11,11,11,0.074283,0.9532,0.9707
226562.00,250000.00,226253.51,10,10,10,10,10,0.028282,0.9390,0.9773
789062.00,500000.00,722674.37,12,11,12,11,12,0.090334,0.9361,0.8727
601562.00,500000.00,587304.83,11,11,11,11,11,0.073413,0.9328,0.9728
601562.00,500000.00,542216.30,11,11,11,11,11,0.067777,0.9234,0.8869
226562.00,250000.00,223519.33,10,10,10,10,10,0.027940,0.9124,0.9676
226562.00,250000.00,233613.01,10,10,10,10,10,0.029202,0.8991,0.9633
382812.00,500000.00,374718.19,10,11,11,10,10,0.046840,0.8878,0.9701
789062.00,500000.00,750579.95,12,11,12,11,12,0.093822,0.8820,0.9391
789062.00,500000.00,746875.29,12,11,12,11,12,0.093359,0.8577,0.9357
382812.00,500000.00,380029.68,10,11,11,10,10,0.047504,0.7898,0.9612
601562.00,500000.00,584987.64,11,11,11,11,11,0.073123,0.9562,0.9694
789062.00,500000.00,766681.19,12,11,12,11,12,0.095835,0.9226,0.9675
226562.00,250000.00,228073.12,10,10,10,10,10,0.028509,0.9209,0.9649
382812.00,500000.00,383262.63,10,11,11,10,10,0.047908,0.9059,0.9445
226562.00,250000.00,226579.67,10,10,10,10,10,0.028322,0.8853,0.9576
601562.00,500000.00,610908.99,11,11,12,11,12,0.076364,0.8164,0.9583
789062.00,500000.00,766031.62,12,11,12,11,12,0.095754,0.9627,0.9563
789062.00,500000.00,755404.95,12,11,12,11,12,0.094426,0.9524,0.9528
226562.00,250000.00,232307.43,10,10,10,10,10,0.029038,0.9468,0.9505
601562.00,500000.00,577997.21,11,11,11,11,11,0.072250,0.9345,0.9270
601562.00,500000.00,594856.26,11,11,12,11,12,0.074357,0.9286,0.9774
789062.00,500000.00,724781.99,12,11,12,11,12,0.090598,0.9248,0.8768
382812.00,500000.00,382887.84,10,11,11,10,10,0.047861,0.9187,0.9907
382812.00,500000.00,370583.53,10,11,11,10,10,0.046323,0.8758,0.9623
382812.00,500000.00,379523.28,10,11,11,10,10,0.047440,0.8323,0.9672
226562.00,250000.00,215062.86,10,10,10,10,10,0.026883,0.7841,0.9425
601562.00,500000.00,598087.31,11,11,12,11,12,0.074761,0.7327,0.8580
273438.00,250000.00,272780.42,12,12,12,12,12,0.034098,0.9548,0.9609
273438.00,250000.00,270488.74,12,12,12,12,12,0.033811,0.9457,0.9827
273438.00,250000.00,271623.85,12,12,12,12,12,0.033953,0.9430,0.9717
273438.00,250000.00,266384.12,12,12,12,12,12,0.033298,0.9429,0.9716
273438.00,250000.00,271270.75,12,12,12,12,12,0.033909,0.9425,0.9898
367188.00,250000.00,361555.81,11,10,11,10,11,0.045194,0.9212,0.9421
273438.00,250000.00,270292.28,12,12,12,12,12,0.033787,0.9123,0.9627
164062.00,125000.00,164794.92,10,9,10,9,10,0.020599,0.9076,0.9542
164062.00,125000.00,165740.97,10,9,10,9,10,0.020718,0.7382,0.9728
273438.00,250000.00,270402.91,12,12,12,12,12,0.033800,0.9588,0.9880
742188.00,500000.00,733514.79,12,11,12,11,12,0.091689,0.9439,0.9656
742188.00,500000.00,731006.62,12,11,12,11,12,0.091376,0.9421,0.9620
742188.00,500000.00,734763.62,12,11,12,11,12,0.091845,0.8981,0.9788
742188.00,500000.00,471857.07,12,11,11,11,11,0.058982,0.8554,0.6332
742188.00,500000.00,686591.15,12,11,12,11,12,0.085824,0.8307,0.8647
367188.00,250000.00,361801.15,11,10,11,10,11,0.045225,0.8248,0.9614
164062.00,125000.00,166440.96,10,9,10,9,10,0.020805,0.7831,0.9666
742188.00,500000.00,504357.34,12,11,11,11,11,0.063045,0.7646,0.6496
742188.00,500000.00,733575.82,12,11,12,11,12,0.091697,0.9518,0.9827
273438.00,250000.00,263099.67,12,12,12,12,12,0.032887,0.9223,0.9267
164062.00,125000.00,161139.97,10,9,10,9,10,0.020142,0.9180,0.9751
273438.00,250000.00,286947.25,12,12,12,12,12,0.035868,0.8996,0.9018
367188.00,250000.00,366100.31,11,10,11,10,11,0.045763,0.8936,0.9865
164062.00,125000.00,165294.65,10,9,10,9,10,0.020662,0.8727,0.9337
164062.00,125000.00,162058.83,10,9,10,9,10,0.020257,0.8470,0.9797
367188.00,250000.00,362301.35,11,10,11,10,11,0.045288,0.7773,0.9787
367188.00,250000.00,375953.67,11,10,11,10,11,0.046994,0.7338,0.9645
367188.00,250000.00,297598.84,11,10,11,10,11,0.037200,0.7336,0.7880
367188.00,250000.00,371485.47,11,10,11,10,11,0.046436,0.7174,0.9868
273438.00,250000.00,269678.12,12,12,12,12,12,0.033710,0.9678,0.9850
273438.00,250000.00,272665.98,12,12,12,12,12,0.034083,0.9598,0.9714
742188.00,500000.00,734566.69,12,11,12,11,12,0.091821,0.9500,0.9880
742188.00,500000.00,652092.93,12,11,12,11,12,0.081512,0.9237,0.8557
367188.00,250000.00,366806.27,11,10,11,10,11,0.045851,0.9178,0.9869
367188.00,250000.00,365026.47,11,10,11,10,11,0.045628,0.8886,0.9800
164062.00,125000.00,163305.28,10,9,10,9,10,0.020413,0.8701,0.9441
164062.00,125000.00,164484.50,10,9,10,9,10,0.020561,0.7966,0.9716
664062.00,500000.00,664768.22,12,11,12,11,12,0.083096,0.9614,0.9867
695312.00,500000.00,698154.09,11,11,12,11,12,0.087269,0.9541,0.9886
382812.00,500000.00,382127.76,10,11,11,10,10,0.047766,0.9281,0.9740
695312.00,500000.00,677471.64,11,11,12,11,12,0.084684,0.9005,0.9540
382812.00,500000.00,395229.34,10,11,11,10,10,0.049404,0.8985,0.9606
382812.00,500000.00,408490.42,10,11,11,10,10,0.051061,0.8943,0.9176
382812.00,500000.00,384825.71,10,11,11,10,10,0.048103,0.8591,0.9757
757812.00,500000.00,701194.76,11,11,12,11,12,0.087649,0.8057,0.9217
664062.00,500000.00,679467.44,12,11,12,11,12,0.084933,0.7730,0.5818
664062.00,500000.00,663498.88,12,11,12,11,12,0.082937,0.9660,0.9946
664062.00,500000.00,679358.48,12,11,12,11,12,0.084920,0.9344,0.9753
757812.00,500000.00,483655.21,11,11,11,11,11,0.060457,0.9176,0.6236
382812.00,500000.00,422663.69,10,11,11,11,11,0.052833,0.9125,0.8864
382812.00,500000.00,391642.81,10,11,11,10,10,0.048955,0.8947,0.9723
695312.00,500000.00,687036.51,11,11,12,11,12,0.085880,0.8936,0.9811
757812.00,500000.00,557744.03,11,11,11,11,11,0.069718,0.8750,0.6929
382812.00,500000.00,388562.20,10,11,11,10,10,0.048570,0.8486,0.9808
695312.00,500000.00,634331.70,11,11,12,11,12,0.079291,0.8334,0.9063
664062.00,500000.00,638388.22,12,11,12,11,12,0.079799,0.8328,0.9607
757812.00,500000.00,576608.66,11,11,11,11,11,0.072076,0.7242,0.7441
664062.00,500000.00,615873.34,12,11,12,11,12,0.076984,0.7053,0.9253
664062.00,500000.00,671110.15,12,11,12,11,12,0.083889,0.7006,0.9155
695312.00,500000.00,665163.52,11,11,12,11,12,0.083145,0.9385,0.9495
382812.00,500000.00,390577.79,10,11,11,10,10,0.048822,0.9371,0.9708
382812.00,500000.00,383734.23,10,11,11,10,10,0.047967,0.9290,0.9904
757812.00,500000.00,545609.35,11,11,11,11,11,0.068201,0.9212,0.7071
757812.00,500000.00,481426.24,11,11,11,11,11,0.060178,0.8919,0.6253
695312.00,500000.00,680917.74,11,11,12,11,12,0.085115,0.8578,0.9363
382812.00,500000.00,405112.74,10,11,11,10,10,0.050639,0.8493,0.9252
695312.00,500000.00,688215.26,11,11,12,11,12,0.086027,0.7272,0.9473
664062.00,500000.00,664385.80,12,11,12,11,12,0.083048,0.9596,0.9739
664062.00,500000.00,660268.78,12,11,12,11,12,0.082534,0.9524,0.9679
664062.00,500000.00,667721.75,12,11,12,11,12,0.083465,0.9512,0.9835
664062.00,500000.00,663695.34,12,11,12,11,12,0.082962,0.9361,0.9723
695312.00,500000.00,703033.45,11,11,12,11,12,0.087879,0.9337,0.9699
695312.00,500000.00,684206.96,11,11,12,11,12,0.085526,0.9227,0.9791
382812.00,500000.00,383699.83,10,11,11,10,10,0.047962,0.9159,0.9915
695312.00,500000.00,664731.98,11,11,12,11,12,0.083091,0.9019,0.9444
757812.00,500000.00,663245.20,11,11,12,11,12,0.082906,0.8875,0.8711
757812.00,500000.00,611739.16,11,11,12,11,12,0.076467,0.8873,0.7957
695312.00,500000.00,556159.97,11,11,11,11,11,0.069520,0.8817,0.7718
757812.00,500000.00,555343.63,11,11,11,11,11,0.069418,0.8586,0.6829
757812.00,500000.00,551022.65,11,11,11,11,11,0.068878,0.8378,0.7228
757812.00,500000.00,619827.27,11,11,12,11,12,0.077478,0.7564,0.8081
335938.00,250000.00,332309.72,12,11,12,11,12,0.041539,0.9324,0.9865
445312.00,500000.00,444361.69,11,11,11,11,11,0.055545,0.8674,0.9924
335938.00,250000.00,328654.29,12,11,12,11,12,0.041082,0.8507,0.9724
445312.00,500000.00,525789.26,11,11,11,11,11,0.065724,0.7710,0.8138
445312.00,500000.00,447751.05,11,11,11,11,11,0.055969,0.9660,0.9856
445312.00,500000.00,458591.46,11,11,11,11,11,0.057324,0.9625,0.9637
335938.00,250000.00,336948.39,12,11,12,11,12,0.042119,0.9571,0.9590
335938.00,250000.00,324372.29,12,11,12,11,12,0.040547,0.9563,0.9619
382812.00,250000.00,381416.56,12,11,12,11,12,0.047677,0.9322,0.9814
335938.00,250000.00,325910.81,12,11,12,11,12,0.040739,0.9292,0.9541
335938.00,250000.00,336904.53,12,11,12,11,12,0.042113,0.9258,0.9838
382812.00,250000.00,376515.12,12,11,12,11,12,0.047064,0.9165,0.9517
445312.00,500000.00,468621.97,11,11,11,11,11,0.058578,0.8991,0.9328
335938.00,500000.00,355973.72,10,11,11,10,10,0.044497,0.8909,0.9394
335938.00,250000.00,337118.15,12,11,12,11,12,0.042140,0.8863,0.9894
382812.00,250000.00,376832.43,12,11,12,11,12,0.047104,0.8813,0.9807
445312.00,500000.00,465950.01,11,11,11,11,11,0.058244,0.8644,0.9163
382812.00,250000.00,377509.12,12,11,12,11,12,0.047189,0.8598,0.8710
382812.00,250000.00,383373.26,12,11,12,11,12,0.047922,0.8568,0.9818
335938.00,250000.00,337468.15,10,10,11,10,11,0.042184,0.8382,0.9872
335938.00,500000.00,340562.82,10,11,11,10,10,0.042570,0.7962,0.9641
335938.00,250000.00,330115.80,10,10,11,10,11,0.041264,0.7899,0.9764
445312.00,500000.00,439118.39,11,11,11,11,11,0.054890,0.7319,0.9820
382812.00,250000.00,384632.11,12,11,12,11,12,0.048079,0.9518,0.9892
335938.00,250000.00,331926.70,12,11,12,11,12,0.041491,0.9506,0.9472
382812.00,250000.00,366865.63,12,11,12,11,12,0.045858,0.9427,0.9583
382812.00,250000.00,386580.47,12,11,12,11,12,0.048323,0.9343,0.9787
382812.00,250000.00,382625.58,12,11,12,11,12,0.047828,0.9291,0.9698
335938.00,250000.00,334815.26,12,11,12,11,12,0.041852,0.9284,0.9929
335938.00,250000.00,328858.85,10,10,11,10,11,0.041107,0.9046,0.9719
382812.00,250000.00,366628.65,12,11,12,11,12,0.045829,0.9013,0.9566
382812.00,250000.00,381350.52,12,11,12,11,12,0.047669,0.8842,0.9926
445312.00,500000.00,448268.41,11,11,11,11,11,0.056034,0.9377,0.9819
335938.00,250000.00,339684.01,12,11,12,11,12,0.042461,0.9349,0.9710
445312.00,500000.00,451934.81,11,11,11,11,11,0.056492,0.9346,0.9827
335938.00,250000.00,336802.54,12,11,12,11,12,0.042100,0.9258,0.9808
445312.00,500000.00,448270.80,11,11,11,11,11,0.056034,0.9203,0.9793
445312.00,500000.00,457746.03,11,11,11,11,11,0.057218,0.7402,0.9576
335938.00,250000.00,345702.17,10,10,11,10,11,0.043213,0.7120,0.9456
304688.00,250000.00,301992.42,10,10,11,10,11,0.037749,0.9548,0.9690
304688.00,250000.00,303316.12,10,10,11,10,11,0.037915,0.9495,0.9887
179688.00,125000.00,181913.38,12,11,12,11,12,0.022739,0.9490,0.9239
367188.00,250000.00,367864.61,12,11,12,11,12,0.045983,0.9442,0.9774
367188.00,250000.00,357715.13,12,11,12,11,12,0.044714,0.9351,0.9576
367188.00,250000.00,368507.39,12,11,12,11,12,0.046063,0.9347,0.9880
148438.00,125000.00,150632.38,9,9,10,9,10,0.018829,0.9121,0.9801
179688.00,125000.00,178152.08,12,11,12,11,12,0.022269,0.9062,0.9712
179688.00,125000.00,157326.40,12,11,12,11,12,0.019666,0.8991,0.8733
148438.00,125000.00,155836.11,9,9,10,9,10,0.019480,0.8455,0.9236
367188.00,250000.00,368881.23,12,11,12,11,12,0.046110,0.9567,0.9625
367188.00,250000.00,367412.57,12,11,12,11,12,0.045927,0.9514,0.9914
367188.00,250000.00,366275.79,12,11,12,11,12,0.045784,0.9426,0.9894
367188.00,250000.00,366152.05,12,11,12,11,12,0.045769,0.9340,0.9650
148438.00,125000.00,152475.36,9,9,10,9,10,0.019059,0.7954,0.9482
367188.00,250000.00,369334.22,12,11,12,11,12,0.046167,0.9425,0.9460
367188.00,250000.00,363680.36,12,11,12,11,12,0.045460,0.9333,0.9748
179688.00,125000.00,177313.80,12,11,12,11,12,0.022164,0.9319,0.9852
304688.00,250000.00,313938.86,10,10,11,10,11,0.039242,0.9310,0.9638
148438.00,125000.00,143360.14,9,9,9,9,9,0.017920,0.9209,0.9620
179688.00,125000.00,178722.38,12,11,12,11,12,0.022340,0.9098,0.9597
304688.00,250000.00,303520.20,10,10,11,10,11,0.037940,0.9090,0.9805
367188.00,250000.00,334973.34,12,11,12,11,12,0.041872,0.8997,0.9013
148438.00,125000.00,143131.38,9,9,9,9,9,0.017891,0.8762,0.9601
179688.00,125000.00,139014.96,12,11,11,11,11,0.017377,0.7748,0.7593
304688.00,500000.00,382420.54,10,11,11,10,10,0.047803,0.7293,0.7907
148438.00,125000.00,148797.99,9,9,10,9,10,0.018600,0.9264,0.9887
367188.00,250000.00,372177.12,12,11,12,11,12,0.046522,0.9226,0.9739
304688.00,250000.00,307139.40,10,10,11,10,11,0.038392,0.9194,0.9826
148438.00,125000.00,151846.89,9,9,10,9,10,0.018981,0.9013,0.9424
179688.00,125000.00,176059.72,12,11,12,11,12,0.022007,0.8978,0.8859
179688.00,125000.00,187932.01,12,11,12,11,12,0.023492,0.8903,0.9543
179688.00,125000.00,162122.25,12,11,12,11,12,0.020265,0.8861,0.9017
304688.00,250000.00,306890.96,10,10,11,10,11,0.038361,0.8704,0.9878
304688.00,250000.00,309353.83,10,10,11,10,11,0.038669,0.7793,0.9299
148438.00,125000.00,146874.43,9,9,9,9,9,0.018359,0.7649,0.9190
445312.00,500000.00,453679.08,10,11,11,11,11,0.056710,0.9436,0.9785
117188.00,125000.00,116355.90,10,10,10,10,10,0.014544,0.9335,0.9518
117188.00,125000.00,115985.87,10,10,10,10,10,0.014498,0.9184,0.9643
117188.00,125000.00,125482.56,10,10,10,10,10,0.015685,0.9107,0.9241
117188.00,125000.00,116878.51,10,10,10,10,10,0.014610,0.8825,0.9724
210938.00,250000.00,209105.49,10,10,10,9,9,0.026138,0.8643,0.9769
179688.00,125000.00,183206.08,10,9,10,9,10,0.022901,0.8506,0.9785
210938.00,250000.00,211268.42,10,10,10,10,10,0.026409,0.8029,0.9635
210938.00,250000.00,215557.10,10,10,10,10,10,0.026945,0.7872,0.5741
179688.00,125000.00,180385.59,10,9,10,9,10,0.022548,0.8827,0.9691
210938.00,250000.00,210769.65,10,10,10,10,10,0.026346,0.8751,0.9681
210938.00,250000.00,207889.56,10,10,10,9,9,0.025986,0.8398,0.9623
210938.00,250000.00,212427.14,10,10,10,10,10,0.026553,0.8369,0.9732
179688.00,125000.00,176862.72,10,9,10,9,10,0.022108,0.8262,0.9029
210938.00,250000.00,214828.49,10,10,10,10,10,0.026854,0.9388,0.9802
445312.00,500000.00,454966.78,10,11,11,11,11,0.056871,0.9384,0.9706
117188.00,125000.00,122159.48,10,10,10,10,10,0.015270,0.9200,0.9420
117188.00,125000.00,122252.46,10,10,10,10,10,0.015282,0.9183,0.9535
445312.00,500000.00,458332.06,10,11,11,11,11,0.057292,0.9148,0.9429
179688.00,125000.00,165980.34,10,9,10,9,10,0.020748,0.9076,0.9045
179688.00,125000.00,179019.93,10,9,10,9,10,0.022377,0.8652,0.9463
179688.00,125000.00,181453.70,10,9,10,9,10,0.022682,0.8015,0.9551
445312.00,500000.00,428287.51,10,11,11,11,11,0.053536,0.7626,0.8456
179688.00,125000.00,175772.67,10,9,10,9,10,0.021972,0.7004,0.9619
445312.00,500000.00,459189.21,10,11,11,11,11,0.057399,0.9479,0.9686
445312.00,500000.00,438108.92,10,11,11,11,11,0.054764,0.9476,0.9801
445312.00,500000.00,442544.94,10,11,11,11,11,0.055318,0.9388,0.9892
179688.00,125000.00,178822.52,10,9,10,9,10,0.022353,0.8786,0.9122
210938.00,250000.00,221302.03,10,10,10,10,10,0.027663,0.8674,0.9294
117188.00,125000.00,117187.50,10,10,10,10,10,0.014648,0.8521,0.8530
117188.00,125000.00,113402.37,10,10,10,10,10,0.014175,0.7349,0.7974
117188.00,125000.00,171699.52,10,9,10,9,10,0.021462,0.7249,0.6749
492188.00,500000.00,494265.56,12,12,12,12,12,0.061783,0.9594,0.9885
492188.00,500000.00,491888.05,12,12,12,12,12,0.061486,0.9550,0.9965
492188.00,500000.00,503701.69,12,12,12,12,12,0.062963,0.9461,0.9745
492188.00,500000.00,489638.33,12,12,12,12,12,0.061205,0.9351,0.9933
117188.00,125000.00,120407.22,10,10,10,10,10,0.015051,0.9287,0.9510
117188.00,125000.00,118845.94,10,10,10,10,10,0.014856,0.9216,0.9812
117188.00,125000.00,121208.43,10,10,10,10,10,0.015151,0.9176,0.9436
117188.00,125000.00,120213.51,10,10,10,10,10,0.015027,0.8924,0.9565
101562.00,125000.00,118592.26,11,12,12,12,12,0.014824,0.8856,0.8535
492188.00,500000.00,495105.74,12,12,12,12,12,0.061888,0.9704,0.9872
492188.00,500000.00,491098.40,12,12,12,12,12,0.061387,0.9654,0.9861
492188.00,500000.00,491629.96,12,12,12,12,12,0.061454,0.9490,0.9869
117188.00,125000.00,120716.09,10,10,10,10,10,0.015090,0.9314,0.9615
117188.00,125000.00,116254.81,10,10,10,10,10,0.014532,0.9296,0.9893
117188.00,125000.00,118761.06,10,10,10,10,10,0.014845,0.9066,0.9822
101562.00,125000.00,107145.31,11,11,11,11,11,0.013393,0.8520,0.8607
117188.00,125000.00,122020.72,10,10,10,10,10,0.015253,0.8428,0.8680
414062.00,250000.00,415306.09,11,10,11,10,11,0.051913,0.7986,0.9904
101562.00,125000.00,109619.14,11,12,12,12,12,0.013702,0.7428,0.9245
492188.00,500000.00,498668.67,12,12,12,12,12,0.062334,0.9178,0.9284
414062.00,500000.00,408190.73,11,12,12,11,11,0.051024,0.8718,0.9440
414062.00,500000.00,434372.90,11,11,11,11,11,0.054297,0.7208,0.9519
492188.00,500000.00,499812.13,12,12,12,12,12,0.062477,0.9550,0.9650
492188.00,500000.00,501308.44,12,12,12,12,12,0.062664,0.9419,0.9734
117188.00,125000.00,119977.00,10,10,10,10,10,0.014997,0.9267,0.9485
117188.00,125000.00,127626.42,10,10,10,10,10,0.015953,0.8892,0.9165
101562.00,125000.00,108493.80,11,11,11,11,11,0.013562,0.8488,0.9287
414062.00,250000.00,409998.00,11,10,11,10,11,0.051250,0.7654,0.9698
101562.00,125000.00,111660.00,11,12,12,12,12,0.013958,0.7327,0.9055
414062.00,500000.00,421010.97,11,11,11,11,11,0.052626,0.7196,0.9790
539062.00,500000.00,537540.91,12,12,12,12,12,0.067193,0.9662,0.9898
476562.00,500000.00,469552.99,11,11,11,11,11,0.058694,0.9634,0.9823
570312.00,500000.00,574272.87,12,12,12,12,12,0.071784,0.9573,0.9909
476562.00,500000.00,480939.87,11,11,11,11,11,0.060117,0.9525,0.9871
570312.00,500000.00,562865.26,12,12,12,12,12,0.070358,0.9402,0.9769
539062.00,500000.00,536122.32,12,12,12,12,12,0.067015,0.9371,0.9821
570312.00,500000.00,583833.69,12,12,12,12,12,0.072979,0.9351,0.9764
164062.00,125000.00,162910.58,12,11,12,11,12,0.020364,0.9247,0.9888
476562.00,500000.00,488822.94,11,11,11,11,11,0.061103,0.9066,0.9367
164062.00,125000.00,152133.94,12,11,12,11,12,0.019017,0.8205,0.8960
539062.00,500000.00,530183.79,12,12,12,12,12,0.066273,0.9764,0.9812
539062.00,500000.00,537020.21,12,12,12,12,12,0.067128,0.9603,0.9938
476562.00,500000.00,483713.21,11,11,11,11,11,0.060464,0.9597,0.9827
539062.00,500000.00,533536.91,12,12,12,12,12,0.066692,0.9547,0.9832
539062.00,500000.00,532466.89,12,12,12,12,12,0.066558,0.9517,0.9758
539062.00,500000.00,551307.68,12,12,12,12,12,0.068913,0.9417,0.9525
164062.00,125000.00,159309.39,12,11,12,11,12,0.019914,0.9285,0.9491
570312.00,500000.00,601407.05,12,12,13,12,13,0.075176,0.9218,0.9288
164062.00,125000.00,162108.90,12,11,12,11,12,0.020264,0.9059,0.9528
570312.00,500000.00,570843.70,12,12,12,12,12,0.071355,0.9013,0.9739
164062.00,125000.00,144437.79,12,11,11,11,11,0.018055,0.8642,0.8766
570312.00,500000.00,572826.39,12,12,12,12,12,0.071603,0.9611,0.9907
476562.00,500000.00,477802.28,11,11,11,11,11,0.059725,0.9577,0.9904
476562.00,500000.00,498000.62,11,11,11,11,11,0.062250,0.9560,0.9555
476562.00,500000.00,479838.37,11,11,11,11,11,0.059980,0.9501,0.9776
570312.00,500000.00,562204.48,12,12,12,12,12,0.070276,0.9479,0.9631
476562.00,500000.00,478743.55,11,11,11,11,11,0.059843,0.9478,0.9908
570312.00,500000.00,566014.17,12,12,12,12,12,0.070752,0.9357,0.9672
539062.00,500000.00,539879.32,12,12,12,12,12,0.067485,0.9227,0.9775
539062.00,500000.00,530746.46,12,12,12,12,12,0.066343,0.9218,0.9233
476562.00,500000.00,457316.40,11,11,11,11,11,0.057165,0.9062,0.9290
476562.00,500000.00,477222.44,11,11,11,11,11,0.059653,0.9048,0.9651
164062.00,125000.00,163209.44,12,11,12,11,12,0.020401,0.8805,0.9691
164062.00,125000.00,132605.08,12,11,11,11,11,0.016576,0.7471,0.7447
570312.00,500000.00,565641.40,12,12,12,12,12,0.070705,0.9677,0.9802
476562.00,500000.00,481426.24,11,11,11,11,11,0.060178,0.9621,0.9828
570312.00,500000.00,567617.42,12,12,12,12,12,0.070952,0.9561,0.9841
570312.00,500000.00,580112.46,12,12,12,12,12,0.072514,0.9493,0.9579
539062.00,500000.00,528717.99,12,12,12,12,12,0.066090,0.9481,0.9518
164062.00,125000.00,163667.68,12,11,12,11,12,0.020458,0.9463,0.9332
164062.00,125000.00,155040.74,12,11,12,11,12,0.019380,0.9081,0.9413
164062.00,125000.00,166739.46,12,11,12,11,12,0.020842,0.9065,0.9099
164062.00,125000.00,162327.29,12,11,12,11,12,0.020291,0.7346,0.8376
664062.00,500000.00,665538.79,12,11,12,11,12,0.083192,0.9593,0.9944
664062.00,500000.00,636425.97,12,11,12,11,12,0.079553,0.9552,0.9560
132812.00,125000.00,133509.64,12,12,12,12,12,0.016689,0.9524,0.9778
132812.00,125000.00,130501.75,12,12,12,12,12,0.016313,0.9325,0.9818
335938.00,250000.00,338459.01,11,10,11,10,11,0.042307,0.9320,0.9823
335938.00,500000.00,362112.05,11,12,12,11,11,0.045264,0.7808,0.9184
664062.00,500000.00,661741.26,12,11,12,11,12,0.082718,0.9672,0.9855
507812.00,500000.00,511052.13,11,11,11,11,11,0.063882,0.9614,0.9849
132812.00,125000.00,129139.30,12,12,12,12,12,0.016142,0.9459,0.9659
664062.00,500000.00,666315.08,12,11,12,11,12,0.083289,0.9423,0.9783
335938.00,250000.00,335512.16,11,10,11,10,11,0.041939,0.8918,0.9938
664062.00,500000.00,631871.22,12,11,12,11,12,0.078984,0.8825,0.9381
507812.00,500000.00,577981.95,11,11,11,11,11,0.072248,0.8741,0.8520
664062.00,500000.00,513277.05,12,11,11,11,11,0.064160,0.8609,0.7702
132812.00,125000.00,130779.27,12,12,12,12,12,0.016347,0.8378,0.9619
335938.00,500000.00,339074.25,11,12,12,11,11,0.042384,0.7386,0.9651
132812.00,125000.00,118433.95,12,12,12,12,12,0.014804,0.7309,0.7709
664062.00,500000.00,682591.44,12,11,12,11,12,0.085324,0.7068,0.7886
507812.00,500000.00,506560.33,11,11,11,11,11,0.063320,0.9630,0.9870
507812.00,500000.00,502599.24,11,11,11,11,11,0.062825,0.9607,0.9833
335938.00,250000.00,336845.40,11,10,11,10,11,0.042106,0.9582,0.9880
664062.00,500000.00,665934.09,12,11,12,11,12,0.083242,0.9508,0.9855
507812.00,500000.00,506753.92,11,11,11,11,11,0.063344,0.9471,0.9554
132812.00,125000.00,131266.59,12,12,12,12,12,0.016408,0.9363,0.9518
507812.00,500000.00,509693.15,11,11,11,11,11,0.063712,0.9158,0.9931
335938.00,250000.00,333354.95,11,10,11,10,11,0.041669,0.8690,0.9899
335938.00,250000.00,332283.97,11,10,11,10,11,0.041535,0.8664,0.9664
664062.00,500000.00,652465.82,12,11,12,11,12,0.081558,0.9578,0.9763
664062.00,500000.00,665483.00,12,11,12,11,12,0.083185,0.9532,0.9819
507812.00,500000.00,511549.95,11,11,11,11,11,0.063944,0.9486,0.9885
507812.00,500000.00,524253.85,11,11,11,11,11,0.065532,0.9325,0.9590
132812.00,125000.00,132584.57,12,12,12,12,12,0.016573,0.9000,0.9526
101562.00,125000.00,110766.41,9,9,9,9,9,0.013846,0.9110,0.9005
695312.00,500000.00,649622.44,11,11,12,11,12,0.081203,0.8452,0.7864
414062.00,500000.00,413789.75,12,12,12,11,11,0.051724,0.8425,0.9883
726562.00,500000.00,712458.61,11,11,12,11,12,0.089057,0.8360,0.9257
726562.00,500000.00,583245.28,11,11,11,11,11,0.072906,0.7830,0.7919
101562.00,125000.00,108757.02,9,9,9,9,9,0.013595,0.9136,0.9320
726562.00,500000.00,689316.75,11,11,12,11,12,0.086165,0.9136,0.9175
695312.00,500000.00,601100.92,11,11,12,11,12,0.075138,0.9023,0.8404
695312.00,500000.00,583442.69,11,11,11,11,11,0.072930,0.8767,0.8257
414062.00,250000.00,414814.00,12,11,12,11,12,0.051852,0.8533,0.9794
101562.00,125000.00,107232.57,9,9,9,9,9,0.013404,0.8023,0.9138
726562.00,500000.00,590241.55,11,11,11,11,11,0.073780,0.7825,0.7914
414062.00,500000.00,412057.88,12,12,12,11,11,0.051507,0.7387,0.9900
414062.00,250000.00,392963.41,12,11,12,11,12,0.049120,0.7145,0.7746
726562.00,500000.00,491365.08,11,11,11,11,11,0.061421,0.9039,0.6715
726562.00,500000.00,564822.20,11,11,11,11,11,0.070603,0.9027,0.7718
414062.00,250000.00,404738.43,12,11,12,11,12,0.050592,0.8664,0.9625
414062.00,500000.00,416430.47,12,12,12,11,11,0.052054,0.8363,0.9529
726562.00,500000.00,590940.48,11,11,11,11,11,0.073868,0.8107,0.7907
101562.00,125000.00,112442.97,9,9,9,9,9,0.014055,0.7856,0.9013
695312.00,500000.00,627865.08,11,11,12,11,12,0.078483,0.7676,0.8767
414062.00,500000.00,420587.54,12,12,12,12,12,0.052573,0.9064,0.9765
695312.00,500000.00,680673.60,11,11,12,11,12,0.085084,0.8872,0.9775
695312.00,500000.00,552371.98,11,11,11,11,11,0.069046,0.8848,0.7700
695312.00,500000.00,528019.91,11,11,11,11,11,0.066002,0.8845,0.7524
726562.00,500000.00,615414.62,11,11,12,11,12,0.076927,0.8801,0.8209
101562.00,125000.00,111589.43,9,10,10,10,10,0.013949,0.8368,0.9090
726562.00,500000.00,483011.25,11,11,11,11,11,0.060376,0.8352,0.6457
101562.00,125000.00,116345.41,9,9,9,9,9,0.014543,0.8320,0.8696
101562.00,125000.00,106911.66,9,10,10,10,10,0.013364,0.8076,0.8413
101562.00,125000.00,113062.86,9,10,10,10,10,0.014133,0.7134,0.8955
429688.00,500000.00,422321.32,12,12,12,12,12,0.052790,0.9477,0.9722
429688.00,500000.00,437221.53,12,12,12,12,12,0.054653,0.9378,0.9811
507812.00,500000.00,499855.04,12,12,12,12,12,0.062482,0.9335,0.9730
507812.00,500000.00,503730.77,12,12,12,12,12,0.062966,0.9304,0.9886
617188.00,500000.00,463700.29,11,11,11,11,11,0.057963,0.9286,0.7451
507812.00,500000.00,513322.83,12,12,12,12,12,0.064165,0.9274,0.9601
507812.00,500000.00,520305.63,12,12,12,12,12,0.065038,0.9223,0.7276
507812.00,500000.00,502640.25,12,12,12,12,12,0.062830,0.9667,0.9860
429688.00,500000.00,426869.39,12,12,12,12,12,0.053359,0.9654,0.9600
507812.00,500000.00,510550.74,12,12,12,12,12,0.063819,0.9603,0.9894
617188.00,500000.00,598752.50,11,11,12,11,12,0.074844,0.9366,0.9521
617188.00,500000.00,600321.77,11,11,12,11,12,0.075040,0.9335,0.9649
429688.00,500000.00,431423.19,12,12,12,12,12,0.053928,0.9297,0.9915
429688.00,500000.00,434839.25,12,12,12,12,12,0.054355,0.9268,0.9723
429688.00,500000.00,446774.48,12,12,12,12,12,0.055847,0.8604,0.9182
429688.00,500000.00,426398.28,12,12,12,12,12,0.053300,0.9609,0.9550
507812.00,500000.00,507633.21,12,12,12,12,12,0.063454,0.9582,0.9773
617188.00,500000.00,586313.01,11,11,11,11,11,0.073289,0.9238,0.9478
429688.00,500000.00,421733.86,12,12,12,12,12,0.052717,0.8961,0.9660
429688.00,500000.00,430862.90,12,12,12,12,12,0.053858,0.8947,0.9863
242188.00,250000.00,243392.94,9,10,10,10,10,0.030424,0.8350,0.9620
242188.00,250000.00,249538.42,9,10,10,10,10,0.031192,0.7897,0.9685
507812.00,500000.00,513994.22,12,12,12,12,12,0.064249,0.9678,0.9811
507812.00,500000.00,504328.97,12,12,12,12,12,0.063041,0.9602,0.9920
429688.00,500000.00,431284.90,12,12,12,12,12,0.053911,0.9490,0.9840
617188.00,500000.00,601189.61,11,11,12,11,12,0.075149,0.9438,0.9686
507812.00,500000.00,506401.06,12,12,12,12,12,0.063300,0.9370,0.9636
242188.00,250000.00,242514.61,9,10,10,10,10,0.030314,0.7197,0.9949
523438.00,500000.00,516587.26,12,12,12,12,12,0.064573,0.9618,0.9754
523438.00,500000.00,529165.74,12,12,12,12,12,0.066146,0.9563,0.9846
273438.00,250000.00,274312.44,10,10,10,10,10,0.034289,0.9548,0.9949
273438.00,250000.00,276659.01,10,10,10,10,10,0.034582,0.9384,0.9815
445312.00,500000.00,447002.65,12,12,12,12,12,0.055875,0.9227,0.9830
445312.00,500000.00,451116.56,12,12,12,12,12,0.056390,0.8778,0.9773
523438.00,500000.00,527065.75,12,12,12,12,12,0.065883,0.8480,0.9292
523438.00,500000.00,523470.16,12,12,12,12,12,0.065434,0.9635,0.9797
523438.00,500000.00,524495.60,12,12,12,12,12,0.065562,0.9579,0.9738
523438.00,500000.00,520276.55,12,12,12,12,12,0.065035,0.9550,0.9909
523438.00,500000.00,526643.75,12,12,12,12,12,0.065830,0.9497,0.9815
445312.00,500000.00,447715.76,12,12,12,12,12,0.055964,0.9449,0.9933
273438.00,250000.00,274715.42,10,10,10,10,10,0.034339,0.9407,0.9658
445312.00,500000.00,448698.04,12,12,12,12,12,0.056087,0.9154,0.9750
445312.00,500000.00,448514.94,12,12,12,12,12,0.056064,0.9040,0.9854
523438.00,500000.00,527583.12,12,12,12,12,12,0.065948,0.9718,0.9783
273438.00,250000.00,276158.33,10,10,10,10,10,0.034520,0.9657,0.9760
273438.00,250000.00,269272.06,10,10,10,10,10,0.033659,0.9633,0.9640
445312.00,500000.00,447869.30,12,12,12,12,12,0.055984,0.9621,0.9856
523438.00,500000.00,516983.99,12,12,12,12,12,0.064623,0.9566,0.9809
273438.00,250000.00,275157.93,10,10,10,10,10,0.034395,0.9481,0.9465
523438.00,500000.00,518009.19,12,12,12,12,12,0.064751,0.9437,0.9795
523438.00,500000.00,524021.86,12,12,12,12,12,0.065503,0.9429,0.9874
273438.00,250000.00,269874.57,10,10,10,10,10,0.033734,0.9311,0.9360
273438.00,250000.00,276247.98,10,10,10,10,10,0.034531,0.9093,0.9757
273438.00,250000.00,268982.20,10,10,10,10,10,0.033623,0.9077,0.9784
445312.00,500000.00,452140.81,12,12,12,12,12,0.056518,0.9497,0.9820
273438.00,250000.00,273632.76,10,10,10,10,10,0.034204,0.9403,0.9642
445312.00,500000.00,458240.03,12,12,12,12,12,0.057280,0.9381,0.9700
445312.00,500000.00,443224.91,12,12,12,12,12,0.055403,0.9350,0.9900
445312.00,500000.00,450216.77,12,12,12,12,12,0.056277,0.9286,0.9846
273438.00,250000.00,275657.65,10,10,10,10,10,0.034457,0.9215,0.9838
773438.00,500000.00,642235.28,11,11,12,11,12,0.080279,0.8855,0.8302
773438.00,500000.00,689154.62,11,11,12,11,12,0.086144,0.8534,0.8809
773438.00,500000.00,712733.27,11,11,12,11,12,0.089092,0.8499,0.8685
445312.00,500000.00,455026.63,12,12,12,12,12,0.056878,0.8495,0.9164
773438.00,500000.00,552815.44,11,11,11,11,11,0.069102,0.7350,0.6481
679688.00,500000.00,675934.79,11,11,12,11,12,0.084492,0.9393,0.9783
148438.00,125000.00,150258.06,9,9,10,9,10,0.018782,0.9304,0.9576
679688.00,500000.00,648027.42,11,11,12,11,12,0.081003,0.9195,0.8660
679688.00,500000.00,673632.62,11,11,12,11,12,0.084204,0.8864,0.9531
148438.00,125000.00,149557.11,9,9,10,9,10,0.018695,0.8816,0.9492
148438.00,125000.00,140003.20,9,9,9,9,9,0.017500,0.8553,0.9380
679688.00,500000.00,594183.39,11,11,11,11,11,0.074273,0.8407,0.8598
679688.00,500000.00,652471.78,11,11,12,11,12,0.081559,0.8081,0.8688
351562.00,250000.00,356124.82,12,11,12,11,12,0.044516,0.9514,0.9708
351562.00,250000.00,336085.80,12,11,12,11,12,0.042011,0.9457,0.9468
351562.00,250000.00,353282.45,12,11,12,11,12,0.044160,0.9411,0.9918
148438.00,125000.00,146198.27,9,9,9,9,9,0.018275,0.9268,0.9573
351562.00,250000.00,354057.31,12,11,12,11,12,0.044257,0.9115,0.9888
148438.00,125000.00,148366.45,9,9,9,9,9,0.018546,0.9071,0.9701
148438.00,125000.00,153111.28,9,9,10,9,10,0.019139,0.8584,0.9647
351562.00,250000.00,353122.71,12,11,12,11,12,0.044140,0.9476,0.9950
351562.00,250000.00,349009.51,12,11,12,11,12,0.043626,0.9467,0.9790
679688.00,500000.00,674579.62,11,11,12,11,12,0.084322,0.9376,0.9844
351562.00,250000.00,351129.53,12,11,12,11,12,0.043891,0.9356,0.9801
679688.00,500000.00,669056.89,11,11,12,11,12,0.083632,0.9304,0.9761
351562.00,250000.00,356487.27,12,11,12,11,12,0.044561,0.9235,0.8961
679688.00,500000.00,637892.72,11,11,12,11,12,0.079737,0.9226,0.9015
148438.00,125000.00,148582.46,9,9,9,9,9,0.018573,0.9090,0.9830
679688.00,500000.00,676802.16,11,11,12,11,12,0.084600,0.8886,0.9714
148438.00,125000.00,149364.47,9,9,10,9,10,0.018671,0.8827,0.9749
679688.00,500000.00,653924.94,11,11,12,11,12,0.081741,0.8438,0.9343
148438.00,125000.00,151310.92,9,9,10,9,10,0.018914,0.7834,0.9629
148438.00,125000.00,147706.99,9,9,9,9,9,0.018463,0.9266,0.9929
351562.00,250000.00,349335.19,12,11,12,11,12,0.043667,0.9247,0.9846
679688.00,500000.00,675391.20,11,11,12,11,12,0.084424,0.8822,0.9742
679688.00,500000.00,607919.69,11,11,12,11,12,0.075990,0.8305,0.7845
148438.00,125000.00,137546.54,9,9,9,9,9,0.017193,0.7885,0.9170
351562.00,250000.00,327807.43,12,11,12,11,12,0.040976,0.7804,0.9160
289062.00,250000.00,291050.91,11,11,11,11,11,0.036381,0.9598,0.9737
710938.00,500000.00,698376.66,12,11,12,11,12,0.087297,0.9590,0.9764
554688.00,500000.00,551311.25,11,11,11,11,11,0.068914,0.9588,0.9798
554688.00,500000.00,554814.34,11,11,11,11,11,0.069352,0.9497,0.9857
289062.00,250000.00,295438.77,11,11,11,11,11,0.036930,0.9403,0.9680
289062.00,250000.00,287534.71,11,11,11,11,11,0.035942,0.9215,0.9716
289062.00,250000.00,295433.76,11,11,11,11,11,0.036929,0.9145,0.9622
148438.00,125000.00,149959.86,12,12,13,12,13,0.018745,0.8749,0.9402
148438.00,125000.00,144718.17,12,11,11,11,11,0.018090,0.8696,0.8966
148438.00,125000.00,147583.01,12,11,11,11,11,0.018448,0.8311,0.9883
710938.00,500000.00,703514.10,12,11,12,11,12,0.087939,0.9444,0.9829
289062.00,250000.00,283740.76,11,11,11,11,11,0.035468,0.9436,0.9791
289062.00,250000.00,289218.90,11,11,11,11,11,0.036152,0.9330,0.9820
148438.00,125000.00,140217.54,12,12,12,12,12,0.017527,0.9043,0.8927
554688.00,500000.00,537140.85,11,11,11,11,11,0.067143,0.9007,0.9452
554688.00,500000.00,586058.62,11,11,11,11,11,0.073257,0.8858,0.9177
554688.00,500000.00,555682.18,11,11,11,11,11,0.069460,0.9715,0.9828
554688.00,500000.00,560000.30,11,11,11,11,11,0.070000,0.9519,0.9689
710938.00,500000.00,685714.01,12,11,12,11,12,0.085714,0.9477,0.9515
554688.00,500000.00,564397.81,11,11,11,11,11,0.070550,0.9429,0.9512
289062.00,250000.00,289207.70,11,11,11,11,11,0.036151,0.9412,0.9907
710938.00,500000.00,718001.37,12,11,12,11,12,0.089750,0.9401,0.9869
710938.00,500000.00,707027.44,12,11,12,11,12,0.088378,0.9165,0.9659
710938.00,500000.00,675124.17,12,11,12,11,12,0.084391,0.8794,0.8454
148438.00,125000.00,122226.72,12,11,11,11,11,0.015278,0.8568,0.7990
554688.00,500000.00,549224.85,11,11,11,11,11,0.068653,0.9577,0.9855
554688.00,500000.00,559695.24,11,11,11,11,11,0.069962,0.9537,0.9833
289062.00,250000.00,295616.15,11,11,11,11,11,0.036952,0.9414,0.9516
289062.00,250000.00,285472.39,11,11,11,11,11,0.035684,0.9336,0.9741
289062.00,250000.00,288536.01,11,11,11,11,11,0.036067,0.9335,0.9761
554688.00,500000.00,563488.96,11,11,11,11,11,0.070436,0.9241,0.9789
710938.00,500000.00,687524.80,12,11,12,11,12,0.085941,0.8936,0.9043
289062.00,250000.00,277292.25,11,11,11,11,11,0.034662,0.8848,0.9235
710938.00,500000.00,557048.80,12,11,11,11,11,0.069631,0.8243,0.7447
148438.00,125000.00,147165.78,12,11,11,11,11,0.018396,0.7647,0.8886
242188.00,250000.00,240318.30,10,10,10,10,10,0.030040,0.9504,0.9773
242188.00,250000.00,250268.94,10,10,10,10,10,0.031284,0.9460,0.9624
398438.00,500000.00,400976.66,10,11,11,10,10,0.050122,0.9389,0.9899
242188.00,250000.00,243381.50,10,10,10,10,10,0.030423,0.9381,0.9902
398438.00,250000.00,384563.21,11,10,11,10,11,0.048070,0.9012,0.9623
242188.00,250000.00,235474.59,10,10,10,10,10,0.029434,0.8886,0.9404
398438.00,500000.00,399847.51,10,11,11,10,10,0.049981,0.8719,0.9818
398438.00,500000.00,399429.32,10,11,11,10,10,0.049929,0.8376,0.8518
398438.00,250000.00,393523.22,11,10,11,10,11,0.049190,0.8113,0.9846
242188.00,250000.00,241170.88,10,10,10,10,10,0.030146,0.7865,0.9934
757812.00,500000.00,626213.07,11,11,12,11,12,0.078277,0.7645,0.8065
398438.00,500000.00,397391.20,10,11,11,10,10,0.049674,0.9558,0.9765
398438.00,500000.00,404224.40,10,11,11,10,10,0.050528,0.9434,0.9813
242188.00,250000.00,242050.65,10,10,10,10,10,0.030256,0.9422,0.9535
398438.00,250000.00,391750.63,11,10,11,10,11,0.048969,0.9381,0.9814
398438.00,500000.00,462426.19,10,11,11,11,11,0.057803,0.8896,0.8399
757812.00,500000.00,483031.27,11,11,11,11,11,0.060379,0.8533,0.5977
398438.00,250000.00,399429.32,11,10,11,10,11,0.049929,0.7605,0.9967
242188.00,250000.00,243829.73,10,10,10,10,10,0.030479,0.9398,0.9705
398438.00,500000.00,410135.27,10,11,11,10,10,0.051267,0.9345,0.9710
398438.00,500000.00,412982.94,10,11,11,10,10,0.051623,0.9333,0.9616
398438.00,250000.00,401137.83,11,10,11,10,11,0.050142,0.9172,0.9867
757812.00,500000.00,494217.87,11,11,11,11,11,0.061777,0.9158,0.6467
757812.00,500000.00,597892.76,11,11,12,11,12,0.074737,0.9094,0.7543
757812.00,500000.00,487902.64,11,11,11,11,11,0.060988,0.8715,0.6415
242188.00,250000.00,241162.30,10,10,10,10,10,0.030145,0.9558,0.9768
242188.00,250000.00,235979.08,10,10,10,10,10,0.029497,0.9463,0.9698
398438.00,500000.00,400596.62,10,11,11,10,10,0.050075,0.9359,0.9716
242188.00,250000.00,248363.49,10,10,10,10,10,0.031045,0.9353,0.9543
398438.00,500000.00,401740.07,10,11,11,10,10,0.050218,0.9121,0.9913
757812.00,500000.00,448571.68,11,11,11,11,11,0.056071,0.8963,0.5891
757812.00,500000.00,554465.29,11,11,11,11,11,0.069308,0.8814,0.7230
757812.00,500000.00,554274.56,11,11,11,11,11,0.069284,0.8695,0.7280
398438.00,500000.00,414926.53,11,12,12,11,11,0.051866,0.8479,0.9232
757812.00,500000.00,572925.57,11,11,11,11,11,0.071616,0.8078,0.7345
242188.00,250000.00,243769.41,10,10,10,10,10,0.030471,0.7426,0.9813
585938.00,500000.00,583148.00,12,12,12,12,12,0.072894,0.9757,0.9871
242188.00,250000.00,239450.45,12,12,12,12,12,0.029931,0.9454,0.9637
242188.00,250000.00,241213.80,12,12,12,12,12,0.030152,0.9448,0.9780
242188.00,250000.00,245608.57,12,12,12,12,12,0.030701,0.9381,0.9844
242188.00,250000.00,243032.46,12,12,12,12,12,0.030379,0.9304,0.9665
648438.00,500000.00,637712.48,11,11,12,11,12,0.079714,0.9237,0.9825
242188.00,250000.00,243452.07,12,12,12,12,12,0.030432,0.8744,0.9644
242188.00,250000.00,244902.13,12,12,12,12,12,0.030613,0.8196,0.9449
242188.00,250000.00,242831.71,12,12,12,12,12,0.030354,0.9608,0.9917
648438.00,500000.00,649789.81,11,11,12,11,12,0.081224,0.9571,0.9783
585938.00,500000.00,589488.98,12,12,12,12,12,0.073686,0.9557,0.9862
648438.00,500000.00,660169.60,11,11,12,11,12,0.082521,0.9313,0.9772
585938.00,500000.00,589809.42,12,12,12,12,12,0.073726,0.9167,0.9779
617188.00,500000.00,615292.55,12,11,12,11,12,0.076912,0.8934,0.9838
617188.00,500000.00,590738.30,12,11,11,11,11,0.073842,0.8362,0.9524
585938.00,500000.00,589883.80,12,12,12,12,12,0.073735,0.7789,0.9522
648438.00,500000.00,651875.50,11,11,12,11,12,0.081484,0.9649,0.9812
585938.00,500000.00,583357.81,12,12,12,12,12,0.072920,0.9555,0.9807
617188.00,500000.00,606324.20,12,11,12,11,12,0.075791,0.9541,0.9664
585938.00,500000.00,584724.43,12,12,12,12,12,0.073091,0.9513,0.9919
648438.00,500000.00,641039.85,11,11,12,11,12,0.080130,0.9465,0.9847
617188.00,500000.00,604659.08,12,11,12,11,12,0.075582,0.9392,0.9455
648438.00,500000.00,640233.99,11,11,12,11,12,0.080029,0.9332,0.9838
242188.00,250000.00,240468.98,12,12,12,12,12,0.030059,0.8955,0.9742
617188.00,500000.00,618850.71,12,11,12,11,12,0.077356,0.8689,0.9672
585938.00,500000.00,553409.58,12,11,11,11,11,0.069176,0.8611,0.9331
648438.00,500000.00,650826.45,11,11,12,11,12,0.081353,0.8562,0.9821
617188.00,500000.00,604995.73,12,12,13,12,13,0.075624,0.7858,0.9667
242188.00,250000.00,241094.11,12,12,12,12,12,0.030137,0.9542,0.9696
648438.00,500000.00,633347.51,11,11,12,11,12,0.079168,0.9530,0.9741
242188.00,250000.00,243532.66,12,12,12,12,12,0.030442,0.9475,0.9629
648438.00,500000.00,646980.29,11,11,12,11,12,0.080873,0.9460,0.9810
585938.00,500000.00,591089.25,12,12,12,12,12,0.073886,0.9400,0.9638
585938.00,500000.00,588893.89,12,12,12,12,12,0.073612,0.9389,0.9921
617188.00,500000.00,616732.60,12,12,13,12,13,0.077092,0.9240,0.5714
617188.00,500000.00,589930.53,12,11,11,11,11,0.073741,0.9171,0.9062
242188.00,250000.00,251633.64,12,12,12,12,12,0.031454,0.8892,0.9084
585938.00,500000.00,547084.81,12,11,11,11,11,0.068386,0.8809,0.9063
617188.00,500000.00,628959.66,12,12,13,12,13,0.078620,0.8620,0.9580
617188.00,500000.00,685193.06,12,12,13,12,13,0.085649,0.7125,0.8777
585938.00,500000.00,586614.61,12,12,12,12,12,0.073327,0.7095,0.7649
757812.00,500000.00,745564.46,12,11,12,11,12,0.093196,0.9407,0.9697
164062.00,125000.00,158370.49,11,10,11,10,11,0.019796,0.9353,0.9581
164062.00,125000.00,165953.64,10,9,10,9,10,0.020744,0.8748,0.9562
757812.00,500000.00,723910.81,12,11,12,11,12,0.090489,0.8669,0.9223
164062.00,125000.00,160330.77,10,9,10,9,10,0.020041,0.8254,0.8573
164062.00,125000.00,168473.24,11,10,11,10,11,0.021059,0.7574,0.7966
226562.00,250000.00,224203.11,9,10,10,10,10,0.028025,0.9387,0.9394
226562.00,250000.00,232213.97,9,10,10,10,10,0.029027,0.9326,0.9589
757812.00,500000.00,756888.39,12,11,12,11,12,0.094611,0.9326,0.9905
757812.00,500000.00,745353.76,12,11,12,11,12,0.093169,0.9215,0.9250
164062.00,125000.00,163532.26,11,10,11,10,11,0.020442,0.9036,0.9591
226562.00,250000.00,227980.61,9,10,10,10,10,0.028498,0.8910,0.9030
757812.00,500000.00,725615.98,12,11,12,11,12,0.090702,0.8860,0.9328
226562.00,250000.00,221643.69,9,10,10,10,10,0.027705,0.8545,0.9432
164062.00,125000.00,161956.79,10,9,10,9,10,0.020245,0.7431,0.7234
226562.00,250000.00,230171.20,9,10,10,10,10,0.028771,0.9544,0.9802
226562.00,250000.00,229386.33,9,10,10,10,10,0.028673,0.9366,0.9834
164062.00,125000.00,164831.04,11,10,11,10,11,0.020604,0.9118,0.9423
164062.00,125000.00,164035.80,11,10,11,10,11,0.020504,0.8889,0.9822
757812.00,500000.00,619591.30,12,11,12,11,12,0.077449,0.8794,0.8072
226562.00,250000.00,237304.69,9,10,10,10,10,0.029663,0.8693,0.9533
164062.00,125000.00,166083.10,11,10,11,10,11,0.020760,0.8571,0.9438
164062.00,125000.00,169239.04,10,9,10,9,10,0.021155,0.8485,0.9622
757812.00,500000.00,638070.94,12,11,12,11,12,0.079759,0.7807,0.7990
164062.00,125000.00,162290.57,10,9,10,9,10,0.020286,0.9383,0.9729
164062.00,125000.00,166551.59,10,9,10,9,10,0.020819,0.9383,0.9753
757812.00,500000.00,712368.01,12,11,12,11,12,0.089046,0.9319,0.9295
164062.00,125000.00,162693.02,10,9,10,9,10,0.020337,0.9282,0.9807
164062.00,125000.00,156011.58,11,10,11,10,11,0.019501,0.9222,0.9454
226562.00,250000.00,222857.18,9,10,10,10,10,0.027857,0.9213,0.9823
164062.00,125000.00,164934.64,10,9,10,9,10,0.020617,0.9066,0.9570
164062.00,125000.00,161891.46,11,10,11,10,11,0.020236,0.9042,0.9720
226562.00,250000.00,219024.66,9,10,10,10,10,0.027378,0.8918,0.9625
164062.00,125000.00,164066.31,11,10,11,10,11,0.020508,0.8530,0.9812
226562.00,250000.00,236761.09,9,10,10,10,10,0.029595,0.8177,0.9259
757812.00,500000.00,550190.93,12,11,11,11,11,0.068774,0.7554,0.6869
164062.00,125000.00,158357.62,10,9,10,9,10,0.019795,0.7433,0.9183
695312.00,500000.00,684445.38,12,11,12,11,12,0.085556,0.9605,0.9735
695312.00,500000.00,694059.37,12,11,12,11,12,0.086757,0.9508,0.9930
210938.00,250000.00,210887.91,12,12,12,12,12,0.026361,0.9190,0.9590
210938.00,250000.00,223085.88,12,12,12,12,12,0.027886,0.9181,0.8887
164062.00,250000.00,170361.52,9,10,10,9,9,0.021295,0.8721,0.9463
398438.00,250000.00,396933.08,11,10,11,10,11,0.049617,0.8477,0.9899
210938.00,250000.00,258046.39,12,12,12,12,12,0.032256,0.7889,0.8066
398438.00,250000.00,400404.45,11,10,11,10,11,0.050051,0.7466,0.9619
695312.00,500000.00,687588.45,12,11,12,11,12,0.085949,0.9551,0.9777
164062.00,250000.00,166784.76,9,10,10,9,9,0.020848,0.8494,0.9771
210938.00,250000.00,213146.21,12,12,12,12,12,0.026643,0.8419,0.9861
398438.00,250000.00,396567.34,11,10,11,10,11,0.049571,0.7608,0.9922
210938.00,250000.00,208597.18,12,12,12,11,11,0.026075,0.7435,0.9719
398438.00,250000.00,394847.39,11,10,11,10,11,0.049356,0.7333,0.9889
695312.00,500000.00,700320.24,12,11,12,11,12,0.087540,0.9500,0.9621
695312.00,500000.00,698917.39,12,11,12,11,12,0.087365,0.9200,0.9583
210938.00,250000.00,208676.34,12,12,12,11,11,0.026085,0.9180,0.9820
210938.00,250000.00,215659.14,12,12,12,12,12,0.026957,0.9116,0.9704
210938.00,250000.00,211915.28,12,12,12,12,12,0.026489,0.9024,0.9744
695312.00,500000.00,723413.47,12,11,12,11,12,0.090427,0.8493,0.9569
398438.00,500000.00,408476.83,11,12,12,11,11,0.051060,0.7888,0.9674
695312.00,500000.00,698335.65,12,11,12,11,12,0.087292,0.9479,0.9660
695312.00,500000.00,688898.32,12,11,12,11,12,0.086112,0.8962,0.9734
164062.00,250000.00,161999.23,9,10,10,9,9,0.020250,0.8918,0.9730
210938.00,250000.00,214469.91,12,12,12,12,12,0.026809,0.8438,0.9797
210938.00,250000.00,212542.53,12,12,12,12,12,0.026568,0.8364,0.9677
164062.00,250000.00,171324.73,9,10,10,9,9,0.021416,0.7947,0.9569
742188.00,500000.00,730728.51,12,11,12,11,12,0.091341,0.9581,0.9722
257812.00,250000.00,257886.89,11,11,11,11,11,0.032236,0.9553,0.9868
742188.00,500000.00,739153.86,12,11,12,11,12,0.092394,0.9457,0.9786
742188.00,500000.00,732769.01,12,11,12,11,12,0.091596,0.9453,0.9827
742188.00,500000.00,724578.38,12,11,12,11,12,0.090572,0.9280,0.9635
351562.00,250000.00,354539.39,11,10,11,10,11,0.044317,0.9060,0.9686
351562.00,250000.00,357622.15,11,10,11,10,11,0.044703,0.8858,0.9762
257812.00,250000.00,254199.03,11,11,11,11,11,0.031775,0.9657,0.9782
257812.00,250000.00,255161.29,11,11,11,11,11,0.031895,0.9423,0.9565
742188.00,500000.00,725746.39,12,11,12,11,12,0.090718,0.9420,0.9648
257812.00,250000.00,250367.88,11,11,11,11,11,0.031296,0.9406,0.9678
351562.00,250000.00,354942.32,11,10,11,10,11,0.044368,0.9361,0.9856
742188.00,500000.00,724645.61,12,11,12,11,12,0.090581,0.9279,0.6962
351562.00,500000.00,350780.73,11,12,12,11,11,0.043848,0.8095,0.9941
429688.00,500000.00,434123.99,11,11,11,11,11,0.054265,0.7228,0.9766
351562.00,250000.00,351104.50,11,10,11,10,11,0.043888,0.7224,0.9567
429688.00,250000.00,439253.81,11,10,12,10,12,0.054907,0.7127,0.9663
257812.00,250000.00,258991.24,11,11,11,11,11,0.032374,0.9706,0.9835
257812.00,250000.00,255538.94,11,11,11,11,11,0.031942,0.9487,0.9868
742188.00,500000.00,708620.55,12,11,12,11,12,0.088578,0.9343,0.9237
742188.00,500000.00,738636.02,12,11,12,11,12,0.092330,0.9326,0.9571
257812.00,250000.00,266660.69,11,11,11,11,11,0.033333,0.9313,0.9615
257812.00,250000.00,258796.69,11,11,11,11,11,0.032350,0.9295,0.9845
429688.00,500000.00,442718.51,11,11,11,11,11,0.055340,0.8975,0.9676
351562.00,250000.00,349540.71,11,10,11,10,11,0.043693,0.8920,0.9869
351562.00,250000.00,353529.69,11,10,11,10,11,0.044191,0.7934,0.9881
257812.00,250000.00,256057.74,11,11,11,11,11,0.032007,0.9469,0.9879
742188.00,500000.00,739935.87,12,11,12,11,12,0.092492,0.9318,0.9831
257812.00,250000.00,260596.93,11,11,11,11,11,0.032575,0.9275,0.9489
742188.00,500000.00,732730.87,12,11,12,11,12,0.091591,0.9262,0.9645
351562.00,250000.00,351573.94,11,10,11,10,11,0.043947,0.8778,0.9680
257812.00,250000.00,271543.03,11,11,11,11,11,0.033943,0.8042,0.9333
429688.00,500000.00,428380.97,11,11,11,11,11,0.053548,0.7925,0.9826
539062.00,500000.00,538707.49,12,12,12,12,12,0.067338,0.9572,0.9975
539062.00,500000.00,540541.65,12,12,12,12,12,0.067568,0.9528,0.9950
492188.00,500000.00,494595.53,11,11,11,11,11,0.061824,0.9474,0.9881
492188.00,500000.00,483285.07,11,11,11,11,11,0.060411,0.9399,0.9764
210938.00,250000.00,210613.49,9,10,10,10,10,0.026327,0.9346,0.9698
414062.00,500000.00,414230.35,10,11,11,10,10,0.051779,0.9159,0.9756
414062.00,500000.00,406538.01,10,11,11,10,10,0.050817,0.9050,0.9490
414062.00,500000.00,425886.15,10,11,11,11,11,0.053236,0.9031,0.9637
210938.00,250000.00,214430.81,9,10,10,10,10,0.026804,0.8688,0.9762
492188.00,500000.00,465882.54,11,11,11,11,11,0.058235,0.8587,0.8900
210938.00,250000.00,218061.45,9,10,10,10,10,0.027258,0.8563,0.9518
414062.00,500000.00,423601.51,10,11,11,11,11,0.052950,0.8521,0.9362
210938.00,250000.00,233136.18,9,10,10,10,10,0.029142,0.7263,0.8862
539062.00,500000.00,537639.62,12,12,12,12,12,0.067205,0.9683,0.9835
539062.00,500000.00,530703.54,12,12,12,12,12,0.066338,0.9576,0.9820
539062.00,500000.00,537153.24,12,12,12,12,12,0.067144,0.9567,0.9711
492188.00,500000.00,493519.07,11,11,11,11,11,0.061690,0.9536,0.9932
492188.00,500000.00,492301.94,11,11,11,11,11,0.061538,0.9463,0.9778
492188.00,500000.00,497178.08,11,11,11,11,11,0.062147,0.9431,0.9676
414062.00,500000.00,433895.11,10,11,11,11,11,0.054237,0.9230,0.9208
414062.00,500000.00,416706.03,10,11,11,10,10,0.052088,0.8986,0.9716
492188.00,500000.00,437353.13,11,11,11,11,11,0.054669,0.7953,0.8283
210938.00,250000.00,212532.04,9,10,10,10,10,0.026567,0.9517,0.9637
414062.00,500000.00,413658.14,10,11,11,10,10,0.051707,0.9429,0.9824
492188.00,500000.00,493659.97,11,11,11,11,11,0.061707,0.9396,0.9631
539062.00,500000.00,540521.62,12,12,12,12,12,0.067565,0.9327,0.9712
210938.00,250000.00,208461.76,9,10,10,9,9,0.026058,0.9278,0.9660
539062.00,500000.00,544103.15,12,12,12,12,12,0.068013,0.9276,0.9671
492188.00,500000.00,490609.17,11,11,11,11,11,0.061326,0.9272,0.9901
539062.00,500000.00,548656.46,12,12,12,12,12,0.068582,0.9250,0.9558
539062.00,500000.00,523543.36,12,12,12,12,12,0.065443,0.9241,0.9261
210938.00,250000.00,224104.88,9,10,10,10,10,0.028013,0.8900,0.9134
210938.00,250000.00,207620.62,9,10,10,9,9,0.025953,0.8725,0.9822
414062.00,500000.00,469661.71,10,11,11,11,11,0.058708,0.8622,0.8687
492188.00,500000.00,491769.79,11,11,11,11,11,0.061471,0.8619,0.9226
539062.00,500000.00,542017.94,12,12,12,12,12,0.067752,0.9518,0.9807
414062.00,500000.00,397241.59,10,11,11,10,10,0.049655,0.9472,0.9416
414062.00,500000.00,422784.81,10,11,11,11,11,0.052848,0.9463,0.9744
414062.00,500000.00,419793.61,10,11,11,10,10,0.052474,0.9413,0.9782
492188.00,500000.00,502210.56,11,11,11,11,11,0.062776,0.9406,0.9721
539062.00,500000.00,546609.40,12,12,12,12,12,0.068326,0.8902,0.9318
773438.00,500000.00,746223.45,12,11,12,11,12,0.093278,0.9244,0.9453
773438.00,500000.00,755389.21,12,11,12,11,12,0.094424,0.9114,0.9694
164062.00,250000.00,167932.99,9,10,10,9,9,0.020992,0.8600,0.9631
320312.00,250000.00,316111.33,10,10,11,10,11,0.039514,0.8412,0.9833
164062.00,250000.00,166015.62,9,10,10,9,9,0.020752,0.8103,0.9423
164062.00,250000.00,162904.74,9,10,10,9,9,0.020363,0.7656,0.9744
773438.00,500000.00,651683.81,12,11,12,11,12,0.081460,0.7534,0.8289
367188.00,250000.00,366136.55,11,10,11,10,11,0.045767,0.7428,0.9646
773438.00,500000.00,744441.03,12,11,12,11,12,0.093055,0.9526,0.9552
367188.00,250000.00,365366.94,11,10,11,10,11,0.045671,0.9470,0.9716
367188.00,250000.00,364723.21,11,10,11,10,11,0.045590,0.9454,0.9858
773438.00,500000.00,746719.36,12,11,12,11,12,0.093340,0.9290,0.9644
773438.00,500000.00,752915.38,12,11,12,11,12,0.094114,0.9035,0.9403
320312.00,250000.00,323182.34,10,10,11,10,11,0.040398,0.8943,0.9731
320312.00,250000.00,322622.30,10,10,11,10,11,0.040328,0.8885,0.9897
320312.00,250000.00,337295.53,10,10,11,10,11,0.042162,0.7720,0.9403
164062.00,250000.00,220085.14,9,10,10,10,10,0.027511,0.7296,0.6775
773438.00,500000.00,744190.22,12,11,12,11,12,0.093024,0.9192,0.9546
367188.00,250000.00,376358.03,11,10,11,10,11,0.047045,0.9085,0.9733
367188.00,250000.00,367454.53,11,10,11,10,11,0.045932,0.8674,0.9906
773438.00,500000.00,666020.87,12,11,12,11,12,0.083253,0.8534,0.8254
367188.00,250000.00,366228.10,11,10,11,10,11,0.045779,0.8195,0.9842
367188.00,250000.00,367975.18,11,10,11,10,11,0.045997,0.7959,0.9749
320312.00,250000.00,319881.44,10,10,11,10,11,0.039985,0.7855,0.9901
320312.00,500000.00,331522.94,10,11,11,10,10,0.041440,0.7000,0.9554
367188.00,250000.00,372165.68,11,10,11,10,11,0.046521,0.9503,0.9848
320312.00,250000.00,321516.51,10,10,11,10,11,0.040190,0.9376,0.9637
367188.00,250000.00,364099.50,11,10,11,10,11,0.045512,0.9231,0.9869
320312.00,250000.00,323362.35,10,10,11,10,11,0.040420,0.9173,0.9790
773438.00,500000.00,532879.83,12,11,11,11,11,0.066610,0.8746,0.5325
164062.00,250000.00,173023.22,9,10,10,9,9,0.021628,0.8125,0.9421
320312.00,500000.00,342351.44,10,11,11,10,10,0.042794,0.7394,0.9222
632812.00,500000.00,631704.33,12,12,13,12,13,0.078963,0.9413,0.9715
101562.00,125000.00,120954.51,12,12,12,12,12,0.015119,0.8928,0.8382
101562.00,125000.00,124179.84,12,12,12,12,12,0.015522,0.8600,0.8155
101562.00,125000.00,123205.18,12,12,12,12,12,0.015401,0.8448,0.8234
195312.00,250000.00,228856.09,9,10,10,10,10,0.028607,0.7739,0.7841
257812.00,250000.00,255167.01,10,10,10,10,10,0.031896,0.9626,0.9844
257812.00,250000.00,253084.90,10,10,10,10,10,0.031636,0.9575,0.9597
257812.00,250000.00,261360.17,10,10,10,10,10,0.032670,0.9497,0.9682
257812.00,250000.00,253396.99,10,10,10,10,10,0.031675,0.9391,0.9745
195312.00,250000.00,189697.03,9,10,10,9,9,0.023712,0.9372,0.9696
195312.00,250000.00,191238.40,9,10,10,9,9,0.023905,0.9242,0.9660
101562.00,125000.00,110042.57,12,12,12,12,12,0.013755,0.9237,0.9134
195312.00,250000.00,205257.42,9,10,10,9,9,0.025657,0.9065,0.9181
101562.00,125000.00,118982.32,12,12,12,12,12,0.014873,0.8579,0.8513
632812.00,500000.00,631303.79,12,12,13,12,13,0.078913,0.8462,0.9500
195312.00,250000.00,201726.91,9,10,10,9,9,0.025216,0.8211,0.9122
257812.00,250000.00,255941.39,10,10,10,10,10,0.031993,0.9593,0.9897
257812.00,250000.00,254234.43,10,10,10,10,10,0.031779,0.9527,0.9735
257812.00,250000.00,255964.76,10,10,10,10,10,0.031996,0.9483,0.9891
632812.00,500000.00,629844.90,12,12,13,12,13,0.078731,0.9383,0.9926
195312.00,250000.00,197373.39,9,10,10,9,9,0.024672,0.8851,0.9208
632812.00,500000.00,627653.12,12,11,12,11,12,0.078457,0.8739,0.9890
195312.00,250000.00,202997.21,9,10,10,9,9,0.025375,0.8385,0.9442
632812.00,500000.00,634796.14,12,12,13,12,13,0.079350,0.8069,0.9794
101562.00,125000.00,115034.58,12,12,12,12,12,0.014379,0.7711,0.8828
101562.00,125000.00,108864.78,12,12,12,12,12,0.013608,0.7677,0.9272
632812.00,500000.00,628938.67,12,12,13,12,13,0.078617,0.9542,0.9874
257812.00,250000.00,253353.12,10,10,10,10,10,0.031669,0.9482,0.9809
257812.00,250000.00,262161.49,10,10,10,10,10,0.032770,0.9417,0.9687
257812.00,250000.00,258074.28,10,10,10,10,10,0.032259,0.9393,0.9800
195312.00,250000.00,197442.89,9,10,10,9,9,0.024680,0.9382,0.9843
632812.00,500000.00,618883.13,12,11,12,11,12,0.077360,0.9336,0.9737
195312.00,250000.00,189611.43,9,10,10,9,9,0.023701,0.9235,0.9546
632812.00,500000.00,602737.43,12,12,13,12,13,0.075342,0.9187,0.9396
257812.00,250000.00,286473.75,10,10,10,10,10,0.035809,0.8649,0.8757
632812.00,500000.00,630807.88,12,12,13,12,13,0.078851,0.7850,0.9738
289062.00,250000.00,292758.94,11,11,11,11,11,0.036595,0.9550,0.9820
226562.00,250000.00,230768.20,11,11,11,11,11,0.028846,0.9523,0.9729
226562.00,250000.00,227786.06,11,11,11,11,11,0.028473,0.9359,0.9730
398438.00,500000.00,400038.72,10,11,11,10,10,0.050005,0.9328,0.9668
289062.00,250000.00,270256.04,11,11,11,11,11,0.033782,0.9265,0.9332
226562.00,250000.00,225829.36,11,11,11,11,11,0.028229,0.9154,0.9584
289062.00,250000.00,284921.65,11,11,11,11,11,0.035615,0.8947,0.9447
398438.00,500000.00,410443.31,10,11,11,10,10,0.051305,0.8914,0.9315
289062.00,250000.00,300271.99,11,10,11,10,11,0.037534,0.8904,0.9576
226562.00,250000.00,241552.35,11,11,11,11,11,0.030194,0.8758,0.8796
289062.00,250000.00,288772.58,11,11,11,11,11,0.036097,0.9649,0.9730
289062.00,250000.00,287503.24,11,11,11,11,11,0.035938,0.9479,0.9779
289062.00,250000.00,292272.57,11,11,11,11,11,0.036534,0.9427,0.9765
398438.00,500000.00,399462.22,10,11,11,10,10,0.049933,0.9387,0.9568
226562.00,250000.00,224784.46,11,11,11,11,11,0.028098,0.9290,0.9744
398438.00,500000.00,398522.38,10,11,11,10,10,0.049815,0.9178,0.9896
398438.00,500000.00,414762.20,10,11,11,10,10,0.051845,0.9134,0.9559
398438.00,500000.00,406993.87,10,11,11,10,10,0.050874,0.9094,0.9641
398438.00,500000.00,402506.83,10,11,11,10,10,0.050313,0.8659,0.9851
289062.00,250000.00,291356.09,11,11,11,11,11,0.036420,0.9423,0.9613
289062.00,250000.00,285547.26,11,11,11,11,11,0.035693,0.9350,0.9700
289062.00,250000.00,287565.23,11,11,11,11,11,0.035946,0.9108,0.9002
226562.00,250000.00,228976.25,11,11,11,11,11,0.028622,0.9047,0.9534
226562.00,250000.00,234020.23,11,11,11,11,11,0.029253,0.8456,0.9144
226562.00,250000.00,228893.28,11,11,11,11,11,0.028612,0.9733,0.9759
289062.00,250000.00,284970.28,11,11,11,11,11,0.035621,0.9394,0.9778
398438.00,500000.00,400951.39,10,11,11,10,10,0.050119,0.9311,0.9696
226562.00,250000.00,228461.27,11,11,11,11,11,0.028558,0.9271,0.9775
226562.00,250000.00,226509.09,11,11,11,11,11,0.028314,0.9241,0.9647
398438.00,500000.00,408198.83,10,11,11,10,10,0.051025,0.9147,0.9741
226562.00,250000.00,227815.63,11,11,11,11,11,0.028477,0.8950,0.9613
757812.00,500000.00,532908.92,11,11,11,11,11,0.066614,0.7772,0.5683
757812.00,500000.00,595878.60,11,11,12,11,12,0.074485,0.7083,0.7618
523438.00,500000.00,520578.38,11,11,11,11,11,0.065072,0.9552,0.9795
304688.00,250000.00,299788.48,11,11,12,11,12,0.037474,0.8760,0.9251
304688.00,250000.00,307409.29,11,10,11,10,11,0.038426,0.8626,0.9748
320312.00,250000.00,321471.21,10,10,11,10,11,0.040184,0.8606,0.9829
320312.00,500000.00,457653.05,10,11,11,11,11,0.057207,0.8377,0.6915
523438.00,500000.00,525428.77,11,11,11,11,11,0.065679,0.9598,0.9918
523438.00,500000.00,524091.72,11,11,11,11,11,0.065511,0.9538,0.9926
523438.00,500000.00,525024.41,11,11,11,11,11,0.065628,0.9469,0.9777
304688.00,250000.00,307180.40,11,11,12,11,12,0.038398,0.9341,0.9786
523438.00,500000.00,518388.75,11,11,11,11,11,0.064799,0.9323,0.9766
320312.00,250000.00,321992.87,10,10,11,10,11,0.040249,0.8604,0.9854
320312.00,250000.00,318346.98,10,10,11,10,11,0.039793,0.8388,0.9628
320312.00,500000.00,322533.61,10,11,11,10,10,0.040317,0.8044,0.9507
195312.00,125000.00,197761.54,11,10,11,10,11,0.024720,0.7374,0.9872
304688.00,250000.00,308940.89,11,11,12,11,12,0.038618,0.7356,0.9846
523438.00,500000.00,527053.83,11,11,11,11,11,0.065882,0.9554,0.9822
304688.00,250000.00,306978.23,11,10,11,10,11,0.038372,0.9025,0.9915
304688.00,250000.00,297660.35,11,10,11,10,11,0.037208,0.8211,0.9637
304688.00,250000.00,302327.16,11,11,12,11,12,0.037791,0.7941,0.9852
523438.00,500000.00,514586.45,11,11,11,11,11,0.064323,0.9651,0.9819
523438.00,500000.00,521867.99,11,11,11,11,11,0.065233,0.9544,0.9940
320312.00,250000.00,326807.02,10,10,11,10,11,0.040851,0.9299,0.9763
523438.00,500000.00,520822.53,11,11,11,11,11,0.065103,0.9279,0.9639
320312.00,250000.00,318924.90,10,10,11,10,11,0.039866,0.8983,0.9807
304688.00,250000.00,303678.51,11,11,12,11,12,0.037960,0.8943,0.9817
476562.00,500000.00,482535.96,12,12,12,12,12,0.060317,0.9586,0.9571
476562.00,500000.00,475021.84,12,12,12,12,12,0.059378,0.9563,0.9837
460938.00,500000.00,467329.03,10,11,11,11,11,0.058416,0.9394,0.9813
476562.00,500000.00,484807.97,12,12,12,12,12,0.060601,0.9388,0.9747
789062.00,500000.00,764226.91,12,11,12,11,12,0.095528,0.9260,0.7939
789062.00,500000.00,758026.12,12,11,12,11,12,0.094753,0.9177,0.9598
789062.00,500000.00,736386.30,12,11,12,11,12,0.092048,0.9007,0.9277
789062.00,500000.00,773773.19,12,11,12,11,12,0.096722,0.8623,0.9741
320312.00,250000.00,332173.35,11,10,11,10,11,0.041522,0.7272,0.9456
476562.00,500000.00,482233.05,12,12,12,12,12,0.060279,0.9702,0.9874
460938.00,500000.00,467243.19,10,11,11,11,11,0.058405,0.9646,0.9812
476562.00,500000.00,476648.33,12,12,12,12,12,0.059581,0.9629,0.9899
789062.00,500000.00,762867.93,12,11,12,11,12,0.095358,0.9420,0.9585
476562.00,500000.00,473900.11,12,12,12,12,12,0.059238,0.9407,0.9359
476562.00,500000.00,461511.61,12,12,12,12,12,0.057689,0.9197,0.9645
320312.00,250000.00,324667.93,11,10,11,10,11,0.040583,0.8765,0.9679
476562.00,500000.00,477880.48,12,12,12,12,12,0.059735,0.9595,0.9936
476562.00,500000.00,480678.32,12,12,12,12,12,0.060085,0.9578,0.9883
460938.00,500000.00,463233.95,10,11,11,11,11,0.057904,0.9471,0.9745
460938.00,500000.00,461827.28,10,11,11,11,11,0.057728,0.9419,0.9734
476562.00,500000.00,476657.87,12,12,12,12,12,0.059582,0.9312,0.9648
320312.00,250000.00,326484.68,11,10,11,10,11,0.040811,0.9205,0.9747
789062.00,500000.00,621375.08,12,11,12,11,12,0.077672,0.9100,0.7499
789062.00,500000.00,747297.29,12,11,12,11,12,0.093412,0.8953,0.9347
460938.00,500000.00,484991.07,10,11,11,11,11,0.060624,0.8267,0.7635
476562.00,500000.00,482536.32,12,12,12,12,12,0.060317,0.9659,0.9840
460938.00,500000.00,470257.28,10,11,11,11,11,0.058782,0.9199,0.9762
320312.00,250000.00,315821.89,11,10,11,10,11,0.039478,0.9101,0.9835
460938.00,500000.00,495301.25,10,11,11,11,11,0.061913,0.9026,0.9172
460938.00,500000.00,462040.78,10,11,11,11,11,0.057755,0.8961,0.9395
320312.00,250000.00,322937.49,11,10,11,10,11,0.040367,0.8925,0.9903
789062.00,500000.00,580547.81,12,11,11,11,11,0.072568,0.8763,0.7318
320312.00,250000.00,323739.05,11,10,11,10,11,0.040467,0.8242,0.9800
320312.00,250000.00,323552.13,11,11,12,11,12,0.040444,0.8063,0.9666
304688.00,250000.00,309235.57,10,10,11,10,11,0.038654,0.9546,0.9507
304688.00,250000.00,307553.29,10,10,11,10,11,0.038444,0.9450,0.9856
132812.00,125000.00,135825.16,9,9,9,9,9,0.016978,0.9269,0.9679
210938.00,250000.00,208365.59,9,10,10,9,9,0.026046,0.9249,0.9776
164062.00,125000.00,165735.24,10,9,10,9,10,0.020717,0.9190,0.9309
304688.00,250000.00,300153.26,10,10,11,10,11,0.037519,0.9189,0.9760
210938.00,250000.00,207402.71,9,10,10,9,9,0.025925,0.9059,0.9711
132812.00,125000.00,133793.83,9,9,9,9,9,0.016724,0.7783,0.8423
304688.00,250000.00,302857.40,10,10,11,10,11,0.037857,0.9437,0.9912
132812.00,125000.00,134860.04,9,9,9,9,9,0.016858,0.9302,0.9555
132812.00,125000.00,130724.91,9,9,9,9,9,0.016341,0.9270,0.9728
210938.00,250000.00,208662.99,9,10,10,9,9,0.026083,0.9264,0.9468
210938.00,250000.00,209775.15,9,10,10,9,9,0.026222,0.9043,0.9296
164062.00,125000.00,164875.15,10,9,10,9,10,0.020609,0.8931,0.9774
164062.00,125000.00,169841.77,10,9,10,9,10,0.021230,0.8580,0.9103
164062.00,125000.00,166032.79,10,9,10,9,10,0.020754,0.8522,0.8419
164062.00,125000.00,165224.08,10,9,10,9,10,0.020653,0.8506,0.9628
132812.00,125000.00,132192.61,9,9,9,9,9,0.016524,0.8101,0.7972
132812.00,125000.00,129890.44,9,9,9,9,9,0.016236,0.7711,0.7253
304688.00,250000.00,305161.48,10,10,11,10,11,0.038145,0.9588,0.9779
304688.00,250000.00,301788.33,10,10,11,10,11,0.037724,0.9491,0.9749
304688.00,250000.00,304424.29,10,10,11,10,11,0.038053,0.9409,0.9861
210938.00,250000.00,212194.44,9,10,10,10,10,0.026524,0.9135,0.9691
132812.00,125000.00,135015.25,9,9,9,9,9,0.016877,0.8981,0.9673
210938.00,250000.00,219608.31,9,10,10,10,10,0.027451,0.8732,0.9322
304688.00,250000.00,302721.02,10,10,11,10,11,0.037840,0.9383,0.9918
164062.00,125000.00,169516.56,10,9,10,9,10,0.021190,0.9327,0.9591
304688.00,250000.00,301376.34,10,10,11,10,11,0.037672,0.9319,0.9857
304688.00,250000.00,299665.45,10,10,11,10,11,0.037458,0.9311,0.9784
210938.00,250000.00,214395.52,9,10,10,10,10,0.026799,0.9172,0.9792
210938.00,250000.00,216407.30,9,10,10,10,10,0.027051,0.9003,0.9734
164062.00,125000.00,175480.84,10,9,10,9,10,0.021935,0.8764,0.9305
210938.00,250000.00,214584.35,9,10,10,10,10,0.026823,0.8684,0.9816
164062.00,125000.00,163729.67,10,9,10,9,10,0.020466,0.8588,0.9843
132812.00,125000.00,134994.03,9,9,9,9,9,0.016874,0.8493,0.9316
164062.00,125000.00,163564.68,10,9,10,9,10,0.020446,0.8436,0.9869
164062.00,125000.00,152941.23,10,9,10,9,10,0.019118,0.8130,0.9271
210938.00,250000.00,207674.03,9,10,10,9,9,0.025959,0.7213,0.9651
398438.00,250000.00,403102.87,12,11,12,11,12,0.050388,0.9487,0.9620
476562.00,500000.00,469755.89,11,11,11,11,11,0.058719,0.9410,0.9817
476562.00,500000.00,465824.13,11,11,11,11,11,0.058228,0.9349,0.9714
398438.00,250000.00,381061.55,12,11,12,11,12,0.047633,0.9107,0.9497
398438.00,250000.00,396726.61,12,11,12,11,12,0.049591,0.8695,0.9601
398438.00,250000.00,402925.97,12,11,12,11,12,0.050366,0.8614,0.9769
398438.00,250000.00,390197.75,12,11,12,11,12,0.048775,0.7962,0.9728
554688.00,500000.00,557821.27,11,11,11,11,11,0.069728,0.9564,0.9733
554688.00,500000.00,541353.76,11,11,11,11,11,0.067669,0.9376,0.9579
554688.00,500000.00,554314.26,11,11,11,11,11,0.069289,0.9374,0.9869
398438.00,250000.00,394952.77,12,11,12,11,12,0.049369,0.9286,0.9889
398438.00,250000.00,389974.59,12,11,12,11,12,0.048747,0.8828,0.9698
398438.00,250000.00,395737.17,12,11,12,11,12,0.049467,0.8696,0.9733
554688.00,500000.00,601824.76,11,11,12,11,12,0.075228,0.8229,0.9121
398438.00,250000.00,398406.03,12,11,12,11,12,0.049801,0.8165,0.9098
476562.00,500000.00,512206.08,11,11,11,11,11,0.064026,0.8157,0.8971
554688.00,500000.00,552190.78,11,11,11,11,11,0.069024,0.9474,0.9886
476562.00,500000.00,487280.85,11,11,11,11,11,0.060910,0.9466,0.9499
398438.00,250000.00,397122.11,12,11,12,11,12,0.049640,0.9217,0.9926
398438.00,250000.00,396636.96,12,11,12,11,12,0.049580,0.9096,0.9768
476562.00,500000.00,487489.70,11,11,11,11,11,0.060936,0.8547,0.9510
476562.00,500000.00,478397.37,11,11,11,11,11,0.059800,0.9225,0.9185
476562.00,500000.00,492750.17,11,11,11,11,11,0.061594,0.9200,0.9498
554688.00,500000.00,556070.33,11,11,11,11,11,0.069509,0.9120,0.9741
398438.00,250000.00,393091.20,12,11,12,11,12,0.049136,0.9102,0.9710
398438.00,250000.00,397469.04,12,11,12,11,12,0.049684,0.8970,0.9181
398438.00,250000.00,396923.07,12,11,12,11,12,0.049615,0.8764,0.9541
398438.00,250000.00,395249.37,12,11,12,11,12,0.049406,0.8737,0.9851
398438.00,250000.00,402190.21,12,11,12,11,12,0.050274,0.8678,0.9386
398438.00,250000.00,354444.50,12,11,12,11,12,0.044306,0.8517,0.8536
539062.00,500000.00,536884.31,11,11,11,11,11,0.067111,0.9603,0.9855
460938.00,500000.00,468688.49,12,12,12,12,12,0.058586,0.9565,0.9823
539062.00,500000.00,542488.57,11,11,11,11,11,0.067811,0.9560,0.9795
539062.00,500000.00,532970.43,11,11,11,11,11,0.066621,0.9405,0.9794
460938.00,500000.00,461321.83,12,12,12,12,12,0.057665,0.9379,0.9800
226562.00,250000.00,227849.96,10,10,10,10,10,0.028481,0.9331,0.9655
226562.00,250000.00,229389.19,10,10,10,10,10,0.028674,0.9280,0.9845
429688.00,500000.00,433835.98,12,12,12,12,12,0.054229,0.9206,0.9856
539062.00,500000.00,550688.74,11,11,11,11,11,0.068836,0.9167,0.9684
460938.00,500000.00,460833.79,12,12,12,12,12,0.057604,0.9152,0.9916
226562.00,250000.00,293980.12,10,10,10,10,10,0.036748,0.7368,0.7598
226562.00,250000.00,261924.74,10,10,10,10,10,0.032741,0.7248,0.8534
539062.00,500000.00,534586.91,11,11,11,11,11,0.066823,0.9564,0.9853
460938.00,500000.00,467139.01,12,12,12,12,12,0.058392,0.9525,0.9733
460938.00,500000.00,474403.38,12,12,12,12,12,0.059300,0.9380,0.9655
226562.00,250000.00,223875.05,10,10,10,10,10,0.027984,0.9279,0.9698
429688.00,500000.00,420354.84,12,12,12,11,11,0.052544,0.9258,0.9524
460938.00,500000.00,467822.79,12,12,12,12,12,0.058478,0.9233,0.9566
226562.00,250000.00,224312.78,10,10,10,10,10,0.028039,0.9130,0.9537
226562.00,250000.00,235563.28,10,10,10,10,10,0.029445,0.9098,0.9329
226562.00,250000.00,231071.00,10,10,10,10,10,0.028884,0.8780,0.9507
429688.00,500000.00,434778.27,12,12,12,12,12,0.054347,0.8745,0.9601
429688.00,500000.00,427898.05,12,12,12,12,12,0.053487,0.8366,0.9800
429688.00,500000.00,432079.32,12,12,12,12,12,0.054010,0.7276,0.9820
429688.00,500000.00,438024.46,12,12,12,12,12,0.054753,0.9543,0.9639
429688.00,500000.00,429236.89,12,12,12,12,12,0.053655,0.9484,0.9871
460938.00,500000.00,459972.38,12,12,12,12,12,0.057497,0.9480,0.9899
429688.00,500000.00,431419.37,12,12,12,12,12,0.053927,0.9452,0.9860
539062.00,500000.00,532469.75,11,11,11,11,11,0.066559,0.9446,0.9791
460938.00,500000.00,467704.77,12,12,12,12,12,0.058463,0.9396,0.9804
226562.00,250000.00,228890.90,10,10,10,10,10,0.028611,0.9343,0.9733
539062.00,500000.00,532330.51,11,11,11,11,11,0.066541,0.9076,0.9660
460938.00,500000.00,488029.48,12,12,12,12,12,0.061004,0.8932,0.9331
460938.00,500000.00,447062.02,12,12,12,12,12,0.055883,0.8930,0.9549
429688.00,500000.00,434793.47,12,12,12,12,12,0.054349,0.8111,0.9856
460938.00,500000.00,466391.09,12,12,12,12,12,0.058299,0.9621,0.9852
539062.00,500000.00,546581.27,11,11,11,11,11,0.068323,0.9483,0.9757
539062.00,500000.00,535825.73,11,11,11,11,11,0.066978,0.9468,0.9898
226562.00,250000.00,227225.78,10,10,10,10,10,0.028403,0.9370,0.9884
429688.00,500000.00,431488.99,12,12,12,12,12,0.053936,0.8055,0.9065
429688.00,500000.00,431657.79,12,12,12,12,12,0.053957,0.7621,0.9198
132812.00,125000.00,129284.86,12,12,12,12,12,0.016161,0.9462,0.9243
132812.00,125000.00,132312.77,12,12,12,12,12,0.016539,0.9428,0.9687
132812.00,125000.00,135063.17,12,12,12,12,12,0.016883,0.9128,0.9576
132812.00,125000.00,130601.88,12,12,12,12,12,0.016325,0.9109,0.9738
148438.00,125000.00,147094.73,11,11,11,11,11,0.018387,0.8755,0.9732
601562.00,500000.00,588391.78,12,11,11,11,11,0.073549,0.8684,0.9617
101562.00,125000.00,109602.93,10,10,10,10,10,0.013700,0.8946,0.9232
132812.00,125000.00,132683.52,12,12,12,12,12,0.016585,0.8866,0.9710
148438.00,125000.00,148171.42,11,11,11,11,11,0.018521,0.8719,0.9345
148438.00,125000.00,151256.56,11,11,12,11,12,0.018907,0.8496,0.9453
601562.00,500000.00,600518.23,12,12,13,12,13,0.075065,0.7295,0.9793
601562.00,500000.00,603106.50,12,12,13,12,13,0.075388,0.9701,0.9827
601562.00,500000.00,595754.62,12,12,13,12,13,0.074469,0.9555,0.9768
132812.00,125000.00,129566.19,12,12,12,12,12,0.016196,0.9080,0.9681
601562.00,500000.00,619237.90,12,12,13,12,13,0.077405,0.9035,0.9198
601562.00,500000.00,600857.68,12,12,13,12,13,0.075107,0.8777,0.9913
601562.00,500000.00,617959.98,12,12,13,12,13,0.077245,0.8766,0.9688
101562.00,125000.00,111764.91,10,10,10,10,10,0.013971,0.8762,0.9048
132812.00,125000.00,131155.25,12,12,12,12,12,0.016394,0.8642,0.9578
132812.00,125000.00,124782.56,12,12,12,12,12,0.015598,0.8490,0.8788
101562.00,125000.00,108135.22,10,10,10,10,10,0.013517,0.8202,0.9285
132812.00,125000.00,131517.41,12,12,12,12,12,0.016440,0.8177,0.9543
101562.00,125000.00,107611.18,10,10,10,10,10,0.013451,0.7559,0.8297
101562.00,125000.00,112371.92,10,10,10,10,10,0.014046,0.7025,0.8997
601562.00,500000.00,567882.54,12,11,11,11,11,0.070985,0.9484,0.9240
601562.00,500000.00,587760.69,12,12,12,12,12,0.073470,0.9459,0.9678
601562.00,500000.00,602363.59,12,11,12,11,12,0.075295,0.9278,0.9186
132812.00,125000.00,135645.11,12,12,12,12,12,0.016956,0.8234,0.8617
148438.00,125000.00,147643.09,11,10,10,10,10,0.018455,0.8208,0.9748
148438.00,125000.00,148987.77,11,10,11,10,11,0.018623,0.8121,0.9470
101562.00,125000.00,108955.38,10,10,10,10,10,0.013619,0.8083,0.9311
148438.00,125000.00,147195.34,11,11,11,11,11,0.018399,0.7792,0.8889
148438.00,125000.00,146504.40,11,10,10,10,10,0.018313,0.7720,0.9052
148438.00,125000.00,144511.22,11,11,11,11,11,0.018064,0.7216,0.9499
273438.00,250000.00,272775.65,10,10,10,10,10,0.034097,0.9591,0.9696
523438.00,500000.00,519745.83,11,11,11,11,11,0.064968,0.9523,0.9660
273438.00,250000.00,268814.09,10,10,10,10,10,0.033602,0.9435,0.9780
523438.00,500000.00,522829.53,11,11,11,11,11,0.065354,0.9421,0.9782
273438.00,250000.00,275939.94,10,10,10,10,10,0.034492,0.9234,0.9519
273438.00,250000.00,278738.98,10,10,10,10,10,0.034842,0.9107,0.9649
632812.00,500000.00,614400.86,11,11,12,11,12,0.076800,0.9082,0.9592
632812.00,500000.00,621920.47,11,11,12,11,12,0.077740,0.8660,0.9817
523438.00,500000.00,517019.27,11,11,11,11,11,0.064627,0.9708,0.9844
273438.00,250000.00,273333.55,10,10,10,10,10,0.034167,0.9631,0.9649
523438.00,500000.00,527865.41,11,11,11,11,11,0.065983,0.9567,0.9859
273438.00,250000.00,272268.30,11,11,11,11,11,0.034034,0.9488,0.9552
273438.00,250000.00,273061.75,11,11,11,11,11,0.034133,0.9244,0.9111
632812.00,500000.00,624108.31,11,11,12,11,12,0.078014,0.9117,0.9500
632812.00,500000.00,612179.76,11,11,12,11,12,0.076522,0.9012,0.9407
523438.00,500000.00,526409.15,11,11,11,11,11,0.065801,0.8826,0.9761
273438.00,250000.00,263353.35,10,10,10,10,10,0.032919,0.9565,0.9551
523438.00,500000.00,516705.04,11,11,11,11,11,0.064588,0.9541,0.9813
632812.00,500000.00,619196.89,11,11,12,11,12,0.077400,0.9517,0.9779
523438.00,500000.00,530654.91,11,11,11,11,11,0.066332,0.9506,0.9613
273438.00,250000.00,268928.53,10,10,10,10,10,0.033616,0.9394,0.9738
632812.00,500000.00,630151.75,11,11,12,11,12,0.078769,0.9388,0.9925
273438.00,250000.00,270196.68,10,10,10,10,10,0.033775,0.9366,0.9857
273438.00,250000.00,270006.18,11,11,11,11,11,0.033751,0.9355,0.9799
273438.00,250000.00,269744.87,11,11,11,11,11,0.033718,0.9349,0.9783
273438.00,250000.00,264508.25,11,11,11,11,11,0.033064,0.9320,0.9577
273438.00,250000.00,262362.48,10,10,10,10,10,0.032795,0.9313,0.9565
273438.00,250000.00,271320.34,11,11,11,11,11,0.033915,0.9281,0.9776
632812.00,500000.00,547344.21,11,11,11,11,11,0.068418,0.8971,0.8605
632812.00,500000.00,545049.67,11,11,11,11,11,0.068131,0.7345,0.8082
523438.00,500000.00,505780.10,11,11,11,11,11,0.063223,0.9608,0.9583
273438.00,250000.00,271801.95,10,10,10,10,10,0.033975,0.9509,0.9889
273438.00,250000.00,272837.52,11,11,11,11,11,0.034105,0.9482,0.9669
523438.00,500000.00,524396.90,11,11,11,11,11,0.065550,0.9481,0.9910
273438.00,250000.00,269488.33,11,11,11,11,11,0.033686,0.9423,0.9810
273438.00,250000.00,270646.10,11,11,11,11,11,0.033831,0.9399,0.9574
632812.00,500000.00,611658.81,11,11,12,11,12,0.076457,0.9367,0.9586
632812.00,500000.00,612502.10,11,11,12,11,12,0.076563,0.9228,0.9617
523438.00,500000.00,513197.90,11,11,11,11,11,0.064150,0.9170,0.9527
632812.00,500000.00,590198.52,11,11,11,11,11,0.073775,0.9168,0.9276
273438.00,250000.00,286011.87,10,10,10,10,10,0.035751,0.9077,0.9174
273438.00,250000.00,266222.00,11,11,11,11,11,0.033278,0.8383,0.5703
523438.00,500000.00,531110.76,11,11,11,11,11,0.066389,0.8357,0.9695
273438.00,250000.00,306318.28,11,11,12,11,12,0.038290,0.7968,0.8635
289062.00,250000.00,291034.70,12,12,12,12,12,0.036379,0.9565,0.9902
273438.00,250000.00,267163.40,12,12,12,12,12,0.033395,0.9521,0.9762
273438.00,250000.00,271255.49,12,12,12,12,12,0.033907,0.9489,0.9794
289062.00,250000.00,286548.61,12,12,12,12,12,0.035819,0.9461,0.9758
289062.00,250000.00,289058.69,12,12,12,12,12,0.036132,0.9161,0.9670
289062.00,250000.00,283453.46,12,12,12,12,12,0.035432,0.9115,0.9673
117188.00,125000.00,153067.11,11,11,12,11,12,0.019133,0.9065,0.7618
273438.00,250000.00,264721.87,12,12,12,12,12,0.033090,0.8974,0.9546
117188.00,125000.00,120323.18,11,11,11,11,11,0.015040,0.8244,0.8570
148438.00,125000.00,146240.23,10,10,10,10,10,0.018280,0.7937,0.9820
117188.00,125000.00,117302.89,11,11,11,11,11,0.014663,0.7638,0.8510
289062.00,250000.00,274121.28,12,12,12,12,12,0.034265,0.7546,0.7928
273438.00,250000.00,273895.26,12,12,12,12,12,0.034237,0.9571,0.9621
289062.00,250000.00,290021.42,12,12,12,12,12,0.036253,0.9548,0.9817
273438.00,250000.00,274842.26,12,12,12,12,12,0.034355,0.9380,0.9777
117188.00,125000.00,114825.73,11,11,11,11,11,0.014353,0.9294,0.9614
289062.00,250000.00,283588.41,12,12,12,12,12,0.035449,0.9145,0.9778
117188.00,125000.00,120161.06,11,11,11,11,11,0.015020,0.8895,0.9299
148438.00,125000.00,154163.36,10,10,11,10,11,0.019270,0.8101,0.9530
117188.00,125000.00,115458.49,11,11,11,11,11,0.014432,0.8052,0.9088
148438.00,125000.00,148591.04,10,9,9,9,9,0.018574,0.7613,0.8362
148438.00,125000.00,146857.26,10,10,10,10,10,0.018357,0.7546,0.9592
148438.00,125000.00,147274.02,10,9,9,9,9,0.018409,0.7368,0.9350
273438.00,250000.00,269895.55,12,12,12,12,12,0.033737,0.9484,0.9721
273438.00,250000.00,274744.03,12,12,12,12,12,0.034343,0.9453,0.9793
289062.00,250000.00,289943.22,12,12,12,12,12,0.036243,0.9415,0.9932
289062.00,250000.00,281766.89,12,12,12,12,12,0.035221,0.9245,0.9708
273438.00,250000.00,273929.60,12,12,12,12,12,0.034241,0.9132,0.9612
117188.00,125000.00,119421.01,11,11,11,11,11,0.014928,0.8713,0.9210
148438.00,125000.00,155342.10,10,9,10,9,10,0.019418,0.7777,0.9448
117188.00,125000.00,122714.04,11,11,11,11,11,0.015339,0.7699,0.8082
273438.00,250000.00,269003.87,12,12,12,12,12,0.033625,0.9605,0.9790
273438.00,250000.00,269824.98,12,12,12,12,12,0.033728,0.9218,0.9827
289062.00,250000.00,290468.22,12,12,12,12,12,0.036309,0.8892,0.9857
148438.00,125000.00,145946.03,10,9,9,9,9,0.018243,0.8755,0.9523
289062.00,250000.00,292345.05,12,11,11,11,11,0.036543,0.7464,0.9673
507812.00,500000.00,507768.63,11,11,11,11,11,0.063471,0.9577,0.9840
320312.00,250000.00,325061.80,11,10,11,10,11,0.040633,0.9279,0.9811
257812.00,250000.00,260279.18,10,10,10,10,10,0.032535,0.8983,0.9692
320312.00,250000.00,330970.76,11,10,11,10,11,0.041371,0.8978,0.9601
320312.00,250000.00,316714.29,11,10,11,10,11,0.039589,0.8739,0.9191
320312.00,250000.00,331966.40,11,10,11,10,11,0.041496,0.8534,0.9592
257812.00,250000.00,257180.21,10,10,10,10,10,0.032148,0.9657,0.9537
507812.00,500000.00,508647.08,11,11,11,11,11,0.063581,0.9570,0.9673
507812.00,500000.00,507863.52,11,11,11,11,11,0.063483,0.9521,0.9802
257812.00,250000.00,258456.23,10,10,10,10,10,0.032307,0.9229,0.9701
320312.00,250000.00,322560.31,11,10,11,10,11,0.040320,0.9105,0.9807
101562.00,125000.00,108398.68,9,10,10,10,10,0.013550,0.8829,0.9290
101562.00,125000.00,107069.02,9,10,10,10,10,0.013384,0.8449,0.9193
101562.00,125000.00,107619.29,9,10,10,10,10,0.013452,0.8301,0.9313
320312.00,250000.00,321354.90,11,11,12,11,12,0.040169,0.8232,0.9831
257812.00,250000.00,260952.12,10,10,10,10,10,0.032619,0.9552,0.9659
257812.00,250000.00,258430.48,10,10,10,10,10,0.032304,0.9551,0.9644
507812.00,500000.00,507138.01,11,11,11,11,11,0.063392,0.9478,0.9955
257812.00,250000.00,253896.71,10,10,10,10,10,0.031737,0.9472,0.9832
507812.00,500000.00,521975.52,11,11,11,11,11,0.065247,0.9455,0.9640
507812.00,500000.00,520684.72,11,11,11,11,11,0.065086,0.9409,0.9650
320312.00,250000.00,320477.49,11,10,11,10,11,0.040060,0.9405,0.9446
507812.00,500000.00,510959.39,11,11,11,11,11,0.063870,0.9393,0.9472
257812.00,250000.00,259447.10,10,10,10,10,10,0.032431,0.8459,0.9695
101562.00,125000.00,108626.37,9,10,10,10,10,0.013578,0.7581,0.9328
320312.00,250000.00,316898.82,11,10,11,10,11,0.039612,0.7174,0.9857
507812.00,500000.00,512063.03,11,11,11,11,11,0.064008,0.9630,0.9906
507812.00,500000.00,511930.94,11,11,11,11,11,0.063991,0.9609,0.9881
257812.00,250000.00,251480.10,10,10,10,10,10,0.031435,0.9606,0.9641
257812.00,250000.00,257361.65,10,10,10,10,10,0.032170,0.9484,0.9948
257812.00,250000.00,256216.05,10,10,10,10,10,0.032027,0.9457,0.9641
507812.00,500000.00,500184.06,11,11,11,11,11,0.062523,0.9423,0.9809
320312.00,250000.00,309687.14,11,10,11,10,11,0.038711,0.9156,0.9574
320312.00,250000.00,324096.68,11,10,11,10,11,0.040512,0.9033,0.9570
101562.00,125000.00,110647.20,9,10,10,10,10,0.013831,0.8855,0.9152
320312.00,250000.00,320761.68,11,10,11,10,11,0.040095,0.8847,0.9862
101562.00,125000.00,109748.84,9,10,10,10,10,0.013719,0.8686,0.9170
695312.00,500000.00,702782.63,12,11,12,11,12,0.087848,0.9533,0.9881
570312.00,500000.00,573358.54,11,11,11,11,11,0.071670,0.9482,0.9884
257812.00,250000.00,256032.94,11,11,11,11,11,0.032004,0.9358,0.9575
257812.00,250000.00,258368.49,11,11,11,11,11,0.032296,0.9294,0.9807
257812.00,250000.00,260286.33,11,11,11,11,11,0.032536,0.9232,0.9810
632812.00,500000.00,621134.64,11,11,12,11,12,0.077642,0.9200,0.9805
570312.00,500000.00,568864.35,11,11,11,11,11,0.071108,0.8728,0.9787
632812.00,500000.00,593401.19,11,11,11,11,11,0.074175,0.8693,0.9150
570312.00,500000.00,582506.66,11,11,11,11,11,0.072813,0.8688,0.9745
632812.00,500000.00,525403.38,11,11,11,11,11,0.065675,0.8675,0.7776
632812.00,500000.00,618889.81,11,11,12,11,12,0.077361,0.8344,0.9727
695312.00,500000.00,653469.09,12,11,12,11,12,0.081684,0.7344,0.8205
695312.00,500000.00,684194.09,12,11,12,11,12,0.085524,0.9712,0.9813
695312.00,500000.00,701290.13,12,11,12,11,12,0.087661,0.9676,0.9768
570312.00,500000.00,571640.49,11,11,11,11,11,0.071455,0.9445,0.9864
570312.00,500000.00,565210.34,11,11,11,11,11,0.070651,0.9402,0.9866
570312.00,500000.00,565212.25,11,11,11,11,11,0.070652,0.9364,0.9531
632812.00,500000.00,589236.26,11,11,11,11,11,0.073655,0.9213,0.8848
695312.00,500000.00,694882.87,12,11,12,11,12,0.086860,0.9155,0.9657
632812.00,500000.00,631603.24,11,11,12,11,12,0.078950,0.8724,0.9584
570312.00,500000.00,570370.79,11,11,11,11,11,0.071296,0.9699,0.9949
695312.00,500000.00,692275.88,12,11,12,11,12,0.086534,0.9648,0.9911
695312.00,500000.00,697458.74,12,11,12,11,12,0.087182,0.9588,0.9897
257812.00,250000.00,261175.16,11,11,11,11,11,0.032647,0.9509,0.9862
257812.00,250000.00,254246.47,11,11,11,11,11,0.031781,0.9496,0.9812
695312.00,500000.00,695759.77,12,11,12,11,12,0.086970,0.9415,0.9950
695312.00,500000.00,604267.12,12,11,12,11,12,0.075533,0.9415,0.8627
695312.00,500000.00,695995.33,12,11,12,11,12,0.086999,0.9057,0.9896
570312.00,500000.00,551939.01,11,11,11,11,11,0.068992,0.8712,0.9541
570312.00,500000.00,569126.13,11,11,11,11,11,0.071141,0.9602,0.9865
257812.00,250000.00,257569.31,11,11,11,11,11,0.032196,0.9575,0.9420
570312.00,500000.00,576112.75,11,11,11,11,11,0.072014,0.9573,0.9834
257812.00,250000.00,253365.04,11,11,11,11,11,0.031671,0.9489,0.9741
257812.00,250000.00,257719.99,11,11,11,11,11,0.032215,0.9378,0.9274
257812.00,250000.00,264130.12,11,11,11,11,11,0.033016,0.9136,0.9427
304688.00,250000.00,306140.90,12,11,12,11,12,0.038268,0.9478,0.9920
367188.00,500000.00,389903.07,10,11,11,10,10,0.048738,0.8943,0.9360
367188.00,500000.00,387800.22,10,11,11,10,10,0.048475,0.8776,0.9305
195312.00,125000.00,195083.62,10,9,10,9,10,0.024385,0.8049,0.9499
367188.00,250000.00,379693.98,10,10,11,10,11,0.047462,0.7519,0.9557
304688.00,250000.00,303182.60,12,11,12,11,12,0.037898,0.9103,0.9872
304688.00,250000.00,306111.34,12,11,12,11,12,0.038264,0.8998,0.9542
367188.00,500000.00,364008.67,10,11,11,10,10,0.045501,0.8974,0.9854
304688.00,250000.00,295643.81,12,11,11,11,11,0.036955,0.8861,0.9624
726562.00,500000.00,686554.91,11,11,12,11,12,0.085819,0.8741,0.9409
726562.00,500000.00,510694.50,11,11,11,11,11,0.063837,0.8631,0.6846
367188.00,500000.00,371962.55,10,11,11,10,10,0.046495,0.8530,0.9839
195312.00,250000.00,224051.95,10,11,11,11,11,0.028006,0.8410,0.8454
367188.00,500000.00,372374.06,10,11,11,10,10,0.046547,0.7879,0.9571
304688.00,250000.00,289876.46,12,12,12,12,12,0.036235,0.9136,0.8824
304688.00,250000.00,301474.57,12,12,13,12,13,0.037684,0.8835,0.9664
726562.00,500000.00,569145.20,11,11,11,11,11,0.071143,0.8763,0.7735
195312.00,125000.00,186830.52,10,9,10,9,10,0.023354,0.8475,0.9525
367188.00,500000.00,379480.24,10,11,11,10,10,0.047435,0.8441,0.9582
304688.00,250000.00,302866.94,12,11,12,11,12,0.037858,0.8211,0.9802
726562.00,500000.00,485409.74,11,11,11,11,11,0.060676,0.8150,0.6567
367188.00,500000.00,369878.77,10,11,11,10,10,0.046235,0.7602,0.9840
367188.00,500000.00,367807.39,10,11,11,10,10,0.045976,0.9242,0.9915
304688.00,250000.00,303155.90,12,11,12,11,12,0.037894,0.8936,0.9831
304688.00,250000.00,308954.66,12,11,12,11,12,0.038619,0.8716,0.9689
195312.00,250000.00,197397.23,10,11,11,10,10,0.024675,0.8600,0.9304
726562.00,500000.00,546029.09,11,11,11,11,11,0.068254,0.8365,0.7494
726562.00,500000.00,653326.03,11,11,12,11,12,0.081666,0.8106,0.8867
367188.00,500000.00,380081.18,10,11,11,10,10,0.047510,0.7121,0.9507
195312.00,250000.00,193211.56,10,11,11,10,10,0.024151,0.7054,0.9307
304688.00,250000.00,298526.76,11,11,12,11,12,0.037316,0.9517,0.9671
273438.00,250000.00,272345.54,11,11,11,11,11,0.034043,0.9455,0.9840
273438.00,250000.00,266770.12,11,11,11,11,11,0.033346,0.9400,0.9716
273438.00,250000.00,276891.59,11,11,11,11,11,0.034611,0.9204,0.9791
132812.00,125000.00,128467.56,9,9,9,9,9,0.016058,0.9189,0.9638
304688.00,250000.00,311237.34,11,11,12,11,12,0.038905,0.9011,0.9553
132812.00,125000.00,131933.21,9,9,9,9,9,0.016492,0.8998,0.9605
304688.00,250000.00,304986.00,11,11,12,11,12,0.038123,0.8983,0.9604
304688.00,250000.00,306453.70,11,11,12,11,12,0.038307,0.7876,0.9577
304688.00,250000.00,309668.30,11,11,12,11,12,0.038709,0.7010,0.9684
132812.00,125000.00,130592.35,9,9,9,9,9,0.016324,0.9510,0.9401
273438.00,250000.00,271253.71,11,11,11,11,11,0.033907,0.9454,0.9905
273438.00,250000.00,272085.19,11,11,11,11,11,0.034011,0.9352,0.9851
273438.00,250000.00,283221.24,11,11,11,11,11,0.035403,0.9169,0.9566
132812.00,125000.00,133778.57,9,9,9,9,9,0.016722,0.9141,0.9558
304688.00,250000.00,303073.88,11,11,12,11,12,0.037884,0.9114,0.9672
164062.00,125000.00,124288.56,12,11,11,11,11,0.015536,0.8737,0.6830
304688.00,250000.00,302997.59,11,11,12,11,12,0.037875,0.8000,0.9710
164062.00,125000.00,166688.92,12,11,12,11,12,0.020836,0.7705,0.9521
164062.00,125000.00,164453.51,12,11,12,11,12,0.020557,0.7372,0.7653
273438.00,250000.00,270761.49,11,11,11,11,11,0.033845,0.9513,0.9865
132812.00,125000.00,133071.90,9,9,9,9,9,0.016634,0.9463,0.9316
273438.00,250000.00,276546.48,11,11,11,11,11,0.034568,0.9423,0.9452
164062.00,125000.00,165335.66,12,11,12,11,12,0.020667,0.9333,0.9749
164062.00,125000.00,157862.66,12,11,12,11,12,0.019733,0.9127,0.9552
164062.00,125000.00,141349.79,12,11,11,11,11,0.017669,0.8489,0.8518
304688.00,250000.00,308579.21,11,11,12,11,12,0.038572,0.8237,0.9836
132812.00,125000.00,128009.80,9,9,9,9,9,0.016001,0.7428,0.9449
164062.00,125000.00,164335.25,12,11,12,11,12,0.020542,0.7167,0.6306
273438.00,250000.00,272263.53,11,11,11,11,11,0.034033,0.9664,0.9643
132812.00,125000.00,131082.53,9,9,9,9,9,0.016385,0.9586,0.9315
304688.00,250000.00,305967.33,11,11,12,11,12,0.038246,0.9450,0.9866
132812.00,125000.00,133274.56,9,9,9,9,9,0.016659,0.9385,0.9425
132812.00,125000.00,134193.90,9,9,9,9,9,0.016774,0.9190,0.9403
273438.00,250000.00,272878.65,11,11,11,11,11,0.034110,0.9170,0.9509
164062.00,125000.00,161706.92,12,11,12,11,12,0.020213,0.9114,0.9289
664062.00,500000.00,658874.51,12,11,12,11,12,0.082359,0.9670,0.9732
742188.00,500000.00,736567.74,12,11,12,11,12,0.092071,0.9640,0.9857
664062.00,500000.00,666610.72,12,11,12,11,12,0.083326,0.9307,0.9848
742188.00,500000.00,723209.38,12,11,12,11,12,0.090401,0.9268,0.9497
289062.00,250000.00,281833.65,12,12,12,12,12,0.035229,0.9092,0.9690
148438.00,125000.00,145770.07,11,11,11,11,11,0.018221,0.8771,0.9796
148438.00,125000.00,152801.51,11,11,12,11,12,0.019100,0.8501,0.9318
148438.00,125000.00,146252.16,11,11,11,11,11,0.018282,0.7896,0.9724
664062.00,500000.00,653996.47,12,11,12,11,12,0.081750,0.9618,0.9816
664062.00,500000.00,664752.96,12,11,12,11,12,0.083094,0.9448,0.9856
664062.00,500000.00,656194.69,12,11,12,11,12,0.082024,0.9288,0.9775
742188.00,500000.00,738285.06,12,11,12,11,12,0.092286,0.9285,0.9826
148438.00,125000.00,148471.36,11,10,10,10,10,0.018559,0.9220,0.9290
664062.00,500000.00,645616.53,12,11,12,11,12,0.080702,0.9080,0.9523
742188.00,500000.00,727137.57,12,11,12,11,12,0.090892,0.8970,0.9523
289062.00,250000.00,287200.93,12,12,12,12,12,0.035900,0.8760,0.9775
289062.00,250000.00,284709.93,12,11,11,11,11,0.035589,0.8746,0.9797
289062.00,250000.00,286876.68,12,12,12,12,12,0.035860,0.8578,0.9903
289062.00,250000.00,296117.78,12,11,11,11,11,0.037015,0.7976,0.9652
148438.00,125000.00,144341.47,11,10,10,10,10,0.018043,0.7643,0.9708
664062.00,500000.00,659758.09,12,11,12,11,12,0.082470,0.9620,0.9783
664062.00,500000.00,671274.66,12,11,12,11,12,0.083909,0.9546,0.9676
664062.00,500000.00,657796.86,12,11,12,11,12,0.082225,0.9319,0.9893
742188.00,500000.00,720397.95,12,11,12,11,12,0.090050,0.9132,0.9678
664062.00,500000.00,620840.07,12,11,12,11,12,0.077605,0.8939,0.9280
289062.00,250000.00,288551.33,12,12,12,12,12,0.036069,0.8578,0.9825
148438.00,125000.00,141808.27,11,11,11,11,11,0.017726,0.8290,0.8868
289062.00,250000.00,288920.40,12,12,12,12,12,0.036115,0.7959,0.9778
289062.00,250000.00,284181.83,12,12,12,12,12,0.035523,0.9291,0.9810
664062.00,500000.00,651356.70,12,11,12,11,12,0.081420,0.9285,0.9748
289062.00,250000.00,284896.85,12,12,12,12,12,0.035612,0.8787,0.9776
742188.00,500000.00,631804.70,12,11,12,11,12,0.078976,0.7474,0.8311
742188.00,500000.00,727500.92,12,11,12,11,12,0.090938,0.7467,0.5506
289062.00,250000.00,291117.43,10,10,10,10,10,0.036390,0.9521,0.9900
570312.00,500000.00,569604.87,12,12,12,12,12,0.071201,0.9476,0.9862
289062.00,250000.00,290700.91,10,10,10,10,10,0.036338,0.9440,0.9870
289062.00,250000.00,276445.39,10,10,10,10,10,0.034556,0.9427,0.9526
601562.00,500000.00,607573.03,12,12,13,12,13,0.075947,0.9334,0.9710
601562.00,500000.00,583924.41,12,12,12,12,12,0.072991,0.9321,0.9668
601562.00,500000.00,607906.10,12,12,13,12,13,0.075988,0.9110,0.9704
117188.00,125000.00,117167.95,12,12,12,12,12,0.014646,0.8819,0.9724
117188.00,125000.00,118070.60,12,12,12,12,12,0.014759,0.8795,0.9614
117188.00,125000.00,120967.86,12,12,12,12,12,0.015121,0.8687,0.9053
601562.00,500000.00,607231.56,12,12,13,12,13,0.075904,0.8352,0.9725
117188.00,125000.00,118018.15,12,12,12,12,12,0.014752,0.7582,0.7489
289062.00,250000.00,287980.56,10,10,10,10,10,0.035998,0.9653,0.9866
570312.00,500000.00,564122.20,12,12,12,12,12,0.070515,0.9617,0.9873
601562.00,500000.00,594142.91,12,12,12,12,12,0.074268,0.9556,0.9792
289062.00,250000.00,288907.05,10,10,10,10,10,0.036113,0.9518,0.9737
570312.00,500000.00,555605.89,12,12,12,12,12,0.069451,0.9419,0.9686
117188.00,125000.00,118678.09,12,12,12,12,12,0.014835,0.9313,0.9731
570312.00,500000.00,567186.36,12,12,12,12,12,0.070898,0.9300,0.9775
289062.00,250000.00,291183.71,10,10,10,10,10,0.036398,0.9209,0.9824
570312.00,500000.00,565622.33,12,12,12,12,12,0.070703,0.9618,0.9871
289062.00,250000.00,286855.22,10,10,10,10,10,0.035857,0.9584,0.9769
289062.00,250000.00,287930.49,10,10,10,10,10,0.035991,0.9484,0.9736
289062.00,250000.00,296263.69,10,10,10,10,10,0.037033,0.9410,0.9753
570312.00,500000.00,543241.74,12,12,12,12,12,0.067905,0.9351,0.9448
117188.00,125000.00,121348.86,12,12,12,12,12,0.015169,0.9198,0.9579
117188.00,125000.00,127775.19,12,12,12,12,12,0.015972,0.9013,0.9108
601562.00,500000.00,602273.94,12,12,13,12,13,0.075284,0.8168,0.9813
570312.00,500000.00,568000.79,12,12,12,12,12,0.071000,0.9606,0.9860
570312.00,500000.00,594520.57,12,12,12,12,12,0.074315,0.9489,0.9289
570312.00,500000.00,576473.24,12,12,12,12,12,0.072059,0.9402,0.9751
601562.00,500000.00,615573.88,12,12,13,12,13,0.076947,0.9332,0.9434
289062.00,250000.00,303722.38,10,10,11,10,11,0.037965,0.8959,0.9214
117188.00,125000.00,121661.66,12,12,12,12,12,0.015208,0.8868,0.9576
601562.00,500000.00,597732.54,12,12,13,12,13,0.074717,0.8862,0.9770
601562.00,500000.00,612215.52,12,12,13,12,13,0.076527,0.8848,0.9572
601562.00,500000.00,580799.58,12,12,12,12,12,0.072600,0.8773,0.9533
570312.00,500000.00,569988.25,12,12,12,12,12,0.071249,0.8606,0.9814
601562.00,500000.00,597942.35,11,11,12,11,12,0.074743,0.9461,0.9719
648438.00,500000.00,656219.48,12,11,12,11,12,0.082027,0.9342,0.9854
617188.00,500000.00,606267.93,11,11,12,11,12,0.075783,0.9282,0.9723
648438.00,500000.00,635336.88,12,11,12,11,12,0.079417,0.9253,0.9708
601562.00,500000.00,601999.28,11,11,12,11,12,0.075250,0.9153,0.9935
648438.00,500000.00,645111.62,12,11,12,11,12,0.080639,0.9606,0.9925
601562.00,500000.00,603252.41,11,11,12,11,12,0.075407,0.9578,0.9738
617188.00,500000.00,606281.28,11,11,12,11,12,0.075785,0.9446,0.9797
648438.00,500000.00,640724.24,12,12,13,12,13,0.080091,0.9154,0.9870
648438.00,500000.00,662246.70,12,11,12,11,12,0.082781,0.8368,0.9565
617188.00,500000.00,606870.17,11,11,12,11,12,0.075859,0.7491,0.9588
648438.00,500000.00,659599.30,12,11,12,11,12,0.082450,0.9394,0.6849
195312.00,125000.00,192604.06,12,11,12,11,12,0.024076,0.8278,0.9829
648438.00,500000.00,640058.40,12,11,12,11,12,0.080007,0.8034,0.9563
617188.00,500000.00,534132.00,11,11,11,11,11,0.066767,0.7882,0.7993
617188.00,500000.00,619197.37,11,11,12,11,12,0.077400,0.9586,0.9850
617188.00,500000.00,614729.88,11,11,12,11,12,0.076841,0.9506,0.9820
601562.00,500000.00,590467.45,11,11,11,11,11,0.073808,0.9488,0.9804
601562.00,500000.00,597813.61,11,11,12,11,12,0.074727,0.9378,0.9917
617188.00,500000.00,605106.83,11,11,12,11,12,0.075638,0.9352,0.9754
195312.00,125000.00,191741.94,12,11,12,11,12,0.023968,0.9165,0.9426
195312.00,125000.00,195930.48,12,11,12,11,12,0.024491,0.9026,0.9942
648438.00,500000.00,651499.51,12,11,12,11,12,0.081437,0.8871,0.9725
195312.00,125000.00,191937.92,12,11,12,11,12,0.023992,0.8841,0.9213
195312.00,125000.00,178963.90,12,11,12,11,12,0.022370,0.8575,0.9112
195312.00,125000.00,187405.59,12,11,12,11,12,0.023426,0.8217,0.9349
195312.00,125000.00,203511.98,12,11,12,11,12,0.025439,0.7910,0.9549
648438.00,500000.00,578676.22,12,11,11,11,11,0.072335,0.7403,0.8294
414062.00,500000.00,417012.21,10,11,11,10,10,0.052127,0.9468,0.9673
320312.00,250000.00,326620.10,12,11,12,11,12,0.040828,0.9399,0.9730
320312.00,250000.00,314903.26,12,11,12,11,12,0.039363,0.9318,0.9751
414062.00,500000.00,416090.97,10,11,11,10,10,0.052011,0.9245,0.9898
164062.00,125000.00,166563.99,11,10,11,10,11,0.020820,0.9104,0.9819
164062.00,125000.00,163995.74,11,10,11,10,11,0.020499,0.8639,0.8986
492188.00,500000.00,546663.28,10,11,11,11,11,0.068333,0.8568,0.7542
492188.00,500000.00,493111.73,10,11,11,11,11,0.061639,0.8487,0.9826
320312.00,250000.00,311459.54,12,11,12,11,12,0.038932,0.7817,0.9338
164062.00,125000.00,157100.68,11,10,11,10,11,0.019638,0.7662,0.9152
414062.00,500000.00,411468.51,10,11,11,10,10,0.051434,0.9604,0.9666
414062.00,500000.00,413146.02,10,11,11,10,10,0.051643,0.9552,0.9918
164062.00,125000.00,164745.33,11,10,11,10,11,0.020593,0.9440,0.9930
320312.00,250000.00,315413.95,12,11,12,11,12,0.039427,0.9403,0.9817
414062.00,500000.00,405832.29,10,11,11,10,10,0.050729,0.9393,0.9750
492188.00,500000.00,484742.16,10,11,11,11,11,0.060593,0.9376,0.9786
320312.00,250000.00,323328.02,12,11,12,11,12,0.040416,0.9165,0.9832
164062.00,125000.00,162248.61,11,10,11,10,11,0.020281,0.9121,0.9708
492188.00,500000.00,499702.45,10,11,11,11,11,0.062463,0.9107,0.7343
320312.00,250000.00,323818.21,12,11,12,11,12,0.040477,0.8378,0.9266
164062.00,250000.00,181910.51,11,12,12,11,11,0.022739,0.8111,0.8991
164062.00,125000.00,163345.34,11,10,11,10,11,0.020418,0.7751,0.8197
320312.00,250000.00,319088.94,12,11,12,11,12,0.039886,0.9636,0.9674
414062.00,500000.00,416217.80,10,11,11,10,10,0.052027,0.9517,0.9803
320312.00,250000.00,314433.52,12,11,12,11,12,0.039304,0.9476,0.9795
164062.00,125000.00,164470.67,11,10,11,10,11,0.020559,0.9462,0.9438
320312.00,250000.00,326087.95,12,11,12,11,12,0.040761,0.9445,0.9223
414062.00,500000.00,427151.68,10,11,11,11,11,0.053394,0.9255,0.9542
164062.00,125000.00,167970.18,11,10,11,10,11,0.020996,0.8823,0.9158
492188.00,500000.00,510764.12,10,11,11,11,11,0.063846,0.8483,0.9272
320312.00,250000.00,312163.11,12,11,12,11,12,0.039020,0.9553,0.9635
414062.00,500000.00,414704.32,10,11,11,10,10,0.051838,0.9460,0.9660
320312.00,250000.00,326423.65,12,11,12,11,12,0.040803,0.9354,0.9635
414062.00,500000.00,426386.48,10,11,11,11,11,0.053298,0.9252,0.9675
414062.00,500000.00,414680.84,10,11,11,10,10,0.051835,0.9111,0.9249
492188.00,500000.00,503213.41,10,11,11,11,11,0.062902,0.8400,0.7006
492188.00,500000.00,484776.02,10,11,11,11,11,0.060597,0.7673,0.8736
460938.00,500000.00,458694.46,10,11,11,11,11,0.057337,0.9306,0.9569
179688.00,250000.00,183643.10,9,10,10,9,9,0.022955,0.9271,0.9541
132812.00,125000.00,135400.77,11,11,11,11,11,0.016925,0.9259,0.9271
132812.00,125000.00,134262.08,11,11,11,11,11,0.016783,0.9119,0.9751
179688.00,125000.00,182936.67,11,10,11,10,11,0.022867,0.9110,0.9799
179688.00,125000.00,176771.16,11,10,11,10,11,0.022096,0.9071,0.9808
179688.00,125000.00,177915.57,11,10,11,10,11,0.022239,0.8642,0.9728
179688.00,250000.00,177692.17,9,10,10,9,9,0.022212,0.8359,0.9017
132812.00,125000.00,130541.80,11,11,11,11,11,0.016318,0.7054,0.7518
460938.00,500000.00,457238.20,10,11,11,11,11,0.057155,0.9434,0.9863
179688.00,125000.00,171739.58,11,10,11,10,11,0.021467,0.9082,0.9400
179688.00,125000.00,178869.25,11,10,11,10,11,0.022359,0.8788,0.9245
179688.00,125000.00,182147.74,11,10,11,10,11,0.022768,0.8741,0.9643
132812.00,125000.00,133851.05,11,11,11,11,11,0.016731,0.8633,0.9528
179688.00,250000.00,175380.23,9,10,10,9,9,0.021923,0.8544,0.9668
179688.00,250000.00,180898.67,9,10,10,9,9,0.022612,0.8354,0.9545
179688.00,250000.00,178032.88,9,10,10,9,9,0.022254,0.8238,0.9675
132812.00,125000.00,134656.91,11,11,11,11,11,0.016832,0.8058,0.9719
132812.00,125000.00,136466.03,11,11,11,11,11,0.017058,0.9581,0.9697
460938.00,500000.00,455725.67,10,11,11,11,11,0.056966,0.9457,0.9583
179688.00,250000.00,178385.26,9,10,10,9,9,0.022298,0.9377,0.9687
179688.00,250000.00,184402.47,9,10,10,9,9,0.023050,0.9244,0.9726
132812.00,125000.00,133905.41,11,11,11,11,11,0.016738,0.9212,0.9766
179688.00,250000.00,182609.56,9,10,10,9,9,0.022826,0.9150,0.9734
460938.00,500000.00,459026.34,10,11,11,11,11,0.057378,0.9022,0.9679
460938.00,500000.00,475028.99,10,11,11,11,11,0.059379,0.8973,0.9492
179688.00,125000.00,175640.58,11,10,11,10,11,0.021955,0.8619,0.9380
132812.00,125000.00,132894.04,11,11,11,11,11,0.016612,0.8142,0.8617
460938.00,500000.00,416533.47,10,11,11,10,10,0.052067,0.8087,0.8587
179688.00,125000.00,178645.88,11,10,11,10,11,0.022331,0.7838,0.9623
179688.00,250000.00,185782.43,9,10,10,9,9,0.023223,0.9211,0.9468
132812.00,125000.00,133843.42,11,11,11,11,11,0.016730,0.9136,0.9557
132812.00,125000.00,130678.18,11,11,11,11,11,0.016335,0.8134,0.8808
726562.00,500000.00,713306.43,12,11,12,11,12,0.089163,0.9501,0.9776
726562.00,500000.00,728287.70,12,11,12,11,12,0.091036,0.9198,0.9634
117188.00,125000.00,120600.22,12,12,12,12,12,0.015075,0.9145,0.9699
101562.00,125000.00,114816.67,10,10,10,10,10,0.014352,0.8761,0.8799
726562.00,500000.00,722772.60,12,11,12,11,12,0.090347,0.8699,0.9734
117188.00,125000.00,124631.88,12,12,12,12,12,0.015579,0.8410,0.9346
101562.00,125000.00,110443.12,10,10,10,10,10,0.013805,0.8409,0.9146
789062.00,500000.00,511452.67,11,11,11,11,11,0.063932,0.7596,0.6044
726562.00,500000.00,733721.02,12,11,12,11,12,0.091715,0.9326,0.9873
726562.00,500000.00,720085.14,12,11,12,11,12,0.090011,0.9322,0.9810
117188.00,125000.00,118751.53,12,12,12,12,12,0.014844,0.8945,0.9331
101562.00,125000.00,107410.43,10,10,10,10,10,0.013426,0.8415,0.9448
117188.00,125000.00,130095.48,12,12,12,12,12,0.016262,0.8362,0.8970
101562.00,125000.00,117527.01,10,10,10,10,10,0.014691,0.8210,0.8162
789062.00,500000.00,672067.64,11,11,12,11,12,0.084008,0.7251,0.7892
726562.00,500000.00,729475.02,12,11,12,11,12,0.091184,0.9591,0.9757
726562.00,500000.00,708532.33,12,11,12,11,12,0.088567,0.9303,0.9732
726562.00,500000.00,710246.56,12,11,12,11,12,0.088781,0.9293,0.8963
117188.00,125000.00,129457.24,12,12,12,12,12,0.016182,0.9235,0.9047
117188.00,125000.00,126733.30,12,12,12,12,12,0.015842,0.8983,0.9155
789062.00,500000.00,569269.18,11,11,11,11,11,0.071159,0.8847,0.7092
789062.00,500000.00,553010.46,11,11,11,11,11,0.069126,0.8823,0.6984
117188.00,125000.00,123294.83,12,12,12,12,12,0.015412,0.8807,0.7062
117188.00,125000.00,119957.45,12,12,12,12,12,0.014995,0.8428,0.9302
101562.00,125000.00,112934.11,10,11,11,11,11,0.014117,0.8342,0.8915
726562.00,500000.00,667842.39,12,11,12,11,12,0.083480,0.7859,0.8824
101562.00,125000.00,112873.08,10,10,10,10,10,0.014109,0.7365,0.8985
117188.00,125000.00,125576.02,12,12,12,12,12,0.015697,0.7326,0.8362
726562.00,500000.00,727041.72,12,11,12,11,12,0.090880,0.9635,0.9639
101562.00,125000.00,112136.84,10,10,10,10,10,0.014017,0.8238,0.9028
101562.00,125000.00,114646.91,10,11,11,11,11,0.014331,0.7988,0.8795
257812.00,250000.00,258260.73,12,12,12,12,12,0.032283,0.9672,0.9781
257812.00,250000.00,255303.38,12,12,12,12,12,0.031913,0.9554,0.9825
242188.00,250000.00,243754.15,11,11,11,11,11,0.030469,0.9534,0.9715
242188.00,250000.00,238925.93,11,11,11,11,11,0.029866,0.9527,0.9673
257812.00,250000.00,258579.02,12,12,12,12,12,0.032322,0.9493,0.9890
257812.00,250000.00,247749.09,12,12,12,12,12,0.030969,0.9477,0.9599
257812.00,250000.00,255506.52,12,12,12,12,12,0.031938,0.9425,0.9668
257812.00,250000.00,258428.57,12,12,12,12,12,0.032304,0.9396,0.9672
257812.00,250000.00,261232.38,12,12,12,12,12,0.032654,0.9351,0.9700
242188.00,250000.00,229825.02,11,11,11,11,11,0.028728,0.9262,0.9412
242188.00,250000.00,239418.03,11,11,11,11,11,0.029927,0.9177,0.9649
242188.00,250000.00,234488.73,11,11,11,11,11,0.029311,0.8893,0.9565
257812.00,250000.00,254467.01,12,12,12,12,12,0.031808,0.9473,0.9857
242188.00,250000.00,243354.80,11,11,11,11,11,0.030419,0.9470,0.9649
257812.00,250000.00,255067.83,12,12,12,12,12,0.031883,0.9417,0.9872
742188.00,500000.00,576038.90,11,11,11,11,11,0.072005,0.9238,0.7635
257812.00,250000.00,261710.91,12,12,12,12,12,0.032714,0.8968,0.9242
742188.00,500000.00,721441.27,11,11,12,11,12,0.090180,0.8386,0.9719
242188.00,250000.00,237207.89,11,11,11,11,11,0.029651,0.9542,0.9779
242188.00,250000.00,239196.78,11,11,11,11,11,0.029900,0.9475,0.9731
242188.00,250000.00,246468.54,11,11,11,11,11,0.030809,0.9442,0.9481
742188.00,500000.00,693777.08,11,11,12,11,12,0.086722,0.9118,0.9184
742188.00,500000.00,584870.34,11,11,11,11,11,0.073109,0.8846,0.7784
148438.00,125000.00,150735.86,10,10,11,10,11,0.018842,0.7912,0.9779
257812.00,250000.00,263401.03,12,12,12,12,12,0.032925,0.9508,0.9578
242188.00,250000.00,246654.27,11,11,11,11,11,0.030832,0.9461,0.9791
242188.00,250000.00,239273.55,11,11,11,11,11,0.029909,0.9386,0.9823
742188.00,500000.00,729663.85,11,11,12,11,12,0.091208,0.9373,0.9817
742188.00,500000.00,584053.75,11,11,11,11,11,0.073007,0.8500,0.7484
148438.00,125000.00,148952.48,10,10,11,10,11,0.018619,0.7866,0.9291
242188.00,250000.00,242547.99,11,11,11,11,11,0.030318,0.9653,0.9782
492188.00,500000.00,490606.67,11,11,11,11,11,0.061326,0.9619,0.9849
242188.00,250000.00,245532.75,11,11,11,11,11,0.030692,0.9516,0.9472
492188.00,500000.00,492071.63,11,11,11,11,11,0.061509,0.9430,0.9942
242188.00,250000.00,233123.78,11,11,11,11,11,0.029140,0.9411,0.9561
445312.00,500000.00,450352.67,10,11,11,11,11,0.056294,0.8991,0.9794
242188.00,250000.00,244244.58,11,11,11,11,11,0.030531,0.8230,0.9890
195312.00,125000.00,174023.87,12,11,12,11,12,0.021753,0.7381,0.8632
492188.00,500000.00,492567.06,11,11,11,11,11,0.061571,0.9628,0.9858
242188.00,250000.00,241993.13,11,11,11,11,11,0.030249,0.9513,0.9871
492188.00,500000.00,492467.88,11,11,11,11,11,0.061558,0.9426,0.9823
242188.00,250000.00,247237.15,11,11,11,11,11,0.030905,0.9377,0.9792
492188.00,500000.00,502192.50,11,11,11,11,11,0.062774,0.9351,0.9687
445312.00,500000.00,447448.73,10,11,11,11,11,0.055931,0.9289,0.9465
445312.00,500000.00,462457.66,10,11,11,11,11,0.057807,0.9240,0.9439
445312.00,500000.00,456528.72,10,11,11,11,11,0.057066,0.9146,0.9442
492188.00,500000.00,489589.69,11,11,11,11,11,0.061199,0.8876,0.9485
195312.00,125000.00,193077.09,12,11,12,11,12,0.024135,0.7972,0.8423
242188.00,250000.00,243380.10,11,11,11,11,11,0.030423,0.9675,0.9647
445312.00,500000.00,440700.05,10,11,11,11,11,0.055088,0.9559,0.9872
492188.00,500000.00,493433.00,11,11,11,11,11,0.061679,0.9526,0.9873
445312.00,500000.00,435595.99,10,11,11,11,11,0.054449,0.9507,0.9757
242188.00,250000.00,244467.26,11,11,11,11,11,0.030558,0.9444,0.9685
492188.00,500000.00,491464.61,11,11,11,11,11,0.061433,0.9401,0.9753
242188.00,250000.00,245809.56,11,11,11,11,11,0.030726,0.9361,0.9847
492188.00,500000.00,498519.90,11,11,11,11,11,0.062315,0.9212,0.9267
195312.00,125000.00,194399.15,12,11,12,11,12,0.024300,0.8792,0.9780
242188.00,250000.00,241848.95,11,11,11,11,11,0.030231,0.9623,0.9759
492188.00,500000.00,486701.01,11,11,11,11,11,0.060838,0.9471,0.9820
195312.00,125000.00,197480.20,12,11,12,11,12,0.024685,0.9062,0.9737
195312.00,125000.00,196131.29,12,11,12,11,12,0.024516,0.7292,0.9518
195312.00,125000.00,149242.40,12,11,12,11,12,0.018655,0.7038,0.6540
679688.00,500000.00,678533.20,12,11,12,11,12,0.084817,0.9580,0.9851
320312.00,250000.00,321034.67,12,11,12,11,12,0.040129,0.9397,0.9942
320312.00,250000.00,321855.55,12,11,12,11,12,0.040232,0.8772,0.9769
476562.00,500000.00,470607.28,10,11,11,11,11,0.058826,0.8329,0.9603
679688.00,500000.00,694477.08,12,11,12,11,12,0.086810,0.8206,0.8803
367188.00,500000.00,420319.97,11,12,12,11,11,0.052540,0.8200,0.8584
367188.00,500000.00,374382.02,11,12,12,11,11,0.046798,0.7633,0.9717
679688.00,500000.00,675348.28,12,11,12,11,12,0.084419,0.9550,0.9783
476562.00,500000.00,478210.45,10,11,11,11,11,0.059776,0.9465,0.9740
679688.00,500000.00,681648.25,12,11,12,11,12,0.085206,0.9430,0.9924
320312.00,250000.00,317306.52,12,11,12,11,12,0.039663,0.9226,0.9890
320312.00,250000.00,318820.95,12,11,12,11,12,0.039853,0.9163,0.9546
476562.00,500000.00,477802.28,10,11,11,11,11,0.059725,0.8933,0.9673
679688.00,500000.00,672739.03,12,11,12,11,12,0.084092,0.9653,0.9881
679688.00,500000.00,672983.17,12,11,12,11,12,0.084123,0.9519,0.9868
320312.00,250000.00,318104.74,12,11,12,11,12,0.039763,0.9509,0.9866
320312.00,250000.00,322432.52,12,11,12,11,12,0.040304,0.9368,0.9895
367188.00,250000.00,375102.52,11,10,11,10,11,0.046888,0.9280,0.9753
367188.00,250000.00,367350.10,11,10,11,10,11,0.045919,0.9279,0.9886
367188.00,250000.00,373548.51,11,10,11,10,11,0.046694,0.9185,0.9798
320312.00,250000.00,316278.46,12,11,12,11,12,0.039535,0.9062,0.9728
320312.00,250000.00,318029.40,12,11,12,11,12,0.039754,0.9006,0.9433
679688.00,500000.00,622912.29,12,11,12,11,12,0.077864,0.8789,0.9047
679688.00,500000.00,676291.82,12,11,12,11,12,0.084536,0.8712,0.9905
476562.00,500000.00,498512.27,10,11,11,11,11,0.062314,0.8671,0.9194
367188.00,250000.00,389382.36,11,10,11,10,11,0.048673,0.7198,0.9143
679688.00,500000.00,691948.89,12,11,12,11,12,0.086494,0.9457,0.9693
320312.00,250000.00,307374.48,12,11,12,11,12,0.038422,0.8777,0.9332
367188.00,250000.00,369610.79,11,10,11,10,11,0.046201,0.8647,0.9811
367188.00,250000.00,357979.77,11,10,11,10,11,0.044747,0.8102,0.9652
476562.00,500000.00,465249.78,10,11,11,11,11,0.058156,0.7576,0.6627
335938.00,250000.00,324958.80,11,10,11,10,11,0.040620,0.9423,0.9665
226562.00,250000.00,225971.22,9,10,10,10,10,0.028246,0.9325,0.9732
226562.00,250000.00,320298.19,9,10,11,10,11,0.040037,0.7929,0.6501
335938.00,250000.00,340349.67,11,10,11,10,11,0.042544,0.9381,0.9762
132812.00,125000.00,134260.18,11,11,11,11,11,0.016783,0.9238,0.9590
117188.00,125000.00,117983.82,11,11,11,11,11,0.014748,0.9155,0.9504
117188.00,125000.00,117992.40,11,11,11,11,11,0.014749,0.8991,0.9599
117188.00,125000.00,119417.19,11,11,11,11,11,0.014927,0.8462,0.8917
335938.00,250000.00,332376.48,11,10,11,10,11,0.041547,0.8289,0.9565
226562.00,250000.00,229940.89,9,10,10,10,10,0.028743,0.8130,0.8900
132812.00,125000.00,128547.67,11,11,11,11,11,0.016068,0.8049,0.9532
226562.00,250000.00,272367.48,9,10,10,10,10,0.034046,0.7784,0.8273
226562.00,250000.00,233808.52,9,10,10,10,10,0.029226,0.9310,0.9672
117188.00,125000.00,116024.97,11,11,11,11,11,0.014503,0.9220,0.9818
117188.00,125000.00,119190.45,11,11,11,11,11,0.014899,0.9173,0.9447
117188.00,125000.00,117080.21,11,11,11,11,11,0.014635,0.9095,0.9661
117188.00,125000.00,118235.11,11,11,11,11,11,0.014779,0.9076,0.9567
226562.00,250000.00,230216.03,9,10,10,10,10,0.028777,0.9047,0.9734
335938.00,250000.00,336472.51,11,10,11,10,11,0.042059,0.9023,0.9820
132812.00,125000.00,132904.53,11,11,11,11,11,0.016613,0.8670,0.9000
226562.00,250000.00,236199.38,9,10,10,10,10,0.029525,0.8648,0.9538
335938.00,250000.00,336641.31,11,10,11,10,11,0.042080,0.8589,0.9673
226562.00,250000.00,225979.92,9,10,10,10,10,0.028247,0.8503,0.9609
132812.00,125000.00,136963.84,11,11,11,11,11,0.017120,0.7615,0.7783
226562.00,250000.00,232219.70,9,10,10,10,10,0.029027,0.7591,0.9558
335938.00,250000.00,337364.20,11,10,11,10,11,0.042171,0.7250,0.9896
335938.00,250000.00,341064.45,11,10,11,10,11,0.042633,0.9421,0.9811
132812.00,125000.00,135404.59,11,11,11,11,11,0.016926,0.9233,0.9613
132812.00,125000.00,129778.86,11,11,11,11,11,0.016222,0.9191,0.9326
132812.00,125000.00,129358.77,11,11,11,11,11,0.016170,0.9182,0.9454
132812.00,125000.00,130183.22,11,11,11,11,11,0.016273,0.8989,0.9430
117188.00,125000.00,119433.40,11,11,11,11,11,0.014929,0.8882,0.9201
335938.00,250000.00,333731.89,11,10,11,10,11,0.041716,0.8822,0.9711
335938.00,250000.00,338888.17,11,10,11,10,11,0.042361,0.8716,0.9420
132812.00,125000.00,131039.14,11,11,11,11,11,0.016380,0.8666,0.9605
335938.00,250000.00,342919.35,11,10,11,10,11,0.042865,0.8616,0.9701
335938.00,250000.00,336057.66,11,10,11,10,11,0.042007,0.8523,0.9493
117188.00,125000.00,119832.04,11,11,11,11,11,0.014979,0.8435,0.9744
132812.00,125000.00,130470.28,11,11,11,11,11,0.016309,0.7910,0.8559
554688.00,500000.00,557805.06,12,12,12,12,12,0.069726,0.9675,0.9894
554688.00,500000.00,560805.56,12,12,12,12,12,0.070101,0.9634,0.9843
554688.00,500000.00,556166.65,12,12,12,12,12,0.069521,0.9571,0.9947
679688.00,500000.00,681574.82,12,11,12,11,12,0.085197,0.9452,0.9727
554688.00,500000.00,554588.32,12,12,12,12,12,0.069324,0.9206,0.9778
773438.00,500000.00,748530.39,12,11,12,11,12,0.093566,0.8478,0.9251
554688.00,500000.00,571928.02,12,12,12,12,12,0.071491,0.8469,0.9607
679688.00,500000.00,695852.28,12,11,12,11,12,0.086982,0.8404,0.8569
679688.00,500000.00,680431.84,12,11,12,11,12,0.085054,0.8298,0.9776
726562.00,500000.00,601579.67,12,11,12,11,12,0.075197,0.8267,0.8052
726562.00,500000.00,734644.41,12,11,12,11,12,0.091831,0.8049,0.9359
679688.00,500000.00,678781.03,12,11,12,11,12,0.084848,0.9591,0.9841
554688.00,500000.00,552009.58,12,12,12,12,12,0.069001,0.9568,0.9933
679688.00,500000.00,691991.93,12,11,12,11,12,0.086499,0.9527,0.9486
726562.00,500000.00,718476.77,12,11,12,11,12,0.089810,0.9521,0.9833
726562.00,500000.00,734522.82,12,11,12,11,12,0.091815,0.9437,0.9442
726562.00,500000.00,721106.53,12,11,12,11,12,0.090138,0.9396,0.9750
726562.00,500000.00,710704.80,12,11,12,11,12,0.088838,0.9116,0.9556
773438.00,500000.00,623027.09,12,11,12,11,12,0.077878,0.9018,0.8006
679688.00,500000.00,687565.80,12,11,12,11,12,0.085946,0.8741,0.8909
773438.00,500000.00,755866.77,12,11,12,11,12,0.094483,0.8325,0.9268
773438.00,500000.00,740027.43,12,11,12,11,12,0.092503,0.7273,0.8873
554688.00,500000.00,556180.00,12,12,12,12,12,0.069523,0.9645,0.9790
679688.00,500000.00,687124.25,12,11,12,11,12,0.085891,0.9506,0.9770
726562.00,500000.00,736442.57,12,11,12,11,12,0.092055,0.9445,0.9792
726562.00,500000.00,722413.06,12,11,12,11,12,0.090302,0.9140,0.9877
679688.00,500000.00,648515.70,12,11,12,11,12,0.081064,0.8894,0.7065
773438.00,500000.00,739344.60,12,11,12,11,12,0.092418,0.8836,0.9033
679688.00,500000.00,686714.17,12,11,12,11,12,0.085839,0.9611,0.9856
773438.00,500000.00,754636.76,12,11,12,11,12,0.094330,0.9549,0.9702
554688.00,500000.00,564801.22,12,12,12,12,12,0.070600,0.9493,0.9737
726562.00,500000.00,718202.59,12,11,12,11,12,0.089775,0.9468,0.9577
773438.00,500000.00,753024.16,12,11,12,11,12,0.094128,0.9423,0.9728
554688.00,500000.00,560386.66,12,12,12,12,12,0.070048,0.9365,0.9471
773438.00,500000.00,619024.28,12,11,12,11,12,0.077378,0.9085,0.7946
554688.00,500000.00,629734.99,12,12,13,12,13,0.078717,0.9009,0.8573
726562.00,500000.00,711460.11,12,11,12,11,12,0.088933,0.8365,0.7619
773438.00,500000.00,734989.17,12,11,12,11,12,0.091874,0.7458,0.8517
773438.00,500000.00,589764.60,12,11,11,11,11,0.073721,0.7337,0.6351
257812.00,250000.00,252256.16,12,12,12,12,12,0.031532,0.9656,0.9738
257812.00,250000.00,259064.67,12,12,12,12,12,0.032383,0.9471,0.9946
257812.00,250000.00,258892.54,12,12,12,12,12,0.032362,0.9455,0.9509
257812.00,250000.00,263769.15,12,12,12,12,12,0.032971,0.9383,0.9752
257812.00,250000.00,257740.97,12,12,12,12,12,0.032218,0.9286,0.9667
445312.00,500000.00,446800.71,11,11,11,11,11,0.055850,0.9230,0.9921
695312.00,500000.00,527253.15,11,11,11,11,11,0.065907,0.9106,0.7516
695312.00,500000.00,676239.49,11,11,12,11,12,0.084530,0.8869,0.9526
695312.00,500000.00,628234.86,11,11,12,11,12,0.078529,0.8706,0.8842
695312.00,500000.00,665351.75,11,11,12,11,12,0.083169,0.8367,0.9550
445312.00,500000.00,481719.97,11,11,11,11,11,0.060215,0.7773,0.5045
257812.00,250000.00,257432.94,12,12,12,12,12,0.032179,0.9560,0.9788
257812.00,250000.00,255484.10,12,12,12,12,12,0.031936,0.9443,0.9820
445312.00,500000.00,459699.15,11,11,11,11,11,0.057462,0.9291,0.9606
445312.00,500000.00,444198.61,11,11,11,11,11,0.055525,0.9047,0.9783
445312.00,500000.00,466722.97,11,11,11,11,11,0.058340,0.9007,0.9468
695312.00,500000.00,682949.90,11,11,12,11,12,0.085369,0.8877,0.9707
695312.00,500000.00,649915.70,11,11,12,11,12,0.081239,0.8870,0.9137
257812.00,250000.00,252885.82,12,12,12,12,12,0.031611,0.9543,0.9683
257812.00,250000.00,259605.41,12,12,12,12,12,0.032451,0.9495,0.9512
257812.00,250000.00,251637.94,12,12,12,12,12,0.031455,0.9477,0.9756
257812.00,250000.00,258008.00,12,12,12,12,12,0.032251,0.9419,0.9858
445312.00,500000.00,441335.68,11,11,11,11,11,0.055167,0.9401,0.9872
445312.00,500000.00,443742.87,11,11,11,11,11,0.055468,0.9277,0.9709
445312.00,500000.00,446129.56,11,11,11,11,11,0.055766,0.9269,0.9782
695312.00,500000.00,605356.22,11,11,12,11,12,0.075670,0.8985,0.8691
445312.00,500000.00,444112.78,11,11,11,11,11,0.055514,0.8175,0.9687
445312.00,500000.00,440622.33,11,11,11,11,11,0.055078,0.8092,0.9755
695312.00,500000.00,519431.11,11,11,11,11,11,0.064929,0.7776,0.7228
195312.00,250000.00,197591.78,9,10,10,9,9,0.024699,0.9546,0.9511
460938.00,500000.00,464760.78,11,11,11,11,11,0.058095,0.9443,0.9897
226562.00,250000.00,218624.11,12,12,12,12,12,0.027328,0.9308,0.9600
226562.00,250000.00,232248.54,12,12,12,12,12,0.029031,0.9305,0.9598
460938.00,500000.00,468450.67,11,11,11,11,11,0.058556,0.9229,0.9781
226562.00,250000.00,227333.07,12,12,12,12,12,0.028417,0.8856,0.9415
460938.00,500000.00,468245.39,11,11,11,11,11,0.058531,0.8651,0.9714
195312.00,250000.00,198121.07,9,10,10,9,9,0.024765,0.8623,0.9694
195312.00,250000.00,193058.49,9,10,10,9,9,0.024132,0.8435,0.9495
460938.00,500000.00,462915.42,11,11,11,11,11,0.057864,0.7700,0.9606
460938.00,500000.00,457580.57,11,11,11,11,11,0.057198,0.9533,0.9882
226562.00,250000.00,232652.66,12,12,12,12,12,0.029082,0.9458,0.9702
664062.00,500000.00,646657.47,11,11,12,11,12,0.080832,0.9316,0.9355
226562.00,250000.00,230625.15,12,12,12,12,12,0.028828,0.9311,0.9775
226562.00,250000.00,228342.53,12,12,12,12,12,0.028543,0.9190,0.9472
195312.00,250000.00,200078.85,9,10,10,9,9,0.025010,0.9130,0.9392
460938.00,500000.00,473968.51,11,11,11,11,11,0.059246,0.8673,0.9624
195312.00,250000.00,208339.69,9,10,10,9,9,0.026042,0.8268,0.9359
664062.00,500000.00,535852.19,11,11,11,11,11,0.066982,0.7748,0.5074
226562.00,250000.00,232806.68,12,12,12,12,12,0.029101,0.9665,0.9694
664062.00,500000.00,658283.23,11,11,12,11,12,0.082285,0.9602,0.9818
460938.00,500000.00,463211.06,11,11,11,11,11,0.057901,0.9497,0.9760
460938.00,500000.00,465065.00,11,11,11,11,11,0.058133,0.9399,0.9759
226562.00,250000.00,240718.84,12,12,12,12,12,0.030090,0.9251,0.9351
195312.00,250000.00,196586.61,9,10,10,9,9,0.024573,0.9120,0.9495
664062.00,500000.00,640391.35,11,11,12,11,12,0.080049,0.9000,0.9615
195312.00,250000.00,196647.64,9,10,10,9,9,0.024581,0.8965,0.9634
195312.00,250000.00,190999.51,9,10,10,9,9,0.023875,0.8874,0.9331
195312.00,250000.00,198194.03,9,10,10,9,9,0.024774,0.8750,0.9530
664062.00,500000.00,619731.90,11,11,12,11,12,0.077466,0.7859,0.8951
664062.00,500000.00,665878.30,11,11,12,11,12,0.083235,0.9437,0.9698
460938.00,500000.00,461732.86,11,11,11,11,11,0.057717,0.9423,0.9837
226562.00,250000.00,230925.86,12,12,12,12,12,0.028866,0.9391,0.9788
226562.00,250000.00,230558.40,12,12,12,12,12,0.028820,0.9247,0.9776
460938.00,500000.00,452316.28,11,11,11,11,11,0.056540,0.9048,0.9714
460938.00,500000.00,488029.48,11,11,11,11,11,0.061004,0.8902,0.9059
195312.00,250000.00,193601.61,9,10,10,9,9,0.024200,0.8725,0.9475
507812.00,500000.00,511425.26,12,12,12,12,12,0.063928,0.9585,0.9911
429688.00,500000.00,427174.57,10,11,11,11,11,0.053397,0.9488,0.9889
335938.00,500000.00,344533.92,10,11,11,10,10,0.043067,0.8315,0.9746
335938.00,500000.00,358771.32,10,11,11,10,10,0.044846,0.7466,0.9353
507812.00,500000.00,506306.77,12,12,12,12,12,0.063288,0.9575,0.9861
429688.00,500000.00,421161.65,10,11,11,11,11,0.052645,0.9503,0.9628
507812.00,500000.00,498907.09,12,12,12,12,12,0.062363,0.9472,0.9746
414062.00,500000.00,411426.54,12,12,12,11,11,0.051428,0.9135,0.9648
414062.00,500000.00,417796.13,12,12,12,11,11,0.052225,0.9063,0.9850
429688.00,500000.00,444471.12,10,11,11,11,11,0.055559,0.9050,0.7347
335938.00,250000.00,321117.40,10,10,11,10,11,0.040140,0.8945,0.9240
414062.00,500000.00,428381.44,12,12,12,12,12,0.053548,0.8646,0.9503
414062.00,500000.00,424905.78,12,12,12,12,12,0.053113,0.8343,0.9725
335938.00,500000.00,337983.85,10,11,11,10,10,0.042248,0.8310,0.9851
335938.00,500000.00,355680.47,10,11,11,10,10,0.044460,0.7941,0.9313
414062.00,500000.00,420565.13,12,12,12,12,12,0.052571,0.7004,0.9572
507812.00,500000.00,504331.05,12,12,12,12,12,0.063041,0.9452,0.9797
507812.00,500000.00,520717.62,12,12,12,12,12,0.065090,0.9346,0.9684
429688.00,500000.00,440320.97,10,11,11,11,11,0.055040,0.9327,0.9698
335938.00,500000.00,344100.95,10,11,11,10,10,0.043013,0.9156,0.9692
507812.00,500000.00,490826.13,12,12,12,12,12,0.061353,0.8987,0.9534
507812.00,500000.00,520851.14,12,12,12,12,12,0.065106,0.8888,0.9044
429688.00,500000.00,426294.33,10,11,11,11,11,0.053287,0.8744,0.9663
429688.00,500000.00,429407.12,10,11,11,11,11,0.053676,0.8653,0.9799
335938.00,500000.00,342023.85,10,11,11,10,10,0.042753,0.8253,0.9538
414062.00,500000.00,415325.16,12,12,12,11,11,0.051916,0.7394,0.9775
507812.00,500000.00,485900.82,12,12,12,12,12,0.060738,0.9652,0.9263
507812.00,500000.00,513921.86,12,12,12,12,12,0.064240,0.9512,0.9593
429688.00,500000.00,436179.16,10,11,11,11,11,0.054522,0.9305,0.9709
507812.00,500000.00,513500.21,12,12,12,12,12,0.064188,0.9106,0.9716
335938.00,500000.00,341639.52,10,11,11,10,10,0.042705,0.7070,0.9624
539062.00,500000.00,537222.39,11,11,11,11,11,0.067153,0.9557,0.9878
289062.00,250000.00,290527.11,10,10,10,10,10,0.036316,0.9530,0.9907
289062.00,250000.00,286325.45,10,10,10,10,10,0.035791,0.9525,0.9843
289062.00,250000.00,285190.11,10,10,10,10,10,0.035649,0.9452,0.9802
539062.00,500000.00,534868.24,11,11,11,11,11,0.066859,0.9417,0.9850
289062.00,250000.00,291927.10,10,10,10,10,10,0.036491,0.9379,0.9896
210938.00,250000.00,214410.78,11,11,11,11,11,0.026801,0.9365,0.9822
539062.00,500000.00,537063.60,11,11,11,11,11,0.067133,0.9365,0.9392
539062.00,500000.00,548192.98,11,11,11,11,11,0.068524,0.9273,0.9583
570312.00,500000.00,548008.92,11,11,11,11,11,0.068501,0.9107,0.9237
570312.00,500000.00,559377.67,11,11,11,11,11,0.069922,0.9641,0.9801
570312.00,500000.00,567507.51,11,11,11,11,11,0.070938,0.9575,0.9823
539062.00,500000.00,540560.72,11,11,11,11,11,0.067570,0.9570,0.9785
289062.00,250000.00,289955.14,10,10,10,10,10,0.036244,0.9361,0.9610
289062.00,250000.00,284219.74,10,10,10,10,10,0.035527,0.9358,0.9676
210938.00,250000.00,213856.40,11,11,11,11,11,0.026732,0.9303,0.9839
570312.00,500000.00,560448.65,11,11,11,11,11,0.070056,0.9044,0.9341
539062.00,500000.00,544204.95,11,11,11,11,11,0.068026,0.9587,0.9843
289062.00,250000.00,282388.69,10,10,10,10,10,0.035299,0.9405,0.9714
210938.00,250000.00,214841.84,11,11,11,11,11,0.026855,0.9339,0.9796
570312.00,500000.00,559530.26,11,11,11,11,11,0.069941,0.9293,0.9745
539062.00,500000.00,541056.63,11,11,11,11,11,0.067632,0.9021,0.9501
210938.00,250000.00,214368.82,11,11,11,11,11,0.026796,0.8980,0.9829
539062.00,500000.00,555940.63,11,11,11,11,11,0.069493,0.8598,0.9658
210938.00,250000.00,223485.95,11,11,11,11,11,0.027936,0.8345,0.9207
210938.00,250000.00,219000.82,11,11,11,11,11,0.027375,0.7124,0.9627
570312.00,500000.00,566026.69,11,11,11,11,11,0.070753,0.9521,0.9867
289062.00,250000.00,290738.58,10,10,10,10,10,0.036342,0.9458,0.9799
539062.00,500000.00,516867.64,11,11,11,11,11,0.064608,0.9452,0.9473
570312.00,500000.00,566391.94,11,11,11,11,11,0.070799,0.9318,0.9836
570312.00,500000.00,579404.35,11,11,11,11,11,0.072426,0.9131,0.9774
539062.00,500000.00,528505.92,11,11,11,11,11,0.066063,0.8707,0.9446
210938.00,250000.00,218270.54,11,11,11,11,11,0.027284,0.7814,0.9614
210938.00,250000.00,214426.04,11,11,11,11,11,0.026803,0.7393,0.9673
523438.00,500000.00,522005.08,11,11,11,11,11,0.065251,0.9670,0.9941
523438.00,500000.00,526826.14,11,11,11,11,11,0.065853,0.9658,0.9909
335938.00,500000.00,339104.65,10,11,11,10,10,0.042388,0.9330,0.9818
429688.00,500000.00,429455.76,12,12,12,12,12,0.053682,0.9071,0.9919
429688.00,500000.00,432662.96,12,12,12,12,12,0.054083,0.8766,0.9904
429688.00,500000.00,434156.42,12,12,12,12,12,0.054270,0.8632,0.9642
335938.00,500000.00,389154.43,10,11,11,10,10,0.048644,0.8621,0.8011
429688.00,500000.00,437410.35,12,12,12,12,12,0.054676,0.7960,0.9737
523438.00,500000.00,524515.15,11,11,11,11,11,0.065564,0.9625,0.9917
429688.00,500000.00,445952.89,12,12,12,12,12,0.055744,0.9372,0.9595
429688.00,500000.00,432708.74,12,12,12,12,12,0.054089,0.9363,0.9917
523438.00,500000.00,574480.06,11,11,11,11,11,0.071810,0.9049,0.9007
335938.00,500000.00,479694.37,10,11,11,11,11,0.059962,0.9001,0.6989
148438.00,125000.00,148010.73,10,10,10,10,10,0.018501,0.8996,0.9653
429688.00,500000.00,444192.41,12,12,12,12,12,0.055524,0.8896,0.9634
523438.00,500000.00,517075.54,11,11,11,11,11,0.064634,0.8843,0.9278
335938.00,500000.00,338999.27,10,11,11,10,10,0.042375,0.8375,0.9889
148438.00,125000.00,147021.29,10,10,10,10,10,0.018378,0.8129,0.9790
523438.00,500000.00,524628.64,11,11,11,11,11,0.065579,0.9428,0.9726
429688.00,500000.00,443616.39,12,12,12,12,12,0.055452,0.8624,0.9594
523438.00,500000.00,514707.33,11,11,11,11,11,0.064338,0.8184,0.9632
148438.00,125000.00,145556.45,10,10,10,10,10,0.018195,0.7305,0.8284
523438.00,500000.00,525636.67,11,11,11,11,11,0.065705,0.9622,0.9642
523438.00,500000.00,520462.99,11,11,11,11,11,0.065058,0.9536,0.9936
523438.00,500000.00,518187.52,11,11,11,11,11,0.064773,0.9420,0.9630
335938.00,500000.00,358974.46,10,11,11,10,10,0.044872,0.8899,0.9296
148438.00,125000.00,150481.22,10,10,11,10,11,0.018810,0.8296,0.9767
335938.00,500000.00,405614.85,10,11,11,10,10,0.050702,0.8267,0.8252
148438.00,125000.00,145574.57,10,10,10,10,10,0.018197,0.8253,0.9375
429688.00,500000.00,433912.16,12,12,12,12,12,0.054239,0.7969,0.9771
429688.00,500000.00,430026.05,12,12,12,12,12,0.053753,0.7874,0.9351
335938.00,500000.00,339196.21,10,11,11,10,10,0.042400,0.7370,0.9564
148438.00,125000.00,149711.61,10,10,11,10,11,0.018714,0.7248,0.9405
273438.00,250000.00,271922.59,11,11,11,11,11,0.033990,0.9648,0.9754
273438.00,250000.00,272987.37,11,11,11,11,11,0.034123,0.9540,0.9787
273438.00,250000.00,274791.72,11,11,11,11,11,0.034349,0.9365,0.9719
304688.00,250000.00,302566.53,11,10,11,10,11,0.037821,0.9346,0.9853
695312.00,500000.00,507035.26,11,11,11,11,11,0.063379,0.8823,0.7013
695312.00,500000.00,679231.64,11,11,12,11,12,0.084904,0.8814,0.9517
273438.00,250000.00,253606.80,11,11,11,11,11,0.031701,0.8792,0.9082
304688.00,250000.00,314166.07,11,10,11,10,11,0.039271,0.7411,0.9633
304688.00,250000.00,305231.69,11,11,12,11,12,0.038154,0.9621,0.9542
695312.00,500000.00,677671.43,11,11,12,11,12,0.084709,0.9133,0.9716
273438.00,250000.00,279991.15,11,11,11,11,11,0.034999,0.8533,0.9171
695312.00,500000.00,682510.38,11,11,12,11,12,0.085314,0.8480,0.6674
695312.00,500000.00,520118.71,11,11,11,11,11,0.065015,0.8356,0.7439
273438.00,250000.00,271437.64,11,11,11,11,11,0.033930,0.9528,0.9780
304688.00,250000.00,309339.52,11,10,11,10,11,0.038667,0.9445,0.9733
273438.00,250000.00,272022.25,11,11,11,11,11,0.034003,0.9393,0.9935
195312.00,125000.00,199665.07,11,10,11,10,11,0.024958,0.8472,0.9679
304688.00,250000.00,307760.48,11,11,12,11,12,0.038470,0.8006,0.9861
304688.00,250000.00,304112.91,11,11,12,11,12,0.038014,0.7515,0.9818
273438.00,250000.00,271390.68,11,11,11,11,11,0.033924,0.9690,0.9882
273438.00,250000.00,274998.66,11,11,11,11,11,0.034375,0.9355,0.9670
273438.00,250000.00,275928.50,11,11,11,11,11,0.034491,0.9305,0.9694
273438.00,250000.00,283702.37,11,11,11,11,11,0.035463,0.8727,0.9541
695312.00,500000.00,509762.76,11,11,11,11,11,0.063720,0.8711,0.7321
304688.00,250000.00,304655.08,11,11,12,11,12,0.038082,0.7340,0.9904
539062.00,500000.00,549448.01,11,11,11,11,11,0.068681,0.9673,0.9790
523438.00,500000.00,524162.29,12,12,12,12,12,0.065520,0.9619,0.9885
273438.00,250000.00,274751.66,10,10,10,10,10,0.034344,0.9435,0.9944
132812.00,125000.00,127583.98,12,12,12,12,12,0.015948,0.9348,0.9548
273438.00,250000.00,283405.54,10,10,10,10,10,0.035426,0.9177,0.9561
539062.00,500000.00,506194.11,11,11,11,11,11,0.063274,0.8157,0.9274
132812.00,125000.00,131165.50,12,12,12,12,12,0.016396,0.7297,0.9702
273438.00,250000.00,268596.65,10,10,10,10,10,0.033575,0.9564,0.9774
523438.00,500000.00,520748.14,12,12,12,12,12,0.065094,0.9540,0.9845
273438.00,250000.00,275650.50,10,10,10,10,10,0.034456,0.9533,0.9798
523438.00,500000.00,525481.70,12,12,12,12,12,0.065685,0.9532,0.9875
539062.00,500000.00,540468.22,11,11,11,11,11,0.067559,0.9516,0.9785
273438.00,250000.00,272687.91,10,10,10,10,10,0.034086,0.9474,0.9719
523438.00,500000.00,521581.65,12,12,12,12,12,0.065198,0.9309,0.9846
273438.00,250000.00,270926.95,10,10,10,10,10,0.033866,0.9212,0.9674
132812.00,125000.00,133235.93,12,12,12,12,12,0.016654,0.9205,0.9330
132812.00,125000.00,130557.06,12,12,12,12,12,0.016320,0.9141,0.9747
273438.00,250000.00,269912.72,10,10,10,10,10,0.033739,0.9124,0.9784
539062.00,500000.00,534864.43,11,11,11,11,11,0.066858,0.8277,0.9556
132812.00,125000.00,120807.83,12,12,12,12,12,0.015101,0.8023,0.8284
523438.00,500000.00,527408.60,12,12,12,12,12,0.065926,0.9602,0.9814
539062.00,500000.00,534120.08,11,11,11,11,11,0.066765,0.9539,0.9820
523438.00,500000.00,528141.02,12,12,12,12,12,0.066018,0.9422,0.9442
273438.00,250000.00,271228.79,10,10,10,10,10,0.033904,0.9380,0.9626
523438.00,500000.00,520735.26,12,12,12,12,12,0.065092,0.9081,0.9780
132812.00,125000.00,131232.26,12,12,12,12,12,0.016404,0.8882,0.9574
132812.00,125000.00,124122.62,12,12,12,12,12,0.015515,0.8561,0.9278
132812.00,125000.00,130020.38,12,12,12,12,12,0.016253,0.8302,0.9333
523438.00,500000.00,576741.46,12,12,12,12,12,0.072093,0.7272,0.7003
273438.00,250000.00,271268.84,10,10,10,10,10,0.033909,0.9640,0.9901
523438.00,500000.00,523007.39,12,12,12,12,12,0.065376,0.9628,0.9990
539062.00,500000.00,542564.99,11,11,11,11,11,0.067821,0.9578,0.9792
539062.00,500000.00,543201.92,11,11,11,11,11,0.067900,0.9507,0.9882
539062.00,500000.00,562313.08,11,11,11,11,11,0.070289,0.9360,0.9469
539062.00,500000.00,520549.77,11,11,11,11,11,0.065069,0.9359,0.9602
523438.00,500000.00,527584.08,12,12,12,12,12,0.065948,0.9313,0.9833
273438.00,250000.00,267334.70,10,10,10,10,10,0.033417,0.9238,0.9760
539062.00,500000.00,512927.53,11,11,11,11,11,0.064116,0.9163,0.9313
132812.00,125000.00,132914.60,12,12,12,12,12,0.016614,0.8917,0.9925
132812.00,125000.00,131874.08,10,10,10,10,10,0.016484,0.9421,0.9560
257812.00,250000.00,260991.87,10,10,10,10,10,0.032624,0.9302,0.9551
117188.00,125000.00,117649.08,12,12,12,12,12,0.014706,0.9282,0.9464
132812.00,125000.00,131856.92,10,10,10,10,10,0.016482,0.9260,0.9313
132812.00,125000.00,131469.73,10,10,10,10,10,0.016434,0.9167,0.9727
132812.00,125000.00,132390.98,10,10,10,10,10,0.016549,0.9085,0.9341
132812.00,125000.00,133630.75,10,10,10,10,10,0.016704,0.9018,0.9811
117188.00,125000.00,125836.61,12,12,12,12,12,0.015730,0.8840,0.9279
210938.00,250000.00,210690.50,12,12,12,12,12,0.026336,0.8718,0.9678
132812.00,125000.00,151615.14,10,10,11,10,11,0.018952,0.7998,0.8711
257812.00,250000.00,258655.07,10,10,10,10,10,0.032332,0.9520,0.9645
257812.00,250000.00,257034.78,10,10,10,10,10,0.032129,0.9418,0.9672
210938.00,250000.00,221012.12,12,12,12,12,12,0.027627,0.9172,0.9537
257812.00,250000.00,260132.31,10,10,10,10,10,0.032517,0.9162,0.9462
210938.00,250000.00,210956.10,12,12,12,12,12,0.026370,0.8254,0.9739
257812.00,250000.00,252531.53,10,10,10,10,10,0.031566,0.9585,0.9771
257812.00,250000.00,256221.77,10,10,10,10,10,0.032028,0.9482,0.9785
257812.00,250000.00,259860.04,10,10,10,10,10,0.032483,0.9405,0.9882
117188.00,125000.00,117029.19,12,12,12,12,12,0.014629,0.9265,0.9490
132812.00,125000.00,122100.35,10,10,10,10,10,0.015263,0.9100,0.8905
210938.00,250000.00,216994.76,12,12,12,12,12,0.027124,0.9049,0.9569
132812.00,125000.00,128130.67,10,10,10,10,10,0.016016,0.8881,0.9551
210938.00,250000.00,216867.45,12,12,12,12,12,0.027108,0.8767,0.9710
132812.00,125000.00,125342.85,10,10,10,10,10,0.015668,0.8480,0.9391
117188.00,125000.00,115180.49,12,12,12,12,12,0.014398,0.8344,0.9047
117188.00,125000.00,130465.09,12,12,12,12,12,0.016308,0.8300,0.8939
257812.00,250000.00,229054.69,10,10,10,10,10,0.028632,0.7934,0.8738
210938.00,250000.00,217336.65,12,12,12,12,12,0.027167,0.9463,0.9584
257812.00,250000.00,256273.27,10,10,10,10,10,0.032034,0.9444,0.9917
257812.00,250000.00,257282.26,10,10,10,10,10,0.032160,0.9416,0.9814
132812.00,125000.00,133106.23,10,10,10,10,10,0.016638,0.8582,0.9362
210938.00,250000.00,211770.06,12,12,12,12,12,0.026471,0.8040,0.9777
257812.00,250000.00,300171.38,10,10,11,10,11,0.037521,0.8030,0.7834
273438.00,250000.00,272690.30,12,12,12,12,12,0.034086,0.9754,0.9664
273438.00,250000.00,274740.22,12,12,12,12,12,0.034343,0.9602,0.9893
429688.00,500000.00,427242.28,11,11,11,11,11,0.053405,0.8991,0.9401
429688.00,500000.00,464691.16,11,11,11,11,11,0.058086,0.7686,0.8790
429688.00,500000.00,426847.93,11,11,11,11,11,0.053356,0.7142,0.9798
273438.00,250000.00,269798.28,12,12,12,12,12,0.033725,0.9580,0.9744
710938.00,500000.00,692174.91,12,11,12,11,12,0.086522,0.9344,0.9640
273438.00,250000.00,270818.71,12,12,12,12,12,0.033852,0.9330,0.9888
273438.00,250000.00,276325.40,12,12,12,12,12,0.034541,0.9001,0.9739
179688.00,250000.00,184441.57,9,10,10,9,9,0.023055,0.8068,0.9563
710938.00,500000.00,707400.80,12,11,12,11,12,0.088425,0.9707,0.9822
273438.00,250000.00,267831.80,12,12,12,12,12,0.033479,0.9543,0.9782
179688.00,250000.00,181579.59,9,10,10,9,9,0.022697,0.9093,0.9708
710938.00,500000.00,684427.50,12,11,12,11,12,0.085553,0.8593,0.9431
179688.00,250000.00,179647.98,9,10,10,9,9,0.022456,0.8059,0.9606
273438.00,250000.00,276367.19,12,12,12,12,12,0.034546,0.9620,0.9656
710938.00,500000.00,706645.91,12,11,12,11,12,0.088331,0.9572,0.9715
273438.00,250000.00,268485.07,12,12,12,12,12,0.033561,0.9567,0.9720
710938.00,500000.00,702075.96,12,11,12,11,12,0.087759,0.9564,0.9873
273438.00,250000.00,270582.20,12,12,12,12,12,0.033823,0.9556,0.9779
273438.00,250000.00,281076.43,12,12,12,12,12,0.035135,0.9534,0.9630
273438.00,250000.00,272635.70,12,12,12,12,12,0.034079,0.9235,0.9867
429688.00,500000.00,443069.46,11,11,11,11,11,0.055384,0.8775,0.9322
179688.00,250000.00,178342.82,9,10,10,9,9,0.022293,0.8597,0.9733
710938.00,500000.00,688457.01,12,11,12,11,12,0.086057,0.8522,0.7331
179688.00,250000.00,181461.33,9,10,10,9,9,0.022683,0.8475,0.9840
429688.00,500000.00,548538.21,11,11,11,11,11,0.068567,0.8385,0.7633
179688.00,250000.00,180135.25,9,10,10,9,9,0.022517,0.8139,0.9432
429688.00,500000.00,430336.95,11,11,11,11,11,0.053792,0.8100,0.9769
429688.00,500000.00,431003.57,11,11,11,11,11,0.053875,0.8099,0.8877
429688.00,500000.00,485203.74,11,11,11,11,11,0.060650,0.7069,0.8786
351562.00,500000.00,351104.74,10,11,11,10,10,0.043888,0.9507,0.9707
398438.00,500000.00,405285.36,10,11,11,10,10,0.050661,0.9352,0.9828
210938.00,250000.00,210117.34,10,10,10,9,9,0.026265,0.9168,0.9214
289062.00,250000.00,289536.48,12,11,11,11,11,0.036192,0.9047,0.9551
289062.00,250000.00,292421.82,12,12,12,12,12,0.036553,0.8575,0.9692
289062.00,250000.00,285086.63,12,11,11,11,11,0.035636,0.7761,0.9777
210938.00,125000.00,213548.66,10,9,11,9,11,0.026694,0.7336,0.9704
210938.00,250000.00,207731.25,10,10,10,9,9,0.025966,0.7043,0.9669
398438.00,500000.00,394592.29,10,11,11,10,10,0.049324,0.9514,0.9534
398438.00,500000.00,404150.96,10,11,11,10,10,0.050519,0.9280,0.9747
398438.00,500000.00,399959.33,10,11,11,10,10,0.049995,0.9148,0.9761
289062.00,250000.00,289615.63,12,11,11,11,11,0.036202,0.9096,0.9906
289062.00,250000.00,288156.51,12,12,12,12,12,0.036020,0.9083,0.9856
289062.00,250000.00,289218.90,12,12,12,12,12,0.036152,0.8575,0.9751
289062.00,250000.00,287257.91,12,12,12,12,12,0.035907,0.8444,0.9558
210938.00,250000.00,221723.56,10,10,10,10,10,0.027715,0.8418,0.9229
210938.00,250000.00,219801.43,10,10,10,10,10,0.027475,0.8079,0.9502
210938.00,250000.00,210163.12,10,10,10,9,9,0.026270,0.7886,0.9939
289062.00,250000.00,287450.79,12,12,12,12,12,0.035931,0.9269,0.9719
398438.00,500000.00,398990.63,10,11,11,10,10,0.049874,0.9256,0.9835
351562.00,500000.00,382944.11,10,11,11,10,10,0.047868,0.8564,0.8996
351562.00,500000.00,354127.88,10,11,11,10,10,0.044266,0.8343,0.9659
398438.00,500000.00,420177.46,10,11,11,10,10,0.052522,0.8267,0.9103
351562.00,500000.00,359427.45,10,11,11,10,10,0.044928,0.8221,0.9675
289062.00,250000.00,287799.84,12,11,11,11,11,0.035975,0.7886,0.8281
351562.00,500000.00,353231.43,10,11,11,10,10,0.044154,0.7876,0.9929
398438.00,500000.00,410935.31,10,11,11,10,10,0.051367,0.7596,0.6955
351562.00,500000.00,355203.63,10,11,11,10,10,0.044400,0.7579,0.9779
351562.00,500000.00,355566.98,10,11,11,10,10,0.044446,0.9428,0.9754
398438.00,500000.00,403352.74,10,11,11,10,10,0.050419,0.9302,0.9688
351562.00,500000.00,395019.53,10,11,11,10,10,0.049377,0.8964,0.8717
289062.00,250000.00,288637.88,12,11,11,11,11,0.036080,0.8015,0.9963
351562.00,500000.00,393264.29,10,11,11,10,10,0.049158,0.7809,0.6939
210938.00,250000.00,227783.20,10,10,10,10,10,0.028473,0.7782,0.9113
289062.00,250000.00,289418.22,12,11,11,11,11,0.036177,0.7252,0.9925
492188.00,500000.00,500661.85,11,11,11,11,11,0.062583,0.9514,0.9743
664062.00,500000.00,659610.75,12,11,12,11,12,0.082451,0.9471,0.9845
664062.00,500000.00,653867.72,12,11,12,11,12,0.081733,0.9252,0.9649
101562.00,125000.00,118623.26,10,11,11,11,11,0.014828,0.8415,0.8458
664062.00,500000.00,664364.81,12,11,12,11,12,0.083046,0.9563,0.9780
664062.00,500000.00,668212.89,12,11,12,11,12,0.083527,0.9428,0.9671
664062.00,500000.00,648544.31,12,11,12,11,12,0.081068,0.9370,0.9681
664062.00,500000.00,661739.83,12,11,12,11,12,0.082717,0.9364,0.9451
492188.00,500000.00,487188.34,11,11,11,11,11,0.060899,0.9327,0.9852
492188.00,500000.00,499114.04,11,11,11,11,11,0.062389,0.8827,0.9441
492188.00,500000.00,529272.08,11,11,11,11,11,0.066159,0.8390,0.9139
101562.00,125000.00,108026.03,10,10,10,10,10,0.013503,0.8294,0.9023
195312.00,125000.00,176033.02,12,11,12,11,12,0.022004,0.8187,0.8970
195312.00,125000.00,195102.69,12,11,12,11,12,0.024388,0.8114,0.9667
195312.00,125000.00,116281.51,12,11,11,11,11,0.014535,0.8024,0.5593
195312.00,125000.00,190851.21,12,11,12,11,12,0.023856,0.7891,0.9158
492188.00,500000.00,487186.43,11,11,11,11,11,0.060898,0.9641,0.9833
664062.00,500000.00,663974.76,12,11,12,11,12,0.082997,0.9604,0.9699
664062.00,500000.00,659006.12,12,11,12,11,12,0.082376,0.9460,0.9813
195312.00,125000.00,192666.89,12,11,12,11,12,0.024083,0.9348,0.9825
195312.00,125000.00,190513.61,12,11,12,11,12,0.023814,0.9297,0.9657
101562.00,125000.00,113941.19,10,10,10,10,10,0.014243,0.9170,0.8905
492188.00,500000.00,525850.77,11,11,11,11,11,0.065731,0.9116,0.9196
195312.00,125000.00,183706.28,12,11,12,11,12,0.022963,0.8940,0.8838
492188.00,500000.00,492545.13,11,11,11,11,11,0.061568,0.9578,0.9788
492188.00,500000.00,490928.17,11,11,11,11,11,0.061366,0.9444,0.9776
195312.00,125000.00,147711.04,12,11,11,11,11,0.018464,0.8732,0.7511
664062.00,500000.00,627211.57,12,11,12,11,12,0.078401,0.8330,0.8697
101562.00,125000.00,121337.41,10,11,11,11,11,0.015167,0.8234,0.8354
492188.00,500000.00,446164.13,11,11,11,11,11,0.055771,0.8161,0.8655
492188.00,500000.00,490570.07,11,11,11,11,11,0.061321,0.7727,0.7596
195312.00,125000.00,162845.61,12,11,12,11,12,0.020356,0.7094,0.8265
476562.00,500000.00,481239.26,12,12,12,12,12,0.060155,0.9602,0.9828
476562.00,500000.00,481413.84,12,12,12,12,12,0.060177,0.9576,0.9779
476562.00,500000.00,482239.72,12,12,12,12,12,0.060280,0.9574,0.9824
695312.00,500000.00,688426.97,12,11,12,11,12,0.086053,0.9475,0.9879
476562.00,500000.00,488095.28,12,12,12,12,12,0.061012,0.9475,0.9761
382812.00,250000.00,377581.60,12,11,12,11,12,0.047198,0.9463,0.9710
476562.00,500000.00,489891.05,12,12,12,12,12,0.061236,0.9346,0.9328
382812.00,250000.00,360199.45,12,11,12,11,12,0.045025,0.9136,0.9350
382812.00,250000.00,372815.13,12,11,12,11,12,0.046602,0.9129,0.9484
382812.00,250000.00,373380.66,12,11,12,11,12,0.046673,0.8976,0.9661
695312.00,500000.00,632075.31,12,11,12,11,12,0.079009,0.8912,0.8317
101562.00,125000.00,110960.01,9,9,9,9,9,0.013870,0.8831,0.9044
382812.00,250000.00,379780.77,12,11,12,11,12,0.047473,0.8819,0.9287
101562.00,125000.00,116969.11,9,9,9,9,9,0.014621,0.8741,0.8598
695312.00,500000.00,622328.52,12,11,12,11,12,0.077791,0.7048,0.7305
476562.00,500000.00,485075.95,12,12,12,12,12,0.060634,0.9484,0.9745
695312.00,500000.00,699501.99,12,11,12,11,12,0.087438,0.9328,0.9397
695312.00,500000.00,649747.85,12,11,12,11,12,0.081218,0.8516,0.9281
382812.00,250000.00,384970.43,12,11,12,11,12,0.048121,0.9631,0.9892
382812.00,250000.00,380896.57,12,11,12,11,12,0.047612,0.9485,0.9899
382812.00,250000.00,381101.49,12,11,12,11,12,0.047638,0.9432,0.9741
476562.00,500000.00,480640.41,12,12,12,12,12,0.060080,0.9298,0.9303
382812.00,250000.00,354733.47,12,11,12,11,12,0.044342,0.8925,0.9043
476562.00,500000.00,487318.52,12,12,12,12,12,0.060915,0.9570,0.9757
695312.00,500000.00,691613.20,12,11,12,11,12,0.086452,0.9521,0.9596
476562.00,500000.00,485918.05,12,12,12,12,12,0.060740,0.9506,0.9753
695312.00,500000.00,667413.23,12,11,12,11,12,0.083427,0.9425,0.9584
476562.00,500000.00,493250.37,12,12,12,12,12,0.061656,0.9345,0.9086
695312.00,500000.00,693485.26,12,11,12,11,12,0.086686,0.9270,0.9620
695312.00,500000.00,700860.02,12,11,12,11,12,0.087608,0.9058,0.9855
101562.00,125000.00,114055.63,9,10,10,10,10,0.014257,0.8919,0.8776
382812.00,250000.00,383583.55,12,11,12,11,12,0.047948,0.8851,0.9852
101562.00,125000.00,116214.75,9,9,9,9,9,0.014527,0.8651,0.8677
382812.00,250000.00,378001.21,12,11,12,11,12,0.047250,0.8624,0.9702
101562.00,125000.00,115541.46,9,9,9,9,9,0.014443,0.8617,0.8769
382812.00,500000.00,382627.49,10,11,11,10,10,0.047828,0.9632,0.9440
382812.00,500000.00,383810.04,10,11,11,10,10,0.047976,0.9627,0.9694
117188.00,125000.00,116014.48,9,9,9,9,9,0.014502,0.9073,0.9476
117188.00,125000.00,119266.51,9,9,9,9,9,0.014908,0.8981,0.9789
585938.00,500000.00,555852.89,11,11,11,11,11,0.069482,0.7869,0.9413
117188.00,125000.00,116617.20,9,9,9,9,9,0.014577,0.7605,0.7626
585938.00,500000.00,586591.72,12,12,12,12,12,0.073324,0.9683,0.9784
585938.00,500000.00,585327.15,12,12,12,12,12,0.073166,0.9643,0.9728
585938.00,500000.00,583566.67,12,12,12,12,12,0.072946,0.9567,0.9765
585938.00,500000.00,576478.00,12,12,12,12,12,0.072060,0.9520,0.9741
585938.00,500000.00,609781.03,12,12,13,12,13,0.076223,0.9478,0.9473
585938.00,500000.00,590350.15,12,12,12,12,12,0.073794,0.9350,0.9662
117188.00,125000.00,117005.47,9,9,9,9,9,0.014626,0.9102,0.9708
117188.00,125000.00,120007.99,9,9,9,9,9,0.015001,0.8946,0.9707
117188.00,125000.00,117081.40,9,9,9,9,9,0.014635,0.8471,0.9478
382812.00,500000.00,421776.77,10,11,11,11,11,0.052722,0.7992,0.9028
585938.00,500000.00,570039.99,11,11,11,11,11,0.071255,0.9535,0.9622
585938.00,500000.00,582851.53,11,11,11,11,11,0.072856,0.9476,0.9687
585938.00,500000.00,580055.24,11,11,11,11,11,0.072507,0.9437,0.9888
382812.00,500000.00,382377.62,10,11,11,10,10,0.047797,0.9163,0.9920
117188.00,125000.00,118424.89,9,9,9,9,9,0.014803,0.9145,0.9544
382812.00,500000.00,417633.06,10,11,11,10,10,0.052204,0.9068,0.9074
382812.00,500000.00,406442.17,10,11,11,10,10,0.050805,0.9062,0.9366
382812.00,500000.00,387996.67,10,11,11,10,10,0.048500,0.9060,0.9599
585938.00,500000.00,531131.74,11,11,11,11,11,0.066391,0.9058,0.8797
585938.00,500000.00,610286.71,12,11,12,11,12,0.076286,0.8964,0.8720
117188.00,125000.00,123010.64,9,9,9,9,9,0.015376,0.8778,0.9521
382812.00,500000.00,390140.53,10,11,11,10,10,0.048768,0.8751,0.9608
117188.00,125000.00,124019.62,9,9,9,9,9,0.015502,0.7539,0.6376
585938.00,500000.00,590858.46,12,12,12,12,12,0.073857,0.9615,0.9871
382812.00,500000.00,385558.13,10,11,11,10,10,0.048195,0.9419,0.9906
382812.00,500000.00,385477.90,10,11,11,10,10,0.048185,0.9373,0.9856
585938.00,500000.00,582805.16,12,12,12,12,12,0.072851,0.9262,0.9872
382812.00,500000.00,403263.09,10,11,11,10,10,0.050408,0.9213,0.9476
117188.00,125000.00,120631.22,9,9,9,9,9,0.015079,0.9199,0.9360
585938.00,500000.00,573638.08,11,11,11,11,11,0.071705,0.8568,0.9565
585938.00,500000.00,568487.17,11,11,11,11,11,0.071061,0.8556,0.9135
585938.00,500000.00,436538.70,11,11,11,11,11,0.054567,0.7545,0.7241
320312.00,250000.00,323930.38,12,11,12,11,12,0.040491,0.9426,0.9649
367188.00,250000.00,368189.81,11,10,11,10,11,0.046024,0.9372,0.9412
320312.00,250000.00,309916.97,12,11,12,11,12,0.038740,0.9281,0.9527
367188.00,250000.00,366226.20,11,10,11,10,11,0.045778,0.9251,0.9772
320312.00,250000.00,324016.57,12,11,12,11,12,0.040502,0.9083,0.9572
164062.00,125000.00,162105.56,11,10,11,10,11,0.020263,0.9081,0.9588
320312.00,250000.00,323904.04,12,11,12,11,12,0.040488,0.9067,0.9812
164062.00,125000.00,168167.11,11,10,11,10,11,0.021021,0.8954,0.9736
367188.00,250000.00,369344.71,11,10,11,10,11,0.046168,0.8904,0.9674
164062.00,125000.00,162278.18,11,10,11,10,11,0.020285,0.8758,0.9825
164062.00,125000.00,170986.18,11,10,11,10,11,0.021373,0.8453,0.9102
367188.00,250000.00,369763.37,11,10,11,10,11,0.046220,0.8189,0.9863
414062.00,500000.00,412711.14,12,12,12,11,11,0.051589,0.7733,0.9709
414062.00,500000.00,411448.96,12,12,12,11,11,0.051431,0.7394,0.9908
164062.00,125000.00,165884.02,11,10,11,10,11,0.020736,0.9454,0.9622
320312.00,250000.00,324173.93,12,11,12,11,12,0.040522,0.9428,0.9850
320312.00,250000.00,319208.15,12,11,12,11,12,0.039901,0.9313,0.9633
414062.00,500000.00,415295.60,12,12,12,11,11,0.051912,0.9313,0.9853
320312.00,250000.00,318788.53,12,11,12,11,12,0.039849,0.9124,0.9815
164062.00,125000.00,162632.94,11,10,11,10,11,0.020329,0.8591,0.9593
367188.00,250000.00,360908.03,11,10,11,10,11,0.045114,0.7712,0.9793
320312.00,250000.00,318007.95,12,11,12,11,12,0.039751,0.9579,0.9606
320312.00,250000.00,318116.19,12,11,12,11,12,0.039765,0.9405,0.9064
367188.00,250000.00,367488.86,11,10,11,10,11,0.045936,0.9342,0.9709
414062.00,500000.00,418668.03,12,12,12,11,11,0.052334,0.9290,0.9826
367188.00,250000.00,372457.50,11,10,11,10,11,0.046557,0.9282,0.9659
320312.00,250000.00,318387.03,12,11,12,11,12,0.039798,0.9229,0.9615
414062.00,500000.00,415417.67,12,12,12,11,11,0.051927,0.9105,0.7346
164062.00,125000.00,162807.46,11,10,11,10,11,0.020351,0.8885,0.9448
414062.00,500000.00,415311.81,12,12,12,11,11,0.051914,0.9480,0.9695
367188.00,250000.00,368661.88,11,10,11,10,11,0.046083,0.9431,0.9928
164062.00,125000.00,164966.58,11,10,11,10,11,0.020621,0.9368,0.8740
164062.00,125000.00,167512.89,11,10,11,10,11,0.020939,0.9335,0.9770
367188.00,250000.00,362115.86,11,10,11,10,11,0.045264,0.9306,0.9828
367188.00,250000.00,364638.33,11,10,11,10,11,0.045580,0.9289,0.9792
164062.00,125000.00,167143.34,11,10,11,10,11,0.020893,0.9175,0.9805
414062.00,500000.00,410140.99,12,12,12,11,11,0.051268,0.8742,0.9818
320312.00,250000.00,298678.40,12,11,12,11,12,0.037335,0.7874,0.8514
492188.00,500000.00,495880.13,12,12,12,12,12,0.061985,0.9654,0.9882
492188.00,500000.00,483867.65,12,12,12,12,12,0.060483,0.9410,0.9768
679688.00,500000.00,653800.01,11,11,12,11,12,0.081725,0.9116,0.9601
101562.00,125000.00,110218.05,9,10,10,10,10,0.013777,0.8078,0.8912
429688.00,500000.00,430004.95,11,11,11,11,11,0.053751,0.7868,0.9906
101562.00,125000.00,107167.72,9,9,9,9,9,0.013396,0.7676,0.8539
492188.00,500000.00,498596.31,12,12,12,12,12,0.062325,0.9550,0.9719
679688.00,500000.00,684171.68,11,11,12,11,12,0.085521,0.9431,0.9674
429688.00,500000.00,429550.17,11,11,11,11,11,0.053694,0.9075,0.9799
429688.00,500000.00,432636.26,11,11,11,11,11,0.054080,0.8942,0.9919
679688.00,500000.00,672658.92,11,11,12,11,12,0.084082,0.8216,0.9546
429688.00,250000.00,429743.77,11,10,12,10,12,0.053718,0.7886,0.9637
492188.00,500000.00,502258.30,12,12,12,12,12,0.062782,0.9586,0.9588
492188.00,500000.00,490585.33,12,12,12,12,12,0.061323,0.9582,0.9874
492188.00,500000.00,488792.90,12,12,12,12,12,0.061099,0.9533,0.9822
492188.00,500000.00,494276.05,12,12,12,12,12,0.061785,0.9528,0.9713
101562.00,125000.00,105730.06,9,10,10,10,10,0.013216,0.8487,0.9564
679688.00,500000.00,671573.64,11,11,12,11,12,0.083947,0.8105,0.9079
101562.00,125000.00,116349.22,9,10,10,10,10,0.014544,0.7812,0.8466
429688.00,500000.00,429683.80,11,11,11,11,11,0.053710,0.7413,0.9303
492188.00,500000.00,490364.07,12,12,12,12,12,0.061296,0.9617,0.9928
492188.00,500000.00,497713.57,12,12,12,12,12,0.062214,0.9603,0.9783
492188.00,500000.00,513764.14,12,12,12,12,12,0.064221,0.8884,0.9363
101562.00,125000.00,112271.31,9,9,9,9,9,0.014034,0.8572,0.9032
101562.00,125000.00,106815.04,9,10,10,10,10,0.013352,0.8268,0.9481
101562.00,125000.00,105035.78,9,9,9,8,8,0.013129,0.7755,0.9483
429688.00,500000.00,427606.58,11,11,11,11,11,0.053451,0.7292,0.9707
289062.00,250000.00,289661.17,10,10,10,10,10,0.036208,0.9648,0.9885
695312.00,500000.00,692308.43,12,11,12,11,12,0.086539,0.9532,0.9886
289062.00,250000.00,291181.56,10,10,10,10,10,0.036398,0.9458,0.9914
695312.00,500000.00,687648.77,12,11,12,11,12,0.085956,0.9417,0.9820
289062.00,250000.00,290031.22,10,10,10,10,10,0.036254,0.9400,0.9586
132812.00,125000.00,136692.52,9,9,9,9,9,0.017087,0.9320,0.9623
132812.00,125000.00,132574.08,9,9,9,9,9,0.016572,0.9311,0.9776
695312.00,500000.00,688329.70,12,11,12,11,12,0.086041,0.9154,0.9790
289062.00,250000.00,284324.65,10,10,10,10,10,0.035541,0.9113,0.9407
695312.00,500000.00,703144.07,12,11,12,11,12,0.087893,0.9543,0.9859
695312.00,500000.00,696706.30,12,11,12,11,12,0.087088,0.9541,0.9962
695312.00,500000.00,700086.59,12,11,12,11,12,0.087511,0.9506,0.9644
132812.00,125000.00,132530.33,9,9,9,9,9,0.016566,0.9263,0.9343
132812.00,125000.00,131984.71,9,9,9,9,9,0.016498,0.9226,0.9374
132812.00,125000.00,128173.83,9,9,9,9,9,0.016022,0.9124,0.9610
289062.00,250000.00,280975.34,10,10,10,10,10,0.035122,0.8967,0.9592
164062.00,250000.00,166961.73,9,10,10,9,9,0.020870,0.8741,0.9799
164062.00,250000.00,165838.24,9,10,10,9,9,0.020730,0.8298,0.9768
132812.00,125000.00,138338.09,9,9,9,9,9,0.017292,0.7781,0.9584
695312.00,500000.00,686585.43,12,11,12,11,12,0.085823,0.9703,0.9738
695312.00,500000.00,691602.95,12,11,12,11,12,0.086450,0.9548,0.9632
289062.00,250000.00,283817.29,10,10,10,10,10,0.035477,0.9537,0.9772
289062.00,250000.00,290061.95,10,10,10,10,10,0.036258,0.9496,0.9769
289062.00,250000.00,289044.38,10,10,10,10,10,0.036131,0.9461,0.9610
132812.00,125000.00,133826.26,9,9,9,9,9,0.016728,0.9435,0.9714
132812.00,125000.00,133868.22,9,9,9,9,9,0.016734,0.9168,0.9608
695312.00,500000.00,680285.45,12,11,12,11,12,0.085036,0.9157,0.9409
289062.00,250000.00,288610.94,10,10,10,10,10,0.036076,0.8417,0.9814
695312.00,500000.00,630587.58,12,11,12,11,12,0.078823,0.8074,0.8699
164062.00,250000.00,164361.75,9,10,10,9,9,0.020545,0.7857,0.9896
289062.00,250000.00,289846.42,10,10,10,10,10,0.036231,0.9454,0.9878
132812.00,125000.00,135400.77,9,9,9,9,9,0.016925,0.9140,0.9222
132812.00,125000.00,135940.55,9,9,9,9,9,0.016993,0.8763,0.9552
539062.00,500000.00,535246.37,11,11,11,11,11,0.066906,0.9449,0.9788
273438.00,250000.00,276951.55,10,10,10,10,10,0.034619,0.9304,0.9454
679688.00,500000.00,657884.60,11,11,12,11,12,0.082236,0.9301,0.9610
273438.00,250000.00,268676.76,10,10,10,10,10,0.033585,0.8976,0.9384
695312.00,500000.00,666715.62,11,11,12,11,12,0.083339,0.8732,0.9442
273438.00,250000.00,275040.63,10,10,10,10,10,0.034380,0.9596,0.9606
273438.00,250000.00,275264.74,10,10,10,10,10,0.034408,0.9583,0.9737
539062.00,500000.00,535063.27,11,11,11,11,11,0.066883,0.9481,0.9518
539062.00,500000.00,541528.70,11,11,11,11,11,0.067691,0.9478,0.9833
273438.00,250000.00,277050.02,10,10,10,10,10,0.034631,0.9332,0.9488
679688.00,500000.00,669612.88,11,11,12,11,12,0.083702,0.9216,0.9811
695312.00,500000.00,653823.85,11,11,12,11,12,0.081728,0.9104,0.9208
695312.00,500000.00,603979.11,11,11,12,11,12,0.075497,0.8879,0.8539
679688.00,500000.00,622076.51,11,11,12,11,12,0.077760,0.8709,0.8807
679688.00,500000.00,667091.37,11,11,12,11,12,0.083386,0.8354,0.9709
539062.00,500000.00,539690.02,11,11,11,11,11,0.067461,0.9450,0.9729
679688.00,500000.00,673892.97,11,11,12,11,12,0.084237,0.9424,0.9902
679688.00,500000.00,683808.33,11,11,12,11,12,0.085476,0.9390,0.9682
273438.00,250000.00,266157.15,10,10,10,10,10,0.033270,0.9301,0.9700
539062.00,500000.00,551168.44,11,11,11,11,11,0.068896,0.9296,0.9744
539062.00,500000.00,525160.31,11,11,11,11,11,0.065645,0.9270,0.9703
695312.00,500000.00,529846.67,11,11,11,11,11,0.066231,0.9248,0.7530
273438.00,250000.00,278606.41,10,10,10,10,10,0.034826,0.9079,0.9092
679688.00,500000.00,570284.84,11,11,11,11,11,0.071286,0.8967,0.8248
695312.00,500000.00,480407.71,11,11,11,11,11,0.060051,0.8835,0.6727
679688.00,500000.00,537344.93,11,11,11,11,11,0.067168,0.8769,0.6353
273438.00,250000.00,263045.31,10,10,10,10,10,0.032881,0.8667,0.9576
695312.00,500000.00,620208.98,11,11,12,11,12,0.077526,0.8371,0.8844
679688.00,500000.00,668194.71,11,11,12,11,12,0.083524,0.7927,0.7099
273438.00,250000.00,270947.69,10,10,10,10,10,0.033868,0.9565,0.9819
695312.00,500000.00,693832.40,11,11,12,11,12,0.086729,0.9404,0.9898
273438.00,250000.00,271368.98,10,10,10,10,10,0.033921,0.9401,0.9662
273438.00,250000.00,277205.91,10,10,10,10,10,0.034651,0.9392,0.9808
695312.00,500000.00,686341.76,11,11,12,11,12,0.085793,0.9358,0.9763
695312.00,500000.00,683969.97,11,11,12,11,12,0.085496,0.9187,0.9828
382812.00,500000.00,388141.63,11,12,12,11,11,0.048518,0.9403,0.9535
742188.00,500000.00,729756.36,12,11,12,11,12,0.091220,0.9389,0.9806
414062.00,500000.00,419978.26,10,11,11,10,10,0.052497,0.9370,0.9758
460938.00,500000.00,454906.46,12,12,12,12,12,0.056863,0.9354,0.9822
414062.00,500000.00,421800.35,10,11,11,11,11,0.052725,0.9254,0.9767
414062.00,500000.00,438154.22,10,11,11,11,11,0.054769,0.9250,0.9330
382812.00,250000.00,380831.72,11,10,11,10,11,0.047604,0.9226,0.9875
414062.00,500000.00,411758.42,10,11,11,10,10,0.051470,0.8822,0.9884
414062.00,500000.00,418776.99,10,11,11,10,10,0.052347,0.8692,0.9314
460938.00,500000.00,464351.65,12,12,12,12,12,0.058044,0.9516,0.9846
460938.00,500000.00,459756.85,12,12,12,12,12,0.057470,0.9368,0.9833
742188.00,500000.00,738838.20,12,11,12,11,12,0.092355,0.9343,0.9879
414062.00,500000.00,411490.92,10,11,11,10,10,0.051436,0.9303,0.9872
742188.00,500000.00,728260.04,12,11,12,11,12,0.091033,0.9297,0.9704
460938.00,500000.00,465836.17,12,12,12,12,12,0.058230,0.9233,0.9855
460938.00,500000.00,463722.23,12,12,12,12,12,0.057965,0.9227,0.9809
414062.00,500000.00,416345.83,10,11,11,10,10,0.052043,0.8953,0.9798
382812.00,500000.00,395448.68,11,12,12,11,11,0.049431,0.8919,0.9676
382812.00,500000.00,386727.81,11,12,12,11,11,0.048341,0.8733,0.9694
742188.00,500000.00,715089.32,12,11,12,11,12,0.089386,0.8430,0.7409
742188.00,500000.00,736806.87,12,11,12,11,12,0.092101,0.9450,0.9790
742188.00,500000.00,742457.39,12,11,12,11,12,0.092807,0.9418,0.9650
460938.00,500000.00,466516.49,12,12,12,12,12,0.058315,0.9400,0.9873
382812.00,250000.00,389867.54,11,10,11,10,11,0.048733,0.8505,0.9797
382812.00,500000.00,411520.96,11,12,12,11,11,0.051440,0.8305,0.9243
742188.00,500000.00,615193.37,12,11,12,11,12,0.076899,0.8044,0.7560
742188.00,500000.00,652266.26,12,11,12,11,12,0.081533,0.7923,0.7355
460938.00,500000.00,468483.21,12,12,12,12,12,0.058560,0.9674,0.9793
414062.00,500000.00,411615.37,10,11,11,10,10,0.051452,0.9616,0.9859
414062.00,500000.00,414801.60,10,11,11,10,10,0.051850,0.9474,0.9782
460938.00,500000.00,460350.51,12,12,12,12,12,0.057544,0.9445,0.9808
742188.00,500000.00,724371.91,12,11,12,11,12,0.090546,0.9378,0.9659
460938.00,500000.00,460121.15,12,12,12,12,12,0.057515,0.9372,0.9732
414062.00,500000.00,416140.56,10,11,11,10,10,0.052018,0.9324,0.9809
742188.00,500000.00,698322.30,12,11,12,11,12,0.087290,0.9162,0.9281
460938.00,500000.00,460193.63,12,12,12,12,12,0.057524,0.9136,0.9769
742188.00,500000.00,582694.05,12,11,11,11,11,0.072837,0.7919,0.7775
476562.00,500000.00,471677.78,11,11,11,11,11,0.058960,0.9456,0.9867
117188.00,125000.00,117889.40,11,11,11,11,11,0.014736,0.9298,0.9801
476562.00,500000.00,480661.39,11,11,11,11,11,0.060083,0.9273,0.9876
117188.00,125000.00,120486.97,11,11,11,11,11,0.015061,0.9218,0.9336
117188.00,125000.00,116162.30,11,11,11,11,11,0.014520,0.9143,0.9807
476562.00,500000.00,469644.55,10,11,11,11,11,0.058706,0.9093,0.9690
148438.00,125000.00,147936.82,12,11,11,11,11,0.018492,0.9015,0.9554
148438.00,125000.00,133426.67,12,11,11,11,11,0.016678,0.8281,0.7898
148438.00,125000.00,152286.53,12,11,12,11,12,0.019036,0.8207,0.8688
148438.00,125000.00,130996.70,12,12,12,12,12,0.016375,0.8127,0.8694
476562.00,500000.00,477392.20,11,11,11,11,11,0.059674,0.9534,0.9972
476562.00,500000.00,474047.18,10,11,11,11,11,0.059256,0.9381,0.9780
476562.00,500000.00,483771.09,11,11,11,11,11,0.060471,0.9323,0.9708
117188.00,125000.00,119771.00,11,11,11,11,11,0.014971,0.8867,0.9737
476562.00,500000.00,477117.54,11,11,11,11,11,0.059640,0.7544,0.8790
476562.00,500000.00,477651.60,11,11,11,11,11,0.059706,0.9548,0.9764
476562.00,500000.00,485731.12,11,11,11,11,11,0.060716,0.9427,0.9744
476562.00,500000.00,477642.54,10,11,11,11,11,0.059705,0.9422,0.9818
476562.00,500000.00,476825.71,10,11,11,11,11,0.059603,0.9324,0.9684
117188.00,125000.00,119981.77,11,11,11,11,11,0.014998,0.9062,0.9477
476562.00,500000.00,477035.52,11,11,11,11,11,0.059629,0.9007,0.9230
117188.00,125000.00,119964.24,11,11,11,11,11,0.014996,0.8891,0.9693
117188.00,125000.00,124137.88,11,11,11,11,11,0.015517,0.7117,0.7684
476562.00,500000.00,479316.71,11,11,11,11,11,0.059915,0.9573,0.9902
476562.00,500000.00,481211.66,11,11,11,11,11,0.060151,0.9456,0.9762
476562.00,500000.00,470384.60,10,11,11,11,11,0.058798,0.9274,0.9659
117188.00,125000.00,122872.59,11,11,11,11,11,0.015359,0.9097,0.9500
476562.00,500000.00,460115.43,10,11,11,11,11,0.057514,0.8169,0.9515
148438.00,125000.00,147377.01,12,11,11,11,11,0.018422,0.7128,0.9248
226562.00,250000.00,227825.16,12,12,12,12,12,0.028478,0.9606,0.9696
367188.00,250000.00,380934.72,11,10,11,10,11,0.047617,0.9311,0.9254
117188.00,125000.00,114694.60,12,12,12,12,12,0.014337,0.9311,0.9383
226562.00,250000.00,231482.03,12,12,12,12,12,0.028935,0.9271,0.9417
226562.00,250000.00,231821.06,12,12,12,12,12,0.028978,0.9249,0.9647
226562.00,250000.00,225719.45,12,12,12,12,12,0.028215,0.9201,0.9841
367188.00,250000.00,373894.69,11,10,11,10,11,0.046737,0.9127,0.9404
117188.00,125000.00,143752.57,12,12,12,12,12,0.017969,0.9037,0.8113
367188.00,250000.00,367124.56,11,10,11,10,11,0.045891,0.8984,0.9252
117188.00,125000.00,118103.03,12,12,12,12,12,0.014763,0.8959,0.9809
367188.00,250000.00,368305.21,11,10,11,10,11,0.046038,0.8613,0.9825
367188.00,250000.00,378479.96,11,10,11,10,11,0.047310,0.7291,0.9673
367188.00,250000.00,364435.20,11,10,11,10,11,0.045554,0.9376,0.9881
117188.00,125000.00,119710.45,12,12,12,12,12,0.014964,0.8817,0.9721
117188.00,125000.00,124814.03,12,12,12,12,12,0.015602,0.8630,0.8751
367188.00,250000.00,370338.44,11,10,11,10,11,0.046292,0.8384,0.9667
117188.00,125000.00,130594.97,12,12,12,12,12,0.016324,0.7012,0.5437
226562.00,250000.00,229116.44,12,12,12,12,12,0.028640,0.9645,0.9830
226562.00,250000.00,229238.51,12,12,12,12,12,0.028655,0.9365,0.9845
117188.00,125000.00,121125.22,10,10,10,10,10,0.015141,0.9314,0.9633
117188.00,125000.00,119544.98,10,10,10,10,10,0.014943,0.9300,0.9515
117188.00,125000.00,124351.50,10,10,10,10,10,0.015544,0.9256,0.9246
117188.00,125000.00,122146.61,10,10,10,10,10,0.015268,0.9246,0.9136
117188.00,125000.00,118820.19,10,10,10,10,10,0.014853,0.9214,0.9637
117188.00,125000.00,117012.50,10,10,10,10,10,0.014627,0.9189,0.9910
226562.00,250000.00,226219.07,12,12,12,12,12,0.028277,0.9148,0.9880
226562.00,250000.00,229475.02,12,12,12,12,12,0.028684,0.9069,0.9769
117188.00,125000.00,123678.21,12,12,12,12,12,0.015460,0.9069,0.8872
117188.00,125000.00,119880.68,10,10,10,10,10,0.014985,0.8973,0.9308
367188.00,250000.00,369137.76,11,10,11,10,11,0.046142,0.8830,0.9925
117188.00,125000.00,121854.54,12,12,12,12,12,0.015232,0.7835,0.9343
117188.00,125000.00,118611.34,12,12,12,12,12,0.014826,0.7266,0.7571
117188.00,125000.00,118580.82,10,10,10,10,10,0.014823,0.9421,0.9364
117188.00,125000.00,127824.57,10,10,10,10,10,0.015978,0.9343,0.9109
226562.00,250000.00,230981.83,12,12,12,12,12,0.028873,0.9283,0.9739
117188.00,125000.00,124591.59,12,12,12,12,12,0.015574,0.8957,0.9383
117188.00,125000.00,118465.42,12,12,12,12,12,0.014808,0.8942,0.9700
367188.00,250000.00,364842.00,11,10,11,10,11,0.045605,0.8709,0.9638
117188.00,125000.00,126054.76,10,10,10,10,10,0.015757,0.7438,0.7651
585938.00,500000.00,593582.15,12,12,12,12,12,0.074198,0.9492,0.9813
585938.00,500000.00,572906.61,12,12,12,12,12,0.071613,0.9417,0.9265
585938.00,500000.00,625571.97,12,12,13,12,13,0.078196,0.9263,0.8667
210938.00,250000.00,221499.44,10,10,10,10,10,0.027687,0.8680,0.9484
585938.00,500000.00,619024.52,12,11,12,11,12,0.077378,0.8252,0.9217
210938.00,125000.00,193044.66,10,9,10,9,10,0.024131,0.7504,0.8823
210938.00,250000.00,211891.17,10,10,10,10,10,0.026486,0.7025,0.9580
585938.00,500000.00,591940.88,12,12,12,12,12,0.073993,0.9633,0.9849
117188.00,125000.00,120993.38,11,11,11,11,11,0.015124,0.9065,0.9318
351562.00,250000.00,359125.14,11,10,11,10,11,0.044891,0.8962,0.9192
585938.00,500000.00,558495.52,12,12,12,12,12,0.069812,0.8815,0.8862
210938.00,250000.00,212085.72,10,10,10,10,10,0.026511,0.8711,0.9870
351562.00,250000.00,353034.02,11,10,11,10,11,0.044129,0.8492,0.9701
351562.00,250000.00,348719.60,11,10,11,10,11,0.043590,0.8420,0.9893
210938.00,250000.00,218562.13,10,10,10,10,10,0.027320,0.7944,0.9573
210938.00,250000.00,204721.45,10,10,10,9,9,0.025590,0.7670,0.9591
117188.00,125000.00,128788.95,11,11,11,11,11,0.016099,0.7476,0.8999
585938.00,500000.00,587325.10,12,12,12,12,12,0.073416,0.9646,0.9804
117188.00,125000.00,117703.32,11,11,11,11,11,0.014713,0.9213,0.9514
117188.00,125000.00,121071.82,11,11,11,11,11,0.015134,0.9041,0.9654
210938.00,250000.00,208599.09,10,10,10,9,9,0.026075,0.8709,0.9832
210938.00,250000.00,219707.49,10,10,10,10,10,0.027463,0.8551,0.9301
117188.00,125000.00,120534.00,11,11,11,11,11,0.015067,0.8448,0.8875
351562.00,500000.00,361354.26,11,12,12,11,11,0.045169,0.7456,0.9684
210938.00,250000.00,215829.85,10,10,10,10,10,0.026979,0.7445,0.9692
585938.00,500000.00,585160.26,12,12,12,12,12,0.073145,0.9569,0.9811
351562.00,250000.00,350420.00,11,10,11,10,11,0.043802,0.9548,0.9937
585938.00,500000.00,590550.42,12,12,12,12,12,0.073819,0.9522,0.9874
351562.00,250000.00,354202.27,11,10,11,10,11,0.044275,0.9436,0.9903
117188.00,125000.00,116236.69,11,11,11,11,11,0.014530,0.9316,0.9541
585938.00,500000.00,610828.40,12,12,13,12,13,0.076354,0.9082,0.9241
117188.00,125000.00,120629.31,11,11,11,11,11,0.015079,0.8227,0.8914
210938.00,250000.00,213896.75,10,10,10,10,10,0.026737,0.8004,0.9848
117188.00,125000.00,123824.12,11,11,11,11,11,0.015478,0.7661,0.7687
117188.00,125000.00,120784.76,11,11,11,11,11,0.015098,0.7160,0.9661
320312.00,250000.00,324743.27,11,10,11,10,11,0.040593,0.9524,0.9728
320312.00,250000.00,323095.32,11,10,11,10,11,0.040387,0.9353,0.9629
304688.00,250000.00,305106.16,12,11,12,11,12,0.038138,0.9351,0.9734
789062.00,500000.00,767040.25,12,11,12,11,12,0.095880,0.9302,0.9682
257812.00,250000.00,259758.95,12,12,12,12,12,0.032470,0.9282,0.9875
789062.00,500000.00,749694.59,12,11,12,11,12,0.093712,0.9081,0.9435
789062.00,500000.00,499842.17,12,11,11,11,11,0.062480,0.8999,0.5678
304688.00,250000.00,305454.73,12,12,13,12,13,0.038182,0.8984,0.7157
789062.00,500000.00,737637.52,12,11,12,11,12,0.092205,0.8774,0.9266
320312.00,250000.00,326226.20,11,10,11,10,11,0.040778,0.8757,0.9789
257812.00,250000.00,256208.42,12,12,12,12,12,0.032026,0.9449,0.9465
304688.00,250000.00,306418.42,12,11,12,11,12,0.038302,0.9444,0.9824
304688.00,250000.00,305284.50,12,11,12,11,12,0.038161,0.9270,0.9732
304688.00,250000.00,305599.21,12,11,12,11,12,0.038200,0.9233,0.9723
320312.00,250000.00,322267.53,11,10,11,10,11,0.040283,0.9170,0.9904
304688.00,250000.00,318431.23,12,11,12,11,12,0.039804,0.9147,0.9555
304688.00,250000.00,286182.88,12,12,12,12,12,0.035773,0.8529,0.9325
304688.00,250000.00,311850.07,12,11,12,11,12,0.038981,0.7662,0.9336
789062.00,500000.00,555091.86,12,11,11,11,11,0.069386,0.7088,0.6875
257812.00,250000.00,257767.92,12,12,12,12,12,0.032221,0.9641,0.9805
789062.00,500000.00,746236.32,12,11,12,11,12,0.093280,0.9584,0.9422
257812.00,250000.00,255167.96,12,12,12,12,12,0.031896,0.9571,0.9491
257812.00,250000.00,255193.71,12,12,12,12,12,0.031899,0.9521,0.9810
304688.00,250000.00,308420.66,12,11,12,11,12,0.038553,0.9368,0.9805
789062.00,500000.00,782271.98,12,11,12,11,12,0.097784,0.9299,0.9826
320312.00,250000.00,320358.28,11,10,11,10,11,0.040045,0.9248,0.9666
257812.00,250000.00,262965.68,12,12,12,12,12,0.032871,0.9125,0.9541
304688.00,250000.00,300783.16,12,12,13,12,13,0.037598,0.8973,0.9645
257812.00,250000.00,266830.44,12,12,12,12,12,0.033354,0.8893,0.8849
320312.00,250000.00,323808.67,11,10,11,10,11,0.040476,0.8829,0.9852
257812.00,250000.00,256425.86,12,12,12,12,12,0.032053,0.9503,0.9843
257812.00,250000.00,254532.93,12,12,12,12,12,0.031817,0.9462,0.9871
257812.00,250000.00,256390.57,12,12,12,12,12,0.032049,0.9414,0.9875
789062.00,500000.00,769095.42,12,11,12,11,12,0.096137,0.9185,0.9737
789062.00,500000.00,767529.96,12,11,12,11,12,0.095941,0.9180,0.9688
320312.00,250000.00,323774.34,11,10,11,10,11,0.040472,0.8377,0.9869
320312.00,250000.00,320759.77,11,10,11,10,11,0.040095,0.8114,0.8884
320312.00,250000.00,356225.97,11,10,11,10,11,0.044528,0.7227,0.8741
601562.00,500000.00,591083.53,11,11,11,11,11,0.073885,0.9459,0.9710
601562.00,500000.00,550987.24,11,11,11,11,11,0.068873,0.9456,0.9129
601562.00,500000.00,597102.17,11,11,12,11,12,0.074638,0.9376,0.9814
320312.00,250000.00,312911.03,12,11,12,11,12,0.039114,0.9232,0.9529
320312.00,250000.00,317539.22,12,11,12,11,12,0.039692,0.9193,0.9905
554688.00,500000.00,535110.47,11,11,11,11,11,0.066889,0.9091,0.9563
320312.00,250000.00,319164.28,12,11,12,11,12,0.039896,0.8930,0.9541
304688.00,250000.00,306472.78,12,12,13,12,13,0.038309,0.8829,0.9645
304688.00,250000.00,303402.42,12,12,13,12,13,0.037925,0.8605,0.9916
554688.00,500000.00,549168.59,11,11,11,11,11,0.068646,0.9691,0.9885
554688.00,500000.00,544013.02,11,11,11,11,11,0.068002,0.9543,0.9776
320312.00,250000.00,319346.19,12,11,12,11,12,0.039918,0.9446,0.9946
320312.00,250000.00,317685.13,12,11,12,11,12,0.039711,0.9432,0.9853
554688.00,500000.00,546444.00,11,11,11,11,11,0.068305,0.9394,0.9708
320312.00,250000.00,314538.00,12,11,12,11,12,0.039317,0.9290,0.9807
601562.00,500000.00,601797.58,11,11,12,11,12,0.075225,0.9251,0.9952
304688.00,250000.00,303480.15,12,12,13,12,13,0.037935,0.8565,0.9634
554688.00,500000.00,546101.09,11,11,11,11,11,0.068263,0.9599,0.9700
320312.00,250000.00,316726.68,12,11,12,11,12,0.039591,0.9547,0.9864
320312.00,250000.00,316277.98,12,11,12,11,12,0.039535,0.9385,0.9608
320312.00,250000.00,331922.53,12,11,12,11,12,0.041490,0.9377,0.9559
554688.00,500000.00,535705.57,11,11,11,11,11,0.066963,0.9292,0.9349
601562.00,500000.00,599345.21,11,11,12,11,12,0.074918,0.8965,0.9504
304688.00,250000.00,306617.26,12,11,12,11,12,0.038327,0.8621,0.9824
304688.00,250000.00,289350.99,12,12,12,12,12,0.036169,0.8447,0.8898
304688.00,250000.00,302017.21,12,12,13,12,13,0.037752,0.8210,0.9753
304688.00,250000.00,301661.01,12,11,12,11,12,0.037708,0.8195,0.9713
554688.00,500000.00,550325.39,11,11,11,11,11,0.068791,0.9762,0.9897
554688.00,500000.00,556837.56,11,11,11,11,11,0.069605,0.9484,0.9844
601562.00,500000.00,589888.10,11,11,11,11,11,0.073736,0.9377,0.9564
554688.00,500000.00,559024.81,11,11,11,11,11,0.069878,0.9377,0.9779
601562.00,500000.00,590968.61,11,11,11,11,11,0.073871,0.9296,0.9705
304688.00,250000.00,294663.43,12,12,12,12,12,0.036833,0.9277,0.9609
320312.00,250000.00,319611.07,12,11,12,11,12,0.039951,0.9214,0.9771
304688.00,250000.00,307337.76,12,11,12,11,12,0.038417,0.8999,0.9866
304688.00,250000.00,297554.49,12,12,13,12,13,0.037194,0.8978,0.9433
320312.00,250000.00,321635.25,12,11,12,11,12,0.040204,0.8549,0.9592
304688.00,250000.00,303331.38,12,12,13,12,13,0.037916,0.7016,0.9895
367188.00,500000.00,372470.14,10,11,11,10,10,0.046559,0.9715,0.9711
367188.00,500000.00,370489.12,10,11,11,10,10,0.046311,0.9613,0.9869
367188.00,500000.00,373212.81,10,11,11,10,10,0.046652,0.9310,0.9738
335938.00,250000.00,336633.21,12,11,12,11,12,0.042079,0.9304,0.9785
367188.00,500000.00,370563.98,10,11,11,10,10,0.046320,0.9244,0.9760
367188.00,500000.00,368134.98,10,11,11,10,10,0.046017,0.8850,0.9774
335938.00,250000.00,341277.12,12,11,12,11,12,0.042660,0.8555,0.9515
351562.00,500000.00,350836.75,11,12,12,11,11,0.043855,0.8332,0.9772
335938.00,250000.00,329725.27,12,11,12,11,12,0.041216,0.9446,0.9811
335938.00,250000.00,300949.10,12,11,12,11,12,0.037619,0.9354,0.8910
382812.00,250000.00,386987.69,11,10,11,10,11,0.048373,0.9256,0.9640
351562.00,250000.00,355288.92,11,10,11,10,11,0.044411,0.9135,0.9854
351562.00,250000.00,358713.15,11,10,11,10,11,0.044839,0.8963,0.9751
382812.00,250000.00,379680.63,11,10,11,10,11,0.047460,0.8757,0.9885
382812.00,250000.00,374864.58,11,10,11,10,11,0.046858,0.8392,0.9085
351562.00,250000.00,349025.73,11,10,11,10,11,0.043628,0.8121,0.9804
351562.00,250000.00,348044.87,11,10,11,10,11,0.043506,0.7787,0.9853
335938.00,250000.00,337944.03,12,11,12,11,12,0.042243,0.9493,0.9903
351562.00,250000.00,352538.59,11,10,11,10,11,0.044067,0.9336,0.9718
382812.00,250000.00,380995.75,11,10,11,10,11,0.047624,0.9038,0.9280
351562.00,250000.00,349726.68,11,10,11,10,11,0.043716,0.8939,0.9831
335938.00,250000.00,332865.72,12,11,12,11,12,0.041608,0.8931,0.9293
351562.00,250000.00,352019.31,11,10,11,10,11,0.044002,0.8551,0.9818
335938.00,250000.00,340832.71,12,11,12,11,12,0.042604,0.8139,0.9612
382812.00,500000.00,392078.40,11,12,12,11,11,0.049010,0.7976,0.9203
367188.00,500000.00,370821.00,10,11,11,10,10,0.046353,0.7560,0.7848
382812.00,500000.00,382825.85,11,12,12,11,11,0.047853,0.7456,0.9827
335938.00,250000.00,331357.00,12,11,12,11,12,0.041420,0.9464,0.9531
335938.00,250000.00,335690.98,12,11,12,11,12,0.041961,0.9371,0.9783
335938.00,250000.00,334174.16,12,11,12,11,12,0.041772,0.9299,0.9608
367188.00,500000.00,382600.31,10,11,11,10,10,0.047825,0.9211,0.9547
367188.00,500000.00,376234.53,10,11,11,10,10,0.047029,0.9100,0.9744
367188.00,500000.00,367583.27,10,11,11,10,10,0.045948,0.8979,0.9873
351562.00,250000.00,345860.48,11,10,11,10,11,0.043233,0.8631,0.9689
367188.00,500000.00,384745.60,10,11,11,10,10,0.048093,0.8583,0.9416
382812.00,500000.00,379244.80,11,12,12,11,11,0.047406,0.8492,0.9789
351562.00,250000.00,353461.74,11,10,11,10,11,0.044183,0.8260,0.9748
367188.00,500000.00,367510.80,10,11,11,10,10,0.045939,0.7910,0.9798
507812.00,500000.00,506928.92,12,12,12,12,12,0.063366,0.9613,0.9961
507812.00,500000.00,504937.89,12,12,12,12,12,0.063117,0.9608,0.9686
507812.00,500000.00,514259.34,12,12,12,12,12,0.064282,0.9549,0.9762
507812.00,500000.00,513496.40,12,12,12,12,12,0.064187,0.9516,0.9868
117188.00,125000.00,121834.05,10,10,10,10,10,0.015229,0.9191,0.9501
117188.00,125000.00,117599.49,10,10,10,10,10,0.014700,0.9151,0.9687
117188.00,125000.00,117451.67,10,10,10,10,10,0.014681,0.9132,0.9630
367188.00,250000.00,362446.31,12,11,12,11,12,0.045306,0.9097,0.9762
117188.00,125000.00,124430.66,10,10,10,10,10,0.015554,0.8462,0.8056
148438.00,125000.00,152359.96,9,9,10,9,10,0.019045,0.8193,0.9552
148438.00,125000.00,148826.60,9,9,10,9,10,0.018603,0.7106,0.7095
507812.00,500000.00,516134.74,12,12,12,12,12,0.064517,0.9632,0.9804
507812.00,500000.00,517885.21,12,12,12,12,12,0.064736,0.9581,0.9775
507812.00,500000.00,512893.68,12,12,12,12,12,0.064112,0.9312,0.9055
117188.00,125000.00,120641.71,10,10,10,10,10,0.015080,0.9140,0.9689
367188.00,250000.00,352844.24,12,11,12,11,12,0.044106,0.9031,0.9568
367188.00,250000.00,354547.50,12,11,12,11,12,0.044318,0.9014,0.9602
367188.00,250000.00,344045.64,12,11,12,11,12,0.043006,0.8347,0.5338
148438.00,125000.00,154440.88,9,9,10,9,10,0.019305,0.8099,0.9306
507812.00,500000.00,507413.98,12,12,12,12,12,0.063427,0.9590,0.9928
367188.00,250000.00,369066.24,12,11,12,11,12,0.046133,0.9541,0.9510
507812.00,500000.00,508878.71,12,12,12,12,12,0.063610,0.9529,0.9708
117188.00,125000.00,120444.54,10,10,10,10,10,0.015056,0.9168,0.9657
367188.00,250000.00,373157.50,12,11,12,11,12,0.046645,0.9160,0.9625
507812.00,500000.00,514830.11,12,12,12,12,12,0.064354,0.9127,0.9735
367188.00,250000.00,360349.66,12,11,12,11,12,0.045044,0.9125,0.9665
148438.00,125000.00,146784.78,9,9,9,9,9,0.018348,0.9001,0.9741
148438.00,125000.00,145978.93,9,9,9,9,9,0.018247,0.8887,0.9781
117188.00,125000.00,116391.18,10,10,10,10,10,0.014549,0.8886,0.9156
367188.00,250000.00,370653.15,12,11,12,11,12,0.046332,0.8863,0.9046
117188.00,125000.00,123050.69,10,10,10,10,10,0.015381,0.8741,0.8677
117188.00,125000.00,127071.38,10,10,10,10,10,0.015884,0.8701,0.8629
148438.00,125000.00,143409.73,9,9,9,9,9,0.017926,0.8561,0.9299
117188.00,125000.00,121990.68,10,10,10,10,10,0.015249,0.8212,0.8542
507812.00,500000.00,505962.37,12,12,12,12,12,0.063245,0.9554,0.9738
148438.00,125000.00,147467.14,9,9,9,9,9,0.018433,0.9384,0.9717
367188.00,250000.00,368863.11,12,11,12,11,12,0.046108,0.9362,0.9514
367188.00,250000.00,364463.81,12,11,12,11,12,0.045558,0.9300,0.9879
367188.00,250000.00,369329.45,12,11,12,11,12,0.046166,0.9271,0.9832
117188.00,125000.00,120660.36,10,10,10,10,10,0.015083,0.9031,0.9244
148438.00,125000.00,150267.60,9,9,10,9,10,0.018783,0.8750,0.9670
242188.00,250000.00,243843.08,10,10,10,10,10,0.030480,0.9485,0.9782
710938.00,500000.00,728529.45,12,11,12,11,12,0.091066,0.9435,0.9599
710938.00,500000.00,714758.87,12,11,12,11,12,0.089345,0.9426,0.9606
710938.00,500000.00,730994.70,12,11,12,11,12,0.091374,0.9051,0.8944
710938.00,500000.00,633792.40,12,11,12,11,12,0.079224,0.8971,0.8738
429688.00,500000.00,458386.42,12,12,12,12,12,0.057298,0.8513,0.9074
289062.00,250000.00,295486.21,12,12,12,12,12,0.036936,0.8172,0.9694
429688.00,500000.00,433444.98,12,12,12,12,12,0.054181,0.7781,0.9820
429688.00,500000.00,433717.73,12,12,12,12,12,0.054215,0.7181,0.9295
289062.00,250000.00,279916.76,12,12,12,12,12,0.034990,0.9346,0.9661
710938.00,500000.00,662397.38,12,11,12,11,12,0.082800,0.9321,0.9261
429688.00,500000.00,424739.15,12,12,12,12,12,0.053092,0.9287,0.9852
242188.00,250000.00,236521.72,10,10,10,10,10,0.029565,0.9278,0.9659
242188.00,250000.00,237667.80,10,10,10,10,10,0.029708,0.9232,0.9730
289062.00,250000.00,297338.49,12,12,13,12,13,0.037167,0.9088,0.9607
710938.00,500000.00,585969.92,12,11,11,11,11,0.073246,0.9071,0.8200
429688.00,500000.00,432721.14,12,12,12,12,12,0.054090,0.9041,0.9885
289062.00,250000.00,278350.41,12,12,12,12,12,0.034794,0.8957,0.9593
242188.00,250000.00,239560.13,10,10,10,10,10,0.029945,0.8650,0.8943
429688.00,500000.00,430698.39,12,12,12,12,12,0.053837,0.7190,0.9880
710938.00,500000.00,704044.34,12,11,12,11,12,0.088006,0.9613,0.9876
289062.00,250000.00,283449.17,12,12,12,12,12,0.035431,0.9610,0.9755
710938.00,500000.00,700894.12,12,11,12,11,12,0.087612,0.9510,0.9846
289062.00,250000.00,286574.36,12,12,12,12,12,0.035822,0.9401,0.9665
710938.00,500000.00,700959.68,12,11,12,11,12,0.087620,0.9345,0.9799
429688.00,500000.00,441555.02,12,12,12,12,12,0.055194,0.9300,0.9715
242188.00,250000.00,242015.84,10,10,10,10,10,0.030252,0.9286,0.9618
289062.00,250000.00,290253.64,12,12,12,12,12,0.036282,0.9234,0.9788
289062.00,250000.00,283933.64,12,12,12,12,12,0.035492,0.9209,0.9572
242188.00,250000.00,244337.08,10,10,10,10,10,0.030542,0.9166,0.9514
710938.00,500000.00,662446.98,12,11,12,11,12,0.082806,0.8484,0.9000
242188.00,250000.00,344053.27,10,10,11,10,11,0.043007,0.7039,0.6722
289062.00,250000.00,287834.17,12,12,12,12,12,0.035979,0.9569,0.9875
242188.00,250000.00,242976.67,10,10,10,10,10,0.030372,0.9560,0.9888
242188.00,250000.00,241204.26,10,10,10,10,10,0.030151,0.9387,0.9649
289062.00,250000.00,290044.78,12,12,12,12,12,0.036256,0.9348,0.9714
429688.00,500000.00,437285.90,12,12,12,12,12,0.054661,0.9327,0.9740
242188.00,250000.00,240734.22,10,10,10,10,10,0.030092,0.9305,0.9910
289062.00,250000.00,289394.38,12,12,12,12,12,0.036174,0.9191,0.9728
429688.00,500000.00,429368.50,12,12,12,12,12,0.053671,0.8315,0.9897
570312.00,500000.00,564373.02,12,12,12,12,12,0.070547,0.9673,0.9878
570312.00,500000.00,562780.38,12,12,12,12,12,0.070348,0.9667,0.9834
226562.00,250000.00,229430.91,11,11,11,11,11,0.028679,0.9582,0.9784
226562.00,250000.00,219471.93,11,11,11,11,11,0.027434,0.9478,0.9638
226562.00,250000.00,229752.54,11,11,11,11,11,0.028719,0.9285,0.9359
570312.00,500000.00,561043.74,12,12,12,12,12,0.070130,0.9161,0.9444
101562.00,125000.00,107046.13,11,12,12,12,12,0.013381,0.8966,0.9419
648438.00,500000.00,623115.54,11,11,12,11,12,0.077889,0.8723,0.9527
101562.00,125000.00,113587.38,11,12,12,12,12,0.014198,0.8249,0.8924
101562.00,125000.00,115296.36,11,12,12,12,12,0.014412,0.7521,0.8689
226562.00,250000.00,228354.45,11,11,11,11,11,0.028544,0.9500,0.9688
648438.00,500000.00,619394.30,11,11,12,11,12,0.077424,0.9289,0.9471
570312.00,500000.00,543560.03,12,12,12,12,12,0.067945,0.9247,0.9426
570312.00,500000.00,568323.14,12,12,12,12,12,0.071040,0.9150,0.9834
226562.00,250000.00,227309.70,11,11,11,11,11,0.028414,0.8876,0.9492
226562.00,250000.00,230697.63,11,11,11,11,11,0.028837,0.8568,0.9803
101562.00,125000.00,110139.85,11,12,12,12,12,0.013767,0.8177,0.9164
648438.00,500000.00,634875.30,11,11,12,11,12,0.079359,0.9328,0.9418
226562.00,250000.00,229547.50,11,11,11,11,11,0.028693,0.9130,0.9262
570312.00,500000.00,539112.57,12,12,12,12,12,0.067389,0.9090,0.9424
101562.00,125000.00,111004.83,11,12,12,12,12,0.013876,0.8754,0.9112
101562.00,125000.00,108655.93,11,11,11,11,11,0.013582,0.8696,0.9296
570312.00,500000.00,525699.14,12,12,12,12,12,0.065712,0.8682,0.8970
648438.00,500000.00,571391.11,11,11,11,11,11,0.071424,0.8619,0.8574
226562.00,250000.00,180448.06,11,11,11,10,10,0.022556,0.7422,0.6843
226562.00,250000.00,230836.87,11,11,11,11,11,0.028855,0.9243,0.9772
570312.00,500000.00,564195.63,12,12,12,12,12,0.070524,0.9205,0.9863
570312.00,500000.00,560232.16,12,12,12,12,12,0.070029,0.9158,0.9670
226562.00,250000.00,230203.63,11,11,11,11,11,0.028775,0.8836,0.9694
648438.00,500000.00,606784.82,11,11,12,11,12,0.075848,0.8773,0.9282
648438.00,500000.00,580446.24,11,11,11,11,11,0.072556,0.8430,0.8782
570312.00,500000.00,524070.74,12,12,12,12,12,0.065509,0.8317,0.8815
226562.00,250000.00,221463.68,11,11,11,11,11,0.027683,0.8090,0.8942
523438.00,500000.00,527844.43,12,12,12,12,12,0.065981,0.9679,0.9898
523438.00,500000.00,528265.00,12,12,12,12,12,0.066033,0.9580,0.9575
523438.00,500000.00,521919.97,12,12,12,12,12,0.065240,0.9577,0.9831
742188.00,500000.00,682899.48,12,11,12,11,12,0.085362,0.9278,0.9173
382812.00,500000.00,438505.17,10,11,11,11,11,0.054813,0.8998,0.8297
382812.00,500000.00,377972.13,10,11,11,10,10,0.047247,0.7736,0.9652
523438.00,500000.00,519549.25,12,12,12,12,12,0.064944,0.9618,0.9797
523438.00,500000.00,518308.64,12,12,12,12,12,0.064789,0.9600,0.9806
523438.00,500000.00,516921.04,12,12,12,12,12,0.064615,0.9507,0.9846
382812.00,500000.00,384445.19,10,11,11,10,10,0.048056,0.9432,0.9911
742188.00,500000.00,730524.06,12,11,12,11,12,0.091316,0.9327,0.9629
742188.00,500000.00,620445.25,12,11,12,11,12,0.077556,0.9286,0.8306
195312.00,250000.00,193332.67,9,10,10,9,9,0.024167,0.9097,0.9601
742188.00,500000.00,733415.60,12,11,12,11,12,0.091677,0.9037,0.9667
742188.00,500000.00,708504.68,12,11,12,11,12,0.088563,0.9032,0.9520
382812.00,500000.00,372280.12,10,11,11,10,10,0.046535,0.8599,0.9416
382812.00,500000.00,404393.20,10,11,11,10,10,0.050549,0.8536,0.9301
523438.00,500000.00,519329.07,12,12,12,12,12,0.064916,0.9606,0.9744
742188.00,500000.00,737313.27,12,11,12,11,12,0.092164,0.9490,0.9658
742188.00,500000.00,733758.69,12,11,12,11,12,0.091720,0.9435,0.9814
523438.00,500000.00,469413.76,12,12,12,12,12,0.058677,0.9390,0.8351
195312.00,250000.00,195291.52,9,10,10,9,9,0.024411,0.9291,0.9945
382812.00,500000.00,384490.97,10,11,11,10,10,0.048061,0.9277,0.9946
195312.00,250000.00,198325.16,9,10,10,9,9,0.024791,0.9038,0.9545
742188.00,500000.00,729467.03,12,11,12,11,12,0.091183,0.8791,0.9629
523438.00,500000.00,521770.95,12,12,12,12,12,0.065221,0.9554,0.9869
523438.00,500000.00,516981.72,12,12,12,12,12,0.064623,0.9399,0.9661
742188.00,500000.00,731553.55,12,11,12,11,12,0.091444,0.9158,0.9709
382812.00,500000.00,392116.55,10,11,11,10,10,0.049015,0.9072,0.9677
382812.00,500000.00,389986.99,10,11,11,10,10,0.048748,0.9019,0.9799
195312.00,250000.00,192731.86,9,10,10,9,9,0.024091,0.8855,0.9722
382812.00,500000.00,383937.84,10,11,11,10,10,0.047992,0.8849,0.9378
742188.00,500000.00,567441.94,12,11,11,11,11,0.070930,0.8845,0.7001
195312.00,250000.00,192254.54,9,10,10,9,9,0.024032,0.8772,0.9526
195312.00,250000.00,185966.49,9,10,10,9,9,0.023246,0.8044,0.9456
382812.00,500000.00,379343.99,10,11,11,10,10,0.047418,0.7994,0.9747
195312.00,250000.00,187416.08,9,10,10,9,9,0.023427,0.7594,0.9104
382812.00,500000.00,514090.54,10,11,11,11,11,0.064261,0.7501,0.6955
195312.00,250000.00,204378.13,9,10,10,9,9,0.025547,0.7079,0.7829
757812.00,500000.00,745443.34,12,11,12,11,12,0.093180,0.9523,0.9625
773438.00,500000.00,618599.77,11,11,12,11,12,0.077325,0.8912,0.7797
773438.00,500000.00,562659.26,11,11,11,11,11,0.070332,0.8852,0.6969
773438.00,500000.00,582133.29,11,11,11,11,11,0.072767,0.8174,0.5052
757812.00,500000.00,747657.78,12,11,12,11,12,0.093457,0.9541,0.9661
757812.00,500000.00,734922.95,12,11,12,11,12,0.091865,0.9351,0.9573
460938.00,500000.00,463256.84,10,11,11,11,11,0.057907,0.9287,0.9842
460938.00,500000.00,507048.61,10,11,11,11,11,0.063381,0.8996,0.8958
773438.00,500000.00,512638.09,11,11,11,11,11,0.064080,0.8807,0.6591
414062.00,500000.00,458156.59,11,11,11,11,11,0.057270,0.8633,0.8664
773438.00,500000.00,570562.36,11,11,11,11,11,0.071320,0.7936,0.7152
414062.00,250000.00,411984.56,11,10,11,10,11,0.051498,0.7628,0.9923
414062.00,250000.00,410571.10,11,10,11,10,11,0.051321,0.7525,0.9880
757812.00,500000.00,747917.18,12,11,12,11,12,0.093490,0.9528,0.9766
757812.00,500000.00,744026.18,12,11,12,11,12,0.093003,0.9481,0.9510
460938.00,500000.00,454636.93,10,11,11,11,11,0.056830,0.9372,0.9789
460938.00,500000.00,463478.09,10,11,11,11,11,0.057935,0.9356,0.9908
460938.00,500000.00,478167.53,10,11,11,11,11,0.059771,0.9125,0.7187
757812.00,500000.00,693707.47,12,11,12,11,12,0.086713,0.8492,0.9001
773438.00,500000.00,622697.83,11,11,12,11,12,0.077837,0.7720,0.6125
414062.00,250000.00,399537.09,11,10,11,10,11,0.049942,0.7158,0.9500
460938.00,500000.00,458274.84,10,11,11,11,11,0.057284,0.9372,0.9816
460938.00,500000.00,452697.52,10,11,11,11,11,0.056587,0.9265,0.5284
757812.00,500000.00,754968.64,12,11,12,11,12,0.094371,0.9154,0.9914
460938.00,500000.00,468656.06,10,11,11,11,11,0.058582,0.9077,0.9434
757812.00,500000.00,729629.52,12,11,12,11,12,0.091204,0.9071,0.8823
757812.00,500000.00,721222.88,12,11,12,11,12,0.090153,0.7838,0.8944
414062.00,500000.00,431479.45,11,12,12,12,12,0.053935,0.7489,0.9527
507812.00,500000.00,501960.75,11,11,11,11,11,0.062745,0.9535,0.9687
476562.00,500000.00,456130.03,10,11,11,11,11,0.057016,0.9335,0.9544
320312.00,250000.00,308645.25,10,10,11,10,11,0.038581,0.9140,0.9520
476562.00,500000.00,473849.30,10,11,11,11,11,0.059231,0.9078,0.9444
382812.00,500000.00,430329.32,10,11,11,11,11,0.053791,0.8439,0.8631
382812.00,500000.00,396000.92,10,11,11,10,10,0.049500,0.8235,0.5780
476562.00,500000.00,483079.91,10,11,11,11,11,0.060385,0.7806,0.9372
507812.00,500000.00,519272.92,11,11,11,11,11,0.064909,0.9474,0.9754
476562.00,500000.00,477090.84,10,11,11,11,11,0.059636,0.9434,0.9839
507812.00,500000.00,508244.51,11,11,11,11,11,0.063531,0.9422,0.9934
320312.00,250000.00,319156.65,10,10,11,10,11,0.039895,0.9141,0.9770
507812.00,500000.00,459750.18,11,11,11,11,11,0.057469,0.9003,0.8336
320312.00,250000.00,311769.49,10,10,11,10,11,0.038971,0.8897,0.9709
382812.00,500000.00,367302.06,10,11,11,10,10,0.045913,0.8842,0.9447
382812.00,500000.00,377250.67,10,11,11,10,10,0.047156,0.8706,0.9128
320312.00,500000.00,358137.13,10,11,11,10,10,0.044767,0.8652,0.8817
476562.00,500000.00,513003.35,10,11,11,11,11,0.064125,0.8406,0.8808
476562.00,500000.00,481552.12,10,11,11,11,11,0.060194,0.8067,0.9649
320312.00,250000.00,308283.81,10,10,11,10,11,0.038535,0.8041,0.9398
507812.00,500000.00,511991.50,11,11,11,11,11,0.063999,0.9495,0.9705
507812.00,500000.00,510804.18,11,11,11,11,11,0.063851,0.9432,0.9872
507812.00,500000.00,497410.77,11,11,11,11,11,0.062176,0.9387,0.9783
382812.00,500000.00,385387.42,10,11,11,10,10,0.048173,0.9219,0.9706
382812.00,500000.00,399732.59,10,11,11,10,10,0.049967,0.9183,0.9346
320312.00,250000.00,321855.55,10,10,11,10,11,0.040232,0.9109,0.9341
507812.00,500000.00,507911.68,11,11,11,11,11,0.063489,0.8406,0.9495
476562.00,500000.00,455825.81,10,11,11,11,11,0.056978,0.9423,0.9470
476562.00,500000.00,458320.62,10,11,11,11,11,0.057290,0.9312,0.9537
382812.00,500000.00,395446.78,10,11,11,10,10,0.049431,0.9133,0.9640
507812.00,500000.00,507947.92,11,11,11,11,11,0.063493,0.9112,0.8544
382812.00,500000.00,380015.37,10,11,11,10,10,0.047502,0.8709,0.9090
476562.00,500000.00,459562.30,10,11,11,11,11,0.057445,0.8450,0.9048
507812.00,500000.00,509401.32,11,11,11,11,11,0.063675,0.8213,0.9681
476562.00,500000.00,487300.87,10,11,11,11,11,0.060913,0.8088,0.9598
632812.00,500000.00,628920.67,12,12,13,12,13,0.078615,0.9353,0.9899
351562.00,500000.00,361440.42,10,11,11,10,10,0.045180,0.8233,0.9609
195312.00,125000.00,178438.43,10,9,10,9,10,0.022305,0.8225,0.9045
351562.00,500000.00,357578.28,10,11,11,10,10,0.044697,0.9071,0.9784
351562.00,500000.00,360235.21,10,11,11,10,10,0.045029,0.8926,0.9608
632812.00,500000.00,608234.41,12,11,12,11,12,0.076029,0.8555,0.9499
195312.00,125000.00,195861.34,10,9,10,9,10,0.024483,0.7849,0.9930
632812.00,500000.00,630459.79,12,11,12,11,12,0.078807,0.9569,0.9802
195312.00,125000.00,195333.48,10,9,10,9,10,0.024417,0.8834,0.9539
632812.00,500000.00,635733.60,12,11,12,11,12,0.079467,0.8665,0.8675
195312.00,125000.00,183909.42,10,9,10,9,10,0.022989,0.8383,0.8975
632812.00,500000.00,574039.46,12,11,11,11,11,0.071755,0.8283,0.9033
195312.00,125000.00,194671.36,10,9,10,9,10,0.024334,0.7763,0.9682
632812.00,500000.00,608892.44,12,12,13,12,13,0.076112,0.7198,0.9550
632812.00,500000.00,623824.12,12,11,12,11,12,0.077978,0.9299,0.9783
351562.00,500000.00,351351.02,10,11,11,10,10,0.043919,0.8103,0.9796
632812.00,500000.00,528720.86,12,12,12,12,12,0.066090,0.7747,0.7936
351562.00,500000.00,354599.00,10,11,11,10,10,0.044325,0.7090,0.9691
273438.00,250000.00,276827.34,12,12,12,12,12,0.034603,0.9582,0.9680
273438.00,250000.00,269490.24,12,12,12,12,12,0.033686,0.9462,0.9652
351562.00,250000.00,350179.67,12,11,12,11,12,0.043772,0.9315,0.9775
132812.00,125000.00,135242.46,10,10,10,10,10,0.016905,0.9250,0.9611
351562.00,250000.00,341212.63,12,11,12,11,12,0.042652,0.9241,0.9380
351562.00,250000.00,345678.33,12,11,12,11,12,0.043210,0.9240,0.9608
476562.00,500000.00,471911.01,10,11,11,11,11,0.058989,0.9156,0.9750
476562.00,500000.00,466848.37,10,11,11,11,11,0.058356,0.9151,0.9691
351562.00,250000.00,314734.70,12,11,12,11,12,0.039342,0.9000,0.8891
351562.00,250000.00,351333.62,12,11,12,11,12,0.043917,0.8961,0.9963
351562.00,250000.00,281737.21,12,11,11,11,11,0.035217,0.7521,0.5207
273438.00,250000.00,269326.21,12,12,12,12,12,0.033666,0.9561,0.9773
273438.00,250000.00,269409.18,12,12,12,12,12,0.033676,0.9559,0.9702
476562.00,500000.00,476531.03,10,11,11,11,11,0.059566,0.9544,0.9805
132812.00,125000.00,129339.22,10,10,10,10,10,0.016167,0.9267,0.9455
351562.00,250000.00,353749.28,12,11,12,11,12,0.044219,0.9202,0.9605
132812.00,125000.00,132373.81,10,10,10,10,10,0.016547,0.9097,0.9535
351562.00,250000.00,342311.86,12,11,12,11,12,0.042789,0.8694,0.9097
132812.00,125000.00,131200.79,10,10,10,10,10,0.016400,0.7795,0.8045
132812.00,125000.00,131402.97,10,10,10,10,10,0.016425,0.7636,0.9045
132812.00,125000.00,161085.13,10,10,11,10,11,0.020136,0.7293,0.7848
476562.00,500000.00,483184.81,10,11,11,11,11,0.060398,0.9525,0.9850
476562.00,500000.00,480422.97,10,11,11,11,11,0.060053,0.9441,0.9822
273438.00,250000.00,267638.92,12,12,12,12,12,0.033455,0.9146,0.9177
476562.00,500000.00,491387.37,10,11,11,11,11,0.061423,0.9134,0.9443
476562.00,500000.00,477098.46,10,11,11,11,11,0.059637,0.9004,0.9846
132812.00,125000.00,130144.12,10,10,10,10,10,0.016268,0.8992,0.9044
132812.00,125000.00,120101.93,10,10,10,10,10,0.015013,0.8622,0.8080
273438.00,250000.00,270838.50,12,12,12,12,12,0.033855,0.9495,0.9788
273438.00,250000.00,277433.40,12,12,12,12,12,0.034679,0.9403,0.9454
351562.00,250000.00,348783.97,12,11,12,11,12,0.043598,0.9402,0.9608
273438.00,250000.00,268907.55,12,12,12,12,12,0.033613,0.9402,0.9815
273438.00,250000.00,267997.74,12,12,12,12,12,0.033500,0.9371,0.9667
132812.00,125000.00,139544.96,10,10,10,10,10,0.017443,0.9101,0.9472
351562.00,250000.00,347089.77,12,11,12,11,12,0.043386,0.9068,0.9804
273438.00,250000.00,272663.59,12,12,12,12,12,0.034083,0.9045,0.9607
273438.00,250000.00,272241.59,12,12,12,12,12,0.034030,0.8302,0.9581
476562.00,500000.00,522474.23,10,11,11,11,11,0.065309,0.8139,0.8477
289062.00,250000.00,294663.43,10,10,10,10,10,0.036833,0.9660,0.9635
679688.00,500000.00,683747.29,12,11,12,11,12,0.085468,0.9614,0.9650
679688.00,500000.00,690156.94,12,11,12,11,12,0.086270,0.9466,0.9712
289062.00,250000.00,287092.21,10,10,10,10,10,0.035887,0.9437,0.9728
289062.00,250000.00,287671.09,10,10,10,10,10,0.035959,0.9436,0.9937
289062.00,250000.00,291390.42,10,10,10,10,10,0.036424,0.9409,0.9620
289062.00,250000.00,297607.60,10,10,11,10,11,0.037201,0.9402,0.9703
507812.00,500000.00,494043.35,12,12,12,12,12,0.061755,0.9196,0.9566
289062.00,250000.00,308349.61,10,10,11,10,11,0.038544,0.8664,0.7969
507812.00,500000.00,506088.26,12,12,12,12,12,0.063261,0.8353,0.9667
570312.00,500000.00,623012.54,12,12,13,12,13,0.077877,0.7932,0.8634
570312.00,500000.00,557127.95,12,12,12,12,12,0.069641,0.9604,0.9735
507812.00,500000.00,513673.25,12,12,12,12,12,0.064209,0.9558,0.9771
570312.00,500000.00,569473.27,12,12,12,12,12,0.071184,0.9534,0.9799
507812.00,500000.00,504405.02,12,12,12,12,12,0.063051,0.9476,0.9819
507812.00,500000.00,510829.93,12,12,12,12,12,0.063854,0.9389,0.9858
679688.00,500000.00,664106.37,12,11,12,11,12,0.083013,0.9385,0.9685
289062.00,250000.00,286600.11,10,10,10,10,10,0.035825,0.9363,0.9877
570312.00,500000.00,547584.53,12,12,12,12,12,0.068448,0.9328,0.9520
289062.00,250000.00,291449.07,10,10,10,10,10,0.036431,0.9227,0.9897
679688.00,500000.00,672760.01,12,11,12,11,12,0.084095,0.8886,0.9894
679688.00,500000.00,670936.58,12,12,13,12,13,0.083867,0.7455,0.9734
570312.00,500000.00,569398.88,12,12,12,12,12,0.071175,0.9578,0.9964
507812.00,500000.00,509330.75,12,12,12,12,12,0.063666,0.9544,0.9915
570312.00,500000.00,570552.35,12,12,12,12,12,0.071319,0.9543,0.9725
507812.00,500000.00,502876.28,12,12,12,12,12,0.062860,0.9493,0.9756
679688.00,500000.00,676110.27,12,11,12,11,12,0.084514,0.9491,0.9943
570312.00,500000.00,571949.96,12,12,12,12,12,0.071494,0.9472,0.9564
570312.00,500000.00,571986.62,12,12,12,12,12,0.071498,0.9414,0.9600
289062.00,250000.00,294449.81,10,10,10,10,10,0.036806,0.9238,0.9784
507812.00,500000.00,502490.04,12,12,12,12,12,0.062811,0.9226,0.9707
679688.00,500000.00,571519.85,12,11,11,11,11,0.071440,0.9087,0.8074
289062.00,250000.00,297826.05,10,10,11,10,11,0.037228,0.9081,0.9608
679688.00,500000.00,554667.89,12,11,11,11,11,0.069333,0.8411,0.7070
507812.00,500000.00,518564.22,12,12,12,12,12,0.064821,0.9583,0.9708
289062.00,250000.00,291835.78,10,10,10,10,10,0.036479,0.9469,0.9840
679688.00,500000.00,674481.87,12,11,12,11,12,0.084310,0.9455,0.9857
570312.00,500000.00,551042.68,12,12,12,12,12,0.068880,0.9349,0.9543
507812.00,500000.00,511764.53,12,12,12,12,12,0.063971,0.9279,0.9737
570312.00,500000.00,565911.29,12,12,12,12,12,0.070739,0.9158,0.9636
679688.00,500000.00,686717.99,12,12,13,12,13,0.085840,0.9008,0.9546
679688.00,500000.00,649312.97,12,11,12,11,12,0.081164,0.8404,0.9293
570312.00,500000.00,579967.50,12,11,11,11,11,0.072496,0.8020,0.6490
554688.00,500000.00,553974.15,12,12,12,12,12,0.069247,0.9641,0.9913
585938.00,500000.00,589589.12,11,11,11,11,11,0.073699,0.9594,0.9789
554688.00,500000.00,555335.28,12,12,12,12,12,0.069417,0.9586,0.9895
585938.00,500000.00,598834.04,11,11,12,11,12,0.074854,0.9556,0.9778
585938.00,500000.00,578220.37,11,11,11,11,11,0.072278,0.9520,0.9726
585938.00,500000.00,593847.27,11,11,11,11,11,0.074231,0.9181,0.9145
164062.00,125000.00,163311.00,12,11,12,11,12,0.020414,0.9037,0.9473
164062.00,125000.00,159092.96,12,11,12,11,12,0.019887,0.8711,0.8820
164062.00,125000.00,155236.48,12,11,12,11,12,0.019405,0.8666,0.9310
554688.00,500000.00,552133.56,12,12,12,12,12,0.069017,0.9826,0.9889
242188.00,250000.00,244222.64,12,12,12,12,12,0.030528,0.9673,0.9802
554688.00,500000.00,556662.08,12,12,12,12,12,0.069583,0.9614,0.9694
554688.00,500000.00,544166.56,12,12,12,12,12,0.068021,0.9435,0.9798
242188.00,250000.00,240431.79,12,12,12,12,12,0.030054,0.9289,0.9656
585938.00,500000.00,572594.64,11,11,11,11,11,0.071574,0.9275,0.9701
242188.00,250000.00,241221.43,12,12,12,12,12,0.030153,0.9156,0.9306
242188.00,250000.00,246683.12,12,12,12,12,12,0.030835,0.9038,0.9211
164062.00,125000.00,159195.18,12,11,12,11,12,0.019899,0.8866,0.9690
164062.00,125000.00,158061.98,12,11,12,11,12,0.019758,0.8769,0.9036
164062.00,125000.00,149407.86,12,11,12,11,12,0.018676,0.8767,0.8996
242188.00,250000.00,252508.16,12,12,12,12,12,0.031564,0.8655,0.9360
242188.00,250000.00,246047.97,12,12,12,12,12,0.030756,0.8627,0.9669
242188.00,250000.00,243141.17,12,12,12,12,12,0.030393,0.9484,0.9836
585938.00,500000.00,582630.63,11,11,11,11,11,0.072829,0.9475,0.9711
242188.00,250000.00,239965.44,12,12,12,12,12,0.029996,0.9392,0.9844
585938.00,500000.00,577032.33,11,11,11,11,11,0.072129,0.9333,0.9673
554688.00,500000.00,569842.34,12,12,12,12,12,0.071230,0.9295,0.9731
242188.00,250000.00,238680.84,12,12,12,12,12,0.029835,0.9251,0.9773
585938.00,500000.00,580425.26,11,11,11,11,11,0.072553,0.9118,0.9830
554688.00,500000.00,562403.68,12,12,12,12,12,0.070300,0.9107,0.9518
585938.00,500000.00,573584.56,11,11,11,11,11,0.071698,0.8540,0.9603
585938.00,500000.00,584711.07,11,11,11,11,11,0.073089,0.9672,0.9901
554688.00,500000.00,541529.18,12,12,12,12,12,0.067691,0.9552,0.9736
242188.00,250000.00,244535.45,12,12,12,12,12,0.030567,0.9470,0.9887
585938.00,500000.00,584398.27,11,11,11,11,11,0.073050,0.9433,0.9754
554688.00,500000.00,557613.37,12,12,12,12,12,0.069702,0.9397,0.9848
242188.00,250000.00,245021.82,12,12,12,12,12,0.030628,0.9394,0.9858
164062.00,125000.00,161087.04,12,11,12,11,12,0.020136,0.9041,0.9436
554688.00,500000.00,569262.98,12,12,12,12,12,0.071158,0.8987,0.9692
164062.00,125000.00,166445.08,12,11,12,11,12,0.020806,0.8802,0.9185
164062.00,125000.00,131465.91,12,11,11,11,11,0.016433,0.8219,0.7099
351562.00,250000.00,352419.85,12,11,12,11,12,0.044052,0.9481,0.9797
351562.00,250000.00,355933.19,12,11,12,11,12,0.044492,0.9472,0.9757
585938.00,500000.00,579288.48,11,11,11,11,11,0.072411,0.9453,0.9856
585938.00,500000.00,588902.95,11,11,11,11,11,0.073613,0.9393,0.9880
351562.00,250000.00,353044.51,12,11,12,11,12,0.044131,0.9391,0.9868
632812.00,500000.00,620961.19,11,11,12,11,12,0.077620,0.9157,0.9522
632812.00,500000.00,622030.74,11,11,12,11,12,0.077754,0.9067,0.9436
632812.00,500000.00,614234.92,11,11,12,11,12,0.076779,0.8475,0.9612
351562.00,250000.00,328760.15,12,11,12,11,12,0.041095,0.7992,0.9283
585938.00,500000.00,591431.62,11,11,11,11,11,0.073929,0.9562,0.9805
351562.00,250000.00,350523.95,12,11,12,11,12,0.043815,0.9377,0.9801
585938.00,500000.00,565455.38,11,11,11,11,11,0.070682,0.9296,0.9581
492188.00,500000.00,478071.21,10,11,11,11,11,0.059759,0.9260,0.9344
351562.00,250000.00,356479.64,12,11,12,11,12,0.044560,0.9167,0.9701
585938.00,500000.00,556076.05,11,11,11,11,11,0.069510,0.9114,0.9125
632812.00,500000.00,575049.04,11,11,11,11,11,0.071881,0.9058,0.8999
585938.00,500000.00,573217.39,11,11,11,11,11,0.071652,0.8986,0.9738
492188.00,500000.00,521859.17,10,11,11,11,11,0.065232,0.7484,0.9082
351562.00,250000.00,351856.71,12,11,12,11,12,0.043982,0.9488,0.9683
585938.00,500000.00,581064.11,11,11,11,11,11,0.072633,0.9407,0.9720
351562.00,250000.00,354716.30,12,11,12,11,12,0.044340,0.9393,0.9626
492188.00,500000.00,487854.00,10,11,11,11,11,0.060982,0.9256,0.9648
492188.00,500000.00,476205.83,10,11,11,11,11,0.059526,0.9132,0.9600
351562.00,250000.00,332869.95,12,11,12,11,12,0.041609,0.8957,0.8900
492188.00,500000.00,472093.58,10,11,11,11,11,0.059012,0.8380,0.9381
632812.00,500000.00,636047.84,11,11,12,11,12,0.079506,0.8057,0.9779
492188.00,500000.00,485730.65,10,11,11,11,11,0.060716,0.8006,0.9301
585938.00,500000.00,584096.91,11,11,11,11,11,0.073012,0.9365,0.9795
585938.00,500000.00,577129.84,11,11,11,11,11,0.072141,0.9351,0.9818
585938.00,500000.00,585268.02,11,11,11,11,11,0.073159,0.9119,0.9546
492188.00,500000.00,495613.57,10,11,11,11,11,0.061952,0.8689,0.9408
351562.00,250000.00,350708.96,12,11,12,11,12,0.043839,0.8681,0.9672
632812.00,500000.00,610510.59,11,11,12,11,12,0.076314,0.8637,0.9463
492188.00,500000.00,481808.66,10,11,11,11,11,0.060226,0.8540,0.9352
351562.00,250000.00,282049.18,12,11,11,11,11,0.035256,0.7376,0.7835
492188.00,500000.00,494054.79,12,12,12,12,12,0.061757,0.9662,0.9924
476562.00,500000.00,480402.47,11,11,11,11,11,0.060050,0.9561,0.9871
492188.00,500000.00,487014.77,12,12,12,12,12,0.060877,0.9558,0.9817
476562.00,500000.00,482514.38,11,11,11,11,11,0.060314,0.9526,0.9788
476562.00,500000.00,487367.15,11,11,11,11,11,0.060921,0.9464,0.9714
257812.00,250000.00,257347.11,10,10,10,10,10,0.032168,0.9444,0.9903
257812.00,250000.00,259001.26,10,10,10,10,10,0.032375,0.9315,0.9910
476562.00,500000.00,581216.81,11,11,11,11,11,0.072652,0.9221,0.8050
257812.00,250000.00,258206.84,10,10,10,10,10,0.032276,0.9212,0.9805
492188.00,500000.00,499794.01,12,12,12,12,12,0.062474,0.9608,0.9810
476562.00,500000.00,481607.91,11,11,11,11,11,0.060201,0.9543,0.9872
492188.00,500000.00,488383.29,12,12,12,12,12,0.061048,0.9481,0.9848
257812.00,250000.00,252137.18,10,10,10,10,10,0.031517,0.9470,0.9740
257812.00,250000.00,266155.24,10,10,10,10,10,0.033269,0.9411,0.9530
476562.00,500000.00,478494.41,11,11,11,11,11,0.059812,0.9404,0.9524
476562.00,500000.00,493319.03,11,11,11,11,11,0.061665,0.9290,0.9521
492188.00,500000.00,494545.70,12,12,12,12,12,0.061818,0.9288,0.9854
726562.00,500000.00,537218.09,11,11,11,11,11,0.067152,0.9187,0.7252
492188.00,500000.00,505489.59,12,12,12,12,12,0.063186,0.9174,0.9676
257812.00,250000.00,252344.13,10,10,10,10,10,0.031543,0.9024,0.9741
492188.00,500000.00,492666.24,12,12,12,12,12,0.061583,0.9692,0.9891
476562.00,500000.00,483697.89,11,11,11,11,11,0.060462,0.9645,0.9727
476562.00,500000.00,476479.05,11,11,11,11,11,0.059560,0.9616,0.9922
492188.00,500000.00,493957.76,12,12,12,12,12,0.061745,0.9504,0.9792
726562.00,500000.00,552565.10,11,11,11,11,11,0.069071,0.8246,0.7535
257812.00,250000.00,259698.39,10,10,10,10,10,0.032462,0.9592,0.9742
257812.00,250000.00,264440.54,10,10,10,10,10,0.033055,0.9518,0.9674
257812.00,250000.00,258916.85,10,10,10,10,10,0.032365,0.9506,0.9747
476562.00,500000.00,492131.23,11,11,11,11,11,0.061516,0.9466,0.9644
492188.00,500000.00,487609.86,12,12,12,12,12,0.060951,0.9454,0.9700
257812.00,250000.00,254243.85,10,10,10,10,10,0.031780,0.9436,0.9634
476562.00,500000.00,478522.30,11,11,11,11,11,0.059815,0.9376,0.9914
492188.00,500000.00,487543.11,12,12,12,12,12,0.060943,0.9326,0.9431
257812.00,250000.00,274403.57,10,10,10,10,10,0.034300,0.9232,0.9290
492188.00,500000.00,458076.48,12,12,12,12,12,0.057260,0.9169,0.9077
726562.00,500000.00,662332.53,11,11,12,11,12,0.082792,0.8603,0.8591
726562.00,500000.00,723044.40,11,11,12,11,12,0.090381,0.7943,0.9719
335938.00,250000.00,338496.21,12,11,12,11,12,0.042312,0.9686,0.9556
257812.00,250000.00,257918.36,11,11,11,11,11,0.032240,0.9610,0.9946
257812.00,250000.00,258796.45,11,11,11,11,11,0.032350,0.9393,0.9725
257812.00,250000.00,258113.86,11,11,11,11,11,0.032264,0.9319,0.9822
257812.00,250000.00,259891.51,11,11,11,11,11,0.032486,0.9316,0.9748
257812.00,250000.00,255838.87,11,11,11,11,11,0.031980,0.9307,0.9766
257812.00,250000.00,253970.15,11,11,11,11,11,0.031746,0.9185,0.9817
226562.00,250000.00,229543.69,9,10,10,10,10,0.028693,0.9162,0.9789
226562.00,250000.00,237799.64,9,10,10,10,10,0.029725,0.8445,0.9444
179688.00,125000.00,177919.39,10,9,10,9,10,0.022240,0.7746,0.9518
335938.00,250000.00,331083.30,12,11,12,11,12,0.041385,0.9451,0.9818
335938.00,250000.00,319334.03,12,11,12,11,12,0.039917,0.9444,0.9480
335938.00,250000.00,331436.16,12,11,12,11,12,0.041430,0.9370,0.9784
226562.00,250000.00,227448.46,9,10,10,10,10,0.028431,0.9176,0.9911
226562.00,250000.00,234306.34,9,10,10,10,10,0.029288,0.8889,0.9618
179688.00,125000.00,178883.55,10,9,10,9,10,0.022360,0.8851,0.9672
226562.00,250000.00,230128.29,9,10,10,10,10,0.028766,0.8757,0.9751
226562.00,250000.00,230840.68,9,10,10,10,10,0.028855,0.8722,0.9508
179688.00,125000.00,179544.45,10,9,10,9,10,0.022443,0.8639,0.9402
335938.00,250000.00,338091.85,12,11,12,11,12,0.042261,0.8116,0.9753
179688.00,125000.00,179119.11,10,9,10,9,10,0.022390,0.7219,0.9091
335938.00,250000.00,339821.82,12,11,12,11,12,0.042478,0.9557,0.9825
335938.00,250000.00,329774.38,12,11,12,11,12,0.041222,0.9530,0.9791
257812.00,250000.00,261300.56,11,11,11,11,11,0.032663,0.9388,0.9791
179688.00,125000.00,178400.04,10,9,10,9,10,0.022300,0.9246,0.9661
335938.00,250000.00,336558.34,12,11,12,11,12,0.042070,0.9132,0.9709
257812.00,250000.00,269365.13,11,11,11,11,11,0.033671,0.9050,0.9485
257812.00,250000.00,260445.12,11,11,11,11,11,0.032556,0.8999,0.9862
226562.00,250000.00,277791.98,9,10,10,10,10,0.034724,0.8943,0.7948
179688.00,125000.00,178117.75,10,9,10,9,10,0.022265,0.7466,0.9827
335938.00,250000.00,329115.63,12,11,12,11,12,0.041139,0.9578,0.9792
335938.00,250000.00,337486.27,12,11,12,11,12,0.042186,0.9486,0.9616
226562.00,250000.00,228851.56,9,10,10,10,10,0.028606,0.9466,0.9710
257812.00,250000.00,258449.55,11,11,11,11,11,0.032306,0.9464,0.9787
226562.00,250000.00,227322.58,9,10,10,10,10,0.028415,0.9174,0.9848
335938.00,250000.00,336237.91,12,11,12,11,12,0.042030,0.9134,0.9017
179688.00,125000.00,180706.02,10,9,10,9,10,0.022588,0.8790,0.9794
257812.00,250000.00,251647.00,12,12,12,12,12,0.031456,0.9536,0.9717
242188.00,250000.00,241550.45,11,11,11,11,11,0.030194,0.9504,0.9961
273438.00,250000.00,268475.65,12,12,12,12,12,0.033559,0.9466,0.9790
226562.00,250000.00,227784.51,10,10,10,10,10,0.028473,0.9446,0.9844
226562.00,250000.00,228407.86,10,10,10,10,10,0.028551,0.9384,0.9673
273438.00,250000.00,270292.28,12,12,12,12,12,0.033787,0.9360,0.9811
257812.00,250000.00,258488.66,12,12,12,12,12,0.032311,0.9333,0.9597
226562.00,250000.00,225861.55,10,10,10,10,10,0.028233,0.9321,0.9899
257812.00,250000.00,252965.93,12,12,12,12,12,0.031621,0.9283,0.9775
273438.00,250000.00,270177.84,12,12,12,12,12,0.033772,0.9518,0.9832
242188.00,250000.00,247711.18,11,11,11,11,11,0.030964,0.9454,0.9562
242188.00,250000.00,246912.00,11,11,11,11,11,0.030864,0.9449,0.9725
226562.00,250000.00,231250.76,10,10,10,10,10,0.028906,0.9419,0.9735
226562.00,250000.00,228488.92,10,10,10,10,10,0.028561,0.9419,0.9872
273438.00,250000.00,272027.97,12,12,12,12,12,0.034003,0.9414,0.9762
257812.00,250000.00,255723.95,12,12,12,12,12,0.031965,0.9321,0.9690
226562.00,250000.00,227908.61,10,10,10,10,10,0.028489,0.9314,0.9667
257812.00,250000.00,256169.32,12,12,12,12,12,0.032021,0.9273,0.9774
273438.00,250000.00,273596.76,12,12,12,12,12,0.034200,0.9246,0.9641
242188.00,250000.00,247753.14,11,11,11,11,11,0.030969,0.9121,0.9762
273438.00,250000.00,276134.91,12,12,12,12,12,0.034517,0.9031,0.9844
226562.00,250000.00,231459.62,10,10,10,10,10,0.028932,0.8178,0.9509
242188.00,250000.00,252757.07,11,11,11,11,11,0.031595,0.8120,0.7687
257812.00,250000.00,262007.71,12,12,12,12,12,0.032751,0.9708,0.9827
273438.00,250000.00,270101.55,12,12,12,12,12,0.033763,0.9657,0.9781
257812.00,250000.00,258597.37,12,12,12,12,12,0.032325,0.9595,0.9883
242188.00,250000.00,240680.69,11,11,11,11,11,0.030085,0.9528,0.9714
257812.00,250000.00,255069.73,12,12,12,12,12,0.031884,0.9516,0.9330
242188.00,250000.00,242863.66,11,11,11,11,11,0.030358,0.9371,0.9765
273438.00,250000.00,273869.51,12,12,12,12,12,0.034234,0.9297,0.9703
273438.00,250000.00,272983.55,12,12,12,12,12,0.034123,0.9081,0.9730
242188.00,250000.00,245662.69,11,11,11,11,11,0.030708,0.8409,0.9633
257812.00,250000.00,257739.07,12,12,12,12,12,0.032217,0.9705,0.9520
242188.00,250000.00,241022.11,11,11,11,11,11,0.030128,0.9651,0.9789
242188.00,250000.00,242909.43,11,11,11,11,11,0.030364,0.9587,0.9862
273438.00,250000.00,265970.47,12,12,12,12,12,0.033246,0.9583,0.9712
273438.00,250000.00,270109.18,12,12,12,12,12,0.033764,0.9158,0.9820
226562.00,250000.00,219603.54,10,10,10,10,10,0.027450,0.8813,0.9624
226562.00,250000.00,224691.39,10,10,10,10,10,0.028086,0.8765,0.9484
257812.00,250000.00,214313.03,12,12,12,12,12,0.026789,0.8733,0.8222
226562.00,250000.00,226571.08,10,10,10,10,10,0.028321,0.8733,0.9704
257812.00,250000.00,237303.73,12,12,12,12,12,0.029663,0.8141,0.8416
226562.00,250000.00,224237.44,10,10,10,10,10,0.028030,0.7295,0.8474
148438.00,125000.00,148442.27,9,9,9,9,9,0.018555,0.9121,0.9684
351562.00,500000.00,351138.11,10,11,11,10,10,0.043892,0.9103,0.9681
757812.00,500000.00,694149.02,11,11,12,11,12,0.086769,0.8872,0.9082
351562.00,500000.00,364381.79,10,11,11,10,10,0.045548,0.8803,0.9537
757812.00,500000.00,723609.81,11,11,12,11,12,0.090451,0.8326,0.9364
179688.00,250000.00,180858.14,9,10,10,9,9,0.022607,0.8092,0.9651
351562.00,500000.00,358382.23,10,11,11,10,10,0.044798,0.7057,0.9708
179688.00,250000.00,181123.50,9,10,10,9,9,0.022640,0.9237,0.9830
148438.00,125000.00,148001.67,9,9,9,9,9,0.018500,0.9016,0.9770
757812.00,500000.00,488230.23,11,11,11,11,11,0.061029,0.8946,0.6332
179688.00,250000.00,178505.90,9,10,10,9,9,0.022313,0.8905,0.9794
148438.00,125000.00,146671.30,9,9,9,9,9,0.018334,0.8854,0.9404
757812.00,500000.00,518621.44,11,11,11,11,11,0.064828,0.8840,0.6827
351562.00,250000.00,356576.92,10,10,11,10,11,0.044572,0.8374,0.9678
351562.00,500000.00,355054.86,10,11,11,10,10,0.044382,0.8134,0.9757
351562.00,500000.00,358364.11,10,11,11,10,10,0.044796,0.8048,0.9354
179688.00,250000.00,174551.49,9,10,10,9,9,0.021819,0.7566,0.9707
148438.00,125000.00,148487.09,9,9,9,9,9,0.018561,0.9146,0.9930
148438.00,125000.00,146517.75,9,9,9,9,9,0.018315,0.9038,0.9536
757812.00,500000.00,517868.04,11,11,11,11,11,0.064734,0.9033,0.6696
757812.00,500000.00,594640.73,11,11,12,11,12,0.074330,0.8389,0.7781
179688.00,250000.00,182417.87,9,10,10,9,9,0.022802,0.8347,0.9764
179688.00,250000.00,182674.17,9,10,10,9,9,0.022834,0.8195,0.9631
179688.00,250000.00,179780.96,9,10,10,9,9,0.022473,0.7747,0.9782
757812.00,500000.00,582939.39,11,11,11,11,11,0.072867,0.7255,0.7390
148438.00,125000.00,148624.66,9,9,9,9,9,0.018578,0.7221,0.9157
179688.00,250000.00,184671.40,9,10,10,9,9,0.023084,0.9367,0.9716
148438.00,125000.00,147838.35,9,9,9,9,9,0.018480,0.9293,0.9511
148438.00,125000.00,149620.41,9,9,10,9,10,0.018703,0.8980,0.9590
179688.00,250000.00,173576.35,9,10,10,9,9,0.021697,0.8797,0.9643
351562.00,500000.00,351709.37,10,11,11,10,10,0.043964,0.8497,0.9831
757812.00,500000.00,582525.37,11,11,11,11,11,0.072816,0.8454,0.7406
351562.00,500000.00,362780.99,10,11,11,10,10,0.045348,0.8052,0.9636
148438.00,125000.00,143676.76,9,9,9,9,9,0.017960,0.7609,0.9571
351562.00,250000.00,352136.14,10,10,11,10,11,0.044017,0.7005,0.9853
570312.00,500000.00,568326.95,11,11,11,11,11,0.071041,0.9561,0.9919
445312.00,500000.00,448356.63,12,12,12,12,12,0.056045,0.9443,0.9880
570312.00,500000.00,572319.03,11,11,11,11,11,0.071540,0.9402,0.9800
570312.00,500000.00,572742.22,11,11,11,11,11,0.071593,0.9257,0.9839
570312.00,500000.00,555097.58,11,11,11,11,11,0.069387,0.9251,0.9643
179688.00,125000.00,174474.48,11,10,11,10,11,0.021809,0.9239,0.9681
179688.00,125000.00,180441.86,11,10,11,10,11,0.022555,0.9208,0.9568
132812.00,125000.00,135707.86,11,11,11,11,11,0.016963,0.9118,0.9764
445312.00,500000.00,441809.65,12,12,12,12,12,0.055226,0.8854,0.9910
445312.00,500000.00,458384.51,12,12,12,12,12,0.057298,0.8693,0.9690
179688.00,125000.00,181068.42,11,10,11,10,11,0.022634,0.7054,0.9558
445312.00,500000.00,450296.40,12,12,12,12,12,0.056287,0.9651,0.9765
570312.00,500000.00,579805.37,11,11,11,11,11,0.072476,0.9497,0.9630
445312.00,500000.00,452711.11,12,12,12,12,12,0.056589,0.9369,0.9793
445312.00,500000.00,459996.22,12,12,12,12,12,0.057500,0.9276,0.9652
132812.00,125000.00,131219.86,11,11,11,11,11,0.016402,0.9242,0.8996
179688.00,125000.00,175718.31,11,10,11,10,11,0.021965,0.9208,0.9719
132812.00,125000.00,134544.37,11,11,11,11,11,0.016818,0.9150,0.9553
179688.00,125000.00,179773.33,11,10,11,10,11,0.022472,0.8736,0.8228
445312.00,500000.00,450553.89,12,12,12,12,12,0.056319,0.8717,0.9853
132812.00,125000.00,129110.34,11,11,11,11,11,0.016139,0.8713,0.9705
132812.00,125000.00,137732.51,11,11,11,11,11,0.017217,0.8471,0.9570
570312.00,500000.00,494241.71,11,11,11,11,11,0.061780,0.7907,0.6529
445312.00,500000.00,452444.55,12,12,12,12,12,0.056556,0.7850,0.9240
445312.00,500000.00,446910.86,12,12,12,12,12,0.055864,0.9566,0.9941
570312.00,500000.00,570171.36,11,11,11,11,11,0.071271,0.9549,0.9974
570312.00,500000.00,561343.19,11,11,11,11,11,0.070168,0.9531,0.9800
445312.00,500000.00,449136.50,12,12,12,12,12,0.056142,0.9439,0.9755
570312.00,500000.00,569018.24,11,11,11,11,11,0.071127,0.9401,0.9903
179688.00,125000.00,170516.01,11,10,11,10,11,0.021315,0.9132,0.9456
132812.00,125000.00,134896.13,11,11,11,11,11,0.016862,0.9108,0.9636
132812.00,125000.00,134757.52,11,11,11,11,11,0.016845,0.9036,0.8002
570312.00,500000.00,558278.56,11,11,11,11,11,0.069785,0.9032,0.9395
179688.00,125000.00,181133.27,11,10,11,10,11,0.022642,0.8605,0.9523
132812.00,125000.00,133947.37,11,11,11,11,11,0.016743,0.8350,0.9059
179688.00,125000.00,190208.44,11,10,11,10,11,0.023776,0.8230,0.9368
132812.00,125000.00,129700.66,11,11,11,11,11,0.016213,0.9208,0.9681
179688.00,125000.00,141406.06,11,11,11,11,11,0.017676,0.8049,0.7391
132812.00,125000.00,135010.00,11,11,11,11,11,0.016876,0.7576,0.9711
429688.00,500000.00,426555.63,10,11,11,11,11,0.053319,0.9683,0.9716
429688.00,500000.00,431035.04,10,11,11,11,11,0.053879,0.9541,0.9911
429688.00,500000.00,430389.40,10,11,11,11,11,0.053799,0.9527,0.9908
429688.00,500000.00,423748.97,10,11,11,11,11,0.052969,0.9481,0.9733
179688.00,125000.00,181469.68,11,10,11,10,11,0.022684,0.7803,0.9654
445312.00,500000.00,449526.79,12,12,12,12,12,0.056191,0.9529,0.9892
429688.00,500000.00,429655.08,10,11,11,11,11,0.053707,0.9488,0.9867
445312.00,500000.00,446907.04,12,12,12,12,12,0.055863,0.9478,0.9820
429688.00,500000.00,430905.34,10,11,11,11,11,0.053863,0.9300,0.9762
179688.00,125000.00,181658.74,11,10,11,10,11,0.022707,0.8515,0.9851
789062.00,500000.00,547441.48,11,11,11,11,11,0.068430,0.8122,0.5519
179688.00,250000.00,183723.45,11,12,12,11,11,0.022965,0.7119,0.9625
445312.00,500000.00,445777.89,12,12,12,12,12,0.055722,0.9510,0.9922
445312.00,500000.00,447919.85,12,12,12,12,12,0.055990,0.9465,0.9789
429688.00,500000.00,432516.57,10,11,11,11,11,0.054065,0.9418,0.9868
429688.00,500000.00,436441.42,10,11,11,11,11,0.054555,0.9389,0.9713
445312.00,500000.00,448349.95,12,12,12,12,12,0.056044,0.9339,0.9589
445312.00,500000.00,447237.01,12,12,12,12,12,0.055905,0.9230,0.9575
445312.00,500000.00,451835.63,12,12,12,12,12,0.056479,0.8952,0.9766
179688.00,125000.00,180651.19,11,10,11,10,11,0.022581,0.8733,0.9556
179688.00,125000.00,175847.08,11,10,11,10,11,0.021981,0.8705,0.9676
429688.00,500000.00,446008.09,10,11,11,11,11,0.055751,0.8391,0.9550
179688.00,125000.00,173528.67,11,10,11,10,11,0.021691,0.7826,0.9176
179688.00,250000.00,178934.10,11,12,12,11,11,0.022367,0.7469,0.9830
179688.00,125000.00,181050.78,11,10,11,10,11,0.022631,0.7052,0.9206
445312.00,500000.00,446320.06,12,12,12,12,12,0.055790,0.9524,0.9860
429688.00,500000.00,436575.41,10,11,11,11,11,0.054572,0.9477,0.9532
429688.00,500000.00,427394.87,10,11,11,11,11,0.053424,0.9466,0.9844
445312.00,500000.00,449913.02,12,12,12,12,12,0.056239,0.9379,0.9258
445312.00,500000.00,450138.09,12,12,12,12,12,0.056267,0.9046,0.9865
445312.00,500000.00,447250.37,12,12,12,12,12,0.055906,0.8918,0.9382
789062.00,500000.00,556242.47,11,11,11,11,11,0.069530,0.8771,0.6838
179688.00,125000.00,178035.50,11,10,11,10,11,0.022254,0.8165,0.9710
226562.00,250000.00,222938.54,11,11,11,11,11,0.027867,0.9590,0.9565
507812.00,500000.00,511859.89,11,11,11,11,11,0.063982,0.9569,0.9856
507812.00,500000.00,505613.33,11,11,11,11,11,0.063202,0.9523,0.9949
507812.00,500000.00,505666.73,11,11,11,11,11,0.063208,0.9475,0.9517
507812.00,500000.00,503269.20,11,11,11,11,11,0.062909,0.9424,0.9670
507812.00,500000.00,509866.71,11,11,11,11,11,0.063733,0.9410,0.9658
226562.00,250000.00,228427.89,11,11,11,11,11,0.028553,0.9307,0.9441
226562.00,250000.00,228862.26,11,11,11,11,11,0.028608,0.9298,0.9828
226562.00,250000.00,223629.00,11,11,11,11,11,0.027954,0.8866,0.9819
398438.00,500000.00,428326.13,12,12,12,12,12,0.053541,0.8564,0.9172
507812.00,500000.00,514546.39,11,11,11,11,11,0.064318,0.8364,0.6788
414062.00,250000.00,340415.00,12,11,12,11,12,0.042552,0.7574,0.7934
398438.00,250000.00,359423.64,12,11,12,11,12,0.044928,0.7566,0.7010
414062.00,250000.00,413567.54,12,11,12,11,12,0.051696,0.7527,0.9559
414062.00,250000.00,361422.78,12,11,12,11,12,0.045178,0.7313,0.8706
507812.00,500000.00,513282.78,11,11,11,11,11,0.064160,0.9438,0.9744
507812.00,500000.00,507185.46,11,11,11,11,11,0.063398,0.9390,0.9784
226562.00,250000.00,225312.23,11,11,11,11,11,0.028164,0.9354,0.9671
226562.00,250000.00,226140.98,11,11,11,11,11,0.028268,0.9307,0.9768
398438.00,250000.00,398149.49,12,11,12,11,12,0.049769,0.8930,0.9819
398438.00,250000.00,395627.98,12,11,12,11,12,0.049453,0.8046,0.9616
507812.00,500000.00,510684.97,11,11,11,11,11,0.063836,0.9656,0.9788
226562.00,250000.00,230871.20,11,11,11,11,11,0.028859,0.9466,0.9777
226562.00,250000.00,225374.22,11,11,11,11,11,0.028172,0.9240,0.9355
226562.00,250000.00,229143.14,11,11,11,11,11,0.028643,0.9223,0.9719
398438.00,250000.00,379978.18,12,11,12,11,12,0.047497,0.9050,0.9378
398438.00,250000.00,401494.98,12,11,12,11,12,0.050187,0.8978,0.9671
507812.00,500000.00,463339.81,11,11,11,11,11,0.057917,0.8593,0.8661
414062.00,250000.00,413496.32,12,11,12,11,12,0.051687,0.8328,0.9918
398438.00,250000.00,395902.16,12,11,12,11,12,0.049488,0.7398,0.9189
226562.00,250000.00,230108.26,11,11,11,11,11,0.028764,0.9577,0.9829
507812.00,500000.00,506564.62,11,11,11,11,11,0.063321,0.9505,0.9856
226562.00,250000.00,230822.56,11,11,11,11,11,0.028853,0.9484,0.9435
398438.00,250000.00,401018.14,12,11,12,11,12,0.050127,0.9431,0.9767
414062.00,500000.00,420143.13,12,12,12,11,11,0.052518,0.9127,0.9796
398438.00,250000.00,402703.29,12,11,12,11,12,0.050338,0.8961,0.9824
414062.00,250000.00,410433.53,12,11,12,11,12,0.051304,0.8420,0.9137
414062.00,500000.00,414316.65,12,12,12,11,11,0.051790,0.8292,0.9812
726562.00,500000.00,728899.00,12,11,12,11,12,0.091112,0.9526,0.9730
664062.00,500000.00,666404.72,11,11,12,11,12,0.083301,0.9498,0.9809
726562.00,500000.00,719411.37,12,11,12,11,12,0.089926,0.9490,0.9797
726562.00,500000.00,721404.08,12,11,12,11,12,0.090176,0.9383,0.9738
664062.00,500000.00,654994.96,11,11,12,11,12,0.081874,0.9351,0.9434
726562.00,500000.00,731171.61,12,11,12,11,12,0.091396,0.9344,0.9866
726562.00,500000.00,716611.86,12,11,12,11,12,0.089576,0.9277,0.9769
664062.00,500000.00,677180.29,11,11,12,11,12,0.084648,0.9089,0.9662
148438.00,125000.00,145490.65,10,10,10,10,10,0.018186,0.7440,0.9784
726562.00,500000.00,716310.50,12,11,12,11,12,0.089539,0.9606,0.9790
726562.00,500000.00,724224.57,12,11,12,11,12,0.090528,0.9550,0.9902
726562.00,500000.00,697191.24,12,11,12,11,12,0.087149,0.9039,0.9445
726562.00,500000.00,702733.04,12,11,12,11,12,0.087842,0.9008,0.9613
726562.00,500000.00,624608.99,12,11,12,11,12,0.078076,0.8968,0.8448
726562.00,500000.00,700513.84,12,11,12,11,12,0.087564,0.8848,0.9613
726562.00,500000.00,575572.01,12,11,11,11,11,0.071947,0.8583,0.7675
148438.00,125000.00,145490.65,10,9,9,9,9,0.018186,0.8360,0.9608
148438.00,125000.00,151275.63,10,9,10,9,10,0.018909,0.8216,0.9506
148438.00,125000.00,152919.77,10,9,10,9,10,0.019115,0.8170,0.9659
726562.00,500000.00,714198.11,12,11,12,11,12,0.089275,0.9574,0.9690
726562.00,500000.00,712120.06,12,11,12,11,12,0.089015,0.9487,0.9752
726562.00,500000.00,613748.55,12,11,12,11,12,0.076719,0.9335,0.8153
726562.00,500000.00,699403.76,12,11,12,11,12,0.087425,0.9252,0.9493
726562.00,500000.00,677309.04,12,11,12,11,12,0.084664,0.9226,0.9249
726562.00,500000.00,692962.65,12,11,12,11,12,0.086620,0.9144,0.9250
726562.00,500000.00,735753.06,12,11,12,11,12,0.091969,0.9137,0.9716
726562.00,500000.00,730396.75,12,11,12,11,12,0.091300,0.9092,0.9765
148438.00,125000.00,153132.44,10,9,10,9,10,0.019142,0.8452,0.9519
664062.00,500000.00,679778.10,11,11,12,11,12,0.084972,0.8410,0.8899
726562.00,500000.00,696743.01,12,11,12,11,12,0.087093,0.8381,0.9326
148438.00,125000.00,150849.82,10,10,11,10,11,0.018856,0.8366,0.9814
148438.00,125000.00,151163.10,10,9,10,9,10,0.018895,0.7715,0.9499
664062.00,500000.00,621913.91,11,11,12,11,12,0.077739,0.7443,0.7953
664062.00,500000.00,645275.35,11,11,12,11,12,0.080659,0.9591,0.9646
726562.00,500000.00,720698.36,12,11,12,11,12,0.090087,0.9207,0.9823
148438.00,125000.00,144432.07,10,10,10,10,10,0.018054,0.7429,0.9509
539062.00,500000.00,530221.94,12,12,12,12,12,0.066278,0.9732,0.9822
539062.00,500000.00,543310.17,12,12,12,12,12,0.067914,0.9610,0.9911
539062.00,500000.00,543265.34,12,12,12,12,12,0.067908,0.9563,0.9889
289062.00,250000.00,288278.34,11,11,11,11,11,0.036035,0.9466,0.9822
539062.00,500000.00,533285.74,12,12,12,12,12,0.066661,0.9456,0.9857
492188.00,500000.00,477903.37,10,11,11,11,11,0.059738,0.9258,0.9648
289062.00,250000.00,285940.17,11,11,11,11,11,0.035743,0.9239,0.9746
289062.00,250000.00,287932.40,11,11,11,11,11,0.035992,0.9125,0.9920
539062.00,500000.00,535761.83,12,12,12,12,12,0.066970,0.9647,0.9911
539062.00,500000.00,539644.24,12,12,12,12,12,0.067456,0.9603,0.9860
539062.00,500000.00,538275.72,12,12,12,12,12,0.067284,0.9577,0.9848
539062.00,500000.00,528552.06,12,12,12,12,12,0.066069,0.9565,0.9773
492188.00,500000.00,484388.35,10,11,11,11,11,0.060549,0.9548,0.9820
289062.00,250000.00,286954.88,11,11,11,11,11,0.035869,0.9471,0.9861
289062.00,250000.00,288885.12,11,11,11,11,11,0.036111,0.9396,0.9713
617188.00,500000.00,612735.75,12,12,13,12,13,0.076592,0.9070,0.9864
492188.00,500000.00,483341.22,10,11,11,11,11,0.060418,0.9479,0.9804
617188.00,500000.00,597945.21,12,12,13,12,13,0.074743,0.9350,0.9624
289062.00,250000.00,297226.91,11,11,11,11,11,0.037153,0.9315,0.9697
289062.00,250000.00,291416.17,11,11,11,11,11,0.036427,0.9309,0.9799
539062.00,500000.00,536643.98,12,12,12,12,12,0.067080,0.9293,0.9694
289062.00,250000.00,288499.83,11,11,11,11,11,0.036062,0.9146,0.9305
617188.00,500000.00,612983.23,12,11,12,11,12,0.076623,0.8903,0.9868
492188.00,500000.00,490468.00,10,11,11,11,11,0.061308,0.8550,0.9577
289062.00,250000.00,295495.51,11,11,11,11,11,0.036937,0.8325,0.9483
617188.00,500000.00,609489.92,12,12,13,12,13,0.076186,0.8228,0.9545
289062.00,250000.00,289595.96,11,11,11,11,11,0.036199,0.8121,0.9621
539062.00,500000.00,531877.04,12,12,12,12,12,0.066485,0.7643,0.9286
617188.00,500000.00,612014.77,12,12,13,12,13,0.076502,0.7430,0.9911
539062.00,500000.00,540544.51,12,12,12,12,12,0.067568,0.9551,0.9804
492188.00,500000.00,485195.16,10,11,11,11,11,0.060649,0.9441,0.9804
617188.00,500000.00,618684.29,12,12,13,12,13,0.077336,0.9354,0.9910
289062.00,250000.00,288137.44,11,11,11,11,11,0.036017,0.9233,0.9719
492188.00,500000.00,482438.09,10,11,11,11,11,0.060305,0.9225,0.9449
492188.00,500000.00,503797.53,10,11,11,11,11,0.062975,0.9120,0.9731
617188.00,500000.00,613798.14,12,11,12,11,12,0.076725,0.8638,0.9882
492188.00,500000.00,500120.16,10,11,11,11,11,0.062515,0.8167,0.8660
492188.00,500000.00,494136.81,10,11,11,11,11,0.061767,0.7250,0.9511
554688.00,500000.00,547492.03,12,12,12,12,12,0.068437,0.9640,0.9862
773438.00,500000.00,760522.37,12,11,12,11,12,0.095065,0.9518,0.9827
757812.00,500000.00,747031.21,12,11,12,11,12,0.093379,0.9325,0.9637
757812.00,500000.00,763903.62,12,11,12,11,12,0.095488,0.9246,0.9637
773438.00,500000.00,750172.14,12,11,12,11,12,0.093772,0.9168,0.9591
554688.00,500000.00,547862.05,12,12,12,12,12,0.068483,0.9600,0.9846
554688.00,500000.00,550523.76,12,12,12,12,12,0.068815,0.9528,0.9887
554688.00,500000.00,560497.28,12,12,12,12,12,0.070062,0.9476,0.9877
757812.00,500000.00,758605.48,12,11,12,11,12,0.094826,0.9460,0.9842
773438.00,500000.00,764608.38,12,11,12,11,12,0.095576,0.9377,0.9751
773438.00,500000.00,745889.19,12,11,12,11,12,0.093236,0.9269,0.9542
757812.00,500000.00,742718.70,12,11,12,11,12,0.092840,0.9269,0.9733
757812.00,500000.00,750663.76,12,11,12,11,12,0.093833,0.9260,0.9759
101562.00,125000.00,137523.65,12,12,12,12,12,0.017190,0.7929,0.7341
101562.00,125000.00,135176.66,12,12,12,12,12,0.016897,0.7212,0.7077
757812.00,500000.00,749376.30,12,11,12,11,12,0.093672,0.9665,0.9560
554688.00,500000.00,553115.84,12,12,12,12,12,0.069139,0.9630,0.9936
554688.00,500000.00,555066.11,12,12,12,12,12,0.069383,0.9580,0.9839
554688.00,500000.00,541348.22,12,12,12,12,12,0.067669,0.9461,0.9741
554688.00,500000.00,551015.85,12,12,12,12,12,0.068877,0.9324,0.9729
773438.00,500000.00,759504.32,12,11,12,11,12,0.094938,0.9161,0.9672
101562.00,125000.00,121873.86,12,12,12,12,12,0.015234,0.9081,0.8303
773438.00,500000.00,711147.31,12,11,12,11,12,0.088893,0.9077,0.9086
773438.00,500000.00,655149.46,12,11,12,11,12,0.081894,0.8948,0.8399
757812.00,500000.00,694270.13,12,11,12,11,12,0.086784,0.8824,0.8884
773438.00,500000.00,663730.62,12,11,12,11,12,0.082966,0.8644,0.8392
757812.00,500000.00,569705.01,12,11,11,11,11,0.071213,0.8216,0.7380
554688.00,500000.00,562630.65,12,12,12,12,12,0.070329,0.9614,0.9855
757812.00,500000.00,726585.39,12,11,12,11,12,0.090823,0.9262,0.9495
101562.00,125000.00,107192.04,12,12,12,12,12,0.013399,0.9185,0.9446
757812.00,500000.00,707286.36,12,11,12,11,12,0.088411,0.9127,0.9270
773438.00,500000.00,736045.84,12,11,12,11,12,0.092006,0.8598,0.9132
554688.00,500000.00,556053.40,12,12,12,12,12,0.069507,0.8510,0.9145
757812.00,500000.00,490320.74,12,11,11,11,11,0.061290,0.8331,0.6331
554688.00,500000.00,612752.20,12,11,12,11,12,0.076594,0.8065,0.7101
101562.00,125000.00,109306.34,12,12,12,12,12,0.013663,0.7572,0.8193
273438.00,250000.00,262487.41,11,11,11,11,11,0.032811,0.9367,0.9525
335938.00,250000.00,337274.55,10,10,11,10,11,0.042159,0.9264,0.9699
414062.00,250000.00,403505.33,11,10,11,10,11,0.050438,0.8581,0.9692
335938.00,250000.00,329872.13,10,10,11,10,11,0.041234,0.7930,0.9786
335938.00,250000.00,332694.29,10,10,11,10,11,0.041587,0.7725,0.9893
414062.00,250000.00,410057.07,11,10,11,10,11,0.051257,0.7615,0.9760
101562.00,125000.00,131700.52,12,12,12,12,12,0.016463,0.7611,0.7640
273438.00,250000.00,271599.29,11,11,11,11,11,0.033950,0.9581,0.9706
273438.00,250000.00,278959.27,11,11,11,11,11,0.034870,0.9556,0.9704
273438.00,250000.00,270883.56,11,11,11,11,11,0.033860,0.9438,0.9838
273438.00,250000.00,263703.35,11,11,11,11,11,0.032963,0.9392,0.9614
273438.00,250000.00,273214.58,11,11,11,11,11,0.034152,0.9306,0.9914
335938.00,250000.00,343262.67,10,10,11,10,11,0.042908,0.8702,0.9348
414062.00,500000.00,425506.59,11,12,12,12,12,0.053188,0.8339,0.9609
335938.00,250000.00,337633.13,10,10,11,10,11,0.042204,0.7194,0.9591
273438.00,250000.00,267079.35,11,11,11,11,11,0.033385,0.8895,0.9357
273438.00,250000.00,274055.48,11,11,11,11,11,0.034257,0.8674,0.9658
101562.00,125000.00,123617.17,12,12,12,12,12,0.015452,0.8598,0.8174
335938.00,500000.00,360867.50,10,11,11,10,10,0.045108,0.8163,0.8823
414062.00,500000.00,418706.89,11,12,12,11,11,0.052338,0.7466,0.9795
335938.00,250000.00,332440.38,10,10,11,10,11,0.041555,0.7343,0.9818
273438.00,250000.00,263494.25,11,11,11,11,11,0.032937,0.9601,0.9622
273438.00,250000.00,274151.80,11,11,11,11,11,0.034269,0.9412,0.9959
273438.00,250000.00,272381.78,11,11,11,11,11,0.034048,0.9337,0.9711
335938.00,250000.00,334355.35,10,10,11,10,11,0.041794,0.9210,0.9790
335938.00,250000.00,336982.25,10,10,11,10,11,0.042123,0.9066,0.9915
101562.00,125000.00,121319.77,12,12,12,12,12,0.015165,0.7929,0.7879
414062.00,500000.00,413780.21,11,11,11,10,10,0.051723,0.7893,0.9687
101562.00,125000.00,115208.63,12,12,12,12,12,0.014401,0.7885,0.8701
101562.00,125000.00,130743.32,12,12,12,12,12,0.016343,0.7738,0.6760
335938.00,250000.00,333017.35,10,10,11,10,11,0.041627,0.7693,0.9651
226562.00,250000.00,226720.81,12,12,12,12,12,0.028340,0.9408,0.9689
132812.00,125000.00,134605.41,11,11,11,11,11,0.016826,0.9288,0.9630
210938.00,250000.00,214671.13,11,11,11,11,11,0.026834,0.9195,0.9570
335938.00,250000.00,329206.47,11,10,11,10,11,0.041151,0.9116,0.9750
210938.00,250000.00,213332.18,11,11,11,11,11,0.026667,0.8715,0.9731
210938.00,250000.00,210842.13,11,11,11,11,11,0.026355,0.9509,0.9503
226562.00,250000.00,227542.88,12,12,12,12,12,0.028443,0.9406,0.9744
210938.00,250000.00,211303.71,11,11,11,11,11,0.026413,0.9074,0.9538
132812.00,125000.00,128194.81,11,11,11,11,11,0.016024,0.8881,0.9564
132812.00,125000.00,131552.46,11,11,11,11,11,0.016444,0.8821,0.8841
132812.00,125000.00,133653.64,11,11,11,11,11,0.016707,0.8611,0.9787
226562.00,250000.00,235340.12,12,12,12,12,12,0.029418,0.8596,0.9047
210938.00,250000.00,210910.80,11,11,11,11,11,0.026364,0.8546,0.9786
335938.00,250000.00,337739.11,11,10,11,10,11,0.042217,0.8236,0.8664
132812.00,125000.00,137321.00,11,11,11,11,11,0.017165,0.8063,0.9487
226562.00,250000.00,235681.53,12,12,12,12,12,0.029460,0.9456,0.9596
335938.00,250000.00,335956.57,11,10,11,10,11,0.041995,0.9393,0.9700
226562.00,250000.00,234498.98,12,12,12,12,12,0.029312,0.9336,0.9622
226562.00,250000.00,236717.22,12,12,12,12,12,0.029590,0.9265,0.9452
226562.00,250000.00,228548.05,12,12,12,12,12,0.028569,0.9231,0.9800
335938.00,250000.00,341563.22,11,10,11,10,11,0.042695,0.9155,0.9682
132812.00,125000.00,133021.35,11,11,11,11,11,0.016628,0.9153,0.9662
210938.00,250000.00,218642.47,11,11,11,11,11,0.027330,0.8735,0.9619
226562.00,250000.00,232913.02,12,12,12,12,12,0.029114,0.7952,0.9090
335938.00,250000.00,341108.08,11,10,11,10,11,0.042639,0.7209,0.9797
132812.00,125000.00,129805.09,11,11,11,11,11,0.016226,0.9466,0.9727
335938.00,250000.00,336866.38,11,10,11,10,11,0.042108,0.9455,0.9706
226562.00,250000.00,234512.33,12,12,12,12,12,0.029314,0.9397,0.9630
210938.00,250000.00,218803.41,11,11,11,11,11,0.027350,0.9306,0.9565
226562.00,250000.00,228350.64,12,12,12,12,12,0.028544,0.9248,0.9673
132812.00,125000.00,132040.02,11,11,11,11,11,0.016505,0.9062,0.9910
132812.00,125000.00,128151.89,11,11,11,11,11,0.016019,0.8974,0.9522
132812.00,125000.00,132874.49,11,11,11,11,11,0.016609,0.8965,0.9887
210938.00,250000.00,216892.00,11,11,11,11,11,0.027112,0.8885,0.9706
210938.00,250000.00,213761.33,11,11,11,11,11,0.026720,0.8550,0.9839
335938.00,250000.00,297420.50,11,11,12,11,12,0.037178,0.7592,0.8638
460938.00,500000.00,461174.01,11,11,11,11,11,0.057647,0.9551,0.9929
460938.00,500000.00,459389.93,11,11,11,11,11,0.057424,0.9287,0.9885
460938.00,500000.00,465213.78,11,11,11,11,11,0.058152,0.9268,0.9797
367188.00,500000.00,370980.26,10,11,11,10,10,0.046373,0.9014,0.9776
367188.00,500000.00,401636.60,10,11,11,10,10,0.050205,0.8888,0.8925
164062.00,125000.00,160388.95,10,9,10,9,10,0.020049,0.8697,0.9705
398438.00,250000.00,392713.55,11,10,11,10,11,0.049089,0.8651,0.9704
367188.00,500000.00,409482.96,10,11,11,10,10,0.051185,0.8590,0.8849
398438.00,250000.00,398481.85,11,10,11,10,11,0.049810,0.8225,0.9651
460938.00,500000.00,464507.10,11,11,11,11,11,0.058063,0.9559,0.9889
460938.00,500000.00,464114.19,11,11,11,11,11,0.058014,0.9458,0.9930
460938.00,500000.00,463603.02,11,11,11,11,11,0.057950,0.9428,0.9827
164062.00,125000.00,164601.33,10,9,10,9,10,0.020575,0.9266,0.9865
367188.00,500000.00,371222.02,10,11,11,10,10,0.046403,0.9220,0.9798
367188.00,500000.00,368276.60,10,11,11,10,10,0.046035,0.9087,0.9891
164062.00,125000.00,166821.96,10,9,10,9,10,0.020853,0.8133,0.9795
164062.00,125000.00,163291.93,10,9,10,9,10,0.020411,0.7173,0.9889
460938.00,500000.00,458719.49,11,11,11,11,11,0.057340,0.9540,0.9796
367188.00,500000.00,388074.87,10,11,11,10,10,0.048509,0.9267,0.8276
460938.00,500000.00,484965.32,11,11,11,11,11,0.060621,0.8833,0.9302
367188.00,500000.00,381212.23,10,11,11,10,10,0.047652,0.8802,0.9523
164062.00,125000.00,163219.45,10,9,10,9,10,0.020402,0.8050,0.9640
398438.00,250000.00,399686.81,11,10,11,10,11,0.049961,0.7979,0.9805
460938.00,500000.00,469429.97,11,11,11,11,11,0.058679,0.9399,0.9798
460938.00,500000.00,464725.49,11,11,11,11,11,0.058091,0.9339,0.9797
367188.00,500000.00,373820.30,10,11,11,10,10,0.046728,0.9306,0.9813
367188.00,500000.00,369956.97,10,11,11,10,10,0.046245,0.8707,0.9865
367188.00,500000.00,374102.12,10,11,11,10,10,0.046763,0.8477,0.9803
398438.00,250000.00,390235.90,11,10,11,10,11,0.048779,0.8181,0.9631
164062.00,125000.00,165448.67,10,9,10,9,10,0.020681,0.8042,0.9769
164062.00,125000.00,164004.33,10,9,10,9,10,0.020501,0.8029,0.9093
492188.00,500000.00,495943.07,11,11,11,11,11,0.061993,0.9653,0.9753
492188.00,500000.00,493584.87,11,11,11,11,11,0.061698,0.9483,0.9766
132812.00,125000.00,132549.29,10,10,10,10,10,0.016569,0.9342,0.9533
601562.00,500000.00,595740.32,11,11,12,11,12,0.074468,0.9253,0.9696
132812.00,125000.00,126216.89,10,10,10,10,10,0.015777,0.9214,0.9465
601562.00,500000.00,573256.49,11,11,11,11,11,0.071657,0.8496,0.8016
367188.00,500000.00,368287.09,10,11,11,10,10,0.046036,0.8209,0.9843
367188.00,500000.00,370685.58,10,11,11,10,10,0.046336,0.7566,0.9633
492188.00,500000.00,503113.27,11,11,11,11,11,0.062889,0.9638,0.9765
601562.00,500000.00,602238.66,11,11,12,11,12,0.075280,0.9473,0.9859
492188.00,500000.00,497733.12,11,11,11,11,11,0.062217,0.9422,0.9830
601562.00,500000.00,588537.22,11,11,11,11,11,0.073567,0.9273,0.9661
367188.00,500000.00,376571.42,10,11,11,10,10,0.047071,0.9265,0.9690
132812.00,125000.00,131708.15,10,10,10,10,10,0.016464,0.9159,0.9521
132812.00,125000.00,131631.85,10,10,10,10,10,0.016454,0.9122,0.9516
132812.00,125000.00,133441.93,10,10,10,10,10,0.016680,0.9084,0.9568
132812.00,125000.00,131700.52,10,10,10,10,10,0.016463,0.9078,0.9178
367188.00,500000.00,381769.42,10,11,11,10,10,0.047721,0.9073,0.9526
601562.00,500000.00,627401.35,11,11,12,11,12,0.078425,0.9027,0.9426
132812.00,125000.00,130707.03,10,10,10,10,10,0.016338,0.8932,0.9772
367188.00,500000.00,376746.42,10,11,11,10,10,0.047093,0.8071,0.9279
601562.00,500000.00,595403.79,11,11,12,11,12,0.074425,0.9608,0.9804
492188.00,500000.00,493793.49,11,11,11,11,11,0.061724,0.9532,0.9823
492188.00,500000.00,494800.57,11,11,11,11,11,0.061850,0.9451,0.9933
367188.00,500000.00,365164.76,10,11,11,10,10,0.045646,0.9009,0.9887
132812.00,125000.00,136644.36,10,10,10,10,10,0.017081,0.9004,0.9471
367188.00,500000.00,370750.43,10,11,11,10,10,0.046344,0.8722,0.9478
367188.00,500000.00,416853.43,10,11,11,10,10,0.052107,0.8459,0.8711
367188.00,500000.00,360977.17,10,11,11,10,10,0.045122,0.7495,0.9522
492188.00,500000.00,503280.88,11,11,11,11,11,0.062910,0.9538,0.9606
492188.00,500000.00,485661.51,11,11,11,11,11,0.060708,0.9471,0.9634
601562.00,500000.00,595555.54,11,11,12,11,12,0.074444,0.9470,0.9719
601562.00,500000.00,590986.73,11,11,11,11,11,0.073873,0.9413,0.9569
492188.00,500000.00,503901.96,11,11,11,11,11,0.062988,0.9386,0.9441
132812.00,125000.00,137841.22,10,10,10,10,10,0.017230,0.9337,0.9506
492188.00,500000.00,498127.46,11,11,11,11,11,0.062266,0.9239,0.9471
132812.00,125000.00,133607.86,10,10,10,10,10,0.016701,0.9228,0.9769
601562.00,500000.00,595201.25,11,11,12,11,12,0.074400,0.9086,0.9703
132812.00,125000.00,132967.95,10,10,10,10,10,0.016621,0.9038,0.9471
492188.00,500000.00,489007.35,11,11,11,11,11,0.061126,0.8777,0.9750
195312.00,250000.00,198864.94,9,10,10,9,9,0.024858,0.9252,0.9510
117188.00,125000.00,119819.16,9,9,9,9,9,0.014977,0.9252,0.9761
226562.00,250000.00,231489.18,9,10,10,10,10,0.028936,0.9190,0.9414
117188.00,125000.00,120999.34,9,9,9,9,9,0.015125,0.9125,0.9494
226562.00,250000.00,228070.26,9,10,10,10,10,0.028509,0.9043,0.9516
226562.00,250000.00,234871.86,9,10,10,10,10,0.029359,0.9032,0.9550
195312.00,250000.00,192121.51,9,10,10,9,9,0.024015,0.8979,0.9614
117188.00,125000.00,121471.41,9,9,9,9,9,0.015184,0.8837,0.9390
195312.00,250000.00,200810.43,9,10,10,9,9,0.025101,0.8668,0.9642
195312.00,250000.00,202215.19,9,10,10,9,9,0.025277,0.9558,0.9623
226562.00,250000.00,226450.92,9,10,10,10,10,0.028306,0.9506,0.9892
117188.00,125000.00,120770.45,9,9,9,9,9,0.015096,0.9467,0.9684
117188.00,125000.00,118667.60,9,9,9,9,9,0.014833,0.9301,0.9715
132812.00,125000.00,126581.91,9,9,9,9,9,0.015823,0.9284,0.9516
132812.00,125000.00,130257.61,9,9,9,9,9,0.016282,0.9207,0.9575
195312.00,250000.00,194040.30,9,10,10,9,9,0.024255,0.9116,0.9864
226562.00,250000.00,222331.29,9,10,10,10,10,0.027791,0.9078,0.9723
226562.00,250000.00,224706.65,9,10,10,10,10,0.028088,0.8791,0.9671
195312.00,250000.00,192939.76,9,10,10,9,9,0.024117,0.8782,0.9213
195312.00,250000.00,195407.87,9,10,10,9,9,0.024426,0.8778,0.9819
117188.00,125000.00,119389.53,9,9,9,9,9,0.014924,0.8339,0.8838
226562.00,250000.00,229799.27,9,10,10,10,10,0.028725,0.8060,0.9668
132812.00,125000.00,130034.45,9,9,9,9,9,0.016254,0.9397,0.9753
117188.00,125000.00,121579.97,9,9,9,9,9,0.015197,0.9222,0.9591
132812.00,125000.00,131265.64,9,9,9,9,9,0.016408,0.9191,0.9637
195312.00,250000.00,202165.60,9,10,10,9,9,0.025271,0.9074,0.9652
195312.00,250000.00,192098.62,9,10,10,9,9,0.024012,0.9038,0.9498
132812.00,125000.00,134683.61,9,9,9,9,9,0.016835,0.9008,0.9420
132812.00,125000.00,131852.98,9,9,9,9,9,0.016482,0.8907,0.9509
195312.00,250000.00,200471.40,9,10,10,9,9,0.025059,0.8874,0.9333
132812.00,125000.00,130725.86,9,9,9,9,9,0.016341,0.9361,0.9371
117188.00,125000.00,119380.95,9,9,9,9,9,0.014923,0.9232,0.9212
132812.00,125000.00,130728.96,9,9,9,9,9,0.016341,0.9191,0.9049
195312.00,250000.00,191288.95,9,10,10,9,9,0.023911,0.9170,0.9768
226562.00,250000.00,234464.65,9,10,10,10,10,0.029308,0.9060,0.9536
132812.00,125000.00,131420.14,9,9,9,9,9,0.016428,0.9030,0.9699
226562.00,250000.00,226216.08,9,10,10,10,10,0.028277,0.9027,0.9461
226562.00,250000.00,228132.25,9,10,10,10,10,0.028517,0.8859,0.9775
132812.00,125000.00,131902.69,9,9,9,9,9,0.016488,0.8662,0.9216
132812.00,125000.00,136838.91,9,9,9,9,9,0.017105,0.8420,0.9349
117188.00,125000.00,120311.98,9,9,9,9,9,0.015039,0.7057,0.7292
445312.00,500000.00,446192.74,10,11,11,11,11,0.055774,0.9494,0.9783
210938.00,250000.00,213880.54,11,11,11,11,11,0.026735,0.9355,0.9796
117188.00,125000.00,120424.27,9,9,9,9,9,0.015053,0.9145,0.9722
132812.00,125000.00,134654.05,12,12,12,12,12,0.016832,0.8897,0.9287
117188.00,125000.00,120539.19,9,9,9,9,9,0.015067,0.8298,0.8315
210938.00,250000.00,207231.52,11,11,11,10,10,0.025904,0.7740,0.9644
445312.00,500000.00,448897.84,10,11,11,11,11,0.056112,0.9385,0.9840
117188.00,125000.00,118930.82,9,9,9,9,9,0.014866,0.9240,0.9826
132812.00,125000.00,128757.48,12,12,12,12,12,0.016095,0.9217,0.9659
132812.00,125000.00,126770.68,12,12,12,12,12,0.015846,0.9215,0.9442
445312.00,500000.00,451160.43,10,11,11,11,11,0.056395,0.9191,0.9689
132812.00,125000.00,129590.03,12,12,12,12,12,0.016199,0.9189,0.9680
132812.00,125000.00,130891.80,12,12,12,12,12,0.016361,0.9172,0.9133
210938.00,250000.00,211480.26,11,11,11,11,11,0.026435,0.9144,0.9858
117188.00,125000.00,119062.90,9,9,9,9,9,0.014883,0.9137,0.9251
117188.00,125000.00,116852.28,9,9,9,9,9,0.014607,0.8880,0.9577
210938.00,250000.00,214301.11,11,11,11,11,11,0.026788,0.8752,0.8955
210938.00,250000.00,213562.97,11,11,11,11,11,0.026695,0.8240,0.9678
445312.00,500000.00,450236.32,10,11,11,11,11,0.056280,0.9485,0.9879
132812.00,125000.00,133392.33,12,12,12,12,12,0.016674,0.9435,0.9705
210938.00,250000.00,213748.93,11,11,11,11,11,0.026719,0.9426,0.9346
117188.00,125000.00,118746.76,9,9,9,9,9,0.014843,0.9323,0.9837
117188.00,125000.00,119627.00,9,9,9,9,9,0.014953,0.9287,0.9714
445312.00,500000.00,441781.10,10,11,11,11,11,0.055223,0.9262,0.9758
445312.00,500000.00,436256.53,10,11,11,11,11,0.054532,0.9141,0.9673
117188.00,125000.00,117976.19,9,9,9,9,9,0.014747,0.9130,0.9410
210938.00,250000.00,213223.93,11,11,11,11,11,0.026653,0.9107,0.9854
117188.00,125000.00,117213.25,9,9,9,9,9,0.014652,0.9064,0.9834
132812.00,125000.00,129678.73,12,12,12,12,12,0.016210,0.8962,0.9658
445312.00,500000.00,440526.01,10,11,11,11,11,0.055066,0.8900,0.9722
132812.00,125000.00,127630.23,12,12,12,12,12,0.015954,0.8685,0.9573
132812.00,125000.00,131916.05,12,12,12,12,12,0.016490,0.8336,0.8715
210938.00,250000.00,215978.62,11,11,11,11,11,0.026997,0.7909,0.9734
210938.00,250000.00,195512.77,11,11,11,10,10,0.024439,0.7582,0.9215
210938.00,250000.00,217905.52,11,11,11,11,11,0.027238,0.9355,0.9662
445312.00,500000.00,445593.00,10,11,11,11,11,0.055699,0.9239,0.9934
132812.00,125000.00,133079.53,12,12,12,12,12,0.016635,0.9067,0.9578
242188.00,250000.00,248517.51,12,12,12,12,12,0.031065,0.9442,0.9743
195312.00,125000.00,178831.10,10,9,10,9,10,0.022354,0.9327,0.9125
195312.00,125000.00,193260.19,10,9,10,9,10,0.024158,0.8851,0.9449
195312.00,125000.00,191127.06,10,9,10,9,10,0.023891,0.8558,0.9761
398438.00,500000.00,389727.59,10,11,11,10,10,0.048716,0.8418,0.9632
195312.00,125000.00,194345.47,10,9,10,9,10,0.024293,0.7549,0.9816
398438.00,500000.00,414024.35,10,11,11,10,10,0.051753,0.9432,0.9511
242188.00,250000.00,243293.29,12,12,12,12,12,0.030412,0.9397,0.9852
242188.00,250000.00,248172.76,12,12,12,12,12,0.031022,0.9278,0.9393
242188.00,250000.00,248526.57,12,12,12,12,12,0.031066,0.9233,0.9744
398438.00,500000.00,399893.76,10,11,11,10,10,0.049987,0.9219,0.9870
242188.00,250000.00,239065.89,12,12,12,12,12,0.029883,0.9094,0.9825
242188.00,250000.00,255611.42,12,12,12,12,12,0.031951,0.8929,0.9412
195312.00,125000.00,189146.04,10,9,10,9,10,0.023643,0.8888,0.9651
195312.00,125000.00,192226.41,10,9,10,9,10,0.024028,0.8671,0.9613
398438.00,500000.00,448783.87,10,11,11,11,11,0.056098,0.7908,0.7415
398438.00,500000.00,396767.62,10,11,11,10,10,0.049596,0.9421,0.9818
398438.00,500000.00,397638.80,10,11,11,10,10,0.049705,0.9346,0.9945
242188.00,250000.00,245439.05,12,12,12,12,12,0.030680,0.9328,0.9846
398438.00,500000.00,402929.31,10,11,11,10,10,0.050366,0.9296,0.9860
398438.00,500000.00,402040.72,10,11,11,10,10,0.050255,0.9271,0.9815
242188.00,250000.00,243566.51,12,12,12,12,12,0.030446,0.9601,0.9700
242188.00,250000.00,243433.95,12,12,12,12,12,0.030429,0.9339,0.9580
398438.00,500000.00,412225.72,10,11,11,10,10,0.051528,0.9261,0.9599
195312.00,125000.00,188844.68,10,9,10,9,10,0.023606,0.8573,0.9609
195312.00,125000.00,192280.53,10,9,10,9,10,0.024035,0.8292,0.9642
195312.00,250000.00,191034.32,10,11,11,10,10,0.023879,0.8224,0.9765
398438.00,500000.00,472435.95,10,11,11,11,11,0.059054,0.8010,0.8429
242188.00,250000.00,210002.90,12,12,12,11,11,0.026250,0.8003,0.7996
195312.00,250000.00,195623.40,10,11,11,10,10,0.024453,0.7295,0.9696
242188.00,250000.00,249967.58,9,10,10,10,10,0.031246,0.9397,0.9626
398438.00,250000.00,396194.46,12,11,12,11,12,0.049524,0.9195,0.9794
742188.00,500000.00,597499.37,11,11,12,11,12,0.074687,0.8796,0.7982
742188.00,500000.00,615564.35,11,11,12,11,12,0.076946,0.8344,0.8185
242188.00,250000.00,238185.88,9,10,10,10,10,0.029773,0.8028,0.9793
398438.00,250000.00,400308.61,12,11,12,11,12,0.050039,0.7691,0.9909
242188.00,250000.00,254221.68,9,10,10,10,10,0.031778,0.7316,0.9492
335938.00,250000.00,336847.31,12,11,12,11,12,0.042106,0.9613,0.9751
335938.00,250000.00,339750.29,12,11,12,11,12,0.042469,0.9558,0.9729
335938.00,250000.00,333280.80,12,11,12,11,12,0.041660,0.9553,0.9725
335938.00,250000.00,334766.39,12,11,12,11,12,0.041846,0.9317,0.9733
335938.00,250000.00,335994.72,12,11,12,11,12,0.041999,0.9310,0.9806
335938.00,250000.00,308916.09,12,11,12,11,12,0.038615,0.9296,0.9079
335938.00,250000.00,339479.45,12,11,12,11,12,0.042435,0.9294,0.9530
398438.00,250000.00,390359.88,12,11,12,11,12,0.048795,0.9199,0.9637
398438.00,250000.00,396100.04,12,11,12,11,12,0.049513,0.8764,0.9844
242188.00,250000.00,247371.67,9,10,10,10,10,0.030921,0.8540,0.9744
742188.00,500000.00,599807.74,11,11,12,11,12,0.074976,0.8502,0.8047
242188.00,250000.00,243272.78,9,10,10,10,10,0.030409,0.8006,0.9428
242188.00,250000.00,248103.14,9,10,10,10,10,0.031013,0.7963,0.9442
398438.00,250000.00,361786.84,12,11,12,11,12,0.045223,0.7213,0.9045
335938.00,250000.00,334882.74,12,11,12,11,12,0.041860,0.9392,0.9626
398438.00,250000.00,391931.06,12,11,12,11,12,0.048991,0.9319,0.9797
335938.00,250000.00,321949.01,12,11,12,11,12,0.040244,0.8911,0.9555
242188.00,500000.00,289623.26,9,11,11,9,9,0.036203,0.7809,0.8329
242188.00,250000.00,250102.04,9,10,10,10,10,0.031263,0.7392,0.9518
398438.00,250000.00,395673.75,12,11,12,11,12,0.049459,0.9318,0.9469
335938.00,250000.00,335287.57,12,11,12,11,12,0.041911,0.9306,0.9619
398438.00,250000.00,392256.74,12,11,12,11,12,0.049032,0.9091,0.9834
398438.00,250000.00,399779.32,12,11,12,11,12,0.049972,0.8917,0.9773
242188.00,250000.00,250776.29,9,10,10,10,10,0.031347,0.8779,0.9595
617188.00,500000.00,616344.45,12,11,12,11,12,0.077043,0.9427,0.9821
757812.00,500000.00,589897.16,11,11,11,11,11,0.073737,0.8866,0.7737
773438.00,500000.00,591018.68,11,11,11,11,11,0.073877,0.7212,0.7508
617188.00,500000.00,607837.68,12,11,12,11,12,0.075980,0.8728,0.9817
617188.00,500000.00,608790.87,12,11,12,11,12,0.076099,0.8447,0.9787
757812.00,500000.00,546546.94,11,11,11,11,11,0.068318,0.8098,0.7095
710938.00,500000.00,549173.36,11,11,11,11,11,0.068647,0.8005,0.7466
757812.00,500000.00,543388.37,11,11,11,11,11,0.067924,0.7431,0.5370
773438.00,500000.00,533486.37,11,11,11,11,11,0.066686,0.7206,0.6623
617188.00,500000.00,621918.44,12,11,12,11,12,0.077740,0.7046,0.9878
617188.00,500000.00,607048.51,12,11,12,11,12,0.075881,0.9559,0.9761
617188.00,500000.00,610137.94,12,11,12,11,12,0.076267,0.9463,0.9045
773438.00,500000.00,498132.71,11,11,11,11,11,0.062267,0.8730,0.6281
757812.00,500000.00,554659.84,11,11,11,11,11,0.069332,0.7480,0.7200
617188.00,500000.00,619367.60,12,12,13,12,13,0.077421,0.7283,0.9905
617188.00,500000.00,654448.51,12,11,12,11,12,0.081806,0.7226,0.6683
710938.00,500000.00,687904.36,11,11,12,11,12,0.085988,0.9474,0.9543
617188.00,500000.00,609061.24,12,11,12,11,12,0.076133,0.9400,0.9836
617188.00,500000.00,623176.57,12,11,12,11,12,0.077897,0.9329,0.9016
773438.00,500000.00,534008.98,11,11,11,11,11,0.066751,0.9164,0.6743
773438.00,500000.00,598499.30,11,11,12,11,12,0.074812,0.8887,0.7699
710938.00,500000.00,666194.44,11,11,12,11,12,0.083274,0.8701,0.9342
773438.00,500000.00,619193.08,11,11,12,11,12,0.077399,0.8462,0.7668
710938.00,500000.00,616689.80,11,11,12,11,12,0.077086,0.8017,0.8420
773438.00,500000.00,560457.23,11,11,11,11,11,0.070057,0.7541,0.6649
554688.00,500000.00,545734.41,11,11,11,11,11,0.068217,0.9552,0.9699
554688.00,500000.00,553291.32,11,11,11,11,11,0.069161,0.9544,0.9944
554688.00,500000.00,550155.64,11,11,11,11,11,0.068769,0.9485,0.9888
789062.00,500000.00,507693.53,11,11,11,11,11,0.063462,0.9119,0.6385
710938.00,500000.00,650906.68,11,11,12,11,12,0.081363,0.8747,0.9064
710938.00,500000.00,669733.05,11,11,12,11,12,0.083717,0.8728,0.9337
304688.00,250000.00,317552.57,10,10,11,10,11,0.039694,0.8299,0.9562
304688.00,250000.00,310338.02,10,10,11,10,11,0.038792,0.7044,0.9705
304688.00,250000.00,305307.27,10,10,11,10,11,0.038163,0.9506,0.9930
304688.00,250000.00,293906.21,10,10,10,10,10,0.036738,0.9115,0.9580
304688.00,250000.00,305336.95,10,10,11,10,11,0.038167,0.9102,0.9625
710938.00,500000.00,525264.26,11,11,11,11,11,0.065658,0.9099,0.7357
710938.00,500000.00,666314.13,11,11,12,11,12,0.083289,0.8928,0.9223
710938.00,500000.00,544609.07,11,11,11,11,11,0.068076,0.8855,0.7550
304688.00,250000.00,309380.53,10,10,11,10,11,0.038673,0.8246,0.9775
710938.00,500000.00,421002.03,11,11,11,11,11,0.052625,0.7274,0.5360
554688.00,500000.00,550979.61,11,11,11,11,11,0.068872,0.9561,0.9895
554688.00,500000.00,557091.71,11,11,11,11,11,0.069636,0.9556,0.9766
304688.00,250000.00,309662.10,10,10,11,10,11,0.038708,0.9385,0.9785
710938.00,500000.00,704069.14,11,11,12,11,12,0.088009,0.9109,0.9629
710938.00,500000.00,673581.12,11,11,12,11,12,0.084198,0.9054,0.9363
554688.00,500000.00,552374.84,11,11,11,11,11,0.069047,0.9003,0.9751
304688.00,250000.00,309614.18,10,10,11,10,11,0.038702,0.8840,0.9653
789062.00,500000.00,522553.44,11,11,11,11,11,0.065319,0.8516,0.6558
789062.00,500000.00,569168.09,11,11,11,11,11,0.071146,0.8483,0.7167
554688.00,500000.00,556947.95,11,11,11,11,11,0.069618,0.9641,0.9853
554688.00,500000.00,555784.23,11,11,11,11,11,0.069473,0.9493,0.9827
710938.00,500000.00,577453.61,11,11,11,11,11,0.072182,0.9357,0.7970
554688.00,500000.00,553382.87,11,11,11,11,11,0.069173,0.9139,0.9338
304688.00,250000.00,306427.48,10,10,11,10,11,0.038303,0.9104,0.9770
304688.00,250000.00,310987.26,10,10,11,10,11,0.038873,0.9097,0.9701
710938.00,500000.00,569556.00,11,11,11,11,11,0.071194,0.8797,0.7940
304688.00,250000.00,311611.18,10,10,11,10,11,0.038951,0.7661,0.9741
789062.00,500000.00,587518.69,11,11,11,11,11,0.073440,0.7364,0.6586
570312.00,500000.00,576525.69,11,11,11,11,11,0.072066,0.9585,0.9829
570312.00,500000.00,569933.65,11,11,11,11,11,0.071242,0.9574,0.9975
242188.00,250000.00,243921.28,10,10,10,10,10,0.030490,0.9430,0.9703
570312.00,500000.00,545227.05,11,11,11,11,11,0.068153,0.9231,0.9392
570312.00,500000.00,565500.26,11,11,11,11,11,0.070688,0.8987,0.9711
570312.00,500000.00,564732.73,11,11,11,11,11,0.070592,0.8971,0.9667
570312.00,500000.00,550443.65,11,11,11,11,11,0.068805,0.8618,0.9485
320312.00,250000.00,322800.16,11,10,11,10,11,0.040350,0.8493,0.9780
242188.00,250000.00,244422.91,10,10,10,10,10,0.030553,0.8373,0.9488
164062.00,125000.00,157514.57,10,9,10,9,10,0.019689,0.8107,0.9556
164062.00,125000.00,161605.83,10,9,10,9,10,0.020201,0.8056,0.9824
320312.00,250000.00,326832.29,11,10,11,10,11,0.040854,0.7955,0.8115
570312.00,500000.00,540372.85,11,11,11,11,11,0.067547,0.7495,0.6964
320312.00,250000.00,322311.40,11,10,11,10,11,0.040289,0.7321,0.9511
164062.00,125000.00,157772.06,10,9,10,9,10,0.019722,0.7236,0.8639
164062.00,125000.00,162732.12,10,9,10,9,10,0.020342,0.7045,0.6360
242188.00,250000.00,246110.92,10,10,10,10,10,0.030764,0.9657,0.9774
570312.00,500000.00,569812.77,11,11,11,11,11,0.071227,0.9655,0.9833
570312.00,500000.00,566723.82,11,11,11,11,11,0.070840,0.9487,0.9757
320312.00,250000.00,321300.51,11,10,11,10,11,0.040163,0.9158,0.9669
242188.00,250000.00,246664.05,10,10,10,10,10,0.030833,0.8972,0.9563
320312.00,250000.00,329173.51,11,10,11,10,11,0.041147,0.8254,0.9032
242188.00,250000.00,246064.19,10,10,10,10,10,0.030758,0.9733,0.9764
242188.00,250000.00,239345.55,10,10,10,10,10,0.029918,0.9598,0.9769
570312.00,500000.00,567173.00,11,11,11,11,11,0.070897,0.9595,0.9899
242188.00,250000.00,243091.58,10,10,10,10,10,0.030386,0.9491,0.9276
242188.00,250000.00,250882.15,10,10,10,10,10,0.031360,0.9290,0.9605
164062.00,125000.00,160280.47,10,9,10,9,10,0.020035,0.9181,0.8672
570312.00,500000.00,513902.66,11,11,11,11,11,0.064238,0.8840,0.8915
164062.00,125000.00,156538.96,10,9,10,9,10,0.019567,0.8697,0.9152
242188.00,250000.00,254638.20,10,10,10,10,10,0.031830,0.8674,0.9445
164062.00,125000.00,170881.27,10,9,10,9,10,0.021360,0.8233,0.9558
320312.00,250000.00,323565.48,11,11,12,11,12,0.040446,0.7662,0.9879
320312.00,250000.00,325002.67,11,10,11,10,11,0.040625,0.9388,0.9774
242188.00,250000.00,240745.54,10,10,10,10,10,0.030093,0.9263,0.9612
320312.00,250000.00,339351.18,11,10,11,10,11,0.042419,0.9016,0.9110
164062.00,125000.00,158187.87,10,9,10,9,10,0.019773,0.8934,0.8846
320312.00,250000.00,322884.68,11,10,11,10,11,0.040361,0.7154,0.9017
460938.00,500000.00,468621.25,11,11,11,11,11,0.058578,0.9494,0.9797
773438.00,500000.00,742231.37,12,11,12,11,12,0.092779,0.9435,0.9558
773438.00,500000.00,757146.12,12,11,12,11,12,0.094643,0.9422,0.9688
460938.00,500000.00,483717.92,11,11,11,11,11,0.060465,0.9361,0.9494
382812.00,250000.00,385191.92,11,10,11,10,11,0.048149,0.9316,0.9903
304688.00,250000.00,309851.17,10,10,11,10,11,0.038731,0.9312,0.9678
773438.00,500000.00,743759.16,12,11,12,11,12,0.092970,0.9226,0.9596
460938.00,500000.00,465957.64,11,11,11,11,11,0.058245,0.9481,0.9876
460938.00,500000.00,477859.97,11,11,11,11,11,0.059732,0.9301,0.9633
773438.00,500000.00,721755.98,12,11,12,11,12,0.090219,0.9142,0.9190
304688.00,250000.00,327650.07,10,10,11,10,11,0.040956,0.9113,0.9197
460938.00,500000.00,543411.73,11,11,11,11,11,0.067926,0.8821,0.7955
773438.00,500000.00,650570.87,12,11,12,11,12,0.081321,0.7835,0.8013
382812.00,250000.00,386605.02,11,10,11,10,11,0.048326,0.7144,0.9811
773438.00,500000.00,761936.66,12,11,12,11,12,0.095242,0.9516,0.9595
304688.00,250000.00,303945.06,10,10,11,10,11,0.037993,0.9413,0.9914
304688.00,250000.00,300165.18,10,10,11,10,11,0.037521,0.9399,0.9757
773438.00,500000.00,675591.47,12,11,12,11,12,0.084449,0.9024,0.8703
382812.00,250000.00,383165.84,11,10,11,10,11,0.047896,0.8847,0.9691
382812.00,250000.00,383008.00,11,10,11,10,11,0.047876,0.7332,0.9738
460938.00,500000.00,466471.91,11,11,11,11,11,0.058309,0.9642,0.9728
460938.00,500000.00,466619.49,11,11,11,11,11,0.058327,0.9564,0.9805
304688.00,250000.00,302355.77,10,10,11,10,11,0.037794,0.9518,0.9750
773438.00,500000.00,727883.34,12,11,12,11,12,0.090985,0.9448,0.9334
460938.00,500000.00,462254.52,11,11,11,11,11,0.057782,0.9380,0.9920
304688.00,250000.00,307836.53,10,10,11,10,11,0.038480,0.9302,0.9596
773438.00,500000.00,556558.13,12,11,11,11,11,0.069570,0.9145,0.7066
304688.00,250000.00,304847.24,10,10,11,10,11,0.038106,0.9101,0.9728
304688.00,250000.00,309774.40,10,10,11,10,11,0.038722,0.9042,0.9815
382812.00,250000.00,382368.09,11,10,11,10,11,0.047796,0.9039,0.9944
460938.00,500000.00,459775.81,11,11,11,11,11,0.057472,0.9006,0.9681
460938.00,500000.00,469593.05,11,11,11,11,11,0.058699,0.8938,0.9702
382812.00,250000.00,390690.33,11,10,11,10,11,0.048836,0.7394,0.9436
382812.00,500000.00,564293.98,11,12,12,12,12,0.070537,0.7159,0.6403
460938.00,500000.00,541079.28,11,11,11,11,11,0.067635,0.7012,0.6531
460938.00,500000.00,466283.20,12,12,12,12,12,0.058285,0.9673,0.9836
585938.00,500000.00,582420.35,12,12,12,12,12,0.072803,0.9656,0.9833
585938.00,500000.00,580623.63,12,12,12,12,12,0.072578,0.9568,0.9875
585938.00,500000.00,579772.95,12,12,12,12,12,0.072472,0.9503,0.9826
414062.00,500000.00,414559.36,10,11,11,10,10,0.051820,0.9480,0.9934
585938.00,500000.00,574966.79,12,12,12,12,12,0.071871,0.9472,0.9807
210938.00,250000.00,213870.05,9,10,10,10,10,0.026734,0.9411,0.9693
460938.00,500000.00,472012.52,12,12,12,12,12,0.059002,0.9286,0.9708
210938.00,250000.00,201512.81,9,10,10,9,9,0.025189,0.8038,0.8937
460938.00,500000.00,486940.38,12,12,12,12,12,0.060868,0.7871,0.7203
460938.00,500000.00,465258.60,12,12,12,12,12,0.058157,0.9587,0.9844
460938.00,500000.00,457122.56,12,12,12,12,12,0.057140,0.9586,0.9850
460938.00,500000.00,466191.29,12,12,12,12,12,0.058274,0.9519,0.9719
585938.00,500000.00,576772.69,12,12,12,12,12,0.072097,0.9415,0.9691
414062.00,500000.00,410056.11,10,11,11,10,10,0.051257,0.9380,0.9798
585938.00,500000.00,575850.49,12,12,12,12,12,0.071981,0.9375,0.9743
414062.00,500000.00,412601.95,10,11,11,10,10,0.051575,0.9128,0.9379
460938.00,500000.00,469196.80,12,12,12,12,12,0.058650,0.9037,0.9704
210938.00,250000.00,224874.97,9,10,10,10,10,0.028109,0.8134,0.9061
460938.00,500000.00,470616.10,12,12,12,12,12,0.058827,0.9593,0.9756
585938.00,500000.00,586583.61,12,12,12,12,12,0.073323,0.9416,0.9849
210938.00,250000.00,211984.63,9,10,10,10,10,0.026498,0.9242,0.9592
414062.00,500000.00,413152.69,10,11,11,10,10,0.051644,0.9183,0.9730
414062.00,500000.00,395576.48,10,11,11,10,10,0.049447,0.9097,0.9438
460938.00,500000.00,462194.44,12,12,12,12,12,0.057774,0.8995,0.9398
210938.00,250000.00,211575.98,9,10,10,10,10,0.026447,0.8951,0.9581
210938.00,250000.00,209915.16,9,10,10,9,9,0.026239,0.8895,0.9772
585938.00,500000.00,543947.22,12,12,12,12,12,0.067993,0.8889,0.8647
585938.00,500000.00,547288.89,12,11,11,11,11,0.068411,0.8343,0.9092
414062.00,500000.00,433091.16,10,11,11,11,11,0.054136,0.8151,0.8241
460938.00,500000.00,465595.36,12,12,12,12,12,0.058199,0.9578,0.9858
585938.00,500000.00,589754.10,12,12,12,12,12,0.073719,0.9351,0.6749
585938.00,500000.00,580762.86,12,12,12,12,12,0.072595,0.9292,0.9587
210938.00,250000.00,212323.19,9,10,10,10,10,0.026540,0.9161,0.9696
210938.00,250000.00,213388.44,9,10,10,10,10,0.026674,0.9057,0.9351
414062.00,500000.00,409202.58,10,11,11,10,10,0.051150,0.8930,0.9720
210938.00,250000.00,212194.44,9,10,10,10,10,0.026524,0.8118,0.9476
289062.00,250000.00,288282.39,11,11,11,11,11,0.036035,0.9597,0.9715
289062.00,250000.00,284609.79,11,11,11,11,11,0.035576,0.9315,0.9478
179688.00,125000.00,177400.59,12,11,12,11,12,0.022175,0.9302,0.9686
648438.00,500000.00,632368.09,11,11,12,11,12,0.079046,0.9163,0.9686
742188.00,500000.00,542423.25,11,11,11,11,11,0.067803,0.9075,0.7015
648438.00,500000.00,634314.42,11,11,12,11,12,0.079289,0.8996,0.9738
742188.00,500000.00,523894.31,11,11,11,11,11,0.065487,0.8338,0.6944
289062.00,250000.00,290870.31,11,11,11,11,11,0.036359,0.9602,0.9902
289062.00,250000.00,287313.46,11,11,11,11,11,0.035914,0.9478,0.9704
289062.00,250000.00,288405.66,11,11,11,11,11,0.036051,0.9308,0.9616
289062.00,250000.00,275506.02,11,11,11,11,11,0.034438,0.9195,0.9520
289062.00,250000.00,292720.79,11,11,11,11,11,0.036590,0.9073,0.9811
648438.00,500000.00,625804.90,11,11,12,11,12,0.078226,0.8986,0.9595
179688.00,125000.00,181941.03,12,11,12,11,12,0.022743,0.8911,0.9682
742188.00,500000.00,498569.49,11,11,11,11,11,0.062321,0.8679,0.6609
179688.00,125000.00,166824.34,12,11,12,11,12,0.020853,0.8296,0.9113
742188.00,500000.00,658556.94,11,11,12,11,12,0.082320,0.7539,0.8705
289062.00,250000.00,289457.32,11,11,11,11,11,0.036182,0.9650,0.9830
648438.00,500000.00,639731.41,11,11,12,11,12,0.079966,0.9614,0.9836
289062.00,250000.00,295113.56,11,11,11,11,11,0.036889,0.9469,0.9692
179688.00,125000.00,178678.75,12,11,12,11,12,0.022335,0.9458,0.9709
648438.00,500000.00,631133.56,11,11,12,11,12,0.078892,0.9220,0.9669
742188.00,500000.00,612867.36,11,11,12,11,12,0.076608,0.9000,0.8175
648438.00,500000.00,628541.95,11,11,12,11,12,0.078568,0.8921,0.9605
648438.00,500000.00,618207.93,11,11,12,11,12,0.077276,0.8822,0.9424
648438.00,500000.00,555933.00,11,11,11,11,11,0.069492,0.8518,0.8178
648438.00,500000.00,652746.20,11,11,12,11,12,0.081593,0.8064,0.6225
289062.00,250000.00,289119.48,11,11,11,11,11,0.036140,0.9320,0.9921
179688.00,125000.00,177199.36,12,11,12,11,12,0.022150,0.9046,0.9370
742188.00,500000.00,656700.13,11,11,12,11,12,0.082088,0.8971,0.8751
742188.00,500000.00,613824.84,11,11,12,11,12,0.076728,0.8819,0.8065
179688.00,125000.00,181526.18,12,11,12,11,12,0.022691,0.8815,0.9416
289062.00,250000.00,285416.36,11,11,11,11,11,0.035677,0.8701,0.9651
742188.00,500000.00,710771.56,11,11,12,11,12,0.088846,0.7834,0.9273
179688.00,125000.00,180032.73,12,11,12,11,12,0.022504,0.7652,0.8739
179688.00,125000.00,176673.89,12,11,12,11,12,0.022084,0.7117,0.6157
679688.00,500000.00,676830.29,12,11,12,11,12,0.084604,0.9600,0.9533
242188.00,250000.00,240661.14,11,11,11,11,11,0.030083,0.9369,0.9546
367188.00,250000.00,365961.19,12,11,12,11,12,0.045745,0.9318,0.9870
648438.00,500000.00,645472.53,12,11,12,11,12,0.080684,0.9309,0.9709
648438.00,500000.00,632606.51,12,11,12,11,12,0.079076,0.8954,0.9732
648438.00,500000.00,656904.22,12,11,12,11,12,0.082113,0.8916,0.9768
242188.00,250000.00,246404.65,11,11,11,11,11,0.030801,0.8830,0.8635
648438.00,500000.00,637305.97,12,11,12,11,12,0.079663,0.8648,0.9720
648438.00,500000.00,644646.64,12,12,13,12,13,0.080581,0.7526,0.9871
242188.00,250000.00,242382.05,11,11,11,11,11,0.030298,0.9583,0.9947
242188.00,250000.00,236460.21,11,11,11,11,11,0.029558,0.9569,0.9754
242188.00,250000.00,247194.29,11,11,11,11,11,0.030899,0.9453,0.9620
242188.00,250000.00,241963.39,11,11,11,11,11,0.030245,0.9402,0.9722
367188.00,250000.00,366301.06,12,11,12,11,12,0.045788,0.9384,0.9941
679688.00,500000.00,673362.73,12,11,12,11,12,0.084170,0.9350,0.9713
242188.00,250000.00,247023.58,11,11,11,11,11,0.030878,0.9288,0.9701
679688.00,500000.00,680391.85,12,11,12,11,12,0.085049,0.9238,0.9745
367188.00,250000.00,356277.47,12,11,12,11,12,0.044535,0.8077,0.9611
648438.00,500000.00,656402.59,12,11,12,11,12,0.082050,0.7785,0.9663
367188.00,250000.00,364700.32,12,11,12,11,12,0.045588,0.9533,0.9889
679688.00,500000.00,671702.27,12,11,12,11,12,0.083963,0.9491,0.9713
367188.00,250000.00,359423.64,12,11,12,11,12,0.044928,0.9471,0.9593
242188.00,250000.00,245035.17,11,11,11,11,11,0.030629,0.9402,0.9838
367188.00,250000.00,361719.13,12,11,12,11,12,0.045215,0.9389,0.9522
367188.00,250000.00,360023.50,12,11,12,11,12,0.045003,0.9298,0.9130
648438.00,500000.00,661013.60,12,11,12,11,12,0.082627,0.9057,0.9726
679688.00,500000.00,683532.71,12,11,12,11,12,0.085442,0.8969,0.9891
679688.00,500000.00,713850.98,12,11,12,11,12,0.089231,0.8788,0.9158
679688.00,500000.00,626223.56,12,11,12,11,12,0.078278,0.8779,0.9016
679688.00,500000.00,671781.54,12,11,12,11,12,0.083973,0.8686,0.9722
648438.00,500000.00,639489.65,12,11,12,11,12,0.079936,0.9650,0.9817
242188.00,250000.00,245029.45,11,11,11,11,11,0.030629,0.9578,0.9513
679688.00,500000.00,678448.68,12,11,12,11,12,0.084806,0.9466,0.9858
367188.00,250000.00,369448.66,12,11,12,11,12,0.046181,0.9464,0.9639
242188.00,250000.00,240442.04,11,11,11,11,11,0.030055,0.9422,0.9872
242188.00,250000.00,241348.27,11,11,11,11,11,0.030169,0.9331,0.9856
367188.00,250000.00,381518.36,12,11,12,11,12,0.047690,0.9192,0.8409
367188.00,250000.00,362593.17,12,11,12,11,12,0.045324,0.8530,0.9769
648438.00,500000.00,646144.87,12,11,12,11,12,0.080768,0.7977,0.8247
601562.00,500000.00,598217.96,12,12,13,12,13,0.074777,0.9578,0.9819
601562.00,500000.00,593808.17,12,12,12,12,12,0.074226,0.9422,0.9845
601562.00,500000.00,604465.48,12,12,13,12,13,0.075558,0.9312,0.9873
382812.00,250000.00,378904.58,12,11,12,11,12,0.047363,0.9231,0.9391
382812.00,250000.00,371883.15,12,11,12,11,12,0.046485,0.9132,0.9665
320312.00,250000.00,324422.84,10,10,11,10,11,0.040553,0.8952,0.9850
101562.00,125000.00,108088.49,10,10,10,10,10,0.013511,0.8871,0.9237
101562.00,125000.00,122534.28,10,11,11,11,11,0.015317,0.8385,0.7534
101562.00,125000.00,105700.97,10,11,11,11,11,0.013213,0.8303,0.9284
320312.00,250000.00,315855.03,10,10,11,10,11,0.039482,0.7780,0.9842
382812.00,250000.00,386656.05,12,11,12,11,12,0.048332,0.9463,0.9678
601562.00,500000.00,602969.17,12,12,13,12,13,0.075371,0.9440,0.9855
382812.00,250000.00,353105.55,12,11,12,11,12,0.044138,0.8956,0.9200
320312.00,250000.00,322881.70,10,10,11,10,11,0.040360,0.8898,0.9909
101562.00,125000.00,116104.13,10,10,10,10,10,0.014513,0.8700,0.8411
320312.00,500000.00,380225.66,10,11,11,10,10,0.047528,0.8135,0.8331
601562.00,500000.00,604678.15,12,12,13,12,13,0.075585,0.9415,0.9745
382812.00,250000.00,390984.30,12,11,12,11,12,0.048873,0.9320,0.9628
382812.00,250000.00,380876.54,12,11,12,11,12,0.047610,0.9071,0.9673
382812.00,250000.00,363274.57,12,11,12,11,12,0.045409,0.9050,0.9383
382812.00,250000.00,379177.87,12,11,12,11,12,0.047397,0.8893,0.9843
320312.00,250000.00,326472.28,10,10,11,10,11,0.040809,0.8734,0.9222
101562.00,125000.00,112404.82,10,10,10,10,10,0.014051,0.8636,0.9025
601562.00,500000.00,610920.91,12,12,13,12,13,0.076365,0.8629,0.9103
382812.00,250000.00,377960.21,12,11,12,11,12,0.047245,0.8289,0.9352
320312.00,250000.00,317358.97,10,10,11,10,11,0.039670,0.7736,0.9764
601562.00,500000.00,572258.00,12,12,12,12,12,0.071532,0.9636,0.9492
601562.00,500000.00,604712.49,12,12,13,12,13,0.075589,0.9604,0.9857
601562.00,500000.00,578835.25,12,12,12,12,12,0.072354,0.9342,0.9404
382812.00,250000.00,378592.49,12,11,12,11,12,0.047324,0.9183,0.9794
601562.00,500000.00,595553.40,12,12,13,12,13,0.074444,0.8890,0.9896
101562.00,125000.00,112128.73,10,10,10,10,10,0.014016,0.8814,0.9009
101562.00,125000.00,107355.36,10,10,10,10,10,0.013419,0.7889,0.8866
320312.00,500000.00,338876.25,10,11,11,10,10,0.042360,0.7165,0.8301
664062.00,500000.00,655606.27,12,11,12,11,12,0.081951,0.9595,0.9789
539062.00,500000.00,538162.23,12,12,12,12,12,0.067270,0.9578,0.9922
539062.00,500000.00,528079.99,12,12,12,12,12,0.066010,0.9488,0.9700
664062.00,500000.00,647176.74,12,11,12,11,12,0.080897,0.9229,0.9725
242188.00,250000.00,246437.79,9,10,10,10,10,0.030805,0.9015,0.9782
664062.00,500000.00,561106.68,12,11,11,11,11,0.070138,0.8908,0.8117
242188.00,500000.00,442742.35,9,11,11,11,11,0.055343,0.7744,0.5382
257812.00,250000.00,262143.14,11,11,11,11,11,0.032768,0.9611,0.9719
539062.00,500000.00,536998.75,12,12,12,12,12,0.067125,0.9576,0.9877
539062.00,500000.00,535484.43,12,12,12,12,12,0.066936,0.9529,0.9840
257812.00,250000.00,261314.39,11,11,11,11,11,0.032664,0.9523,0.9860
257812.00,250000.00,260671.38,11,11,11,11,11,0.032584,0.9421,0.9687
257812.00,250000.00,247715.00,11,11,11,11,11,0.030964,0.9418,0.9603
539062.00,500000.00,556945.80,12,12,12,12,12,0.069618,0.9372,0.9593
242188.00,250000.00,235886.81,9,10,10,10,10,0.029486,0.9173,0.9633
242188.00,250000.00,251503.94,9,10,10,10,10,0.031438,0.9002,0.9412
242188.00,250000.00,242630.00,9,10,10,10,10,0.030329,0.8435,0.9586
539062.00,500000.00,496562.00,12,12,12,12,12,0.062070,0.8404,0.8997
664062.00,500000.00,638438.22,12,11,12,11,12,0.079805,0.8369,0.8984
664062.00,500000.00,659970.28,12,11,12,11,12,0.082496,0.7990,0.9749
539062.00,500000.00,526933.67,12,12,12,12,12,0.065867,0.9638,0.9744
539062.00,500000.00,534605.98,12,12,12,12,12,0.066826,0.9593,0.9738
257812.00,250000.00,256595.61,11,11,11,11,11,0.032074,0.9555,0.9907
257812.00,250000.00,256168.37,11,11,11,11,11,0.032021,0.9508,0.9859
664062.00,500000.00,653160.10,12,11,12,11,12,0.081645,0.9435,0.9798
257812.00,250000.00,254951.48,11,11,11,11,11,0.031869,0.9403,0.9861
539062.00,500000.00,539206.50,12,12,12,12,12,0.067401,0.9313,0.9667
257812.00,250000.00,259431.84,11,11,11,11,11,0.032429,0.9186,0.9654
664062.00,500000.00,678419.11,12,11,12,11,12,0.084802,0.9152,0.9781
539062.00,500000.00,544208.53,12,12,12,12,12,0.068026,0.9604,0.9843
257812.00,250000.00,256322.86,11,11,11,11,11,0.032040,0.9598,0.9665
664062.00,500000.00,658192.63,12,11,12,11,12,0.082274,0.9455,0.9809
257812.00,250000.00,260369.30,11,11,11,11,11,0.032546,0.9422,0.9819
257812.00,250000.00,258359.91,11,11,11,11,11,0.032295,0.9402,0.9739
242188.00,250000.00,240993.02,9,10,10,10,10,0.030124,0.9358,0.9885
242188.00,250000.00,241203.07,9,10,10,10,10,0.030150,0.9265,0.9532
539062.00,500000.00,556083.68,12,12,12,12,12,0.069510,0.7826,0.9026
664062.00,500000.00,572040.56,12,11,11,11,11,0.071505,0.7685,0.7822
242188.00,250000.00,250507.83,9,10,10,10,10,0.031313,0.7066,0.9491
476562.00,500000.00,477441.79,12,12,12,12,12,0.059680,0.9661,0.9734
476562.00,500000.00,481056.21,12,12,12,12,12,0.060132,0.9659,0.9825
476562.00,500000.00,479413.75,12,12,12,12,12,0.059927,0.9587,0.9817
476562.00,500000.00,477636.34,12,12,12,12,12,0.059705,0.9274,0.9922
179688.00,125000.00,172930.72,12,11,12,11,12,0.021616,0.9208,0.8981
179688.00,125000.00,177670.36,12,11,12,11,12,0.022209,0.8895,0.9392
632812.00,500000.00,641974.99,11,11,12,11,12,0.080247,0.8835,0.9703
632812.00,500000.00,629995.35,11,11,12,11,12,0.078749,0.8825,0.9482
476562.00,500000.00,478708.27,12,12,12,12,12,0.059839,0.9714,0.9814
476562.00,500000.00,475545.88,12,12,12,12,12,0.059443,0.9484,0.9772
476562.00,500000.00,480701.45,12,12,12,12,12,0.060088,0.9479,0.9737
632812.00,500000.00,617895.13,11,11,12,11,12,0.077237,0.9434,0.9762
632812.00,500000.00,629251.48,11,11,12,11,12,0.078656,0.9259,0.9637
179688.00,125000.00,177342.06,12,11,12,11,12,0.022168,0.9223,0.9812
632812.00,500000.00,616698.03,11,11,12,11,12,0.077087,0.9208,0.9685
476562.00,500000.00,475150.59,12,12,12,12,12,0.059394,0.9130,0.9580
398438.00,250000.00,398735.52,11,10,11,10,11,0.049842,0.7018,0.9708
476562.00,500000.00,481508.26,12,12,12,12,12,0.060189,0.9701,0.9831
632812.00,500000.00,620420.46,11,11,12,11,12,0.077553,0.9530,0.9752
398438.00,250000.00,399044.04,11,10,11,10,11,0.049881,0.9384,0.9949
476562.00,500000.00,480344.77,12,12,12,12,12,0.060043,0.9372,0.9769
179688.00,125000.00,174715.04,12,11,12,11,12,0.021839,0.9041,0.9541
179688.00,125000.00,173392.65,12,11,12,11,12,0.021674,0.8950,0.9510
179688.00,125000.00,167499.54,12,11,12,11,12,0.020937,0.8806,0.8737
398438.00,500000.00,412401.20,11,12,12,11,11,0.051550,0.8130,0.9404
398438.00,250000.00,390476.23,11,10,11,10,11,0.048810,0.8085,0.9723
632812.00,500000.00,624122.62,11,11,12,11,12,0.078015,0.9700,0.9772
476562.00,500000.00,473963.74,12,12,12,12,12,0.059245,0.9463,0.9615
632812.00,500000.00,626799.58,11,11,12,11,12,0.078350,0.9253,0.9762
179688.00,125000.00,165323.26,12,11,12,11,12,0.020665,0.8538,0.8800
398438.00,250000.00,386087.42,11,10,11,10,11,0.048261,0.8161,0.9664
179688.00,125000.00,131975.17,12,11,11,11,11,0.016497,0.7702,0.7300
398438.00,500000.00,435195.45,11,12,12,12,12,0.054399,0.7631,0.8988
351562.00,250000.00,352547.65,11,10,11,10,11,0.044068,0.9487,0.9742
445312.00,500000.00,456583.50,11,11,11,11,11,0.057073,0.9452,0.9721
445312.00,500000.00,458504.68,11,11,11,11,11,0.057313,0.9443,0.9595
445312.00,500000.00,444458.01,11,11,11,11,11,0.055557,0.9407,0.9873
335938.00,250000.00,339296.82,11,10,11,10,11,0.042412,0.9385,0.9675
226562.00,250000.00,231470.11,10,10,10,10,10,0.028934,0.9199,0.9608
226562.00,250000.00,228502.27,10,10,10,10,10,0.028563,0.9175,0.9714
226562.00,250000.00,227019.31,10,10,10,10,10,0.028377,0.9122,0.9605
445312.00,500000.00,444121.36,11,11,11,11,11,0.055515,0.9071,0.9865
351562.00,250000.00,348676.68,11,10,11,10,11,0.043585,0.8344,0.9798
351562.00,250000.00,305351.26,11,10,11,10,11,0.038169,0.8237,0.8656
351562.00,250000.00,352074.98,11,10,11,10,11,0.044009,0.7904,0.9547
226562.00,250000.00,308721.07,10,10,11,10,11,0.038590,0.7701,0.6911
226562.00,250000.00,227545.74,10,10,10,10,10,0.028443,0.9323,0.9908
226562.00,250000.00,226179.12,10,10,10,10,10,0.028272,0.9216,0.9669
351562.00,250000.00,348154.07,11,10,11,10,11,0.043519,0.9210,0.9806
226562.00,250000.00,228551.86,10,10,10,10,10,0.028569,0.9183,0.9705
445312.00,500000.00,446985.24,11,11,11,11,11,0.055873,0.9056,0.9626
351562.00,250000.00,353237.36,11,10,11,10,11,0.044155,0.9038,0.8883
445312.00,500000.00,453450.20,11,11,11,11,11,0.056681,0.8992,0.9684
335938.00,250000.00,340098.38,11,10,11,10,11,0.042512,0.8911,0.9871
351562.00,250000.00,359863.28,11,10,11,10,11,0.044983,0.8058,0.9434
335938.00,250000.00,339456.56,11,10,11,10,11,0.042432,0.9400,0.9612
335938.00,250000.00,335577.96,11,10,11,10,11,0.041947,0.9236,0.9729
335938.00,250000.00,341045.38,11,10,11,10,11,0.042631,0.8602,0.9699
445312.00,500000.00,449458.60,11,11,11,11,11,0.056182,0.8594,0.9765
226562.00,250000.00,234689.71,10,10,10,10,10,0.029336,0.9533,0.9625
226562.00,250000.00,224590.84,10,10,10,10,10,0.028074,0.9339,0.9789
445312.00,500000.00,445451.74,11,11,11,11,11,0.055681,0.9295,0.9543
445312.00,500000.00,447490.69,11,11,11,11,11,0.055936,0.9242,0.9864
445312.00,500000.00,443659.78,11,11,11,11,11,0.055457,0.8490,0.9766
351562.00,250000.00,354535.10,11,10,11,10,11,0.044317,0.8334,0.9549
335938.00,250000.00,337634.09,11,10,11,10,11,0.042204,0.8199,0.9820
335938.00,250000.00,339831.35,11,10,11,10,11,0.042479,0.7921,0.9854
632812.00,500000.00,619783.34,12,11,12,11,12,0.077473,0.9617,0.9728
617188.00,500000.00,603160.86,11,11,12,11,12,0.075395,0.9551,0.9749
632812.00,500000.00,617654.09,12,11,12,11,12,0.077207,0.9540,0.9722
617188.00,500000.00,609608.65,11,11,12,11,12,0.076201,0.9491,0.9774
617188.00,500000.00,573542.12,11,11,11,11,11,0.071693,0.9050,0.9266
617188.00,500000.00,623976.71,11,11,12,11,12,0.077997,0.8980,0.9833
617188.00,500000.00,594785.69,11,11,12,11,12,0.074348,0.8698,0.9387
148438.00,125000.00,149086.00,12,12,13,12,13,0.018636,0.8569,0.9842
632812.00,500000.00,634713.17,12,11,12,11,12,0.079339,0.8227,0.9571
148438.00,125000.00,147188.19,12,12,12,12,12,0.018399,0.7141,0.7834
617188.00,500000.00,612607.48,11,11,12,11,12,0.076576,0.9478,0.9880
617188.00,500000.00,612381.94,11,11,12,11,12,0.076548,0.9401,0.9792
632812.00,500000.00,636408.81,12,11,12,11,12,0.079551,0.9205,0.9833
148438.00,125000.00,145893.57,12,11,11,11,11,0.018237,0.8893,0.9657
632812.00,500000.00,621196.75,12,11,12,11,12,0.077650,0.8529,0.9200
632812.00,500000.00,650532.72,12,12,13,12,13,0.081317,0.8302,0.9577
617188.00,500000.00,611600.40,11,11,12,11,12,0.076450,0.9568,0.9664
617188.00,500000.00,603400.23,11,11,12,11,12,0.075425,0.9273,0.9598
617188.00,500000.00,589319.23,11,11,11,11,11,0.073665,0.9272,0.9416
617188.00,500000.00,601274.97,11,11,12,11,12,0.075159,0.9202,0.9684
617188.00,500000.00,502655.03,11,11,11,11,11,0.062832,0.9181,0.8051
617188.00,500000.00,627000.81,11,11,12,11,12,0.078375,0.9066,0.9564
617188.00,500000.00,489257.69,11,11,11,11,11,0.061157,0.8911,0.7533
617188.00,500000.00,524865.15,11,11,11,11,11,0.065608,0.8202,0.8319
632812.00,500000.00,625262.74,12,11,12,11,12,0.078158,0.9596,0.9861
632812.00,500000.00,631921.53,12,11,12,11,12,0.078990,0.9457,0.9843
617188.00,500000.00,605484.96,11,11,12,11,12,0.075686,0.9346,0.9761
632812.00,500000.00,628360.75,12,11,12,11,12,0.078545,0.9131,0.9809
617188.00,500000.00,622148.51,11,11,12,11,12,0.077769,0.9058,0.9861
148438.00,125000.00,144737.24,12,12,12,12,12,0.018092,0.9047,0.9747
148438.00,125000.00,148257.26,12,12,12,12,12,0.018532,0.9039,0.9661
148438.00,125000.00,147415.16,12,12,12,12,12,0.018427,0.8889,0.9482
148438.00,125000.00,141920.57,12,11,11,11,11,0.017740,0.8679,0.9505
617188.00,500000.00,580865.38,11,11,11,11,11,0.072608,0.8639,0.9366
617188.00,500000.00,600307.94,11,11,12,11,12,0.075038,0.8499,0.9617
617188.00,500000.00,651498.79,11,11,12,11,12,0.081437,0.8347,0.8730
148438.00,125000.00,140192.75,12,12,12,12,12,0.017524,0.8346,0.9421
523438.00,500000.00,521371.84,11,11,11,11,11,0.065171,0.9547,0.9837
648438.00,500000.00,640386.58,12,11,12,11,12,0.080048,0.9344,0.9732
195312.00,250000.00,200077.06,11,11,11,10,10,0.025010,0.8155,0.9438
648438.00,500000.00,607286.45,12,11,12,11,12,0.075911,0.8085,0.9120
648438.00,500000.00,544744.49,12,11,11,11,11,0.068093,0.7844,0.7814
195312.00,125000.00,186502.46,11,10,11,10,11,0.023313,0.7760,0.6953
195312.00,250000.00,196196.08,12,12,12,11,11,0.024525,0.7464,0.9822
195312.00,125000.00,181215.29,11,10,11,10,11,0.022652,0.7431,0.9052
195312.00,125000.00,193134.90,12,11,12,11,12,0.024142,0.7033,0.9490
648438.00,500000.00,640992.16,12,11,12,11,12,0.080124,0.9533,0.9755
648438.00,500000.00,648114.92,12,11,12,11,12,0.081014,0.9524,0.9900
523438.00,500000.00,517023.09,11,11,11,11,11,0.064628,0.9416,0.9768
648438.00,500000.00,654258.73,12,11,12,11,12,0.081782,0.9393,0.9829
648438.00,500000.00,650091.17,12,11,12,11,12,0.081261,0.9355,0.9706
195312.00,125000.00,189170.84,12,11,12,11,12,0.023646,0.8412,0.9553
648438.00,500000.00,611824.04,12,11,12,11,12,0.076478,0.8057,0.9319
523438.00,500000.00,583552.36,11,11,11,11,11,0.072944,0.7875,0.6618
195312.00,125000.00,194757.46,12,11,12,11,12,0.024345,0.7035,0.9749
523438.00,500000.00,522717.48,11,11,11,11,11,0.065340,0.9547,0.9786
523438.00,500000.00,528242.11,11,11,11,11,11,0.066030,0.9395,0.9699
195312.00,125000.00,180839.54,12,11,12,11,12,0.022605,0.8806,0.8199
195312.00,125000.00,193088.53,11,10,11,10,11,0.024136,0.7318,0.9588
648438.00,500000.00,642148.02,12,11,12,11,12,0.080269,0.9469,0.9872
648438.00,500000.00,650853.28,12,11,12,11,12,0.081357,0.9451,0.9795
523438.00,500000.00,528391.12,11,11,11,11,11,0.066049,0.9409,0.9846
523438.00,500000.00,527524.95,11,11,11,11,11,0.065941,0.9366,0.9837
648438.00,500000.00,641406.06,12,11,12,11,12,0.080176,0.9187,0.9872
523438.00,500000.00,521415.23,11,11,11,11,11,0.065177,0.9094,0.9613
523438.00,500000.00,542423.25,11,11,11,11,11,0.067803,0.8527,0.9572
195312.00,125000.00,186200.14,12,11,12,11,12,0.023275,0.7993,0.9376
195312.00,125000.00,180554.03,12,11,12,11,12,0.022569,0.7574,0.9007
195312.00,250000.00,219622.61,11,12,12,12,12,0.027453,0.7185,0.8814
398438.00,500000.00,394122.12,10,11,11,10,10,0.049265,0.9450,0.9850
429688.00,500000.00,443879.13,11,11,11,11,11,0.055485,0.9421,0.9557
335938.00,250000.00,340971.47,11,10,11,10,11,0.042621,0.9255,0.9733
429688.00,500000.00,448329.93,11,11,11,11,11,0.056041,0.9219,0.9567
304688.00,250000.00,312429.43,11,11,12,11,12,0.039054,0.9026,0.9656
429688.00,500000.00,460080.15,11,11,11,11,11,0.057510,0.8969,0.8985
398438.00,500000.00,408412.93,10,11,11,10,10,0.051052,0.8541,0.9666
429688.00,500000.00,431097.98,11,11,11,11,11,0.053887,0.8394,0.9906
335938.00,250000.00,332851.65,11,10,11,10,11,0.041606,0.8242,0.8940
335938.00,250000.00,362195.97,11,10,11,10,11,0.045274,0.8122,0.9242
304688.00,250000.00,309153.56,11,11,12,11,12,0.038644,0.7969,0.9797
429688.00,500000.00,431903.84,11,11,11,11,11,0.053988,0.7124,0.9813
335938.00,250000.00,338385.58,11,10,11,10,11,0.042298,0.9431,0.9778
398438.00,500000.00,403463.42,10,11,11,10,10,0.050433,0.9385,0.9785
335938.00,250000.00,340740.92,11,10,11,10,11,0.042593,0.9345,0.9808
398438.00,500000.00,403562.07,10,11,11,10,10,0.050445,0.9302,0.9733
335938.00,250000.00,333279.13,11,10,11,10,11,0.041660,0.9254,0.9886
304688.00,250000.00,313236.24,11,10,11,10,11,0.039155,0.9058,0.9468
429688.00,500000.00,440298.62,11,11,11,11,11,0.055037,0.8351,0.9665
398438.00,500000.00,401775.36,10,11,11,10,10,0.050222,0.9416,0.9851
335938.00,250000.00,341182.71,11,10,11,10,11,0.042648,0.9321,0.9661
398438.00,500000.00,410000.80,10,11,11,10,10,0.051250,0.9246,0.9580
304688.00,250000.00,304446.10,11,11,12,11,12,0.038056,0.9222,0.9766
335938.00,250000.00,338196.75,11,10,11,10,11,0.042275,0.8985,0.9830
304688.00,250000.00,311483.38,11,11,12,11,12,0.038935,0.8885,0.9707
398438.00,500000.00,402224.06,10,11,11,10,10,0.050278,0.8677,0.9693
429688.00,500000.00,433380.13,11,11,11,11,11,0.054173,0.8396,0.9788
429688.00,500000.00,423504.83,11,11,11,11,11,0.052938,0.8150,0.9807
335938.00,500000.00,330793.38,11,12,12,11,11,0.041349,0.7408,0.9463
398438.00,500000.00,400037.77,10,11,11,10,10,0.050005,0.9417,0.9913
398438.00,500000.00,401228.90,10,11,11,10,10,0.050154,0.9341,0.9672
398438.00,500000.00,396496.36,10,11,11,10,10,0.049562,0.9180,0.9877
335938.00,500000.00,375720.26,11,12,12,11,11,0.046965,0.8819,0.8826
335938.00,250000.00,331637.14,11,10,11,10,11,0.041455,0.8762,0.9347
304688.00,250000.00,302082.06,11,11,12,11,12,0.037760,0.8373,0.9670
429688.00,500000.00,437960.62,11,11,11,11,11,0.054745,0.7674,0.9714
304688.00,250000.00,300665.86,11,11,12,11,12,0.037583,0.7273,0.9770
601562.00,500000.00,592275.98,11,11,11,11,11,0.074034,0.9451,0.9821
601562.00,500000.00,603438.38,11,11,12,11,12,0.075430,0.9412,0.9812
335938.00,250000.00,342229.84,11,10,11,10,11,0.042779,0.9263,0.9795
226562.00,250000.00,224518.30,11,11,11,11,11,0.028065,0.9179,0.9745
335938.00,250000.00,339801.79,11,10,11,10,11,0.042475,0.9104,0.9679
226562.00,250000.00,234405.52,11,11,11,11,11,0.029301,0.9083,0.9571
335938.00,500000.00,360234.26,11,12,12,11,11,0.045029,0.8385,0.9210
601562.00,500000.00,591825.49,11,11,11,11,11,0.073978,0.9499,0.9818
226562.00,250000.00,228527.07,10,10,10,10,10,0.028566,0.9481,0.9901
226562.00,250000.00,229054.45,10,10,10,10,10,0.028632,0.9466,0.9820
601562.00,500000.00,585464.48,11,11,11,11,11,0.073183,0.9440,0.9692
226562.00,250000.00,228043.79,11,11,11,11,11,0.028505,0.9431,0.9587
226562.00,250000.00,236492.16,10,10,10,10,10,0.029562,0.9365,0.9470
335938.00,250000.00,333358.76,11,10,11,10,11,0.041670,0.9072,0.9512
226562.00,250000.00,227466.58,10,10,10,10,10,0.028433,0.9042,0.9562
335938.00,250000.00,338953.02,11,10,11,10,11,0.042369,0.8365,0.8779
601562.00,500000.00,572288.51,11,11,11,11,11,0.071536,0.7566,0.8838
601562.00,500000.00,590784.07,11,11,11,11,11,0.073848,0.9549,0.9779
601562.00,500000.00,605503.08,11,11,12,11,12,0.075688,0.9508,0.9859
226562.00,250000.00,229613.30,11,11,11,11,11,0.028702,0.9501,0.9859
226562.00,250000.00,229345.08,10,10,10,10,10,0.028668,0.9491,0.9852
226562.00,250000.00,233501.43,11,11,11,11,11,0.029188,0.9452,0.9673
226562.00,250000.00,239773.27,10,10,10,10,10,0.029972,0.9452,0.9427
226562.00,250000.00,227836.40,11,11,11,11,11,0.028480,0.9409,0.9724
226562.00,250000.00,227102.28,10,10,10,10,10,0.028388,0.9393,0.9777
601562.00,500000.00,580041.89,11,11,11,11,11,0.072505,0.9390,0.9447
226562.00,250000.00,227249.86,10,10,10,10,10,0.028406,0.9346,0.9516
226562.00,250000.00,228675.84,11,11,11,11,11,0.028584,0.9316,0.9825
226562.00,250000.00,231001.85,11,11,11,11,11,0.028875,0.9283,0.9702
601562.00,500000.00,608558.65,11,11,12,11,12,0.076070,0.9199,0.9782
335938.00,250000.00,339292.53,11,10,11,10,11,0.042412,0.8943,0.9564
335938.00,250000.00,326284.41,11,10,11,10,11,0.040786,0.9556,0.7314
601562.00,500000.00,595317.30,11,11,12,11,12,0.074415,0.9542,0.9867
601562.00,500000.00,585978.03,11,11,11,11,11,0.073247,0.9524,0.9480
226562.00,250000.00,231142.04,11,11,11,11,11,0.028893,0.9462,0.9773
226562.00,250000.00,223453.52,11,11,11,11,11,0.027932,0.9405,0.9480
335938.00,250000.00,339284.66,11,10,11,10,11,0.042411,0.9371,0.9785
335938.00,250000.00,340921.40,11,10,11,10,11,0.042615,0.9317,0.9780
335938.00,250000.00,334448.81,11,10,11,10,11,0.041806,0.8972,0.9762
226562.00,250000.00,230010.03,10,10,10,10,10,0.028751,0.7644,0.8933
257812.00,250000.00,258975.98,10,10,10,10,10,0.032372,0.9552,0.9811
242188.00,250000.00,272011.76,9,10,10,10,10,0.034001,0.9465,0.8812
242188.00,250000.00,247041.23,9,10,10,10,10,0.030880,0.9419,0.9748
257812.00,250000.00,254778.86,10,10,10,10,10,0.031847,0.9332,0.9815
257812.00,250000.00,257016.18,10,10,10,10,10,0.032127,0.9286,0.9311
242188.00,250000.00,264144.90,9,10,10,10,10,0.033018,0.7937,0.9142
210938.00,250000.00,223999.02,12,12,12,12,12,0.028000,0.7373,0.9049
242188.00,250000.00,242275.24,9,10,10,10,10,0.030284,0.9635,0.9542
257812.00,250000.00,255370.14,10,10,10,10,10,0.031921,0.9632,0.9820
257812.00,250000.00,255869.63,10,10,10,10,10,0.031984,0.9607,0.9679
257812.00,250000.00,253318.79,10,10,10,10,10,0.031665,0.9511,0.9717
242188.00,250000.00,244568.82,9,10,10,10,10,0.030571,0.9496,0.9778
242188.00,250000.00,244359.85,9,10,10,10,10,0.030545,0.9495,0.9854
257812.00,250000.00,252107.62,10,10,10,10,10,0.031513,0.9475,0.9651
242188.00,250000.00,243473.53,9,10,10,10,10,0.030434,0.9376,0.9660
210938.00,250000.00,221036.91,12,12,12,12,12,0.027630,0.8968,0.9524
195312.00,250000.00,206143.38,11,12,12,11,11,0.025768,0.8168,0.9384
210938.00,125000.00,200521.47,12,11,12,11,12,0.025065,0.7223,0.8482
210938.00,250000.00,218131.30,12,12,12,12,12,0.027266,0.9458,0.9624
257812.00,250000.00,256893.40,10,10,10,10,10,0.032112,0.9437,0.9736
210938.00,250000.00,219802.86,12,12,12,12,12,0.027475,0.8950,0.9515
242188.00,250000.00,240650.27,9,10,10,10,10,0.030081,0.8230,0.9621
257812.00,250000.00,258789.06,10,10,10,10,10,0.032349,0.9450,0.9834
257812.00,250000.00,256757.74,10,10,10,10,10,0.032095,0.9386,0.9790
242188.00,250000.00,237871.17,9,10,10,10,10,0.029734,0.9154,0.9738
257812.00,250000.00,266439.44,10,10,10,10,10,0.033305,0.8838,0.9273
242188.00,250000.00,241312.74,9,10,10,10,10,0.030164,0.8564,0.9874
210938.00,250000.00,216262.82,12,12,12,12,12,0.027033,0.8394,0.9725
210938.00,250000.00,235683.92,12,12,12,12,12,0.029460,0.8011,0.8926
210938.00,250000.00,219784.74,12,12,12,12,12,0.027473,0.7816,0.9537
757812.00,500000.00,739882.47,12,11,12,11,12,0.092485,0.9463,0.9720
492188.00,500000.00,496355.06,10,11,11,11,11,0.062044,0.9451,0.9881
757812.00,500000.00,743445.99,12,11,12,11,12,0.092931,0.9439,0.9348
710938.00,500000.00,716715.81,12,11,12,11,12,0.089589,0.9403,0.9892
492188.00,500000.00,515920.64,10,11,11,11,11,0.064490,0.8402,0.9012
164062.00,250000.00,166660.31,9,10,10,9,9,0.020833,0.7969,0.9374
164062.00,125000.00,160303.35,9,9,10,9,10,0.020038,0.7814,0.9701
710938.00,500000.00,706098.56,12,11,12,11,12,0.088262,0.9724,0.9780
710938.00,500000.00,703575.13,12,11,12,11,12,0.087947,0.9546,0.9879
710938.00,500000.00,714508.06,12,11,12,11,12,0.089314,0.9517,0.9917
757812.00,500000.00,748182.30,12,11,12,11,12,0.093523,0.9505,0.9818
757812.00,500000.00,742873.19,12,11,12,11,12,0.092859,0.9476,0.9748
757812.00,500000.00,612504.24,12,11,12,11,12,0.076563,0.9423,0.8025
710938.00,500000.00,622092.25,12,11,12,11,12,0.077762,0.9166,0.8604
492188.00,500000.00,447795.87,10,11,11,11,11,0.055974,0.8734,0.7575
757812.00,500000.00,666913.03,12,11,12,11,12,0.083364,0.8596,0.8583
164062.00,250000.00,184767.72,9,10,10,9,9,0.023096,0.7644,0.6977
164062.00,250000.00,169873.48,9,10,10,9,9,0.021234,0.7453,0.9629
710938.00,500000.00,710271.84,12,11,12,11,12,0.088784,0.9588,0.9586
710938.00,500000.00,718197.82,12,11,12,11,12,0.089775,0.9499,0.9744
757812.00,500000.00,740993.44,12,11,12,11,12,0.092624,0.9374,0.9705
710938.00,500000.00,699369.43,12,11,12,11,12,0.087421,0.9252,0.9792
757812.00,500000.00,741665.60,12,11,12,11,12,0.092708,0.9085,0.9734
757812.00,500000.00,737237.93,12,11,12,11,12,0.092155,0.9032,0.9219
710938.00,500000.00,659461.02,12,11,12,11,12,0.082433,0.8562,0.9225
710938.00,500000.00,570689.20,12,11,11,11,11,0.071336,0.7895,0.7018
164062.00,125000.00,165782.93,9,9,10,9,10,0.020723,0.7684,0.9836
710938.00,500000.00,692332.27,12,11,12,11,12,0.086542,0.7569,0.9129
757812.00,500000.00,738969.33,12,11,12,11,12,0.092371,0.9344,0.9475
757812.00,500000.00,756666.18,12,11,12,11,12,0.094583,0.9315,0.9862
492188.00,500000.00,488547.21,10,11,11,11,11,0.061068,0.9168,0.9602
492188.00,500000.00,485306.74,10,11,11,11,11,0.060663,0.8962,0.5120
164062.00,125000.00,164522.17,9,9,10,9,10,0.020565,0.8095,0.9718
492188.00,500000.00,482048.03,10,11,11,11,11,0.060256,0.8028,0.9460
632812.00,500000.00,626969.34,12,12,13,12,13,0.078371,0.9424,0.9866
257812.00,250000.00,258998.16,10,10,10,10,10,0.032375,0.9359,0.9842
632812.00,500000.00,633473.40,12,11,12,11,12,0.079184,0.9355,0.9817
632812.00,500000.00,627378.46,12,11,12,11,12,0.078422,0.8357,0.9864
101562.00,125000.00,119165.42,12,12,12,12,12,0.014896,0.7074,0.8497
632812.00,500000.00,625374.79,12,12,13,12,13,0.078172,0.9614,0.9848
257812.00,250000.00,257165.43,10,10,10,10,10,0.032146,0.9577,0.9815
257812.00,250000.00,257945.06,10,10,10,10,10,0.032243,0.9563,0.9561
273438.00,250000.00,271956.44,11,11,11,11,11,0.033995,0.9555,0.9660
257812.00,250000.00,254108.40,10,10,10,10,10,0.031764,0.9548,0.9684
273438.00,250000.00,272155.76,11,11,11,11,11,0.034019,0.9535,0.9701
257812.00,250000.00,252460.48,10,10,10,10,10,0.031558,0.9376,0.9688
273438.00,250000.00,274189.23,11,11,11,11,11,0.034274,0.9329,0.9776
257812.00,250000.00,254173.28,10,10,10,10,10,0.031772,0.9284,0.9836
101562.00,125000.00,114950.18,12,12,12,12,12,0.014369,0.8890,0.8763
273438.00,250000.00,276714.32,11,11,11,11,11,0.034589,0.8654,0.9850
632812.00,500000.00,602982.52,12,12,13,12,13,0.075373,0.8653,0.9525
632812.00,500000.00,539638.52,12,12,12,12,12,0.067455,0.8585,0.8452
632812.00,500000.00,621072.53,12,12,13,12,13,0.077634,0.8228,0.9519
632812.00,500000.00,616299.63,12,11,12,11,12,0.077037,0.7973,0.9476
632812.00,500000.00,626907.35,12,12,13,12,13,0.078363,0.7338,0.9787
632812.00,500000.00,624372.48,12,12,13,12,13,0.078047,0.9463,0.9838
257812.00,250000.00,257299.90,10,10,10,10,10,0.032162,0.9454,0.9831
273438.00,250000.00,274364.47,11,11,11,11,11,0.034296,0.9404,0.9966
273438.00,250000.00,271743.77,11,11,11,11,11,0.033968,0.9325,0.9707
257812.00,250000.00,259013.41,10,10,10,10,10,0.032377,0.9191,0.9805
273438.00,250000.00,267884.73,11,11,11,11,11,0.033486,0.8637,0.9345
101562.00,125000.00,113731.38,12,12,12,12,12,0.014216,0.8475,0.8925
257812.00,250000.00,256137.85,10,10,10,10,10,0.032017,0.9639,0.9672
273438.00,250000.00,267399.79,11,11,11,11,11,0.033425,0.9580,0.9721
273438.00,250000.00,271356.58,11,11,11,11,11,0.033920,0.9473,0.9860
273438.00,250000.00,269882.20,11,11,11,11,11,0.033735,0.9461,0.9801
273438.00,250000.00,270631.79,11,11,11,11,11,0.033829,0.9405,0.9546
257812.00,250000.00,256059.65,10,10,10,10,10,0.032007,0.9323,0.9827
101562.00,125000.00,134837.39,12,12,12,12,12,0.016855,0.8451,0.7529
101562.00,125000.00,131619.45,12,12,12,12,12,0.016452,0.7773,0.7664
273438.00,250000.00,272874.83,12,12,12,12,12,0.034109,0.9518,0.9478
460938.00,500000.00,460161.21,11,11,11,11,11,0.057520,0.9478,0.9917
273438.00,250000.00,271455.76,12,12,12,12,12,0.033932,0.9466,0.9490
117188.00,125000.00,118244.65,11,11,11,11,11,0.014781,0.9207,0.9570
117188.00,125000.00,117936.61,11,11,11,11,11,0.014742,0.9123,0.9409
460938.00,500000.00,466253.28,11,11,11,11,11,0.058282,0.9042,0.9878
460938.00,500000.00,480249.40,11,11,11,11,11,0.060031,0.8882,0.9522
460938.00,500000.00,455114.36,11,11,11,11,11,0.056889,0.8803,0.9739
117188.00,125000.00,125562.67,11,11,11,11,11,0.015695,0.8664,0.9302
117188.00,125000.00,123764.99,11,11,11,11,11,0.015471,0.8629,0.9424
773438.00,500000.00,512380.36,11,11,11,11,11,0.064048,0.8057,0.6128
460938.00,500000.00,476686.06,11,11,11,11,11,0.059586,0.9380,0.9656
460938.00,500000.00,463690.76,11,11,11,11,11,0.057961,0.9334,0.9762
117188.00,125000.00,119391.44,11,11,11,11,11,0.014924,0.9251,0.8721
273438.00,250000.00,272701.26,12,12,12,12,12,0.034088,0.9236,0.9605
273438.00,250000.00,273957.49,12,12,12,12,12,0.034245,0.9154,0.9809
117188.00,125000.00,122991.56,11,11,11,11,11,0.015374,0.8955,0.9282
773438.00,500000.00,480840.44,11,11,11,11,11,0.060105,0.8709,0.6014
273438.00,250000.00,275973.08,12,12,12,12,12,0.034497,0.8083,0.9854
460938.00,500000.00,458744.05,11,11,11,11,11,0.057343,0.9622,0.9828
273438.00,250000.00,268219.47,12,12,12,12,12,0.033527,0.9598,0.9791
273438.00,250000.00,275961.58,12,12,12,12,12,0.034495,0.9444,0.9824
460938.00,500000.00,463959.22,11,11,11,11,11,0.057995,0.9278,0.9696
460938.00,500000.00,473564.15,11,11,11,11,11,0.059196,0.9203,0.9660
117188.00,125000.00,121396.30,11,11,11,11,11,0.015175,0.9010,0.9290
117188.00,125000.00,127104.76,11,11,11,11,11,0.015888,0.8871,0.9089
773438.00,500000.00,447528.84,11,11,11,11,11,0.055941,0.8383,0.5423
460938.00,500000.00,463912.96,11,11,11,11,11,0.057989,0.9415,0.9754
460938.00,500000.00,469017.03,11,11,11,11,11,0.058627,0.9302,0.9784
273438.00,250000.00,252218.25,12,12,12,12,12,0.031527,0.9145,0.8879
117188.00,125000.00,118310.93,11,11,11,11,11,0.014789,0.9108,0.9474
273438.00,250000.00,272768.97,12,12,12,12,12,0.034096,0.8706,0.9653
273438.00,250000.00,287780.76,12,12,12,12,12,0.035973,0.8370,0.9320
445312.00,500000.00,449583.05,11,11,11,11,11,0.056198,0.9627,0.9778
445312.00,500000.00,448667.05,11,11,11,11,11,0.056083,0.9389,0.9785
445312.00,500000.00,450214.39,11,11,11,11,11,0.056277,0.9240,0.9861
773438.00,500000.00,478727.34,11,11,11,11,11,0.059841,0.8691,0.6130
773438.00,500000.00,505342.48,11,11,11,11,11,0.063168,0.8463,0.6203
445312.00,500000.00,449242.59,11,11,11,11,11,0.056155,0.9430,0.9841
445312.00,500000.00,452270.27,11,11,11,11,11,0.056534,0.9403,0.9829
414062.00,500000.00,419469.83,12,12,12,11,11,0.052434,0.9330,0.9852
445312.00,500000.00,452502.25,11,11,11,11,11,0.056563,0.9327,0.9789
773438.00,500000.00,524616.24,11,11,11,11,11,0.065577,0.9042,0.6739
773438.00,500000.00,653020.86,11,11,12,11,12,0.081628,0.9001,0.8267
195312.00,125000.00,192624.09,12,11,12,11,12,0.024078,0.8861,0.9831
414062.00,500000.00,404006.00,12,12,12,11,11,0.050501,0.8606,0.9437
195312.00,125000.00,197364.81,12,11,12,11,12,0.024671,0.8547,0.9858
414062.00,500000.00,412301.06,12,12,12,11,11,0.051538,0.9413,0.9914
445312.00,500000.00,455652.95,11,11,11,11,11,0.056957,0.9360,0.9490
195312.00,125000.00,194319.96,12,11,12,11,12,0.024290,0.9345,0.9768
445312.00,500000.00,447303.03,11,11,11,11,11,0.055913,0.9259,0.9816
445312.00,500000.00,461382.81,11,11,11,11,11,0.057673,0.9208,0.9607
445312.00,500000.00,451148.99,11,11,11,11,11,0.056394,0.9112,0.9830
773438.00,500000.00,533566.47,11,11,11,11,11,0.066696,0.9097,0.6807
195312.00,125000.00,195192.34,12,11,12,11,12,0.024399,0.8732,0.9425
195312.00,125000.00,198023.08,12,11,12,11,12,0.024753,0.8718,0.9633
414062.00,500000.00,413722.99,12,12,12,11,11,0.051715,0.8513,0.9941
773438.00,500000.00,591116.91,11,11,11,11,11,0.073890,0.7598,0.7457
773438.00,500000.00,446227.07,11,11,11,11,11,0.055778,0.9138,0.5604
414062.00,250000.00,419667.24,12,11,12,11,12,0.052458,0.9016,0.9262
414062.00,500000.00,410737.99,12,12,12,11,11,0.051342,0.8993,0.9683
773438.00,500000.00,512701.03,11,11,11,11,11,0.064088,0.8211,0.6351
445312.00,500000.00,442608.83,11,11,11,11,11,0.055326,0.8141,0.9853
195312.00,125000.00,194386.96,12,11,12,11,12,0.024298,0.8068,0.9622
414062.00,250000.00,388051.99,12,11,12,11,12,0.048506,0.7477,0.9273
539062.00,500000.00,545612.10,11,11,11,11,11,0.068202,0.9596,0.9759
226562.00,250000.00,231696.61,11,11,11,11,11,0.028962,0.9521,0.9743
539062.00,500000.00,531558.99,11,11,11,11,11,0.066445,0.9459,0.9763
632812.00,500000.00,622405.05,11,11,12,11,12,0.077801,0.9454,0.9719
226562.00,250000.00,225238.50,11,11,11,11,11,0.028155,0.9349,0.9895
539062.00,500000.00,542717.10,11,11,11,11,11,0.067840,0.9338,0.9831
226562.00,250000.00,232610.70,11,11,11,11,11,0.029076,0.9289,0.9356
539062.00,500000.00,531210.90,11,11,11,11,11,0.066401,0.9287,0.9550
226562.00,250000.00,225725.17,11,11,11,11,11,0.028216,0.9200,0.9685
539062.00,500000.00,540779.11,11,11,11,11,11,0.067597,0.9186,0.9789
539062.00,500000.00,521907.81,11,11,11,11,11,0.065238,0.9148,0.9360
632812.00,500000.00,591676.71,11,11,11,11,11,0.073960,0.9064,0.9035
226562.00,250000.00,245470.05,11,11,11,11,11,0.030684,0.8648,0.8938
148438.00,125000.00,152135.85,11,10,11,10,11,0.019017,0.8236,0.7510
148438.00,125000.00,146804.33,11,10,10,10,10,0.018351,0.7560,0.9714
539062.00,500000.00,534754.28,11,11,11,11,11,0.066844,0.9597,0.9844
226562.00,250000.00,233929.63,11,11,11,11,11,0.029241,0.9499,0.9480
226562.00,250000.00,226718.90,11,11,11,11,11,0.028340,0.9383,0.9884
226562.00,250000.00,255086.90,11,11,11,11,11,0.031886,0.8985,0.8762
226562.00,250000.00,224856.38,11,11,11,11,11,0.028107,0.9560,0.9701
226562.00,250000.00,226007.46,11,11,11,11,11,0.028251,0.9427,0.9544
632812.00,500000.00,627549.17,11,11,12,11,12,0.078444,0.9349,0.9636
632812.00,500000.00,605560.30,11,11,12,11,12,0.075695,0.9019,0.9192
148438.00,125000.00,149476.05,11,10,11,10,11,0.018685,0.8944,0.9827
632812.00,500000.00,607366.56,11,11,12,11,12,0.075921,0.8451,0.9418
632812.00,500000.00,636713.09,11,11,12,11,12,0.079589,0.8064,0.9503
148438.00,125000.00,131927.49,11,11,11,11,11,0.016491,0.7418,0.8709
539062.00,500000.00,535622.60,11,11,11,11,11,0.066953,0.9477,0.9823
539062.00,500000.00,545598.51,11,11,11,11,11,0.068200,0.9422,0.9819
539062.00,500000.00,539969.38,11,11,11,11,11,0.067496,0.9410,0.9538
226562.00,250000.00,230489.73,11,11,11,11,11,0.028811,0.9392,0.9583
632812.00,500000.00,592820.17,11,11,11,11,11,0.074103,0.9195,0.8979
632812.00,500000.00,598886.49,11,11,12,11,12,0.074861,0.9171,0.9436
148438.00,125000.00,149159.43,11,10,11,10,11,0.018645,0.9131,0.9669
632812.00,500000.00,600830.08,11,11,12,11,12,0.075104,0.8728,0.9454
148438.00,125000.00,148129.05,11,11,11,11,11,0.018516,0.7748,0.9564
148438.00,125000.00,151233.67,11,10,11,10,11,0.018904,0.7645,0.9509
632812.00,500000.00,626608.97,12,11,12,11,12,0.078326,0.9562,0.9892
632812.00,500000.00,632163.05,12,11,12,11,12,0.079020,0.9418,0.9802
601562.00,500000.00,594244.96,11,11,11,11,11,0.074281,0.9348,0.9834
726562.00,500000.00,464923.38,11,11,11,11,11,0.058115,0.8585,0.6091
726562.00,500000.00,525164.84,11,11,11,11,11,0.065646,0.7886,0.7118
632812.00,500000.00,629383.09,12,11,12,11,12,0.078673,0.9568,0.9754
632812.00,500000.00,623635.29,12,11,12,11,12,0.077954,0.9435,0.9810
429688.00,500000.00,430711.75,12,12,12,12,12,0.053839,0.9417,0.9806
632812.00,500000.00,626644.13,12,11,12,11,12,0.078331,0.9413,0.9674
632812.00,500000.00,631292.34,12,12,13,12,13,0.078912,0.8242,0.9895
601562.00,500000.00,601376.53,11,11,12,11,12,0.075172,0.9631,0.9634
429688.00,500000.00,435256.96,12,12,12,12,12,0.054407,0.9348,0.9807
601562.00,500000.00,596584.32,11,11,12,11,12,0.074573,0.9333,0.9863
632812.00,500000.00,628961.56,12,11,12,11,12,0.078620,0.9097,0.9896
429688.00,500000.00,435667.04,12,12,12,12,12,0.054458,0.8810,0.9829
429688.00,500000.00,438529.01,12,12,12,12,12,0.054816,0.8695,0.9601
601562.00,500000.00,609184.27,11,11,12,11,12,0.076148,0.8674,0.9487
429688.00,500000.00,438029.77,12,12,12,12,12,0.054754,0.7476,0.9780
632812.00,500000.00,630980.49,12,11,12,11,12,0.078873,0.9682,0.9832
632812.00,500000.00,617038.25,12,12,13,12,13,0.077130,0.9447,0.9729
632812.00,500000.00,638442.99,12,11,12,11,12,0.079805,0.9399,0.9853
429688.00,500000.00,439155.58,12,12,12,12,12,0.054894,0.9278,0.9768
632812.00,500000.00,629401.21,12,12,13,12,13,0.078675,0.9149,0.9913
601562.00,500000.00,611027.24,11,11,12,11,12,0.076378,0.9097,0.9558
429688.00,500000.00,431466.10,12,12,12,12,12,0.053933,0.9028,0.9757
429688.00,500000.00,432853.46,12,12,12,12,12,0.054107,0.8905,0.9815
601562.00,500000.00,595449.45,11,11,12,11,12,0.074431,0.8745,0.9882
726562.00,500000.00,538699.15,11,11,11,11,11,0.067337,0.8595,0.7256
726562.00,500000.00,554746.63,11,11,11,11,11,0.069343,0.8442,0.7506
429688.00,500000.00,433004.86,12,12,12,12,12,0.054126,0.7770,0.9727
726562.00,500000.00,632557.87,11,11,12,11,12,0.079070,0.7723,0.7983
429688.00,500000.00,437782.29,12,12,12,12,12,0.054723,0.7493,0.9350
429688.00,500000.00,427146.79,12,12,12,12,12,0.053393,0.7487,0.9819
507812.00,500000.00,508259.06,12,12,12,12,12,0.063532,0.9650,0.9745
507812.00,500000.00,504589.08,12,12,12,12,12,0.063074,0.9645,0.9920
617188.00,500000.00,602017.82,11,11,12,11,12,0.075252,0.9617,0.9752
351562.00,250000.00,353541.37,12,11,12,11,12,0.044193,0.9540,0.9664
617188.00,500000.00,612167.60,11,11,12,11,12,0.076521,0.9493,0.9864
507812.00,500000.00,504047.39,12,12,12,12,12,0.063006,0.9452,0.9888
351562.00,250000.00,350467.68,12,11,12,11,12,0.043808,0.9443,0.9890
351562.00,250000.00,316604.61,12,11,12,11,12,0.039576,0.9321,0.8845
351562.00,250000.00,348051.07,12,11,12,11,12,0.043506,0.9257,0.9641
351562.00,250000.00,346017.36,12,11,12,11,12,0.043252,0.9210,0.9727
179688.00,125000.00,180679.32,11,10,11,10,11,0.022585,0.8957,0.9707
507812.00,500000.00,503221.51,12,12,12,12,12,0.062903,0.9589,0.9869
351562.00,250000.00,353006.36,12,11,12,11,12,0.044126,0.9509,0.9616
351562.00,250000.00,351365.69,12,11,12,11,12,0.043921,0.9506,0.9862
351562.00,250000.00,351512.91,12,11,12,11,12,0.043939,0.9422,0.9744
617188.00,500000.00,606609.34,11,11,12,11,12,0.075826,0.9331,0.9789
351562.00,250000.00,354673.39,12,11,12,11,12,0.044334,0.9267,0.9733
351562.00,250000.00,350721.36,12,11,12,11,12,0.043840,0.9265,0.9687
179688.00,125000.00,179290.77,11,10,11,10,11,0.022411,0.8624,0.9886
179688.00,125000.00,179265.50,11,10,11,10,11,0.022408,0.8521,0.9686
179688.00,125000.00,178121.57,11,10,11,10,11,0.022265,0.8219,0.8350
617188.00,500000.00,586179.73,11,11,11,11,11,0.073272,0.7231,0.9061
507812.00,500000.00,507994.65,12,12,12,12,12,0.063499,0.9616,0.9955
507812.00,500000.00,501505.85,12,12,12,12,12,0.062688,0.9601,0.9698
507812.00,500000.00,507297.16,12,12,12,12,12,0.063412,0.9579,0.9962
617188.00,500000.00,619136.81,11,11,12,11,12,0.077392,0.9490,0.9800
179688.00,125000.00,170017.72,11,10,11,10,11,0.021252,0.8770,0.8793
617188.00,500000.00,514172.49,11,11,11,11,11,0.064272,0.8729,0.7167
179688.00,125000.00,178319.93,11,10,11,10,11,0.022290,0.8573,0.8567
617188.00,500000.00,551097.87,11,11,11,11,11,0.068887,0.8451,0.8557
507812.00,500000.00,544304.37,12,11,11,11,11,0.068038,0.8369,0.9278
179688.00,125000.00,180592.54,11,10,11,10,11,0.022574,0.7436,0.9725
507812.00,500000.00,505493.16,12,12,12,12,12,0.063187,0.9693,0.9927
507812.00,500000.00,506237.98,12,12,12,12,12,0.063280,0.9661,0.9871
617188.00,500000.00,603699.92,11,11,12,11,12,0.075462,0.9486,0.9702
617188.00,500000.00,613788.60,11,11,12,11,12,0.076724,0.9437,0.9900
351562.00,250000.00,344627.38,12,11,12,11,12,0.043078,0.9351,0.9757
179688.00,125000.00,177703.86,11,10,11,10,11,0.022213,0.9129,0.9602
617188.00,500000.00,563839.20,11,11,11,11,11,0.070480,0.7810,0.8900
632812.00,500000.00,618302.35,12,11,12,11,12,0.077288,0.9324,0.9638
148438.00,125000.00,144063.95,11,11,11,11,11,0.018008,0.8782,0.9063
148438.00,125000.00,138189.32,11,11,11,11,11,0.017274,0.8781,0.9291
148438.00,125000.00,149076.46,11,10,11,10,11,0.018635,0.8044,0.9743
726562.00,500000.00,669954.30,11,11,12,11,12,0.083744,0.8009,0.8852
148438.00,125000.00,140266.42,11,11,11,11,11,0.017533,0.7420,0.9293
351562.00,250000.00,353526.59,12,11,12,11,12,0.044191,0.9718,0.9607
351562.00,250000.00,351223.95,12,11,12,11,12,0.043903,0.9577,0.9981
632812.00,500000.00,641496.66,12,11,12,11,12,0.080187,0.9345,0.9663
351562.00,250000.00,345534.32,12,11,12,11,12,0.043192,0.9334,0.9798
632812.00,500000.00,638063.43,12,11,12,11,12,0.079758,0.9260,0.9716
148438.00,125000.00,144474.27,11,11,11,11,11,0.018059,0.9247,0.9569
632812.00,500000.00,638031.96,12,12,13,12,13,0.079754,0.9066,0.9840
726562.00,500000.00,593604.09,11,11,11,11,11,0.074201,0.8936,0.8154
726562.00,500000.00,514496.80,11,11,11,11,11,0.064312,0.8652,0.6944
148438.00,125000.00,143965.72,11,11,11,11,11,0.017996,0.8522,0.9660
726562.00,500000.00,541925.43,11,11,11,11,11,0.067741,0.7942,0.7118
726562.00,500000.00,483877.18,11,11,11,11,11,0.060485,0.7922,0.5045
726562.00,500000.00,473325.73,11,11,11,11,11,0.059166,0.7754,0.6447
351562.00,250000.00,354337.69,12,11,12,11,12,0.044292,0.7632,0.9358
632812.00,500000.00,610721.59,12,11,12,11,12,0.076340,0.7612,0.9564
148438.00,125000.00,146342.40,11,11,11,11,11,0.018293,0.7567,0.9844
148438.00,125000.00,159397.13,11,11,12,11,12,0.019925,0.7489,0.9076
351562.00,250000.00,351944.92,12,11,12,11,12,0.043993,0.9386,0.9600
351562.00,250000.00,345222.00,12,11,12,11,12,0.043153,0.9384,0.9286
351562.00,250000.00,346206.67,12,11,12,11,12,0.043276,0.9364,0.9808
632812.00,500000.00,634953.50,12,11,12,11,12,0.079369,0.9174,0.9909
726562.00,500000.00,505106.93,11,11,11,11,11,0.063138,0.9106,0.6740
351562.00,250000.00,319229.13,12,11,12,11,12,0.039904,0.9001,0.9032
351562.00,250000.00,349107.74,12,11,12,11,12,0.043638,0.8862,0.9267
632812.00,500000.00,634937.41,12,11,12,11,12,0.079367,0.8389,0.9760
632812.00,500000.00,628710.27,12,11,12,11,12,0.078589,0.9561,0.9906
351562.00,250000.00,351226.81,12,11,12,11,12,0.043903,0.9560,0.9533
632812.00,500000.00,628566.74,12,12,13,12,13,0.078571,0.9501,0.9903
351562.00,250000.00,349134.45,12,11,12,11,12,0.043642,0.9263,0.9656
726562.00,500000.00,569437.03,11,11,11,11,11,0.071180,0.9012,0.7773
632812.00,500000.00,629896.16,12,11,12,11,12,0.078737,0.8944,0.9916
632812.00,500000.00,630657.20,12,12,13,12,13,0.078832,0.8548,0.9856
726562.00,500000.00,503244.40,11,11,11,11,11,0.062906,0.8409,0.6732
148438.00,125000.00,146238.33,11,11,11,11,11,0.018280,0.7126,0.8817
304688.00,250000.00,305573.46,12,11,12,11,12,0.038197,0.9512,0.9818
242188.00,250000.00,242288.35,10,10,10,10,10,0.030286,0.9423,0.9858
242188.00,250000.00,243284.23,10,10,10,10,10,0.030411,0.9410,0.9934
304688.00,250000.00,305742.26,12,11,12,11,12,0.038218,0.9353,0.9738
789062.00,500000.00,775745.39,12,11,12,11,12,0.096968,0.9294,0.9703
304688.00,250000.00,304386.14,12,11,12,11,12,0.038048,0.9221,0.9631
304688.00,250000.00,295177.46,12,11,11,11,11,0.036897,0.9195,0.9597
164062.00,125000.00,161863.33,11,10,11,10,11,0.020233,0.9122,0.9539
242188.00,250000.00,240801.81,10,10,10,10,10,0.030100,0.9595,0.9826
242188.00,250000.00,238730.13,10,10,10,10,10,0.029841,0.9529,0.9828
789062.00,500000.00,672887.80,12,11,12,11,12,0.084111,0.9265,0.8374
304688.00,250000.00,303842.54,12,11,12,11,12,0.037980,0.9152,0.9804
164062.00,125000.00,167640.69,11,10,11,10,11,0.020955,0.9125,0.9737
242188.00,250000.00,242427.83,10,10,10,10,10,0.030303,0.9120,0.9779
164062.00,125000.00,166953.33,11,10,11,10,11,0.020869,0.9077,0.9460
164062.00,125000.00,163503.65,11,10,11,10,11,0.020438,0.9039,0.9759
789062.00,500000.00,706224.44,12,11,12,11,12,0.088278,0.8838,0.8863
164062.00,125000.00,161430.36,11,10,11,10,11,0.020179,0.8634,0.9376
304688.00,250000.00,301811.22,12,12,13,12,13,0.037726,0.8406,0.9763
242188.00,250000.00,230336.19,10,10,10,10,10,0.028792,0.7916,0.8922
164062.00,125000.00,160255.43,11,10,11,10,11,0.020032,0.7638,0.9719
164062.00,125000.00,170530.32,11,10,11,10,11,0.021316,0.7337,0.8916
242188.00,250000.00,244250.30,10,10,10,10,10,0.030531,0.9652,0.9910
242188.00,250000.00,242688.18,10,10,10,10,10,0.030336,0.9378,0.9785
304688.00,250000.00,293494.94,12,11,11,11,11,0.036687,0.8683,0.9626
789062.00,500000.00,730666.16,12,11,12,11,12,0.091333,0.8351,0.8720
789062.00,500000.00,666463.85,12,11,12,11,12,0.083308,0.7975,0.8383
789062.00,500000.00,691771.98,12,11,12,11,12,0.086471,0.7233,0.7410
242188.00,250000.00,243922.37,10,10,10,10,10,0.030490,0.9480,0.9849
242188.00,250000.00,242221.83,10,10,10,10,10,0.030278,0.9318,0.9321
304688.00,250000.00,310537.34,12,11,12,11,12,0.038817,0.9237,0.9787
164062.00,125000.00,168974.88,11,10,11,10,11,0.021122,0.9215,0.9095
242188.00,250000.00,255270.00,10,10,10,10,10,0.031909,0.9176,0.9180
789062.00,500000.00,712750.91,12,11,12,11,12,0.089094,0.9129,0.8766
789062.00,500000.00,696677.21,12,11,12,11,12,0.087085,0.9079,0.8804
304688.00,250000.00,299089.43,12,11,12,11,12,0.037386,0.8774,0.9643
789062.00,500000.00,660120.01,12,11,12,11,12,0.082515,0.8712,0.8044
304688.00,250000.00,300413.13,12,12,13,12,13,0.037552,0.8592,0.9733
304688.00,250000.00,282785.42,12,11,11,11,11,0.035348,0.8411,0.9089
164062.00,125000.00,168077.47,11,10,11,10,11,0.021010,0.8277,0.9414
789062.00,500000.00,571608.54,12,11,11,11,11,0.071451,0.7810,0.7174
570312.00,500000.00,570340.16,11,11,11,11,11,0.071293,0.9663,0.9932
445312.00,500000.00,444898.01,12,12,12,12,12,0.055612,0.9653,0.9917
570312.00,500000.00,574558.26,11,11,11,11,11,0.071820,0.9612,0.9790
445312.00,500000.00,446473.36,12,12,12,12,12,0.055809,0.9538,0.9795
570312.00,500000.00,567085.27,11,11,11,11,11,0.070886,0.9499,0.9797
242188.00,250000.00,243654.73,12,12,12,12,12,0.030457,0.9399,0.9781
335938.00,250000.00,330261.71,12,11,12,11,12,0.041283,0.9358,0.9811
570312.00,500000.00,568073.27,11,11,11,11,11,0.071009,0.9277,0.9828
335938.00,250000.00,335229.87,12,11,12,11,12,0.041904,0.9146,0.9664
335938.00,250000.00,341763.50,12,11,12,11,12,0.042720,0.9123,0.9658
242188.00,250000.00,237671.61,12,12,12,12,12,0.029709,0.7611,0.9248
335938.00,250000.00,304966.45,12,11,12,11,12,0.038121,0.7335,0.8968
242188.00,250000.00,245697.98,12,12,12,12,12,0.030712,0.9669,0.9824
242188.00,250000.00,246452.81,12,12,12,12,12,0.030807,0.9606,0.9702
242188.00,250000.00,241365.61,12,12,12,12,12,0.030171,0.9549,0.9866
335938.00,250000.00,331154.82,12,11,12,11,12,0.041394,0.9535,0.9491
242188.00,250000.00,247199.06,12,12,12,12,12,0.030900,0.9523,0.9453
445312.00,500000.00,450973.51,12,12,12,12,12,0.056372,0.9483,0.9720
242188.00,250000.00,250129.70,12,12,12,12,12,0.031266,0.9481,0.9679
570312.00,500000.00,576627.49,11,11,11,11,11,0.072078,0.9458,0.9857
242188.00,250000.00,242611.89,12,12,12,12,12,0.030326,0.9440,0.9847
335938.00,250000.00,336520.20,12,11,12,11,12,0.042065,0.9397,0.9677
445312.00,500000.00,450357.20,12,12,12,12,12,0.056295,0.9326,0.9612
570312.00,500000.00,622403.14,11,11,12,11,12,0.077800,0.9100,0.9137
570312.00,500000.00,570358.28,11,11,11,11,11,0.071295,0.9546,0.9866
335938.00,250000.00,336853.03,12,11,12,11,12,0.042107,0.9522,0.9548
445312.00,500000.00,450462.22,12,12,12,12,12,0.056308,0.9494,0.9810
335938.00,250000.00,335641.86,12,11,12,11,12,0.041955,0.9478,0.9822
570312.00,500000.00,571257.59,11,11,11,11,11,0.071407,0.9376,0.9771
335938.00,250000.00,332401.28,12,11,12,11,12,0.041550,0.9324,0.9602
445312.00,500000.00,447685.24,12,12,12,12,12,0.055961,0.9323,0.9645
242188.00,250000.00,242546.08,12,12,12,12,12,0.030318,0.7964,0.7518
445312.00,500000.00,443366.11,12,12,12,12,12,0.055421,0.9575,0.9849
445312.00,500000.00,446803.09,12,12,12,12,12,0.055850,0.9565,0.9925
570312.00,500000.00,556312.56,11,11,11,11,11,0.069539,0.9550,0.9727
242188.00,250000.00,244758.61,12,12,12,12,12,0.030595,0.9485,0.9848
445312.00,500000.00,454906.94,12,12,12,12,12,0.056863,0.9466,0.9770
335938.00,250000.00,329946.52,12,11,12,11,12,0.041243,0.9395,0.9527
570312.00,500000.00,572307.59,11,11,11,11,11,0.071538,0.9367,0.9809
570312.00,500000.00,566249.85,11,11,11,11,11,0.070781,0.9307,0.9771
445312.00,500000.00,443585.40,12,12,12,12,12,0.055448,0.8854,0.9724
414062.00,500000.00,414163.59,10,11,11,10,10,0.051770,0.9467,0.9795
664062.00,500000.00,665474.89,12,11,12,11,12,0.083184,0.8935,0.9592
414062.00,500000.00,411440.85,10,11,11,10,10,0.051430,0.8865,0.9689
398438.00,500000.00,399051.67,11,11,11,10,10,0.049881,0.7002,0.9775
664062.00,500000.00,665610.31,12,11,12,11,12,0.083201,0.9718,0.9856
664062.00,500000.00,658762.45,12,11,12,11,12,0.082345,0.9654,0.9483
414062.00,500000.00,419570.92,10,11,11,10,10,0.052446,0.9551,0.9748
664062.00,500000.00,662231.45,12,11,12,11,12,0.082779,0.9502,0.9832
664062.00,500000.00,657587.05,12,11,12,11,12,0.082198,0.9257,0.9833
664062.00,500000.00,660388.47,12,11,12,11,12,0.082549,0.9479,0.9859
414062.00,500000.00,412030.22,10,11,11,10,10,0.051504,0.9474,0.9788
664062.00,500000.00,657917.98,12,11,12,11,12,0.082240,0.9426,0.9866
414062.00,500000.00,422300.34,10,11,11,11,11,0.052788,0.9325,0.9653
414062.00,500000.00,409099.58,10,11,11,10,10,0.051137,0.9313,0.9617
414062.00,500000.00,409770.97,10,11,11,10,10,0.051221,0.9207,0.9752
414062.00,500000.00,418634.41,11,11,11,10,10,0.052329,0.8899,0.9856
414062.00,500000.00,505277.63,11,11,11,11,11,0.063160,0.8815,0.8167
664062.00,500000.00,622278.21,12,11,12,11,12,0.077785,0.7469,0.8575
414062.00,500000.00,406121.25,11,12,12,11,11,0.050765,0.7144,0.9667
398438.00,500000.00,401325.23,11,11,11,10,10,0.050166,0.7136,0.9848
664062.00,500000.00,660194.16,12,11,12,11,12,0.082524,0.9507,0.9848
414062.00,500000.00,418135.64,10,11,11,10,10,0.052267,0.9389,0.9851
414062.00,500000.00,420767.31,10,11,11,11,11,0.052596,0.9370,0.9708
664062.00,500000.00,654436.11,12,11,12,11,12,0.081805,0.9254,0.9730
414062.00,500000.00,467703.34,10,11,11,11,11,0.058463,0.8541,0.8709
398438.00,500000.00,404491.42,11,12,12,11,11,0.050561,0.7983,0.9792
398438.00,500000.00,400930.40,11,12,12,11,11,0.050116,0.7980,0.9846
414062.00,500000.00,420797.35,11,11,11,11,11,0.052600,0.7726,0.9249
414062.00,500000.00,469106.67,10,11,11,11,11,0.058638,0.7331,0.8719
554688.00,500000.00,544260.74,11,11,11,11,11,0.068033,0.9449,0.9374
320312.00,250000.00,320309.64,12,11,12,11,12,0.040039,0.9428,0.9913
492188.00,500000.00,474327.09,10,11,11,11,11,0.059291,0.9423,0.9477
320312.00,250000.00,312901.50,12,11,12,11,12,0.039113,0.9332,0.9646
304688.00,250000.00,302947.04,12,11,12,11,12,0.037868,0.9327,0.9670
554688.00,500000.00,546195.03,11,11,11,11,11,0.068274,0.9143,0.9735
320312.00,250000.00,316733.24,12,11,12,11,12,0.039592,0.8755,0.9823
492188.00,500000.00,496548.89,10,11,11,11,11,0.062069,0.8435,0.8471
304688.00,250000.00,296854.02,12,11,11,11,11,0.037107,0.9618,0.9712
320312.00,250000.00,323256.97,12,11,12,11,12,0.040407,0.9511,0.9727
304688.00,250000.00,303903.58,12,11,12,11,12,0.037988,0.9423,0.9946
492188.00,500000.00,487359.52,10,11,11,11,11,0.060920,0.9305,0.9809
304688.00,250000.00,303364.75,12,11,12,11,12,0.037921,0.9214,0.9751
492188.00,500000.00,505497.69,10,11,11,11,11,0.063187,0.9155,0.9725
554688.00,500000.00,532508.85,11,11,11,11,11,0.066564,0.8279,0.9585
492188.00,500000.00,502086.64,10,11,11,11,11,0.062761,0.9527,0.9788
554688.00,500000.00,549658.78,11,11,11,11,11,0.068707,0.9522,0.9867
554688.00,500000.00,553375.24,11,11,11,11,11,0.069172,0.9457,0.9900
304688.00,250000.00,299837.11,12,12,13,12,13,0.037480,0.9348,0.9759
554688.00,500000.00,557779.31,11,11,11,11,11,0.069722,0.9154,0.9416
492188.00,500000.00,460237.50,10,11,11,11,11,0.057530,0.9084,0.9255
304688.00,250000.00,277885.44,12,11,11,11,11,0.034736,0.8752,0.8924
320312.00,250000.00,321326.97,12,11,12,11,12,0.040166,0.8685,0.9665
320312.00,250000.00,318254.47,12,11,12,11,12,0.039782,0.8536,0.9443
554688.00,500000.00,555984.97,11,11,11,11,11,0.069498,0.8370,0.9619
320312.00,250000.00,317800.52,12,11,12,11,12,0.039725,0.8188,0.9437
320312.00,250000.00,310442.75,12,11,12,11,12,0.038805,0.7801,0.9059
554688.00,500000.00,561289.79,11,11,11,11,11,0.070161,0.7795,0.9667
554688.00,500000.00,468278.88,11,11,11,11,11,0.058535,0.7387,0.7380
554688.00,500000.00,544618.67,11,11,11,11,11,0.068077,0.9628,0.9784
492188.00,500000.00,474638.94,10,11,11,11,11,0.059330,0.9449,0.9529
554688.00,500000.00,558134.56,11,11,11,11,11,0.069767,0.9443,0.9740
492188.00,500000.00,500378.13,10,11,11,11,11,0.062547,0.9407,0.9816
304688.00,250000.00,290589.93,12,12,12,12,12,0.036324,0.9234,0.9506
320312.00,250000.00,319824.22,12,11,12,11,12,0.039978,0.9056,0.9905
304688.00,250000.00,300112.37,12,11,12,11,12,0.037514,0.9018,0.9827
304688.00,250000.00,279640.67,12,12,12,12,12,0.034955,0.8948,0.9145
304688.00,250000.00,307505.85,12,11,12,11,12,0.038438,0.8939,0.9798
304688.00,250000.00,299605.37,12,12,13,12,13,0.037451,0.8720,0.9830
320312.00,250000.00,317996.98,12,11,12,11,12,0.039750,0.8619,0.9875
226562.00,250000.00,234162.33,12,12,12,12,12,0.029270,0.9582,0.9643
242188.00,250000.00,243621.83,10,10,10,10,10,0.030453,0.9519,0.9893
242188.00,250000.00,242843.63,10,10,10,10,10,0.030355,0.9464,0.9813
351562.00,250000.00,353850.36,12,11,12,11,12,0.044231,0.9384,0.9706
242188.00,250000.00,239953.04,10,10,10,10,10,0.029994,0.9382,0.9786
226562.00,250000.00,227657.32,12,12,12,12,12,0.028457,0.9375,0.9643
351562.00,250000.00,353124.62,12,11,12,11,12,0.044141,0.9349,0.9726
242188.00,250000.00,246972.08,10,10,10,10,10,0.030872,0.9235,0.9756
132812.00,125000.00,134845.73,12,12,12,12,12,0.016856,0.8835,0.9594
226562.00,250000.00,223823.07,12,12,12,12,12,0.027978,0.7714,0.8547
242188.00,250000.00,244082.93,10,10,10,10,10,0.030510,0.9515,0.9903
242188.00,250000.00,238730.91,10,10,10,10,10,0.029841,0.9389,0.9830
226562.00,250000.00,221473.69,12,12,12,12,12,0.027684,0.9327,0.9533
351562.00,250000.00,337049.96,12,11,12,11,12,0.042131,0.9318,0.9531
132812.00,125000.00,132167.34,12,12,12,12,12,0.016521,0.9138,0.9865
351562.00,250000.00,347068.79,12,11,12,11,12,0.043384,0.9136,0.9804
226562.00,250000.00,228378.77,12,12,12,12,12,0.028547,0.9077,0.9834
226562.00,250000.00,224888.80,12,12,12,12,12,0.028111,0.8915,0.9755
132812.00,125000.00,133983.61,12,12,12,12,12,0.016748,0.8841,0.9454
226562.00,250000.00,243620.87,12,12,12,12,12,0.030453,0.7851,0.9001
242188.00,250000.00,265249.25,10,10,10,10,10,0.033156,0.7597,0.8717
351562.00,250000.00,345774.65,12,11,12,11,12,0.043222,0.9598,0.9794
242188.00,250000.00,239477.16,10,10,10,10,10,0.029935,0.9511,0.9519
242188.00,250000.00,245269.78,10,10,10,10,10,0.030659,0.9456,0.9723
351562.00,250000.00,350064.28,12,11,12,11,12,0.043758,0.9455,0.9831
132812.00,125000.00,133532.52,12,12,12,12,12,0.016692,0.9371,0.9846
226562.00,250000.00,228592.40,12,12,12,12,12,0.028574,0.9356,0.9687
132812.00,125000.00,129495.62,12,12,12,12,12,0.016187,0.9234,0.9675
242188.00,250000.00,237843.51,10,10,10,10,10,0.029730,0.9688,0.9772
351562.00,250000.00,354660.03,12,11,12,11,12,0.044333,0.9551,0.9702
351562.00,250000.00,347432.14,12,11,12,11,12,0.043429,0.9454,0.9875
226562.00,250000.00,230281.83,12,12,12,12,12,0.028785,0.9450,0.9781
351562.00,250000.00,353851.32,12,11,12,11,12,0.044231,0.9420,0.9796
351562.00,250000.00,351688.39,12,11,12,11,12,0.043961,0.9385,0.9461
242188.00,250000.00,239406.59,10,10,10,10,10,0.029926,0.9349,0.9789
226562.00,250000.00,230794.91,12,12,12,12,12,0.028849,0.9283,0.9791
351562.00,250000.00,351527.21,12,11,12,11,12,0.043941,0.9180,0.9724
226562.00,250000.00,235069.27,12,12,12,12,12,0.029384,0.8946,0.9055
132812.00,125000.00,132256.51,12,12,12,12,12,0.016532,0.8370,0.9286
132812.00,125000.00,135855.67,12,12,12,12,12,0.016982,0.7130,0.6827
695312.00,500000.00,690610.89,12,11,12,11,12,0.086326,0.9609,0.9812
164062.00,125000.00,165184.02,10,9,10,9,10,0.020648,0.9335,0.9902
164062.00,125000.00,169077.87,10,9,10,9,10,0.021135,0.9155,0.9470
164062.00,125000.00,161601.07,10,9,10,9,10,0.020200,0.8335,0.9753
148438.00,125000.00,144037.25,11,11,11,11,11,0.018005,0.8276,0.9679
148438.00,125000.00,143680.57,11,11,11,11,11,0.017960,0.8137,0.9406
148438.00,125000.00,147797.58,11,10,10,10,10,0.018475,0.8040,0.9888
195312.00,125000.00,193788.53,10,9,10,9,10,0.024224,0.7924,0.9686
148438.00,125000.00,144674.30,11,11,11,11,11,0.018084,0.7466,0.9714
164062.00,125000.00,162303.45,10,9,10,9,10,0.020288,0.7354,0.8361
695312.00,500000.00,684587.48,12,11,12,11,12,0.085573,0.9164,0.9719
164062.00,125000.00,163658.86,10,9,10,9,10,0.020457,0.9007,0.9778
695312.00,500000.00,703788.76,12,11,12,11,12,0.087974,0.8994,0.9649
164062.00,125000.00,168765.07,10,9,10,9,10,0.021096,0.8754,0.9691
148438.00,125000.00,145486.83,11,11,11,11,11,0.018186,0.8750,0.9651
195312.00,125000.00,195816.99,10,9,10,9,10,0.024477,0.8014,0.9590
695312.00,500000.00,696880.34,12,11,12,11,12,0.087110,0.9490,0.9740
695312.00,500000.00,687941.55,12,11,12,11,12,0.085993,0.9455,0.9827
164062.00,125000.00,167350.77,10,9,10,9,10,0.020919,0.9242,0.9667
695312.00,500000.00,694405.08,12,11,12,11,12,0.086801,0.9239,0.9809
695312.00,500000.00,690550.80,12,11,12,11,12,0.086319,0.9216,0.9907
195312.00,125000.00,194191.93,10,9,10,9,10,0.024274,0.9108,0.9694
164062.00,125000.00,161627.05,10,9,10,9,10,0.020203,0.9093,0.9811
164062.00,125000.00,160537.24,10,9,10,9,10,0.020067,0.9043,0.9743
148438.00,125000.00,147733.45,11,10,10,10,10,0.018467,0.8743,0.9933
148438.00,125000.00,150780.68,11,10,11,10,11,0.018848,0.8643,0.9486
695312.00,500000.00,569437.98,12,11,11,11,11,0.071180,0.8014,0.7882
695312.00,500000.00,697065.83,12,11,12,11,12,0.087133,0.9549,0.9559
695312.00,500000.00,703277.59,12,11,12,11,12,0.087910,0.9460,0.9835
148438.00,125000.00,149368.29,11,11,12,11,12,0.018671,0.9017,0.9740
195312.00,125000.00,193548.20,10,9,10,9,10,0.024194,0.8373,0.9898
164062.00,125000.00,164055.82,10,9,10,9,10,0.020507,0.8035,0.9773
148438.00,125000.00,147184.37,11,10,10,10,10,0.018398,0.7504,0.9663
164062.00,125000.00,166941.40,10,9,10,9,10,0.020868,0.7355,0.9726
476562.00,500000.00,482102.87,11,11,11,11,11,0.060263,0.9672,0.9855
742188.00,500000.00,721463.80,12,11,12,11,12,0.090183,0.9569,0.9636
351562.00,250000.00,353296.28,11,10,11,10,11,0.044162,0.9472,0.9710
742188.00,500000.00,735698.70,12,11,12,11,12,0.091962,0.9467,0.9849
742188.00,500000.00,733955.38,12,11,12,11,12,0.091744,0.9363,0.9632
742188.00,500000.00,724841.83,12,11,12,11,12,0.090605,0.9343,0.9728
476562.00,500000.00,500875.47,11,11,11,11,11,0.062609,0.9277,0.9355
742188.00,500000.00,736364.36,12,11,12,11,12,0.092046,0.9263,0.9623
164062.00,125000.00,130361.56,12,11,11,11,11,0.016295,0.8752,0.7819
351562.00,250000.00,358911.75,11,10,11,10,11,0.044864,0.8562,0.9770
742188.00,500000.00,732438.09,12,11,12,11,12,0.091555,0.9653,0.9841
476562.00,500000.00,472787.86,11,11,11,11,11,0.059098,0.9582,0.9905
164062.00,125000.00,159852.03,12,11,12,11,12,0.019982,0.9538,0.9617
351562.00,250000.00,354234.70,11,10,11,10,11,0.044279,0.9531,0.9878
742188.00,500000.00,737163.54,12,11,12,11,12,0.092145,0.9488,0.9833
742188.00,500000.00,723045.35,12,11,12,11,12,0.090381,0.9483,0.9578
164062.00,125000.00,157274.25,12,11,12,11,12,0.019659,0.9420,0.9474
164062.00,125000.00,156609.54,12,11,12,11,12,0.019576,0.9388,0.9497
351562.00,250000.00,354709.63,11,10,11,10,11,0.044339,0.9320,0.9863
476562.00,500000.00,487575.53,11,11,11,11,11,0.060947,0.9124,0.9727
164062.00,125000.00,160554.89,12,11,12,11,12,0.020069,0.9032,0.9782
476562.00,500000.00,472435.00,11,11,11,11,11,0.059054,0.9577,0.9855
476562.00,500000.00,485245.23,11,11,11,11,11,0.060656,0.9555,0.9820
164062.00,125000.00,161483.76,12,11,12,11,12,0.020185,0.9482,0.9571
476562.00,500000.00,486694.34,11,11,11,11,11,0.060837,0.9394,0.9685
164062.00,125000.00,168658.14,12,11,12,11,12,0.021082,0.9289,0.9635
351562.00,250000.00,353332.52,11,10,11,10,11,0.044167,0.9179,0.9876
476562.00,500000.00,474878.31,11,11,11,11,11,0.059360,0.9172,0.9903
164062.00,125000.00,163352.97,12,11,12,11,12,0.020419,0.9058,0.8678
164062.00,125000.00,158309.94,12,11,12,11,12,0.019789,0.8743,0.9645
351562.00,250000.00,352088.93,11,10,11,10,11,0.044011,0.8239,0.9798
351562.00,250000.00,353811.26,11,10,11,10,11,0.044226,0.7941,0.8708
351562.00,250000.00,362756.73,11,10,11,10,11,0.045345,0.7034,0.9437
476562.00,500000.00,479070.66,11,11,11,11,11,0.059884,0.9580,0.9947
476562.00,500000.00,480834.01,11,11,11,11,11,0.060104,0.9576,0.9877
742188.00,500000.00,734334.95,12,11,12,11,12,0.091792,0.9377,0.9681
476562.00,500000.00,477511.41,11,11,11,11,11,0.059689,0.9321,0.9642
742188.00,500000.00,711291.31,12,11,12,11,12,0.088911,0.9233,0.9472
742188.00,500000.00,687672.62,12,11,12,11,12,0.085959,0.9078,0.9248
351562.00,250000.00,358707.43,11,10,11,10,11,0.044838,0.8858,0.9666
351562.00,250000.00,348608.02,11,10,11,10,11,0.043576,0.8396,0.9262
351562.00,250000.00,346136.09,11,10,11,10,11,0.043267,0.7153,0.9821
554688.00,500000.00,549728.39,12,12,12,12,12,0.068716,0.9577,0.9809
554688.00,500000.00,553892.14,12,12,12,12,12,0.069237,0.9561,0.9883
695312.00,500000.00,697456.36,12,11,12,11,12,0.087182,0.9560,0.9915
679688.00,500000.00,664793.25,11,11,12,11,12,0.083099,0.9458,0.9748
695312.00,500000.00,697501.18,12,11,12,11,12,0.087188,0.9365,0.9926
695312.00,500000.00,679728.98,12,11,12,11,12,0.084966,0.9239,0.9481
210938.00,250000.00,211365.70,10,10,10,10,10,0.026421,0.8930,0.9867
554688.00,500000.00,554012.54,12,12,12,12,12,0.069252,0.8754,0.9800
695312.00,500000.00,666594.51,12,11,12,11,12,0.083324,0.8621,0.9036
679688.00,500000.00,638588.91,11,11,12,11,12,0.079824,0.8439,0.9089
210938.00,250000.00,211429.60,10,10,10,10,10,0.026429,0.7121,0.9578
695312.00,500000.00,722871.54,12,11,12,11,12,0.090359,0.7098,0.8003
695312.00,500000.00,683540.34,12,11,12,11,12,0.085443,0.9602,0.9778
554688.00,500000.00,552204.13,12,12,12,12,12,0.069026,0.9587,0.9844
695312.00,500000.00,685119.87,12,11,12,11,12,0.085640,0.9536,0.9641
554688.00,500000.00,567015.89,12,12,12,12,12,0.070877,0.9478,0.9734
695312.00,500000.00,702023.27,12,11,12,11,12,0.087753,0.9478,0.9657
554688.00,500000.00,526700.97,12,12,12,12,12,0.065838,0.9425,0.9114
679688.00,500000.00,667605.64,11,11,12,11,12,0.083451,0.8926,0.9784
679688.00,500000.00,657736.78,11,11,12,11,12,0.082217,0.8664,0.9612
554688.00,500000.00,516836.17,12,12,12,12,12,0.064605,0.8638,0.7744
210938.00,250000.00,213018.42,10,10,10,10,10,0.026627,0.8299,0.9407
210938.00,250000.00,212489.13,10,10,10,10,10,0.026561,0.8173,0.9888
210938.00,250000.00,216073.04,10,10,10,10,10,0.027009,0.7720,0.9547
210938.00,250000.00,217458.72,10,10,10,10,10,0.027182,0.7358,0.9651
554688.00,500000.00,566164.97,12,12,12,12,12,0.070771,0.9517,0.9728
554688.00,500000.00,563408.37,12,12,12,12,12,0.070426,0.9500,0.9657
679688.00,500000.00,657234.19,11,11,12,11,12,0.082154,0.9127,0.9595
695312.00,500000.00,570682.64,12,11,11,11,11,0.071335,0.8954,0.8143
679688.00,500000.00,659265.52,11,11,12,11,12,0.082408,0.8949,0.9544
695312.00,500000.00,681204.68,12,11,12,11,12,0.085151,0.8938,0.9734
695312.00,500000.00,613899.71,12,11,12,11,12,0.076737,0.8787,0.8772
679688.00,500000.00,645476.34,11,11,12,11,12,0.080685,0.8173,0.9469
679688.00,500000.00,579216.00,11,11,11,11,11,0.072402,0.8170,0.8451
210938.00,250000.00,219312.67,10,10,10,10,10,0.027414,0.7351,0.9546
554688.00,500000.00,555015.56,12,12,12,12,12,0.069377,0.9689,0.9900
554688.00,500000.00,560569.76,12,12,12,12,12,0.070071,0.9571,0.9868
210938.00,250000.00,210425.85,10,10,10,10,10,0.026303,0.8953,0.9931
679688.00,500000.00,655897.14,11,11,12,11,12,0.081987,0.8454,0.9216
523438.00,500000.00,517110.82,12,12,12,12,12,0.064639,0.9656,0.9370
585938.00,500000.00,582128.52,12,12,12,12,12,0.072766,0.9584,0.9911
523438.00,500000.00,532553.67,12,12,12,12,12,0.066569,0.9542,0.9701
273438.00,250000.00,273619.06,11,11,11,11,11,0.034202,0.9432,0.9813
585938.00,500000.00,580383.30,12,12,12,12,12,0.072548,0.9336,0.9828
273438.00,250000.00,300190.93,11,11,12,11,12,0.037524,0.8921,0.8960
585938.00,500000.00,525678.63,12,12,12,12,12,0.065710,0.8846,0.8523
101562.00,125000.00,130419.73,12,12,12,12,12,0.016302,0.8296,0.7771
101562.00,125000.00,132562.88,12,12,12,12,12,0.016570,0.7911,0.7559
585938.00,500000.00,584909.44,12,12,12,12,12,0.073114,0.9593,0.9740
523438.00,500000.00,514664.65,12,12,12,12,12,0.064333,0.9561,0.9710
523438.00,500000.00,516151.43,12,12,12,12,12,0.064519,0.9506,0.9794
585938.00,500000.00,580469.37,12,12,12,12,12,0.072559,0.9502,0.9835
523438.00,500000.00,524485.59,12,12,12,12,12,0.065561,0.9498,0.9855
273438.00,250000.00,270367.74,11,11,11,11,11,0.033796,0.9392,0.9865
101562.00,125000.00,110147.48,12,12,12,12,12,0.013768,0.9180,0.9195
585938.00,500000.00,603108.64,12,12,13,12,13,0.075389,0.9043,0.9601
101562.00,125000.00,108686.92,12,12,12,12,12,0.013586,0.8996,0.9170
101562.00,125000.00,114085.67,12,12,12,12,12,0.014261,0.8973,0.8686
273438.00,250000.00,277040.48,11,11,11,11,11,0.034630,0.8735,0.9235
101562.00,125000.00,112648.73,12,12,12,12,12,0.014081,0.8459,0.8902
523438.00,500000.00,515335.08,12,12,12,12,12,0.064417,0.9718,0.9804
585938.00,500000.00,576059.10,12,12,12,12,12,0.072007,0.9641,0.9798
273438.00,250000.00,274713.52,11,11,11,11,11,0.034339,0.9596,0.9778
523438.00,500000.00,524191.86,12,12,12,12,12,0.065524,0.9561,0.9838
585938.00,500000.00,588516.24,12,12,12,12,12,0.073565,0.9500,0.9789
273438.00,250000.00,275293.35,11,11,11,11,11,0.034412,0.9440,0.9914
273438.00,250000.00,269913.97,11,11,11,11,11,0.033739,0.9230,0.9795
523438.00,500000.00,518581.39,12,12,12,12,12,0.064823,0.8993,0.9810
273438.00,250000.00,298389.43,11,11,12,11,12,0.037299,0.8803,0.9126
523438.00,500000.00,493125.92,12,12,12,12,12,0.061641,0.7378,0.8815
523438.00,500000.00,521843.91,12,12,12,12,12,0.065230,0.9672,0.9819
523438.00,500000.00,522459.03,12,12,12,12,12,0.065307,0.9648,0.9914
273438.00,250000.00,278072.36,11,11,11,11,11,0.034759,0.9638,0.9799
273438.00,250000.00,277556.90,11,11,11,11,11,0.034695,0.9613,0.9833
585938.00,500000.00,587453.84,12,12,12,12,12,0.073432,0.9523,0.9785
273438.00,250000.00,275762.56,11,11,11,11,11,0.034470,0.9486,0.9834
585938.00,500000.00,588365.91,12,12,12,12,12,0.073546,0.9466,0.9849
585938.00,500000.00,579784.39,12,12,12,12,12,0.072473,0.9407,0.9774
101562.00,125000.00,129993.44,12,12,12,12,12,0.016249,0.8188,0.7560
210938.00,250000.00,212985.52,11,11,11,11,11,0.026623,0.9400,0.9792
117188.00,125000.00,118803.98,9,9,9,9,9,0.014850,0.9246,0.9482
210938.00,250000.00,216856.60,11,11,11,11,11,0.027107,0.9218,0.9706
117188.00,125000.00,126244.54,9,9,9,9,9,0.015781,0.9155,0.9119
117188.00,125000.00,116855.62,9,9,9,9,9,0.014607,0.9074,0.9897
398438.00,250000.00,379358.29,12,11,12,11,12,0.047420,0.8650,0.9304
226562.00,250000.00,227073.67,9,10,10,10,10,0.028384,0.8585,0.9729
398438.00,250000.00,396033.29,12,11,12,11,12,0.049504,0.8091,0.9913
398438.00,500000.00,405396.46,12,12,12,11,11,0.050675,0.8663,0.9820
210938.00,250000.00,212803.36,11,11,11,11,11,0.026600,0.8460,0.9370
210938.00,250000.00,217091.31,11,11,11,11,11,0.027136,0.8418,0.9585
210938.00,250000.00,215478.90,11,11,11,11,11,0.026935,0.8174,0.9723
117188.00,125000.00,115277.29,9,9,9,9,9,0.014410,0.7577,0.9314
398438.00,250000.00,407949.45,12,11,12,11,12,0.050994,0.7418,0.9718
210938.00,250000.00,228606.70,11,11,11,11,11,0.028576,0.7031,0.9213
226562.00,250000.00,225936.89,9,10,10,10,10,0.028242,0.9228,0.9481
226562.00,250000.00,227910.04,9,10,10,10,10,0.028489,0.9107,0.9900
398438.00,250000.00,391646.39,12,11,12,11,12,0.048956,0.9059,0.9802
226562.00,250000.00,233423.11,9,10,10,10,10,0.029178,0.8949,0.9420
210938.00,250000.00,245051.86,11,11,11,11,11,0.030631,0.8822,0.8401
226562.00,250000.00,228899.00,9,10,10,10,10,0.028612,0.8771,0.9844
117188.00,125000.00,124157.43,9,9,9,9,9,0.015520,0.8666,0.9432
226562.00,250000.00,238267.90,9,10,10,10,10,0.029783,0.8443,0.9373
226562.00,250000.00,233790.76,9,10,10,10,10,0.029224,0.8263,0.9657
210938.00,250000.00,222609.52,11,11,11,11,11,0.027826,0.8166,0.8889
398438.00,250000.00,404661.18,12,11,12,11,12,0.050583,0.7979,0.9729
210938.00,250000.00,214243.41,11,11,11,11,11,0.026780,0.7665,0.9475
210938.00,250000.00,215794.09,11,11,11,11,11,0.026974,0.9274,0.9752
117188.00,125000.00,118202.21,9,9,9,9,9,0.014775,0.9269,0.9696
117188.00,125000.00,118829.73,9,9,9,9,9,0.014854,0.9255,0.9681
117188.00,125000.00,124484.54,9,9,9,9,9,0.015561,0.9244,0.9341
226562.00,250000.00,226661.44,9,10,10,10,10,0.028333,0.9072,0.9689
117188.00,125000.00,117979.05,9,9,9,9,9,0.014747,0.9017,0.9573
398438.00,250000.00,398729.80,12,11,12,11,12,0.049841,0.8959,0.9890
398438.00,250000.00,399413.11,12,11,12,11,12,0.049927,0.8783,0.9738
117188.00,125000.00,120467.78,9,9,9,9,9,0.015058,0.8765,0.9217
226562.00,250000.00,230838.78,9,10,10,10,10,0.028855,0.8665,0.9694
398438.00,250000.00,395646.57,12,11,12,11,12,0.049456,0.8648,0.9831
398438.00,250000.00,392072.68,12,11,12,11,12,0.049009,0.7640,0.9801
445312.00,500000.00,454221.73,11,11,11,11,11,0.056778,0.9316,0.9757
101562.00,125000.00,109411.72,11,12,12,12,12,0.013676,0.9113,0.9059
445312.00,500000.00,463445.66,11,11,11,11,11,0.057931,0.8914,0.9595
101562.00,125000.00,107322.69,11,12,12,12,12,0.013415,0.8860,0.9412
445312.00,500000.00,513965.61,11,11,11,11,11,0.064246,0.8779,0.7614
445312.00,500000.00,453072.55,11,11,11,11,11,0.056634,0.8690,0.9482
601562.00,500000.00,583292.01,12,12,12,12,12,0.072912,0.8676,0.9656
789062.00,500000.00,699032.19,12,11,12,11,12,0.087379,0.8605,0.8721
101562.00,125000.00,116686.34,11,12,12,12,12,0.014586,0.8299,0.7820
789062.00,500000.00,691707.61,12,11,12,11,12,0.086463,0.7883,0.8710
445312.00,500000.00,480949.40,11,11,11,11,11,0.060119,0.7755,0.9202
789062.00,500000.00,675549.51,12,11,12,11,12,0.084444,0.7575,0.8114
601562.00,500000.00,590261.58,12,12,12,12,12,0.073783,0.9531,0.9785
789062.00,500000.00,775162.70,12,11,12,11,12,0.096895,0.9172,0.9533
445312.00,500000.00,448989.87,11,11,11,11,11,0.056124,0.9118,0.9895
445312.00,500000.00,449796.68,11,11,11,11,11,0.056225,0.9051,0.9869
101562.00,125000.00,116254.81,11,12,12,12,12,0.014532,0.8830,0.8719
601562.00,500000.00,603160.86,12,12,13,12,13,0.075395,0.8667,0.9778
101562.00,125000.00,110065.46,11,12,12,12,12,0.013758,0.8510,0.8671
101562.00,125000.00,114902.50,11,12,12,12,12,0.014363,0.8196,0.8821
445312.00,500000.00,465179.92,11,11,11,11,11,0.058147,0.7690,0.9499
601562.00,500000.00,594235.42,12,12,12,12,12,0.074279,0.9529,0.9803
601562.00,500000.00,600586.89,12,12,13,12,13,0.075073,0.9417,0.9885
601562.00,500000.00,588199.62,12,12,12,12,12,0.073525,0.9390,0.9753
789062.00,500000.00,759854.32,12,11,12,11,12,0.094982,0.9246,0.9544
601562.00,500000.00,589827.54,12,12,12,12,12,0.073728,0.9225,0.9544
601562.00,500000.00,608992.58,12,12,13,12,13,0.076124,0.9093,0.9687
445312.00,500000.00,447932.24,11,11,11,11,11,0.055992,0.8214,0.9820
101562.00,125000.00,110832.21,11,12,12,12,12,0.013854,0.7965,0.8659
445312.00,500000.00,448110.58,11,11,11,11,11,0.056014,0.9301,0.9812
601562.00,500000.00,523471.95,12,12,12,12,12,0.065434,0.9276,0.8543
445312.00,500000.00,443870.54,11,11,11,11,11,0.055484,0.9140,0.9806
601562.00,500000.00,598004.58,12,12,13,12,13,0.074751,0.7701,0.9515
289062.00,250000.00,282051.09,10,10,10,10,10,0.035256,0.9515,0.9742
242188.00,250000.00,242186.07,12,12,12,12,12,0.030273,0.9462,0.9768
289062.00,250000.00,290400.51,10,10,10,10,10,0.036300,0.9185,0.9469
742188.00,500000.00,558928.49,11,11,11,11,11,0.069866,0.8989,0.7520
742188.00,500000.00,490432.74,11,11,11,11,11,0.061304,0.8585,0.6599
242188.00,250000.00,223384.86,12,12,12,12,12,0.027923,0.7148,0.8309
289062.00,250000.00,291057.59,10,10,10,10,10,0.036382,0.9565,0.9707
289062.00,250000.00,282739.64,10,10,10,10,10,0.035342,0.9543,0.9664
242188.00,250000.00,243759.39,12,12,12,12,12,0.030470,0.9512,0.9866
289062.00,250000.00,292936.33,10,10,10,10,10,0.036617,0.9507,0.9377
289062.00,250000.00,279947.28,10,10,10,10,10,0.034993,0.9360,0.9609
320312.00,250000.00,321883.20,11,10,11,10,11,0.040235,0.9322,0.9555
320312.00,250000.00,323424.34,11,11,12,11,12,0.040428,0.9280,0.9837
742188.00,500000.00,509215.35,11,11,11,11,11,0.063652,0.9122,0.6773
289062.00,250000.00,295631.17,10,10,10,10,10,0.036954,0.9051,0.9607
742188.00,500000.00,540509.22,11,11,11,11,11,0.067564,0.8673,0.7071
289062.00,250000.00,304482.46,10,10,11,10,11,0.038060,0.8039,0.9448
242188.00,250000.00,252536.77,12,12,12,12,12,0.031567,0.7806,0.8898
742188.00,500000.00,662292.48,11,11,12,11,12,0.082787,0.7049,0.8777
242188.00,250000.00,239414.22,12,12,12,12,12,0.029927,0.9570,0.9872
320312.00,250000.00,330465.79,11,10,11,10,11,0.041308,0.9490,0.9687
289062.00,250000.00,282689.09,10,10,10,10,10,0.035336,0.9374,0.9724
242188.00,250000.00,245341.30,12,12,12,12,12,0.030668,0.9318,0.9693
320312.00,250000.00,320469.86,11,10,11,10,11,0.040059,0.9264,0.9763
289062.00,250000.00,292598.72,10,10,10,10,10,0.036575,0.9255,0.9490
242188.00,250000.00,241275.79,12,12,12,12,12,0.030159,0.9199,0.9722
742188.00,500000.00,554514.41,11,11,11,11,11,0.069314,0.8837,0.7328
320312.00,250000.00,311904.91,11,10,11,10,11,0.038988,0.7461,0.9559
320312.00,250000.00,340719.22,11,10,11,10,11,0.042590,0.7260,0.8990
242188.00,250000.00,244258.88,12,12,12,12,12,0.030532,0.9482,0.9810
289062.00,250000.00,287836.07,10,10,10,10,10,0.035980,0.9433,0.9788
242188.00,250000.00,240761.76,12,12,12,12,12,0.030095,0.9394,0.9838
242188.00,250000.00,246025.09,12,12,12,12,12,0.030753,0.9376,0.9625
320312.00,250000.00,321588.52,11,10,11,10,11,0.040199,0.9181,0.9750
320312.00,250000.00,323086.74,11,10,11,10,11,0.040386,0.9143,0.9815
320312.00,250000.00,319205.28,11,10,11,10,11,0.039901,0.8836,0.9775
242188.00,250000.00,242195.13,12,12,12,12,12,0.030274,0.8607,0.9778
742188.00,500000.00,445033.07,11,11,11,11,11,0.055629,0.8532,0.5774
367188.00,250000.00,367412.57,11,10,11,10,11,0.045927,0.9589,0.9910
695312.00,500000.00,688549.04,11,11,12,11,12,0.086069,0.9322,0.9414
695312.00,500000.00,578943.25,11,11,11,11,11,0.072368,0.9208,0.8300
695312.00,500000.00,502553.94,11,11,11,11,11,0.062819,0.8850,0.6668
695312.00,500000.00,426937.10,11,11,11,11,11,0.053367,0.8565,0.5721
695312.00,500000.00,599293.71,11,11,12,11,12,0.074912,0.8303,0.8275
695312.00,500000.00,654272.08,11,11,12,11,12,0.081784,0.8107,0.9069
414062.00,500000.00,422882.08,11,11,11,11,11,0.052860,0.8101,0.9062
210938.00,250000.00,240420.34,11,11,11,11,11,0.030053,0.7714,0.8728
414062.00,500000.00,406417.85,11,11,11,10,10,0.050802,0.7685,0.9647
367188.00,250000.00,370893.48,11,10,11,10,11,0.046362,0.9430,0.9830
210938.00,250000.00,215484.62,11,11,11,11,11,0.026936,0.9317,0.9635
210938.00,250000.00,211827.28,11,11,11,11,11,0.026478,0.9154,0.9683
367188.00,250000.00,341022.49,11,10,11,10,11,0.042628,0.8948,0.8746
210938.00,250000.00,208490.37,11,11,11,10,10,0.026061,0.8872,0.9695
367188.00,250000.00,372223.38,11,10,11,10,11,0.046528,0.8866,0.9655
367188.00,250000.00,370187.49,11,10,11,10,11,0.046273,0.8774,0.9721
367188.00,250000.00,368330.00,11,10,11,10,11,0.046041,0.8422,0.9032
414062.00,500000.00,414442.06,11,12,12,11,11,0.051805,0.7948,0.9736
367188.00,250000.00,368568.42,11,10,11,10,11,0.046071,0.9476,0.9814
367188.00,250000.00,372404.34,11,10,11,10,11,0.046551,0.9447,0.9801
695312.00,500000.00,681765.56,11,11,12,11,12,0.085221,0.9313,0.9776
367188.00,250000.00,364903.45,11,10,11,10,11,0.045613,0.9251,0.9860
210938.00,250000.00,218150.62,11,11,11,11,11,0.027269,0.8986,0.9647
414062.00,250000.00,415130.62,11,10,11,10,11,0.051891,0.8975,0.9772
695312.00,500000.00,638318.78,11,11,12,11,12,0.079790,0.8711,0.8975
695312.00,500000.00,671083.93,11,11,12,11,12,0.083885,0.8345,0.9369
367188.00,500000.00,367939.00,11,12,12,11,11,0.045992,0.7140,0.9930
289062.00,250000.00,289596.56,10,10,10,10,10,0.036200,0.9570,0.9773
289062.00,250000.00,289026.26,10,10,10,10,10,0.036128,0.9435,0.9968
289062.00,250000.00,287707.33,10,10,10,10,10,0.035963,0.9427,0.9546
289062.00,250000.00,290168.52,10,10,10,10,10,0.036271,0.9336,0.9571
304688.00,250000.00,303634.64,10,10,11,10,11,0.037954,0.9201,0.9805
304688.00,250000.00,305440.43,10,10,11,10,11,0.038180,0.9133,0.9867
101562.00,125000.00,111050.61,10,10,10,10,10,0.013881,0.8874,0.9098
304688.00,250000.00,304814.34,10,10,11,10,11,0.038102,0.8869,0.9707
789062.00,500000.00,477863.31,11,11,11,11,11,0.059733,0.7583,0.5736
789062.00,500000.00,546598.67,11,11,11,11,11,0.068325,0.7572,0.6517
289062.00,250000.00,284878.73,10,10,10,10,10,0.035610,0.9545,0.9607
289062.00,250000.00,287812.23,10,10,10,10,10,0.035977,0.9490,0.9835
304688.00,250000.00,306045.53,10,10,11,10,11,0.038256,0.9102,0.9784
304688.00,250000.00,309239.39,10,10,11,10,11,0.038655,0.9050,0.9650
304688.00,250000.00,310026.17,10,10,11,10,11,0.038753,0.8955,0.9569
304688.00,250000.00,310543.06,10,10,11,10,11,0.038818,0.8438,0.9633
289062.00,250000.00,286080.24,10,10,10,10,10,0.035760,0.9739,0.9730
289062.00,250000.00,288339.61,10,10,10,10,10,0.036042,0.9555,0.9782
289062.00,250000.00,283518.79,10,10,10,10,10,0.035440,0.9543,0.9674
304688.00,250000.00,308914.18,10,10,11,10,11,0.038614,0.9427,0.9646
789062.00,500000.00,467556.00,11,11,11,11,11,0.058444,0.8658,0.5669
304688.00,250000.00,297297.95,10,10,10,10,10,0.037162,0.9190,0.9476
101562.00,125000.00,113153.22,10,10,10,10,10,0.014144,0.9102,0.8954
304688.00,250000.00,303405.52,10,10,11,10,11,0.037926,0.8855,0.9739
289062.00,250000.00,294626.24,10,10,10,10,10,0.036828,0.8538,0.9610
289062.00,250000.00,314530.85,10,10,11,10,11,0.039316,0.8311,0.8832
101562.00,125000.00,112268.45,10,10,10,10,10,0.014034,0.8208,0.8584
789062.00,500000.00,480104.45,11,11,11,11,11,0.060013,0.8180,0.5781
304688.00,250000.00,288806.44,10,10,10,10,10,0.036101,0.7978,0.9464
101562.00,125000.00,111949.44,10,10,10,10,10,0.013994,0.7970,0.8576
570312.00,500000.00,573869.71,12,12,12,12,12,0.071734,0.9620,0.9860
570312.00,500000.00,569744.11,12,12,12,12,12,0.071218,0.9589,0.9924
257812.00,250000.00,260044.10,11,11,11,11,11,0.032506,0.9572,0.9741
726562.00,500000.00,722043.99,12,11,12,11,12,0.090255,0.9556,0.9881
570312.00,500000.00,572309.49,12,12,12,12,12,0.071539,0.9547,0.9957
257812.00,250000.00,258230.18,11,11,11,11,11,0.032279,0.9412,0.9822
257812.00,250000.00,255804.78,11,11,11,11,11,0.031976,0.9388,0.9636
726562.00,500000.00,726657.51,12,11,12,11,12,0.090832,0.9385,0.9834
570312.00,500000.00,598165.51,12,12,13,12,13,0.074771,0.9315,0.9316
257812.00,250000.00,259438.51,11,11,11,11,11,0.032430,0.9192,0.9577
570312.00,500000.00,581494.33,12,12,12,12,12,0.072687,0.9054,0.9714
351562.00,500000.00,357759.48,10,11,11,10,10,0.044720,0.9051,0.9679
726562.00,500000.00,560950.99,12,11,11,11,11,0.070119,0.9014,0.7326
726562.00,500000.00,716564.18,12,11,12,11,12,0.089571,0.8255,0.9403
351562.00,500000.00,351178.17,10,11,11,10,10,0.043897,0.8051,0.9432
570312.00,500000.00,568531.04,12,12,12,12,12,0.071066,0.9580,0.9918
570312.00,500000.00,569030.76,12,12,12,12,12,0.071129,0.9551,0.9830
257812.00,250000.00,257823.94,11,11,11,11,11,0.032228,0.9380,0.9728
726562.00,500000.00,723928.45,12,11,12,11,12,0.090491,0.9318,0.9730
726562.00,500000.00,753781.80,12,11,12,11,12,0.094223,0.9137,0.9513
570312.00,500000.00,598560.33,12,12,13,12,13,0.074820,0.9074,0.9397
570312.00,500000.00,529704.09,12,12,12,12,12,0.066213,0.7096,0.8766
570312.00,500000.00,566289.90,12,12,12,12,12,0.070786,0.9704,0.9774
257812.00,250000.00,261474.61,11,11,11,11,11,0.032684,0.9618,0.9740
570312.00,500000.00,565670.97,12,12,12,12,12,0.070709,0.9582,0.9714
257812.00,250000.00,259483.34,11,11,11,11,11,0.032435,0.9467,0.9904
726562.00,500000.00,727024.08,12,11,12,11,12,0.090878,0.9425,0.9607
726562.00,500000.00,737570.76,12,11,12,11,12,0.092196,0.9422,0.9821
726562.00,500000.00,718768.60,12,11,12,11,12,0.089846,0.9419,0.9737
257812.00,250000.00,263078.69,11,11,11,11,11,0.032885,0.9364,0.9773
257812.00,250000.00,259119.99,11,11,11,11,11,0.032390,0.9234,0.9162
726562.00,500000.00,716041.80,12,11,12,11,12,0.089505,0.9169,0.9118
351562.00,500000.00,394072.53,10,11,11,10,10,0.049259,0.8752,0.8859
351562.00,500000.00,365734.10,10,11,11,10,10,0.045717,0.8476,0.9435
351562.00,500000.00,363302.11,10,11,11,10,10,0.045413,0.7245,0.9347
257812.00,250000.00,265449.52,11,11,11,11,11,0.033181,0.9535,0.9702
257812.00,250000.00,256671.91,11,11,11,11,11,0.032084,0.9478,0.9735
726562.00,500000.00,705625.06,12,11,12,11,12,0.088203,0.9143,0.9657
351562.00,500000.00,487227.44,10,11,11,11,11,0.060903,0.8643,0.7174
351562.00,500000.00,355793.48,10,11,11,10,10,0.044474,0.7686,0.9510
351562.00,500000.00,356614.11,10,11,11,10,10,0.044577,0.7559,0.9780
585938.00,500000.00,573891.64,12,12,12,12,12,0.071736,0.9462,0.9771
585938.00,500000.00,581864.36,12,12,12,12,12,0.072733,0.9452,0.9807
585938.00,500000.00,586751.94,12,12,12,12,12,0.073344,0.9347,0.9758
585938.00,500000.00,589506.63,12,12,12,12,12,0.073688,0.9260,0.9656
320312.00,250000.00,321872.71,10,10,11,10,11,0.040234,0.9138,0.9770
320312.00,250000.00,325502.40,11,10,11,10,11,0.040688,0.9068,0.9804
585938.00,500000.00,580224.99,12,12,12,12,12,0.072528,0.8990,0.9623
585938.00,500000.00,570942.88,12,12,12,12,12,0.071368,0.8917,0.9318
320312.00,500000.00,455959.32,10,11,11,11,11,0.056995,0.8425,0.6891
320312.00,250000.00,325069.43,11,10,11,10,11,0.040634,0.8228,0.9842
320312.00,500000.00,486438.75,11,12,12,12,12,0.060805,0.8223,0.6487
320312.00,250000.00,322634.70,10,10,11,10,11,0.040329,0.8086,0.9865
320312.00,500000.00,457205.77,10,11,11,11,11,0.057151,0.7844,0.6759
585938.00,500000.00,590112.63,12,12,12,12,12,0.073764,0.9648,0.9926
320312.00,250000.00,317633.63,10,10,11,10,11,0.039704,0.9424,0.9553
585938.00,500000.00,576601.98,12,12,12,12,12,0.072075,0.9342,0.9812
195312.00,125000.00,188787.46,10,9,10,9,10,0.023598,0.9270,0.9638
320312.00,250000.00,328615.19,10,10,11,10,11,0.041077,0.9061,0.9639
320312.00,250000.00,322694.78,11,10,11,10,11,0.040337,0.8734,0.9922
195312.00,125000.00,192781.93,10,9,10,9,10,0.024098,0.8391,0.9855
320312.00,250000.00,324914.93,11,11,12,11,12,0.040614,0.8203,0.9804
585938.00,500000.00,578439.24,12,12,12,12,12,0.072305,0.9665,0.9837
320312.00,250000.00,324588.78,10,10,11,10,11,0.040574,0.9305,0.9618
320312.00,250000.00,317958.12,10,10,11,10,11,0.039745,0.9213,0.9894
320312.00,500000.00,314193.73,11,12,12,11,11,0.039274,0.8681,0.9778
320312.00,250000.00,316818.24,10,10,11,10,11,0.039602,0.8343,0.9863
195312.00,125000.00,190443.04,10,9,10,9,10,0.023805,0.8010,0.9702
195312.00,250000.00,191223.14,10,11,11,10,10,0.023903,0.7904,0.9575
195312.00,125000.00,194241.52,10,9,10,9,10,0.024280,0.7090,0.8116
585938.00,500000.00,573227.88,12,12,12,12,12,0.071653,0.9600,0.9694
585938.00,500000.00,585574.63,12,12,12,12,12,0.073197,0.9547,0.9792
320312.00,250000.00,326968.67,10,10,11,10,11,0.040871,0.9345,0.9539
320312.00,250000.00,321235.66,10,10,11,10,11,0.040154,0.9129,0.9754
320312.00,250000.00,322301.39,11,10,11,10,11,0.040288,0.8884,0.9915
195312.00,125000.00,195901.87,10,9,10,9,10,0.024488,0.8195,0.9351
195312.00,125000.00,193231.58,10,9,10,9,10,0.024154,0.7720,0.9562
476562.00,500000.00,479619.26,12,12,12,12,12,0.059952,0.9546,0.9881
726562.00,500000.00,717154.50,12,11,12,11,12,0.089644,0.9431,0.9743
726562.00,500000.00,713814.74,12,11,12,11,12,0.089227,0.9379,0.9729
476562.00,500000.00,469591.14,12,12,12,12,12,0.058699,0.9372,0.9666
648438.00,500000.00,638008.12,11,11,12,11,12,0.079751,0.9132,0.9676
726562.00,500000.00,712687.49,12,11,12,11,12,0.089086,0.9081,0.9197
648438.00,500000.00,655118.94,11,11,12,11,12,0.081890,0.9057,0.9757
648438.00,500000.00,560733.80,11,11,11,11,11,0.070092,0.8904,0.8149
429688.00,500000.00,420669.56,11,11,11,11,11,0.052584,0.8726,0.9736
476562.00,500000.00,530456.07,12,12,12,12,12,0.066307,0.7877,0.8760
726562.00,500000.00,626523.97,12,11,12,11,12,0.078315,0.7305,0.8558
476562.00,500000.00,481424.33,12,12,12,12,12,0.060178,0.9700,0.9866
476562.00,500000.00,475731.85,12,12,12,12,12,0.059466,0.9656,0.9938
648438.00,500000.00,633882.52,11,11,12,11,12,0.079235,0.9509,0.9637
429688.00,500000.00,441145.90,11,11,11,11,11,0.055143,0.9179,0.9708
429688.00,500000.00,430686.00,11,11,11,11,11,0.053836,0.8651,0.9825
648438.00,500000.00,459175.11,11,11,11,11,11,0.057397,0.8350,0.7032
648438.00,500000.00,417784.69,11,11,11,10,10,0.052223,0.8265,0.6035
476562.00,500000.00,483613.97,12,12,12,12,12,0.060452,0.9664,0.9836
726562.00,500000.00,722129.82,12,11,12,11,12,0.090266,0.9648,0.9755
648438.00,500000.00,647735.60,11,11,12,11,12,0.080967,0.9505,0.9849
476562.00,500000.00,479918.96,12,12,12,12,12,0.059990,0.9487,0.9490
476562.00,500000.00,475263.18,12,12,12,12,12,0.059408,0.9430,0.9653
476562.00,500000.00,481867.43,12,12,12,12,12,0.060233,0.9331,0.9711
726562.00,500000.00,712098.12,12,11,12,11,12,0.089012,0.9329,0.9502
476562.00,500000.00,484487.53,12,12,12,12,12,0.060561,0.9167,0.7509
726562.00,500000.00,687379.84,12,11,12,11,12,0.085922,0.9003,0.9333
429688.00,500000.00,429035.43,11,11,11,11,11,0.053629,0.8920,0.9829
429688.00,500000.00,433679.58,11,12,12,12,12,0.054210,0.8359,0.9400
726562.00,500000.00,550198.55,12,11,11,11,11,0.068775,0.8349,0.7537
648438.00,500000.00,645662.31,11,11,12,11,12,0.080708,0.9647,0.9942
726562.00,500000.00,716389.60,12,11,12,11,12,0.089549,0.9499,0.9736
726562.00,500000.00,723032.00,12,11,12,11,12,0.090379,0.9212,0.9562
648438.00,500000.00,652808.19,11,11,12,11,12,0.081601,0.9099,0.9729
429688.00,500000.00,430616.38,11,11,11,11,11,0.053827,0.8426,0.9657
476562.00,500000.00,480369.57,11,11,11,11,11,0.060046,0.9660,0.9866
289062.00,250000.00,287242.89,11,11,11,11,11,0.035905,0.9561,0.9916
476562.00,500000.00,482261.66,11,11,11,11,11,0.060283,0.9397,0.9765
476562.00,500000.00,500485.42,11,11,11,11,11,0.062561,0.9363,0.9495
742188.00,500000.00,458528.52,11,11,11,11,11,0.057316,0.9155,0.6161
476562.00,500000.00,490958.21,11,11,11,11,11,0.061370,0.9123,0.9620
367188.00,500000.00,373641.49,10,11,11,10,10,0.046705,0.8952,0.9707
476562.00,500000.00,481685.64,11,11,11,11,11,0.060211,0.8743,0.9639
742188.00,500000.00,570424.56,11,11,11,11,11,0.071303,0.8301,0.7549
367188.00,500000.00,366279.60,10,11,11,10,10,0.045785,0.8024,0.9663
367188.00,500000.00,374323.84,10,11,11,10,10,0.046790,0.7598,0.9728
289062.00,250000.00,290453.91,11,11,11,11,11,0.036307,0.9514,0.9725
289062.00,250000.00,286355.02,11,11,11,11,11,0.035794,0.9482,0.9855
476562.00,500000.00,475152.49,11,11,11,11,11,0.059394,0.9447,0.9891
476562.00,500000.00,481760.50,11,11,11,11,11,0.060220,0.9444,0.9743
289062.00,250000.00,288747.79,11,11,11,11,11,0.036093,0.9384,0.9688
476562.00,500000.00,487451.91,11,11,11,11,11,0.060931,0.9338,0.9756
289062.00,250000.00,296269.00,11,11,11,11,11,0.037034,0.9322,0.9686
476562.00,500000.00,478494.64,11,11,11,11,11,0.059812,0.9235,0.9790
476562.00,500000.00,478071.21,11,11,11,11,11,0.059759,0.8907,0.9713
367188.00,500000.00,431448.94,10,11,11,11,11,0.053931,0.7338,0.7835
476562.00,500000.00,473361.02,11,11,11,11,11,0.059170,0.9679,0.9820
289062.00,250000.00,288736.34,11,11,11,11,11,0.036092,0.9533,0.9809
289062.00,250000.00,291259.77,11,11,11,11,11,0.036407,0.9516,0.9902
289062.00,250000.00,289026.26,11,11,11,11,11,0.036128,0.9471,0.9896
289062.00,250000.00,293416.98,11,11,11,11,11,0.036677,0.9333,0.9686
742188.00,500000.00,509738.56,11,11,11,11,11,0.063717,0.9109,0.6835
367188.00,500000.00,363136.29,10,11,11,10,10,0.045392,0.8851,0.9825
367188.00,500000.00,362798.69,10,11,11,10,10,0.045350,0.8783,0.9842
742188.00,500000.00,561331.75,11,11,11,11,11,0.070166,0.8263,0.7388
367188.00,500000.00,426237.11,10,11,11,11,11,0.053280,0.8128,0.8116
742188.00,500000.00,522130.43,11,11,11,11,11,0.065266,0.7479,0.5112
367188.00,500000.00,369264.60,10,11,11,10,10,0.046158,0.7229,0.9603
289062.00,250000.00,286942.48,11,11,11,11,11,0.035868,0.9512,0.9916
289062.00,250000.00,292720.79,11,11,11,11,11,0.036590,0.9029,0.8492
367188.00,500000.00,365162.01,10,11,11,10,10,0.045645,0.8998,0.9725
742188.00,500000.00,514699.94,11,11,11,11,11,0.064337,0.8866,0.6870
742188.00,500000.00,542428.02,11,11,11,11,11,0.067804,0.8592,0.7140
742188.00,500000.00,544559.48,11,11,11,11,11,0.068070,0.8240,0.7018
367188.00,500000.00,375791.31,10,11,11,10,10,0.046974,0.7865,0.9732
367188.00,250000.00,361285.21,10,10,11,10,11,0.045161,0.7775,0.9339
570312.00,500000.00,569561.96,12,12,12,12,12,0.071195,0.9537,0.9931
445312.00,500000.00,448911.67,11,11,11,11,11,0.056114,0.9432,0.9866
445312.00,500000.00,444299.76,11,11,11,11,11,0.055537,0.9058,0.9894
539062.00,500000.00,531344.41,11,11,11,11,11,0.066418,0.9590,0.9827
539062.00,500000.00,528306.01,11,11,11,11,11,0.066038,0.9590,0.9765
539062.00,500000.00,546082.50,11,11,11,11,11,0.068260,0.9567,0.9853
539062.00,500000.00,536657.69,11,11,11,11,11,0.067082,0.9556,0.9798
398438.00,500000.00,405275.34,10,11,11,10,10,0.050659,0.9520,0.9467
398438.00,500000.00,402452.89,10,11,11,10,10,0.050307,0.9446,0.9807
570312.00,500000.00,582015.99,12,12,12,12,12,0.072752,0.9405,0.9749
398438.00,500000.00,402990.34,10,11,11,10,10,0.050374,0.9355,0.9877
539062.00,500000.00,526118.28,11,11,11,11,11,0.065765,0.9015,0.6435
398438.00,500000.00,402639.87,10,11,11,10,10,0.050330,0.9011,0.9862
570312.00,500000.00,604419.71,12,12,13,12,13,0.075552,0.9766,0.9214
570312.00,500000.00,567329.41,12,12,12,12,12,0.070916,0.9667,0.9818
570312.00,500000.00,569379.81,12,12,12,12,12,0.071172,0.9543,0.9911
539062.00,500000.00,545578.00,11,11,11,11,11,0.068197,0.9481,0.9787
570312.00,500000.00,565025.33,12,12,12,12,12,0.070628,0.9473,0.9789
539062.00,500000.00,533811.57,11,11,11,11,11,0.066726,0.9393,0.9732
539062.00,500000.00,517524.00,11,11,11,11,11,0.064691,0.9319,0.9515
570312.00,500000.00,582040.79,12,12,12,12,12,0.072755,0.9289,0.9566
445312.00,500000.00,454392.43,11,11,11,11,11,0.056799,0.9209,0.9717
398438.00,500000.00,428674.70,10,11,11,11,11,0.053584,0.9201,0.9250
398438.00,500000.00,453007.70,10,11,11,11,11,0.056626,0.9193,0.8533
570312.00,500000.00,611419.68,12,12,13,12,13,0.076427,0.9117,0.8986
570312.00,500000.00,566939.35,12,12,12,12,12,0.070867,0.9062,0.9607
570312.00,500000.00,578379.15,12,12,12,12,12,0.072297,0.9005,0.9795
445312.00,500000.00,472964.29,11,11,11,11,11,0.059121,0.7760,0.7862
445312.00,500000.00,445472.72,11,12,12,12,12,0.055684,0.7106,0.9848
539062.00,500000.00,544322.97,11,11,11,11,11,0.068040,0.9702,0.9873
445312.00,500000.00,445085.76,11,11,11,11,11,0.055636,0.9641,0.9878
539062.00,500000.00,534782.41,11,11,11,11,11,0.066848,0.9584,0.9850
539062.00,500000.00,531852.72,11,11,11,11,11,0.066482,0.9561,0.9780
445312.00,500000.00,444813.73,11,11,11,11,11,0.055602,0.9451,0.9738
398438.00,500000.00,407037.85,10,11,11,10,10,0.050880,0.9341,0.9764
398438.00,500000.00,395808.70,10,11,11,10,10,0.049476,0.9331,0.9733
445312.00,500000.00,442182.30,11,11,11,11,11,0.055273,0.9311,0.9693
398438.00,500000.00,397206.78,10,11,11,10,10,0.049651,0.9309,0.9935
570312.00,500000.00,573019.03,12,12,12,12,12,0.071627,0.9271,0.9787
445312.00,500000.00,445419.31,11,11,11,11,11,0.055677,0.9260,0.9893
445312.00,500000.00,447864.53,11,11,11,11,11,0.055983,0.9070,0.9852
398438.00,500000.00,395885.47,10,11,11,10,10,0.049486,0.8806,0.9757
445312.00,500000.00,458008.77,12,12,12,12,12,0.057251,0.9480,0.9682
445312.00,500000.00,448572.16,12,12,12,12,12,0.056072,0.9460,0.9802
382812.00,500000.00,405469.89,10,11,11,10,10,0.050684,0.9402,0.9259
132812.00,125000.00,130306.72,10,10,10,10,10,0.016288,0.9196,0.9569
382812.00,500000.00,393094.54,10,11,11,10,10,0.049137,0.9189,0.9553
710938.00,500000.00,658103.94,11,11,12,11,12,0.082263,0.9155,0.8969
132812.00,125000.00,134366.99,10,10,10,10,10,0.016796,0.9152,0.9837
382812.00,500000.00,387471.20,10,11,11,10,10,0.048434,0.8908,0.9834
710938.00,500000.00,564282.89,11,11,11,11,11,0.070535,0.8636,0.7626
382812.00,500000.00,385537.15,10,11,11,10,10,0.048192,0.9574,0.9502
382812.00,500000.00,392253.34,10,11,11,10,10,0.049032,0.9463,0.9745
445312.00,500000.00,447753.97,12,12,12,12,12,0.055969,0.9433,0.9885
382812.00,500000.00,392794.61,10,11,11,10,10,0.049099,0.9376,0.9716
382812.00,500000.00,390808.11,10,11,11,10,10,0.048851,0.9216,0.9643
132812.00,125000.00,132076.26,10,10,10,10,10,0.016510,0.9121,0.9656
132812.00,125000.00,132781.15,10,10,10,10,10,0.016598,0.9061,0.9821
445312.00,500000.00,446501.26,12,12,12,12,12,0.055813,0.9011,0.9284
710938.00,500000.00,614609.24,11,11,12,11,12,0.076826,0.8909,0.8548
710938.00,500000.00,554788.59,11,11,11,11,11,0.069349,0.8759,0.5960
445312.00,500000.00,445137.02,12,12,12,12,12,0.055642,0.8103,0.9601
445312.00,500000.00,461566.93,12,12,12,12,12,0.057696,0.8052,0.9577
382812.00,500000.00,385725.98,10,11,11,10,10,0.048216,0.9680,0.9868
382812.00,500000.00,384914.40,10,11,11,10,10,0.048114,0.9520,0.9877
132812.00,125000.00,136842.37,10,10,10,10,10,0.017105,0.9202,0.9595
382812.00,500000.00,379591.46,10,11,11,10,10,0.047449,0.9187,0.9894
132812.00,125000.00,129079.82,10,10,10,10,10,0.016135,0.9060,0.9478
710938.00,500000.00,683552.50,11,11,12,11,12,0.085444,0.9042,0.9507
382812.00,500000.00,390260.22,10,11,11,10,10,0.048783,0.8968,0.9750
710938.00,500000.00,500505.45,11,11,11,11,11,0.062563,0.8877,0.6985
445312.00,500000.00,447700.50,12,12,12,12,12,0.055963,0.8322,0.9790
445312.00,500000.00,453576.80,12,12,12,12,12,0.056697,0.9431,0.9784
445312.00,500000.00,449783.33,12,12,12,12,12,0.056223,0.9334,0.9677
132812.00,125000.00,132774.35,10,10,10,10,10,0.016597,0.9103,0.9105
132812.00,125000.00,137413.50,10,10,10,10,10,0.017177,0.9097,0.9528
132812.00,125000.00,133108.62,10,10,10,10,10,0.016639,0.9097,0.9697
710938.00,500000.00,551009.65,11,11,11,11,11,0.068876,0.8931,0.7690
710938.00,500000.00,523283.00,11,11,11,11,11,0.065410,0.8910,0.7298
445312.00,500000.00,447435.38,12,12,12,12,12,0.055929,0.8064,0.9245
523438.00,500000.00,527781.49,11,11,11,11,11,0.065973,0.9592,0.9874
523438.00,500000.00,527235.98,12,12,12,12,12,0.065904,0.9579,0.9921
523438.00,500000.00,524004.70,12,12,12,12,12,0.065501,0.9503,0.9810
132812.00,125000.00,134189.61,10,10,10,10,10,0.016774,0.9473,0.9507
132812.00,125000.00,128314.26,10,10,10,10,10,0.016039,0.9342,0.9610
648438.00,500000.00,620935.44,12,11,12,11,12,0.077617,0.9339,0.9254
132812.00,125000.00,130762.10,10,10,10,10,10,0.016345,0.9226,0.9239
648438.00,500000.00,651271.82,12,11,12,11,12,0.081409,0.9048,0.9595
132812.00,125000.00,130619.05,10,10,10,10,10,0.016327,0.8886,0.9588
523438.00,500000.00,494318.96,12,12,12,12,12,0.061790,0.8848,0.9408
648438.00,500000.00,646357.54,12,11,12,11,12,0.080795,0.8607,0.9875
648438.00,500000.00,631020.78,12,12,13,12,13,0.078878,0.8379,0.9434
523438.00,500000.00,520371.44,12,12,12,12,12,0.065046,0.9719,0.9883
523438.00,500000.00,529930.11,11,11,11,11,11,0.066241,0.9650,0.9834
648438.00,500000.00,646496.77,12,11,12,11,12,0.080812,0.9580,0.9905
523438.00,500000.00,522078.75,11,11,11,11,11,0.065260,0.9563,0.9864
523438.00,500000.00,519595.15,11,11,11,11,11,0.064949,0.9498,0.9905
648438.00,500000.00,665783.76,12,11,12,11,12,0.083223,0.9154,0.9667
648438.00,500000.00,662530.78,12,11,12,11,12,0.082816,0.8376,0.9651
523438.00,500000.00,537331.58,12,12,12,12,12,0.067166,0.8068,0.9360
132812.00,125000.00,133966.45,10,10,10,10,10,0.016746,0.7755,0.7844
523438.00,500000.00,558715.82,11,11,11,11,11,0.069839,0.7531,0.9274
523438.00,500000.00,499306.68,11,11,11,11,11,0.062413,0.9580,0.9318
523438.00,500000.00,521918.77,12,12,12,12,12,0.065240,0.9516,0.9827
132812.00,125000.00,131731.03,10,10,10,10,10,0.016466,0.9453,0.9466
523438.00,500000.00,521774.29,11,11,11,11,11,0.065222,0.9405,0.9864
523438.00,500000.00,543886.18,11,11,11,11,11,0.067986,0.9340,0.9488
523438.00,500000.00,524319.65,11,11,11,11,11,0.065540,0.9248,0.9821
132812.00,125000.00,132764.82,10,10,10,10,10,0.016596,0.9086,0.9917
648438.00,500000.00,644536.97,12,11,12,11,12,0.080567,0.9014,0.9797
132812.00,125000.00,130917.55,10,10,10,10,10,0.016365,0.8958,0.9826
648438.00,500000.00,643377.78,12,11,12,11,12,0.080422,0.8902,0.9814
523438.00,500000.00,631965.16,12,12,13,12,13,0.078996,0.8856,0.7213
648438.00,500000.00,632944.11,12,11,12,11,12,0.079118,0.7374,0.9741
523438.00,500000.00,523964.41,12,12,12,12,12,0.065496,0.7125,0.8100
523438.00,500000.00,526229.86,12,12,12,12,12,0.065779,0.9606,0.9901
523438.00,500000.00,530587.20,11,11,11,11,11,0.066323,0.9536,0.9832
523438.00,500000.00,536212.92,12,12,12,12,12,0.067027,0.9480,0.9698
523438.00,500000.00,522716.52,12,12,12,12,12,0.065340,0.9282,0.9227
523438.00,500000.00,519184.11,11,11,11,11,11,0.064898,0.9269,0.9258
132812.00,125000.00,134026.77,10,10,10,10,10,0.016753,0.8712,0.9423
648438.00,500000.00,643180.85,12,11,12,11,12,0.080398,0.8268,0.9845
445312.00,500000.00,497859.95,10,11,11,11,11,0.062232,0.9022,0.8822
148438.00,125000.00,146608.35,11,11,11,11,11,0.018326,0.8858,0.9630
164062.00,250000.00,168428.42,9,10,10,9,9,0.021054,0.8613,0.9718
148438.00,125000.00,147206.31,11,11,11,11,11,0.018401,0.7528,0.9600
445312.00,500000.00,445436.48,10,11,11,11,11,0.055680,0.9540,0.9918
445312.00,500000.00,447312.83,10,11,11,11,11,0.055914,0.9486,0.9910
445312.00,500000.00,455184.94,10,11,11,11,11,0.056898,0.9469,0.9696
445312.00,500000.00,450211.52,10,11,11,11,11,0.056276,0.9445,0.9841
460938.00,500000.00,459890.37,10,11,11,11,11,0.057486,0.9328,0.9920
148438.00,125000.00,147772.79,11,10,10,10,10,0.018472,0.8963,0.9199
460938.00,500000.00,467426.30,10,11,11,11,11,0.058428,0.7973,0.9519
445312.00,500000.00,449384.21,10,11,11,11,11,0.056173,0.9440,0.9858
148438.00,125000.00,145345.69,11,11,11,11,11,0.018168,0.9309,0.9651
460938.00,500000.00,454599.38,10,11,11,11,11,0.056825,0.9308,0.9826
445312.00,500000.00,456986.43,10,11,11,11,11,0.057123,0.9023,0.9717
148438.00,125000.00,146114.35,11,10,10,10,10,0.018264,0.8444,0.9379
164062.00,250000.00,165658.00,9,10,10,9,9,0.020707,0.8345,0.9551
460938.00,500000.00,485187.53,10,11,11,11,11,0.060648,0.8125,0.9304
445312.00,500000.00,460312.84,10,11,11,11,11,0.057539,0.7875,0.8957
164062.00,250000.00,170023.44,9,10,10,9,9,0.021253,0.7200,0.9282
445312.00,500000.00,439836.50,10,11,11,11,11,0.054980,0.9498,0.9783
460938.00,500000.00,469185.83,10,11,11,11,11,0.058648,0.9419,0.9803
460938.00,500000.00,456017.85,10,11,11,11,11,0.057002,0.9414,0.9859
460938.00,500000.00,458038.33,10,11,11,11,11,0.057255,0.9236,0.9797
445312.00,500000.00,451533.32,10,11,11,11,11,0.056442,0.9159,0.9676
148438.00,125000.00,148008.35,11,10,10,10,10,0.018501,0.9086,0.9270
164062.00,250000.00,159802.91,9,10,10,9,9,0.019975,0.8618,0.9679
460938.00,500000.00,454601.29,10,11,11,11,11,0.056825,0.8321,0.9407
507812.00,500000.00,506147.38,11,11,11,11,11,0.063268,0.9612,0.9934
382812.00,250000.00,375947.48,11,10,11,10,11,0.046993,0.9568,0.9684
273438.00,250000.00,275833.13,10,10,10,10,10,0.034479,0.9555,0.9905
273438.00,250000.00,270126.34,10,10,10,10,10,0.033766,0.9506,0.9761
507812.00,500000.00,504717.83,11,11,11,11,11,0.063090,0.9478,0.9887
507812.00,500000.00,506394.86,11,11,11,11,11,0.063299,0.9437,0.9864
273438.00,250000.00,272727.97,10,10,10,10,10,0.034091,0.9412,0.9632
382812.00,250000.00,372765.54,11,10,11,10,11,0.046596,0.9041,0.9698
382812.00,250000.00,381278.99,11,10,11,10,11,0.047660,0.8244,0.9867
195312.00,125000.00,198503.49,12,11,12,11,12,0.024813,0.7709,0.9829
273438.00,250000.00,273908.62,10,10,10,10,10,0.034239,0.9668,0.9881
507812.00,500000.00,504153.25,11,11,11,11,11,0.063019,0.9457,0.9644
273438.00,250000.00,274621.49,10,10,10,10,10,0.034328,0.9441,0.9890
273438.00,250000.00,275369.64,10,10,10,10,10,0.034421,0.9360,0.9797
195312.00,125000.00,195431.71,12,11,12,11,12,0.024429,0.8940,0.9745
195312.00,125000.00,196204.19,12,11,12,11,12,0.024526,0.8584,0.9661
195312.00,125000.00,171367.38,12,11,12,11,12,0.021421,0.8316,0.8743
195312.00,125000.00,194556.24,12,11,12,11,12,0.024320,0.7297,0.9115
273438.00,250000.00,274524.69,10,10,10,10,10,0.034316,0.9643,0.9860
507812.00,500000.00,509862.90,11,11,11,11,11,0.063733,0.9552,0.9868
507812.00,500000.00,501335.14,11,11,11,11,11,0.062667,0.9423,0.9580
507812.00,500000.00,511728.29,11,11,11,11,11,0.063966,0.9401,0.9834
273438.00,250000.00,270473.72,10,10,10,10,10,0.033809,0.9360,0.9686
273438.00,250000.00,265117.65,10,10,10,10,10,0.033140,0.9302,0.9683
382812.00,250000.00,380023.00,11,10,11,10,11,0.047503,0.9080,0.9836
382812.00,500000.00,377961.16,11,11,11,10,10,0.047245,0.8887,0.9782
195312.00,125000.00,182474.14,12,11,12,11,12,0.022809,0.8743,0.9311
195312.00,125000.00,195933.34,12,11,12,11,12,0.024492,0.7735,0.9503
382812.00,250000.00,385460.85,11,10,11,10,11,0.048183,0.7717,0.9867
273438.00,250000.00,274883.27,10,10,10,10,10,0.034360,0.9657,0.9902
507812.00,500000.00,506000.52,11,11,11,11,11,0.063250,0.9546,0.9802
507812.00,500000.00,502518.65,11,11,11,11,11,0.062815,0.9459,0.9700
273438.00,250000.00,276786.33,10,10,10,10,10,0.034598,0.9363,0.9816
382812.00,250000.00,363532.07,11,10,11,10,11,0.045442,0.9207,0.9463
507812.00,500000.00,498193.74,11,11,11,11,11,0.062274,0.9013,0.9232
195312.00,125000.00,193770.41,12,11,12,11,12,0.024221,0.8983,0.9894
507812.00,500000.00,489926.34,11,11,11,11,11,0.061241,0.8913,0.9518
195312.00,125000.00,204113.01,12,11,12,11,12,0.025514,0.8693,0.9513
382812.00,250000.00,382345.20,11,10,11,10,11,0.047793,0.7971,0.9580
195312.00,250000.00,195748.33,12,12,12,11,11,0.024469,0.7341,0.9691
710938.00,500000.00,706958.77,12,11,12,11,12,0.088370,0.9410,0.9836
210938.00,250000.00,215886.12,9,10,10,10,10,0.026986,0.9287,0.9748
210938.00,250000.00,206480.03,9,10,10,9,9,0.025810,0.9247,0.9479
179688.00,125000.00,180454.25,12,11,12,11,12,0.022557,0.9142,0.9573
210938.00,250000.00,207478.05,9,10,10,9,9,0.025935,0.9065,0.9602
179688.00,125000.00,178638.46,12,11,12,11,12,0.022330,0.9031,0.9568
179688.00,125000.00,182265.28,12,11,12,11,12,0.022783,0.8915,0.9311
210938.00,250000.00,205736.16,9,10,10,9,9,0.025717,0.8886,0.9746
179688.00,125000.00,146724.70,12,11,11,11,11,0.018341,0.8722,0.8118
710938.00,500000.00,593927.86,11,11,11,11,11,0.074241,0.8528,0.8195
710938.00,500000.00,601377.01,11,11,12,11,12,0.075172,0.8217,0.8395
179688.00,125000.00,179409.74,12,11,12,11,12,0.022426,0.9409,0.9778
710938.00,500000.00,702108.38,12,11,12,11,12,0.087764,0.9391,0.9712
210938.00,250000.00,210836.41,9,10,10,10,10,0.026355,0.9370,0.9847
210938.00,250000.00,208032.61,9,10,10,9,9,0.026004,0.9293,0.9810
179688.00,125000.00,179155.33,12,11,12,11,12,0.022394,0.9207,0.9850
710938.00,500000.00,646873.47,12,11,12,11,12,0.080859,0.8985,0.8936
179688.00,125000.00,176656.72,12,11,12,11,12,0.022082,0.8942,0.9721
710938.00,500000.00,627368.93,12,11,12,11,12,0.078421,0.7814,0.7352
710938.00,500000.00,746104.36,12,11,12,11,12,0.093263,0.9468,0.9506
710938.00,500000.00,686801.91,12,11,12,11,12,0.085850,0.9365,0.9599
210938.00,250000.00,206073.76,9,10,10,9,9,0.025759,0.9342,0.9555
710938.00,500000.00,692287.45,11,11,12,11,12,0.086536,0.9256,0.9614
179688.00,125000.00,179460.53,12,11,12,11,12,0.022433,0.9151,0.9144
179688.00,125000.00,175313.95,12,11,12,11,12,0.021914,0.9054,0.9724
710938.00,500000.00,530100.82,11,11,11,11,11,0.066263,0.8976,0.7339
210938.00,250000.00,224322.32,9,10,10,10,10,0.028040,0.8764,0.9029
710938.00,500000.00,687997.82,11,11,12,11,12,0.086000,0.8357,0.8990
179688.00,125000.00,181940.08,12,11,12,11,12,0.022743,0.7944,0.9370
179688.00,125000.00,179122.45,12,11,12,11,12,0.022390,0.9597,0.9367
710938.00,500000.00,687408.45,12,11,12,11,12,0.085926,0.9342,0.9172
210938.00,250000.00,209837.44,9,10,10,9,9,0.026230,0.9321,0.9755
210938.00,250000.00,205554.01,9,10,10,9,9,0.025694,0.9319,0.9723
710938.00,500000.00,709232.33,12,11,12,11,12,0.088654,0.9220,0.9653
710938.00,500000.00,632493.97,12,11,12,11,12,0.079062,0.8707,0.8835
710938.00,500000.00,660182.95,12,11,12,11,12,0.082523,0.8410,0.8705
210938.00,250000.00,263849.26,9,10,10,10,10,0.032981,0.8149,0.7966
710938.00,500000.00,631514.55,12,11,12,11,12,0.078939,0.7381,0.6888
132812.00,125000.00,131734.61,11,11,11,11,11,0.016467,0.9288,0.9835
132812.00,125000.00,131093.03,11,11,11,11,11,0.016387,0.9137,0.9593
132812.00,125000.00,134054.18,11,11,11,11,11,0.016757,0.8772,0.8993
367188.00,250000.00,364675.52,11,10,11,10,11,0.045584,0.8714,0.9908
179688.00,125000.00,181025.51,10,9,10,9,10,0.022628,0.7986,0.9354
179688.00,125000.00,179960.73,10,9,10,9,10,0.022495,0.7873,0.9692
367188.00,250000.00,365831.38,11,10,11,10,11,0.045729,0.7677,0.9870
367188.00,250000.00,367063.52,11,10,11,10,11,0.045883,0.7394,0.9883
445312.00,500000.00,443422.32,10,11,11,11,11,0.055428,0.9379,0.9918
367188.00,250000.00,365691.18,11,10,11,10,11,0.045711,0.9186,0.9927
367188.00,250000.00,365257.26,11,10,11,10,11,0.045657,0.9063,0.9590
132812.00,125000.00,137307.17,11,11,11,11,11,0.017163,0.8972,0.8700
132812.00,125000.00,132105.83,11,11,11,11,11,0.016513,0.8729,0.9231
132812.00,125000.00,127148.63,11,11,11,11,11,0.015894,0.8500,0.9400
367188.00,250000.00,368652.34,11,10,11,10,11,0.046082,0.7611,0.9874
445312.00,500000.00,460405.35,10,11,11,11,11,0.057551,0.9385,0.9632
179688.00,125000.00,177957.53,10,9,10,9,10,0.022245,0.8974,0.9593
445312.00,500000.00,472036.36,10,11,11,11,11,0.059005,0.8413,0.8476
367188.00,250000.00,370442.87,11,10,11,10,11,0.046305,0.8286,0.9875
132812.00,125000.00,133066.18,11,11,11,11,11,0.016633,0.7131,0.8134
445312.00,500000.00,437550.78,10,11,11,11,11,0.054694,0.9415,0.9782
445312.00,500000.00,451616.29,10,11,11,11,11,0.056452,0.9393,0.9798
132812.00,125000.00,131707.19,11,11,11,11,11,0.016463,0.9225,0.9630
132812.00,125000.00,129843.71,11,11,11,11,11,0.016230,0.9197,0.9744
132812.00,125000.00,129594.80,11,11,11,11,11,0.016199,0.9132,0.9337
367188.00,500000.00,386949.54,11,12,12,11,11,0.048369,0.8383,0.9428
445312.00,500000.00,475187.30,10,11,11,11,11,0.059398,0.8336,0.9289
367188.00,250000.00,363293.65,11,10,11,10,11,0.045412,0.8057,0.9849
445312.00,500000.00,447599.41,10,11,11,11,11,0.055950,0.7773,0.6477
179688.00,125000.00,183221.82,10,9,10,9,10,0.022903,0.7109,0.8895
460938.00,500000.00,460119.72,11,11,11,11,11,0.057515,0.9511,0.9788
460938.00,500000.00,467536.93,11,11,11,11,11,0.058442,0.9453,0.9851
617188.00,500000.00,608478.55,12,11,12,11,12,0.076060,0.9421,0.9662
460938.00,500000.00,462628.13,11,11,11,11,11,0.057829,0.9374,0.9776
164062.00,125000.00,161451.82,12,11,12,11,12,0.020181,0.9360,0.9774
164062.00,125000.00,158229.83,12,11,12,11,12,0.019779,0.9128,0.9028
460938.00,500000.00,458642.96,11,11,11,11,11,0.057330,0.9051,0.9838
148438.00,125000.00,146204.95,9,9,9,9,9,0.018276,0.9029,0.9665
460938.00,500000.00,461287.74,11,11,11,11,11,0.057661,0.8963,0.9718
148438.00,125000.00,152341.13,9,9,10,9,10,0.019043,0.8950,0.9601
164062.00,125000.00,161645.89,12,11,12,11,12,0.020206,0.8033,0.7818
460938.00,500000.00,470279.69,11,11,11,11,11,0.058785,0.9447,0.9773
460938.00,500000.00,482668.88,11,11,11,11,11,0.060334,0.9271,0.9540
148438.00,125000.00,148946.76,9,9,10,9,10,0.018618,0.8602,0.9575
164062.00,125000.00,144593.72,12,11,11,11,11,0.018074,0.8391,0.8776
164062.00,125000.00,143860.82,12,11,11,11,11,0.017983,0.8224,0.8743
164062.00,125000.00,155247.39,12,11,12,11,12,0.019406,0.7975,0.7660
460938.00,500000.00,471262.93,11,11,11,11,11,0.058908,0.9472,0.9756
617188.00,500000.00,547080.99,12,12,12,12,12,0.068385,0.9133,0.8573
617188.00,500000.00,613716.36,12,11,12,11,12,0.076715,0.9079,0.9595
148438.00,125000.00,144791.60,9,9,9,9,9,0.018099,0.9046,0.9622
148438.00,125000.00,150085.21,9,9,10,9,10,0.018761,0.8967,0.9353
148438.00,125000.00,153120.04,9,9,10,9,10,0.019140,0.8850,0.9684
460938.00,500000.00,520927.43,11,11,11,11,11,0.065116,0.8662,0.8786
617188.00,500000.00,608243.94,12,11,12,11,12,0.076030,0.8075,0.9804
148438.00,125000.00,146455.76,9,9,9,9,9,0.018307,0.7689,0.9806
164062.00,125000.00,161663.06,12,11,12,11,12,0.020208,0.7676,0.8825
460938.00,500000.00,470296.86,11,11,11,11,11,0.058787,0.9435,0.9690
164062.00,125000.00,161488.53,12,11,12,11,12,0.020186,0.9208,0.9666
164062.00,125000.00,158970.83,12,11,12,11,12,0.019871,0.9125,0.9620
617188.00,500000.00,627344.13,12,12,13,12,13,0.078418,0.9088,0.9465
148438.00,125000.00,148185.73,9,9,9,9,9,0.018523,0.9074,0.9629
617188.00,500000.00,611783.98,12,11,12,11,12,0.076473,0.8839,0.9675
664062.00,500000.00,653832.44,12,11,12,11,12,0.081729,0.9446,0.9678
757812.00,500000.00,661288.26,11,11,12,11,12,0.082661,0.9341,0.8566
664062.00,500000.00,669027.33,12,11,12,11,12,0.083628,0.9203,0.9851
304688.00,250000.00,301452.99,11,10,11,10,11,0.037682,0.9162,0.9836
664062.00,500000.00,663637.16,12,11,12,11,12,0.082955,0.9143,0.9800
664062.00,500000.00,648435.59,12,11,12,11,12,0.081054,0.8781,0.9667
757812.00,500000.00,519943.24,11,11,11,11,11,0.064993,0.8747,0.6807
757812.00,500000.00,521986.01,11,11,11,11,11,0.065248,0.8729,0.6864
757812.00,500000.00,668686.87,11,11,12,11,12,0.083586,0.8381,0.8701
242188.00,250000.00,248281.48,9,10,10,10,10,0.031035,0.7659,0.9692
664062.00,500000.00,671737.67,12,11,12,11,12,0.083967,0.9629,0.9605
304688.00,250000.00,303288.46,11,11,12,11,12,0.037911,0.9197,0.9658
664062.00,500000.00,648658.75,12,11,12,11,12,0.081082,0.8720,0.6992
757812.00,500000.00,754196.17,11,11,12,11,12,0.094275,0.8689,0.8960
304688.00,250000.00,308340.07,11,10,11,10,11,0.038543,0.8657,0.9841
664062.00,500000.00,654100.42,12,11,12,11,12,0.081763,0.9625,0.9817
304688.00,250000.00,305849.08,11,11,12,11,12,0.038231,0.9434,0.9937
664062.00,500000.00,664638.28,12,11,12,11,12,0.083080,0.9118,0.8808
242188.00,250000.00,247323.99,9,10,10,10,10,0.030915,0.9085,0.9530
757812.00,500000.00,555649.28,11,11,11,11,11,0.069456,0.8563,0.7029
304688.00,250000.00,297363.28,11,10,11,10,11,0.037170,0.7551,0.9592
242188.00,250000.00,249263.76,9,10,10,10,10,0.031158,0.7482,0.9655
664062.00,500000.00,668340.68,12,11,12,11,12,0.083543,0.9575,0.9812
304688.00,250000.00,311199.19,11,10,11,10,11,0.038900,0.9255,0.9534
304688.00,250000.00,316160.20,11,10,11,10,11,0.039520,0.9227,0.9590
242188.00,250000.00,246272.09,9,10,10,10,10,0.030784,0.8363,0.9388
757812.00,500000.00,607450.49,11,11,12,11,12,0.075931,0.7638,0.7575
757812.00,500000.00,600650.79,11,11,12,11,12,0.075081,0.7637,0.7488
460938.00,500000.00,466812.13,12,12,12,12,12,0.058352,0.9396,0.9595
460938.00,500000.00,462340.35,12,12,12,12,12,0.057793,0.9254,0.9638
257812.00,250000.00,259601.83,12,12,12,12,12,0.032450,0.9097,0.9566
460938.00,500000.00,461877.35,12,12,12,12,12,0.057735,0.9035,0.9822
757812.00,500000.00,716411.59,11,11,12,11,12,0.089551,0.8438,0.9445
148438.00,125000.00,151006.70,12,11,12,11,12,0.018876,0.8406,0.9440
257812.00,250000.00,253590.82,12,12,12,12,12,0.031699,0.9515,0.9700
257812.00,250000.00,256449.70,12,12,12,12,12,0.032056,0.9376,0.9806
257812.00,250000.00,260798.93,12,12,12,12,12,0.032600,0.9375,0.9662
460938.00,500000.00,460902.21,12,12,12,12,12,0.057613,0.9305,0.9772
257812.00,250000.00,258737.09,12,12,12,12,12,0.032342,0.9294,0.9865
148438.00,125000.00,147794.25,12,11,11,11,11,0.018474,0.8823,0.9755
757812.00,500000.00,667447.81,11,11,12,11,12,0.083431,0.7963,0.5262
460938.00,500000.00,593461.99,12,12,12,12,12,0.074183,0.7322,0.7538
757812.00,500000.00,579920.77,11,11,11,11,11,0.072490,0.7013,0.7278
257812.00,250000.00,256874.08,12,12,12,12,12,0.032109,0.9500,0.9899
257812.00,250000.00,258886.34,12,12,12,12,12,0.032361,0.9462,0.9734
257812.00,250000.00,253806.11,12,12,12,12,12,0.031726,0.9224,0.9590
460938.00,500000.00,456268.31,12,12,12,12,12,0.057034,0.8991,0.9818
148438.00,125000.00,166360.86,12,11,12,11,12,0.020795,0.8930,0.8839
148438.00,125000.00,141374.59,12,12,12,12,12,0.017672,0.8731,0.9446
757812.00,500000.00,730057.72,11,11,12,11,12,0.091257,0.8458,0.9585
148438.00,125000.00,151923.18,12,12,13,12,13,0.018990,0.8008,0.8189
257812.00,250000.00,255643.84,12,12,12,12,12,0.031955,0.9756,0.9738
460938.00,500000.00,457740.78,12,12,12,12,12,0.057218,0.9367,0.9809
460938.00,500000.00,461879.49,12,12,12,12,12,0.057735,0.9347,0.9785
460938.00,500000.00,468423.84,12,12,12,12,12,0.058553,0.9324,0.8960
460938.00,500000.00,474365.23,12,12,12,12,12,0.059296,0.9299,0.9661
257812.00,250000.00,259153.84,12,12,12,12,12,0.032394,0.9247,0.9858
148438.00,125000.00,150701.52,12,12,13,12,13,0.018838,0.8994,0.9724
757812.00,500000.00,588365.55,11,11,11,11,11,0.073546,0.8620,0.7513
148438.00,125000.00,150294.54,12,11,12,11,12,0.018787,0.8493,0.9458
757812.00,500000.00,562235.83,11,11,11,11,11,0.070279,0.8351,0.7321
164062.00,125000.00,163691.76,12,11,12,11,12,0.020461,0.9378,0.9869
429688.00,500000.00,425630.09,10,11,11,11,11,0.053204,0.9307,0.9755
164062.00,125000.00,164267.54,12,11,12,11,12,0.020533,0.9217,0.9320
664062.00,500000.00,652826.31,11,11,12,11,12,0.081603,0.9200,0.9554
164062.00,125000.00,163160.32,12,11,12,11,12,0.020395,0.9149,0.9831
164062.00,125000.00,125619.89,12,11,11,11,11,0.015702,0.8856,0.7176
429688.00,500000.00,426801.44,10,11,11,11,11,0.053350,0.9453,0.9872
429688.00,500000.00,427556.99,10,11,11,11,11,0.053445,0.9450,0.9800
429688.00,500000.00,427425.98,10,11,11,11,11,0.053428,0.9387,0.9916
304688.00,250000.00,309150.70,11,11,12,11,12,0.038644,0.9193,0.9835
664062.00,500000.00,558727.26,11,11,11,11,11,0.069841,0.8952,0.8375
664062.00,500000.00,527077.67,11,11,11,11,11,0.065885,0.8951,0.7884
164062.00,125000.00,134708.88,12,11,11,11,11,0.016839,0.8615,0.7937
429688.00,500000.00,437639.71,10,11,11,11,11,0.054705,0.8556,0.9724
664062.00,500000.00,607097.63,11,11,12,11,12,0.075887,0.7689,0.8786
664062.00,500000.00,642429.35,11,11,12,11,12,0.080304,0.7625,0.9148
304688.00,250000.00,306080.82,11,11,12,11,12,0.038260,0.7350,0.9335
304688.00,250000.00,310825.35,11,11,12,11,12,0.038853,0.7110,0.9598
429688.00,500000.00,432956.70,10,11,11,11,11,0.054120,0.9426,0.9680
664062.00,500000.00,657998.09,11,11,12,11,12,0.082250,0.9378,0.9797
164062.00,125000.00,165593.62,12,11,12,11,12,0.020699,0.9340,0.9528
304688.00,250000.00,307473.18,11,11,12,11,12,0.038434,0.9163,0.9902
429688.00,500000.00,429710.39,10,11,11,11,11,0.053714,0.9140,0.9784
304688.00,250000.00,306570.77,11,11,12,11,12,0.038321,0.8976,0.9749
304688.00,250000.00,316926.96,11,11,12,11,12,0.039616,0.8857,0.9519
429688.00,500000.00,439957.38,10,11,11,11,11,0.054995,0.8798,0.9391
304688.00,250000.00,303654.67,11,10,11,10,11,0.037957,0.8651,0.9693
304688.00,250000.00,306043.09,11,11,12,11,12,0.038255,0.9557,0.9851
164062.00,125000.00,159451.96,12,11,12,11,12,0.019931,0.9201,0.9648
664062.00,500000.00,663716.32,11,11,12,11,12,0.082965,0.8968,0.9846
164062.00,125000.00,157751.56,12,11,12,11,12,0.019719,0.8594,0.9565
164062.00,125000.00,162709.24,12,11,12,11,12,0.020339,0.8352,0.9766
210938.00,250000.00,208162.01,9,10,10,9,9,0.026020,0.9469,0.9856
210938.00,250000.00,210756.30,12,12,12,12,12,0.026345,0.9300,0.9541
210938.00,250000.00,218101.50,12,12,12,12,12,0.027263,0.9269,0.9383
179688.00,125000.00,181294.44,10,9,10,9,10,0.022662,0.9211,0.9563
210938.00,250000.00,208034.75,9,10,10,9,9,0.026004,0.9209,0.9845
210938.00,250000.00,214199.07,9,10,10,10,10,0.026775,0.9204,0.9611
210938.00,250000.00,207940.10,9,10,10,9,9,0.025993,0.9000,0.9824
164062.00,125000.00,162499.43,11,10,11,10,11,0.020312,0.8862,0.9717
179688.00,125000.00,175835.61,10,9,10,9,10,0.021979,0.8834,0.9704
210938.00,250000.00,209954.26,9,10,10,9,9,0.026244,0.9342,0.9703
210938.00,250000.00,223532.20,12,12,12,12,12,0.027942,0.9339,0.9414
210938.00,250000.00,218917.85,12,12,12,12,12,0.027365,0.9286,0.9618
164062.00,125000.00,153314.11,11,10,11,10,11,0.019164,0.9277,0.9316
179688.00,125000.00,176182.75,10,9,10,9,10,0.022023,0.9211,0.9694
210938.00,250000.00,207799.91,9,10,10,9,9,0.025975,0.9101,0.9630
179688.00,125000.00,178145.41,10,9,10,9,10,0.022268,0.9034,0.9749
210938.00,250000.00,213109.85,12,12,12,12,12,0.026639,0.8298,0.9674
164062.00,125000.00,158401.49,11,10,11,10,11,0.019800,0.7874,0.9618
164062.00,125000.00,163008.75,11,10,11,10,11,0.020376,0.7808,0.9819
179688.00,125000.00,179271.70,10,9,10,9,10,0.022409,0.7048,0.9056
210938.00,250000.00,210947.04,9,10,10,10,10,0.026368,0.9428,0.9795
164062.00,125000.00,167356.49,11,10,11,10,11,0.020920,0.9245,0.9543
179688.00,125000.00,180586.81,10,9,10,9,10,0.022573,0.9048,0.9695
164062.00,125000.00,152647.02,11,10,11,10,11,0.019081,0.8899,0.9256
210938.00,250000.00,207131.39,9,10,10,9,9,0.025891,0.8703,0.9721
179688.00,125000.00,178912.64,10,9,10,9,10,0.022364,0.8641,0.9841
210938.00,250000.00,229600.91,9,10,10,10,10,0.028700,0.8576,0.8883
179688.00,125000.00,179353.71,10,9,10,9,10,0.022419,0.8364,0.9706
164062.00,125000.00,162747.38,11,10,11,10,11,0.020343,0.9268,0.9145
210938.00,250000.00,212785.48,9,10,10,10,10,0.026598,0.9221,0.9191
210938.00,250000.00,216258.05,9,10,10,10,10,0.027032,0.9179,0.9698
179688.00,125000.00,177860.74,10,9,10,9,10,0.022233,0.9141,0.9618
164062.00,125000.00,164917.47,11,10,11,10,11,0.020615,0.8964,0.9439
210938.00,250000.00,214952.47,12,12,12,12,12,0.026869,0.8597,0.9500
210938.00,250000.00,211439.13,12,12,12,12,12,0.026430,0.8054,0.9883
179688.00,125000.00,180368.42,10,9,10,9,10,0.022546,0.7616,0.8281
