GT BW,Class BW,Measured BW,GT SF,Class SF,Measured SF (upscaled),Measured SF (downscaled),Measured SF,Height,Confidence,IoU
500000.00,500000.00,494454.38,11,11,11,11,11,0.061807,0.9734,0.9834
250000.00,250000.00,252964.50,12,12,12,12,12,0.031621,0.9493,0.9849
250000.00,250000.00,240842.82,12,12,12,12,12,0.030105,0.9457,0.9425
250000.00,250000.00,260429.38,12,12,12,12,12,0.032554,0.9384,0.9545
250000.00,250000.00,252480.03,12,12,12,12,12,0.031560,0.9132,0.9593
125000.00,125000.00,101516.25,9,9,9,8,8,0.012690,0.7767,0.7974
125000.00,125000.00,127801.90,9,9,9,9,9,0.015975,0.7561,0.8559
500000.00,500000.00,504693.03,11,11,11,11,11,0.063087,0.9766,0.9857
125000.00,125000.00,107735.63,10,10,10,10,10,0.013467,0.9595,0.8592
125000.00,125000.00,125329.02,9,9,9,9,9,0.015666,0.9544,0.9832
125000.00,125000.00,120638.37,10,10,10,10,10,0.015080,0.9366,0.9634
125000.00,125000.00,124339.58,10,10,10,10,10,0.015542,0.9093,0.9410
125000.00,125000.00,121074.68,10,10,10,10,10,0.015134,0.9004,0.9610
125000.00,125000.00,126706.00,10,10,10,10,10,0.015838,0.8676,0.8899
125000.00,125000.00,126968.38,9,9,9,9,9,0.015871,0.8387,0.7434
125000.00,125000.00,125066.76,9,9,9,9,9,0.015633,0.8278,0.8524
125000.00,125000.00,124766.38,10,10,10,10,10,0.015596,0.8275,0.7347
125000.00,125000.00,130424.50,10,10,10,10,10,0.016303,0.7783,0.8397
500000.00,500000.00,501602.17,11,11,11,11,11,0.062700,0.9771,0.9743
500000.00,500000.00,501851.08,11,11,11,11,11,0.062731,0.9627,0.9939
250000.00,250000.00,260932.92,12,12,12,12,12,0.032617,0.9472,0.9399
125000.00,125000.00,125243.19,9,9,9,9,9,0.015655,0.9428,0.9309
125000.00,125000.00,125736.24,9,9,9,9,9,0.015717,0.9421,0.9788
250000.00,250000.00,241150.38,12,12,12,12,12,0.030144,0.9406,0.9624
125000.00,125000.00,125549.32,10,10,10,10,10,0.015694,0.9387,0.9784
250000.00,250000.00,249890.09,12,12,12,12,12,0.031236,0.9306,0.9815
125000.00,125000.00,125660.90,9,9,9,9,9,0.015708,0.9255,0.9786
125000.00,125000.00,119436.26,10,10,10,10,10,0.014930,0.9226,0.9195
250000.00,250000.00,252134.32,12,12,12,12,12,0.031517,0.9114,0.8997
500000.00,500000.00,502580.17,11,11,11,11,11,0.062823,0.8919,0.9682
500000.00,500000.00,521808.39,11,11,11,11,11,0.065226,0.9837,0.9559
500000.00,500000.00,493944.17,11,11,11,11,11,0.061743,0.9796,0.9809
500000.00,500000.00,498701.10,11,11,11,11,11,0.062338,0.9716,0.9930
500000.00,500000.00,494510.65,11,11,11,11,11,0.061814,0.9708,0.9715
125000.00,125000.00,124193.67,9,9,9,9,9,0.015524,0.9406,0.9486
250000.00,250000.00,244897.72,12,12,12,12,12,0.030612,0.9187,0.9693
500000.00,500000.00,532670.50,11,11,11,11,11,0.066584,0.7321,0.9251
125000.00,125000.00,129916.25,9,9,9,9,9,0.016240,0.9725,0.9484
125000.00,125000.00,127370.83,9,9,9,9,9,0.015921,0.9624,0.9478
250000.00,250000.00,248243.33,12,12,12,12,12,0.031030,0.9565,0.9861
125000.00,125000.00,125318.05,10,10,10,10,10,0.015665,0.9548,0.9614
250000.00,250000.00,248980.05,12,12,12,12,12,0.031123,0.9519,0.9795
125000.00,125000.00,122333.53,9,9,9,9,9,0.015292,0.9509,0.9430
125000.00,125000.00,122662.54,9,9,9,9,9,0.015333,0.9497,0.9584
125000.00,125000.00,123768.81,9,9,9,9,9,0.015471,0.9490,0.9681
125000.00,125000.00,119831.09,10,10,10,10,10,0.014979,0.9357,0.9375
125000.00,125000.00,127437.59,10,10,10,10,10,0.015930,0.9278,0.9584
125000.00,125000.00,127680.78,9,9,9,9,9,0.015960,0.9272,0.9752
250000.00,250000.00,249092.10,12,12,12,12,12,0.031137,0.8650,0.9807
125000.00,125000.00,125494.00,11,11,11,11,11,0.015687,0.8321,0.9687
250000.00,250000.00,257457.26,12,12,12,12,12,0.032182,0.9658,0.9396
125000.00,125000.00,126939.77,9,9,9,9,9,0.015867,0.9487,0.9794
125000.00,125000.00,124739.17,11,11,11,11,11,0.015592,0.9281,0.9947
125000.00,125000.00,124596.12,10,10,10,10,10,0.015575,0.9263,0.9819
125000.00,125000.00,124570.37,10,10,10,10,10,0.015571,0.9082,0.9908
125000.00,125000.00,121961.12,9,9,9,9,9,0.015245,0.8763,0.9699
125000.00,125000.00,125684.74,11,11,11,11,11,0.015711,0.7963,0.7336
250000.00,250000.00,249149.32,12,12,12,12,12,0.031144,0.7605,0.9273
250000.00,250000.00,249586.11,12,12,12,12,12,0.031198,0.9689,0.9687
250000.00,250000.00,250551.22,12,12,12,12,12,0.031319,0.9581,0.9849
125000.00,125000.00,122892.38,9,9,9,9,9,0.015362,0.9436,0.9486
125000.00,125000.00,126887.32,11,11,11,11,11,0.015861,0.9427,0.9659
250000.00,250000.00,245862.96,12,12,12,12,12,0.030733,0.9401,0.9513
125000.00,125000.00,118402.48,9,9,9,9,9,0.014800,0.9325,0.8181
125000.00,125000.00,124161.24,10,10,10,10,10,0.015520,0.9266,0.9437
250000.00,250000.00,248591.42,12,12,12,12,12,0.031074,0.9094,0.9481
125000.00,125000.00,126823.43,10,10,10,10,10,0.015853,0.7652,0.8024
125000.00,125000.00,125473.98,10,10,10,10,10,0.015684,0.9584,0.9722
125000.00,125000.00,123731.61,10,10,10,10,10,0.015466,0.9531,0.9703
250000.00,250000.00,244764.80,12,12,12,12,12,0.030596,0.8465,0.9776
125000.00,125000.00,125108.72,11,11,11,11,11,0.015639,0.7893,0.9004
500000.00,500000.00,504204.03,11,11,11,11,11,0.063026,0.9774,0.9907
500000.00,500000.00,503444.67,11,11,11,11,11,0.062931,0.9703,0.9705
500000.00,500000.00,503083.23,11,11,11,11,11,0.062885,0.9689,0.9920
250000.00,250000.00,248925.21,10,10,10,10,10,0.031116,0.9677,0.9924
250000.00,250000.00,249032.97,10,10,10,10,10,0.031129,0.9657,0.9833
250000.00,250000.00,254396.44,10,10,10,10,10,0.031800,0.9628,0.9600
500000.00,500000.00,506954.19,12,12,12,12,12,0.063369,0.9608,0.9814
250000.00,250000.00,249180.79,10,10,10,10,10,0.031148,0.9550,0.9508
125000.00,125000.00,123554.83,12,12,12,12,12,0.015444,0.9032,0.9571
125000.00,125000.00,132074.22,12,12,12,12,12,0.016509,0.7185,0.6873
500000.00,500000.00,502349.14,11,11,11,11,11,0.062794,0.9840,0.9914
500000.00,500000.00,502346.04,12,12,12,12,12,0.062793,0.9725,0.9944
250000.00,250000.00,250296.47,10,10,10,10,10,0.031287,0.9522,0.9310
250000.00,250000.00,248850.82,10,10,10,10,10,0.031106,0.9438,0.9771
500000.00,500000.00,499423.50,11,11,11,11,11,0.062428,0.9381,0.9757
125000.00,125000.00,125113.49,12,12,12,12,12,0.015639,0.9308,0.9932
500000.00,500000.00,519884.11,12,12,12,12,12,0.064986,0.9299,0.9301
500000.00,500000.00,529603.96,11,11,11,11,11,0.066200,0.9119,0.9405
500000.00,500000.00,507158.28,11,11,11,11,11,0.063395,0.9088,0.8379
500000.00,500000.00,496135.95,12,12,12,12,12,0.062017,0.8914,0.9634
250000.00,250000.00,252343.89,10,10,10,10,10,0.031543,0.8874,0.6447
250000.00,250000.00,255791.19,10,10,10,10,10,0.031974,0.8816,0.7698
125000.00,125000.00,124397.28,12,12,12,12,12,0.015550,0.8024,0.9284
500000.00,500000.00,508469.58,11,11,11,11,11,0.063559,0.9749,0.9650
250000.00,250000.00,249807.36,10,10,10,10,10,0.031226,0.9630,0.9793
500000.00,500000.00,510359.76,11,11,11,11,11,0.063795,0.9628,0.9683
500000.00,500000.00,507249.83,12,12,12,12,12,0.063406,0.9599,0.9711
125000.00,125000.00,124486.92,12,12,12,12,12,0.015561,0.7870,0.9658
500000.00,500000.00,496755.60,11,11,11,11,11,0.062094,0.9779,0.9561
500000.00,500000.00,492530.82,12,12,12,12,12,0.061566,0.9766,0.9750
500000.00,500000.00,497625.35,12,12,12,12,12,0.062203,0.9679,0.9939
500000.00,500000.00,489872.93,12,12,12,12,12,0.061234,0.9000,0.9602
125000.00,125000.00,124370.57,12,12,12,12,12,0.015546,0.8770,0.9757
125000.00,125000.00,115854.74,12,12,12,12,12,0.014482,0.7893,0.9171
500000.00,500000.00,504038.33,12,12,12,12,12,0.063005,0.9583,0.9907
500000.00,500000.00,503761.77,12,12,12,12,12,0.062970,0.9579,0.9827
125000.00,125000.00,124091.15,9,9,9,9,9,0.015511,0.9556,0.9330
500000.00,500000.00,503051.28,12,12,12,12,12,0.062881,0.9551,0.9773
500000.00,500000.00,517592.43,12,12,12,12,12,0.064699,0.9236,0.9475
250000.00,250000.00,250999.45,11,11,11,11,11,0.031375,0.8572,0.9723
125000.00,125000.00,107752.08,12,12,12,12,12,0.013469,0.7227,0.6839
125000.00,125000.00,118032.46,12,12,12,12,12,0.014754,0.9682,0.9411
250000.00,250000.00,248343.47,11,11,11,11,11,0.031043,0.9604,0.9539
250000.00,250000.00,253744.13,11,11,11,11,11,0.031718,0.9594,0.9808
250000.00,250000.00,256710.05,11,11,11,11,11,0.032089,0.9570,0.9704
250000.00,250000.00,250576.97,11,11,11,11,11,0.031322,0.9532,0.9945
500000.00,500000.00,501936.55,12,12,12,12,12,0.062742,0.9519,0.9904
500000.00,500000.00,489486.69,12,12,12,12,12,0.061186,0.9360,0.9731
250000.00,250000.00,250638.96,11,11,11,11,11,0.031330,0.9314,0.9659
125000.00,125000.00,120301.49,12,12,12,12,12,0.015038,0.9266,0.9347
250000.00,250000.00,250629.43,11,11,11,11,11,0.031329,0.9188,0.9600
125000.00,125000.00,115913.03,12,12,12,12,12,0.014489,0.9078,0.9230
250000.00,250000.00,246539.24,11,11,11,11,11,0.030817,0.9000,0.9750
125000.00,125000.00,125701.90,12,12,12,12,12,0.015713,0.8567,0.9273
125000.00,125000.00,127658.84,9,9,9,9,9,0.015957,0.7733,0.7805
125000.00,125000.00,125746.25,9,9,9,9,9,0.015718,0.7460,0.9656
500000.00,500000.00,507599.83,12,12,12,12,12,0.063450,0.9674,0.9822
125000.00,125000.00,126770.02,9,9,9,9,9,0.015846,0.9623,0.9752
125000.00,125000.00,123709.20,9,9,9,9,9,0.015464,0.9355,0.9438
125000.00,125000.00,129000.66,9,9,9,9,9,0.016125,0.9271,0.9237
500000.00,500000.00,499876.98,12,12,12,12,12,0.062485,0.9239,0.9917
125000.00,125000.00,121341.71,9,9,9,9,9,0.015168,0.9100,0.9613
125000.00,125000.00,126544.95,9,9,9,9,9,0.015818,0.9078,0.8922
125000.00,125000.00,128022.19,9,9,9,9,9,0.016003,0.8479,0.8907
500000.00,500000.00,501456.98,12,12,12,12,12,0.062682,0.9714,0.9917
500000.00,500000.00,496112.82,12,12,12,12,12,0.062014,0.9446,0.9578
250000.00,250000.00,245929.72,11,11,11,11,11,0.030741,0.9370,0.9753
250000.00,250000.00,241279.13,11,11,11,11,11,0.030160,0.9215,0.8459
125000.00,125000.00,126012.80,9,9,9,9,9,0.015752,0.9157,0.9274
500000.00,500000.00,507553.10,11,11,11,11,11,0.063444,0.9741,0.9786
250000.00,250000.00,251856.80,12,12,12,12,12,0.031482,0.9596,0.9899
250000.00,250000.00,247647.29,12,12,12,12,12,0.030956,0.9569,0.9844
250000.00,250000.00,250603.68,12,12,12,12,12,0.031325,0.9470,0.9627
125000.00,125000.00,125987.05,11,11,11,11,11,0.015748,0.9418,0.9609
500000.00,500000.00,503004.07,11,11,11,11,11,0.062876,0.9362,0.9865
125000.00,125000.00,124719.62,10,10,10,10,10,0.015590,0.8854,0.9308
125000.00,125000.00,130559.92,11,11,11,11,11,0.016320,0.8588,0.9529
125000.00,125000.00,129621.98,11,11,11,11,11,0.016203,0.8348,0.9552
500000.00,500000.00,506332.87,11,11,11,11,11,0.063292,0.9728,0.9848
250000.00,250000.00,246058.46,12,12,12,12,12,0.030757,0.9658,0.9735
125000.00,125000.00,121294.98,10,10,10,10,10,0.015162,0.9529,0.9695
125000.00,125000.00,131067.28,10,10,10,10,10,0.016383,0.9489,0.9504
250000.00,250000.00,253530.03,12,12,12,12,12,0.031691,0.9470,0.9825
125000.00,125000.00,123945.47,10,10,10,10,10,0.015493,0.9433,0.9850
125000.00,125000.00,125560.64,11,11,11,11,11,0.015695,0.9322,0.9551
125000.00,125000.00,125438.69,11,11,11,11,11,0.015680,0.9298,0.9148
500000.00,500000.00,516536.00,11,11,11,11,11,0.064567,0.8969,0.9654
125000.00,125000.00,125856.40,11,11,11,11,11,0.015732,0.7895,0.8380
500000.00,500000.00,491285.32,11,11,11,11,11,0.061411,0.7461,0.8166
500000.00,500000.00,490332.37,11,11,11,11,11,0.061292,0.9637,0.9657
500000.00,500000.00,498891.83,11,11,11,11,11,0.062361,0.9516,0.9787
250000.00,250000.00,251366.62,12,12,12,12,12,0.031421,0.9335,0.9868
500000.00,500000.00,491607.67,11,11,11,11,11,0.061451,0.9135,0.9696
125000.00,125000.00,125231.50,11,11,11,11,11,0.015654,0.9098,0.9515
125000.00,125000.00,130474.09,10,10,10,10,10,0.016309,0.8348,0.9409
125000.00,125000.00,127484.32,10,10,10,10,10,0.015936,0.8312,0.9436
125000.00,125000.00,142409.32,11,11,11,11,11,0.017801,0.8101,0.8419
125000.00,125000.00,127825.26,10,10,10,10,10,0.015978,0.7131,0.8046
500000.00,500000.00,506057.26,11,11,11,11,11,0.063257,0.9777,0.9818
500000.00,500000.00,501429.56,11,11,11,11,11,0.062679,0.9733,0.9943
250000.00,250000.00,255764.01,12,12,12,12,12,0.031971,0.9605,0.9756
125000.00,125000.00,123066.78,11,11,11,11,11,0.015383,0.9446,0.9495
125000.00,125000.00,121583.94,10,10,10,10,10,0.015198,0.9405,0.9688
125000.00,125000.00,123254.66,10,10,10,10,10,0.015407,0.8895,0.8359
125000.00,125000.00,124754.91,10,10,10,10,10,0.015594,0.8639,0.9696
500000.00,500000.00,495905.88,11,11,11,11,11,0.061988,0.7127,0.7331
500000.00,500000.00,504955.29,11,11,11,11,11,0.063119,0.9892,0.9820
250000.00,250000.00,247944.12,11,11,11,11,11,0.030993,0.9781,0.9773
250000.00,250000.00,251492.50,10,10,10,10,10,0.031437,0.9738,0.9870
500000.00,500000.00,502266.88,11,11,11,11,11,0.062783,0.9720,0.9848
250000.00,250000.00,249658.58,10,10,10,10,10,0.031207,0.9698,0.9434
250000.00,250000.00,246910.57,11,11,11,11,11,0.030864,0.9653,0.9807
250000.00,250000.00,250265.60,12,12,12,12,12,0.031283,0.9641,0.9889
250000.00,250000.00,248771.67,12,12,12,12,12,0.031096,0.9630,0.9379
250000.00,250000.00,250389.10,12,12,12,12,12,0.031299,0.9600,0.9633
250000.00,250000.00,253899.57,10,10,10,10,10,0.031737,0.9553,0.9654
250000.00,250000.00,249574.18,10,10,10,10,10,0.031197,0.9535,0.9696
250000.00,250000.00,266180.04,11,11,11,11,11,0.033273,0.8655,0.9325
250000.00,250000.00,252768.64,10,10,10,10,10,0.031596,0.9705,0.9741
250000.00,250000.00,253060.34,11,11,11,11,11,0.031633,0.9628,0.9809
250000.00,250000.00,243372.92,12,12,12,12,12,0.030422,0.9158,0.8991
250000.00,250000.00,245059.01,10,10,10,10,10,0.030632,0.8702,0.9790
250000.00,250000.00,247702.60,12,12,12,12,12,0.030963,0.7329,0.9724
500000.00,500000.00,499366.76,11,11,11,11,11,0.062421,0.9776,0.9907
500000.00,500000.00,502353.67,11,11,11,11,11,0.062794,0.9696,0.9333
250000.00,250000.00,255455.02,12,12,12,12,12,0.031932,0.9646,0.9749
250000.00,250000.00,255064.96,10,10,10,10,10,0.031883,0.9509,0.9709
500000.00,500000.00,455074.31,11,11,11,11,11,0.056884,0.9492,0.8208
250000.00,250000.00,246955.87,11,11,11,11,11,0.030869,0.9475,0.9718
250000.00,250000.00,252313.61,10,10,10,10,10,0.031539,0.9386,0.9695
250000.00,250000.00,248146.30,11,11,11,11,11,0.031018,0.9057,0.9761
250000.00,250000.00,254548.07,11,11,11,11,11,0.031819,0.9754,0.9720
250000.00,250000.00,252272.61,11,11,11,11,11,0.031534,0.9728,0.9857
500000.00,500000.00,503050.33,11,11,11,11,11,0.062881,0.9725,0.9743
250000.00,250000.00,251785.28,12,12,12,12,12,0.031473,0.9671,0.9911
250000.00,250000.00,249078.75,12,12,12,12,12,0.031135,0.9668,0.9557
250000.00,250000.00,250490.19,10,10,10,10,10,0.031311,0.9608,0.9697
250000.00,250000.00,243669.51,11,11,11,11,11,0.030459,0.9598,0.9516
250000.00,250000.00,251108.17,10,10,10,10,10,0.031389,0.9509,0.9657
500000.00,500000.00,505298.14,11,11,11,11,11,0.063162,0.9477,0.9716
500000.00,500000.00,503559.11,11,11,11,11,11,0.062945,0.9440,0.9866
250000.00,250000.00,252796.17,11,11,11,11,11,0.031600,0.9342,0.9599
250000.00,250000.00,249965.67,12,12,12,12,12,0.031246,0.9121,0.9877
500000.00,500000.00,493015.89,11,11,11,11,11,0.061627,0.8681,0.9041
250000.00,250000.00,225156.78,12,12,12,12,12,0.028145,0.8214,0.8887
250000.00,250000.00,246218.20,11,11,11,11,11,0.030777,0.8163,0.8769
250000.00,250000.00,243824.96,11,11,11,11,11,0.030478,0.9672,0.9520
250000.00,250000.00,246227.26,10,10,10,10,10,0.030778,0.9631,0.9706
250000.00,250000.00,248380.18,10,10,10,10,10,0.031048,0.9589,0.9727
125000.00,125000.00,120235.44,9,9,9,9,9,0.015029,0.9502,0.9506
125000.00,125000.00,126892.09,12,12,12,12,12,0.015862,0.9410,0.9558
250000.00,250000.00,252687.45,10,10,10,10,10,0.031586,0.9339,0.9751
250000.00,250000.00,243518.59,10,10,10,10,10,0.030440,0.9215,0.8851
125000.00,125000.00,126688.00,9,9,9,9,9,0.015836,0.9211,0.9470
250000.00,250000.00,257659.91,10,10,10,10,10,0.032207,0.9036,0.9084
125000.00,125000.00,126829.15,12,12,12,12,12,0.015854,0.8750,0.9046
250000.00,250000.00,243191.72,10,10,10,10,10,0.030399,0.9652,0.9690
250000.00,250000.00,253537.92,11,11,11,11,11,0.031692,0.9553,0.9655
250000.00,250000.00,248442.65,11,11,11,11,11,0.031055,0.9449,0.9876
250000.00,250000.00,258455.28,10,10,10,10,10,0.032307,0.9367,0.9467
125000.00,125000.00,125831.60,9,9,9,9,9,0.015729,0.9043,0.9814
125000.00,125000.00,135311.13,9,9,9,9,9,0.016914,0.8815,0.9177
250000.00,250000.00,241193.77,11,11,11,11,11,0.030149,0.8401,0.9594
125000.00,125000.00,123553.28,12,12,12,12,12,0.015444,0.8264,0.7033
250000.00,250000.00,246542.45,11,11,11,11,11,0.030818,0.9544,0.9667
250000.00,250000.00,248178.48,11,11,11,11,11,0.031022,0.9497,0.9585
125000.00,125000.00,124532.70,9,9,9,9,9,0.015567,0.9394,0.9648
125000.00,125000.00,124913.84,12,12,12,12,12,0.015614,0.9152,0.9970
125000.00,125000.00,127797.13,12,12,12,12,12,0.015975,0.9047,0.8938
125000.00,125000.00,125228.46,12,12,12,12,12,0.015654,0.8160,0.9334
250000.00,250000.00,240527.81,11,11,11,11,11,0.030066,0.7182,0.8595
250000.00,250000.00,250106.81,11,11,11,11,11,0.031263,0.9726,0.9781
250000.00,250000.00,250087.74,10,10,10,10,10,0.031261,0.9678,0.9752
250000.00,250000.00,250103.00,10,10,10,10,10,0.031263,0.9642,0.9670
250000.00,250000.00,255597.11,10,10,10,10,10,0.031950,0.9642,0.9777
250000.00,250000.00,251318.10,11,11,11,11,11,0.031415,0.9620,0.9595
250000.00,250000.00,266725.54,10,10,10,10,10,0.033341,0.9586,0.9034
250000.00,250000.00,250790.60,11,11,11,11,11,0.031349,0.9542,0.9745
250000.00,250000.00,246769.91,11,11,11,11,11,0.030846,0.9357,0.9798
125000.00,125000.00,119153.98,9,9,9,9,9,0.014894,0.9355,0.8685
125000.00,125000.00,128747.94,9,9,9,9,9,0.016093,0.9168,0.9228
125000.00,125000.00,125184.54,12,12,12,12,12,0.015648,0.9147,0.9869
125000.00,125000.00,140736.58,9,9,9,9,9,0.017592,0.7930,0.8694
500000.00,500000.00,495135.31,12,12,12,12,12,0.061892,0.9744,0.9478
500000.00,500000.00,497869.49,12,12,12,12,12,0.062234,0.9699,0.9879
500000.00,500000.00,482725.14,12,12,12,12,12,0.060341,0.9620,0.9556
500000.00,500000.00,490635.63,12,12,12,12,12,0.061329,0.9507,0.9775
125000.00,125000.00,127391.82,11,11,11,11,11,0.015924,0.9494,0.9446
125000.00,125000.00,126983.64,11,11,11,11,11,0.015873,0.9433,0.9817
125000.00,125000.00,125877.38,11,11,11,11,11,0.015735,0.9328,0.9489
125000.00,125000.00,125901.22,11,11,11,11,11,0.015738,0.9273,0.9843
125000.00,125000.00,126967.43,12,12,12,12,12,0.015871,0.9126,0.9632
125000.00,125000.00,119918.82,11,11,11,11,11,0.014990,0.8660,0.9405
125000.00,125000.00,124814.03,11,11,11,11,11,0.015602,0.7266,0.8528
125000.00,125000.00,122713.09,12,12,12,12,12,0.015339,0.9678,0.9768
500000.00,500000.00,500157.36,12,12,12,12,12,0.062520,0.9593,0.9751
125000.00,125000.00,122956.10,10,10,10,10,10,0.015370,0.9522,0.9720
125000.00,125000.00,125912.67,11,11,11,11,11,0.015739,0.9351,0.9746
125000.00,125000.00,121883.39,10,10,10,10,10,0.015235,0.8968,0.8838
500000.00,500000.00,511085.51,12,12,12,12,12,0.063886,0.8913,0.9321
125000.00,125000.00,127356.53,10,10,10,10,10,0.015920,0.8212,0.8144
125000.00,125000.00,127235.41,11,11,11,11,11,0.015904,0.7265,0.6528
500000.00,500000.00,502389.43,12,12,12,12,12,0.062799,0.9504,0.9772
125000.00,125000.00,124801.64,11,11,11,11,11,0.015600,0.9240,0.9749
125000.00,125000.00,122614.86,11,11,11,11,11,0.015327,0.8953,0.9000
125000.00,125000.00,128534.79,10,10,10,10,10,0.016067,0.8834,0.9639
125000.00,125000.00,127015.59,10,10,10,10,10,0.015877,0.7962,0.7019
125000.00,125000.00,124938.96,12,12,12,12,12,0.015617,0.7431,0.7303
500000.00,500000.00,496284.51,12,12,12,12,12,0.062036,0.9592,0.9892
125000.00,125000.00,122814.18,10,10,10,10,10,0.015352,0.9474,0.9569
500000.00,500000.00,508450.98,12,12,12,12,12,0.063556,0.9462,0.9822
125000.00,125000.00,124794.01,10,10,10,10,10,0.015599,0.9424,0.9385
125000.00,125000.00,120574.95,12,12,12,12,12,0.015072,0.9298,0.9573
125000.00,125000.00,123517.99,12,12,12,12,12,0.015440,0.9195,0.9861
500000.00,500000.00,511311.77,12,12,12,12,12,0.063914,0.9152,0.9714
500000.00,500000.00,464405.78,12,12,12,12,12,0.058051,0.8735,0.9132
125000.00,125000.00,130061.86,12,12,12,12,12,0.016258,0.8602,0.9540
125000.00,125000.00,125997.54,11,11,11,11,11,0.015750,0.7629,0.9397
250000.00,250000.00,252857.21,10,10,10,10,10,0.031607,0.9738,0.9679
250000.00,250000.00,251885.41,10,10,10,10,10,0.031486,0.9675,0.9909
500000.00,500000.00,502933.50,12,12,12,12,12,0.062867,0.9602,0.9938
500000.00,500000.00,499595.64,12,12,12,12,12,0.062449,0.9446,0.9722
125000.00,125000.00,128737.45,11,11,11,11,11,0.016092,0.9419,0.9629
500000.00,500000.00,549095.15,12,12,12,12,12,0.068637,0.9395,0.8860
250000.00,250000.00,255508.90,10,10,10,10,10,0.031939,0.9226,0.9719
125000.00,125000.00,125776.29,11,11,11,11,11,0.015722,0.9007,0.9208
125000.00,125000.00,128015.52,11,11,11,11,11,0.016002,0.8855,0.9278
500000.00,500000.00,509849.55,12,12,12,12,12,0.063731,0.8652,0.9208
250000.00,250000.00,249559.40,10,10,10,10,10,0.031195,0.8173,0.9652
250000.00,250000.00,254912.85,10,10,10,10,10,0.031864,0.9765,0.9757
250000.00,250000.00,255955.70,10,10,10,10,10,0.031994,0.9757,0.9681
250000.00,250000.00,252355.10,10,10,10,10,10,0.031544,0.9753,0.9821
250000.00,250000.00,253139.50,10,10,10,10,10,0.031642,0.9625,0.9807
500000.00,500000.00,495426.18,12,12,12,12,12,0.061928,0.9599,0.9527
125000.00,125000.00,124279.02,9,9,9,9,9,0.015535,0.9156,0.9785
250000.00,250000.00,268310.55,10,10,10,10,10,0.033539,0.8575,0.8951
500000.00,500000.00,507960.80,12,12,12,12,12,0.063495,0.9811,0.9839
500000.00,500000.00,494735.72,12,12,12,12,12,0.061842,0.9461,0.9831
125000.00,125000.00,127328.87,11,11,11,11,11,0.015916,0.9377,0.9680
125000.00,125000.00,124898.91,11,11,11,11,11,0.015612,0.9185,0.9803
125000.00,125000.00,125002.86,11,11,11,11,11,0.015625,0.8977,0.9789
500000.00,500000.00,518399.24,12,12,12,12,12,0.064800,0.8621,0.8731
125000.00,125000.00,124254.23,9,9,9,9,9,0.015532,0.8239,0.8867
250000.00,250000.00,249687.19,10,10,10,10,10,0.031211,0.9744,0.9900
125000.00,125000.00,127355.58,9,9,9,9,9,0.015919,0.9536,0.9665
125000.00,125000.00,124684.33,9,9,9,9,9,0.015586,0.9500,0.9481
125000.00,125000.00,124014.38,9,9,9,9,9,0.015502,0.9495,0.9131
125000.00,125000.00,126861.45,9,9,9,9,9,0.015858,0.9393,0.9769
125000.00,125000.00,124984.74,11,11,11,11,11,0.015623,0.9247,0.9115
125000.00,125000.00,122694.02,11,11,11,11,11,0.015337,0.9144,0.9180
125000.00,125000.00,126771.93,9,9,9,9,9,0.015846,0.9049,0.9719
500000.00,500000.00,497630.60,12,12,12,12,12,0.062204,0.8219,0.9510
125000.00,125000.00,121062.76,9,9,9,9,9,0.015133,0.8137,0.9460
125000.00,125000.00,127340.32,11,11,11,11,11,0.015918,0.7584,0.8990
125000.00,125000.00,126682.28,9,9,9,9,9,0.015835,0.7195,0.7694
500000.00,500000.00,500509.26,11,11,11,11,11,0.062564,0.9842,0.9927
500000.00,500000.00,496701.24,11,11,11,11,11,0.062088,0.9792,0.9897
250000.00,250000.00,250734.33,11,11,11,11,11,0.031342,0.9713,0.9743
250000.00,250000.00,246786.12,12,12,12,12,12,0.030848,0.9704,0.9544
500000.00,500000.00,498359.68,11,11,11,11,11,0.062295,0.9693,0.9705
250000.00,250000.00,248977.54,12,12,12,12,12,0.031122,0.9606,0.9910
500000.00,500000.00,494758.73,11,11,11,11,11,0.061845,0.9604,0.9714
250000.00,250000.00,250267.03,12,12,12,12,12,0.031283,0.9596,0.9544
250000.00,250000.00,245855.81,11,11,11,11,11,0.030732,0.9586,0.9794
250000.00,250000.00,257312.77,11,11,11,11,11,0.032164,0.9583,0.8119
125000.00,125000.00,122416.50,10,10,10,10,10,0.015302,0.9472,0.9639
250000.00,250000.00,253190.04,11,11,11,11,11,0.031649,0.9432,0.9348
125000.00,125000.00,118874.55,10,10,10,10,10,0.014859,0.9809,0.9469
500000.00,500000.00,496023.18,11,11,11,11,11,0.062003,0.9706,0.9777
250000.00,250000.00,245846.75,12,12,12,12,12,0.030731,0.9679,0.9757
125000.00,125000.00,123123.17,10,10,10,10,10,0.015390,0.9669,0.9815
250000.00,250000.00,251476.29,11,11,11,11,11,0.031435,0.9667,0.9775
250000.00,250000.00,253648.28,12,12,12,12,12,0.031706,0.9642,0.9821
125000.00,125000.00,127917.29,10,10,10,10,10,0.015990,0.9477,0.9713
500000.00,500000.00,506701.47,11,11,11,11,11,0.063338,0.9286,0.9801
250000.00,250000.00,250745.77,12,12,12,12,12,0.031343,0.9120,0.8990
250000.00,250000.00,250981.33,11,11,11,11,11,0.031373,0.9100,0.9733
125000.00,125000.00,123723.57,10,10,10,10,10,0.015465,0.8843,0.9697
500000.00,500000.00,506271.36,11,11,11,11,11,0.063284,0.9902,0.9862
500000.00,500000.00,500407.22,11,11,11,11,11,0.062551,0.9753,0.9837
250000.00,250000.00,245993.61,12,12,12,12,12,0.030749,0.9699,0.9748
250000.00,250000.00,247827.53,11,11,11,11,11,0.030978,0.9664,0.9655
125000.00,125000.00,123947.14,10,10,10,10,10,0.015493,0.9564,0.9809
250000.00,250000.00,248279.57,11,11,11,11,11,0.031035,0.9487,0.9562
125000.00,125000.00,127939.22,10,10,10,10,10,0.015992,0.9437,0.9457
500000.00,500000.00,534533.98,11,11,11,11,11,0.066817,0.8848,0.8582
125000.00,125000.00,128382.68,10,10,10,10,10,0.016048,0.8142,0.7281
250000.00,250000.00,256120.68,11,11,11,11,11,0.032015,0.7584,0.8933
250000.00,250000.00,248806.00,11,11,11,11,11,0.031101,0.9651,0.9603
250000.00,250000.00,247206.33,12,12,12,12,12,0.030901,0.9523,0.9800
125000.00,125000.00,124522.21,10,10,10,10,10,0.015565,0.9448,0.9862
250000.00,250000.00,249809.27,12,12,12,12,12,0.031226,0.9348,0.9565
250000.00,250000.00,259498.60,12,12,12,12,12,0.032437,0.9266,0.9617
125000.00,125000.00,128245.35,10,10,10,10,10,0.016031,0.9128,0.9542
250000.00,250000.00,244377.14,11,11,11,11,11,0.030547,0.8773,0.9194
500000.00,500000.00,504636.76,12,12,12,12,12,0.063080,0.9816,0.9856
500000.00,500000.00,494887.35,12,12,12,12,12,0.061861,0.9715,0.9661
500000.00,500000.00,496071.16,12,12,12,12,12,0.062009,0.9658,0.9720
250000.00,250000.00,248259.07,11,11,11,11,11,0.031032,0.9642,0.9791
250000.00,250000.00,249073.03,11,11,11,11,11,0.031134,0.9547,0.9679
250000.00,250000.00,247731.21,10,10,10,10,10,0.030966,0.9471,0.9858
500000.00,500000.00,511178.97,12,12,12,12,12,0.063897,0.9466,0.9674
250000.00,250000.00,251489.16,11,11,11,11,11,0.031436,0.9346,0.9744
250000.00,250000.00,244274.38,11,11,11,11,11,0.030534,0.9252,0.9376
250000.00,250000.00,269967.56,11,11,11,11,11,0.033746,0.9136,0.9069
125000.00,125000.00,124800.21,11,11,11,11,11,0.015600,0.9014,0.9778
125000.00,125000.00,132636.55,11,11,11,11,11,0.016580,0.8995,0.9233
125000.00,125000.00,124519.35,11,11,11,11,11,0.015565,0.8057,0.7751
500000.00,500000.00,482176.90,12,12,12,12,12,0.060272,0.8036,0.9567
250000.00,250000.00,250162.12,10,10,10,10,10,0.031270,0.7599,0.7061
250000.00,250000.00,256313.32,11,11,11,11,11,0.032039,0.7255,0.9634
250000.00,250000.00,250643.73,10,10,10,10,10,0.031330,0.9686,0.9924
500000.00,500000.00,504874.23,12,12,12,12,12,0.063109,0.9678,0.9540
250000.00,250000.00,254773.14,10,10,10,10,10,0.031847,0.9546,0.9738
250000.00,250000.00,244634.63,11,11,11,11,11,0.030579,0.9530,0.9415
125000.00,125000.00,128694.53,11,11,11,11,11,0.016087,0.9482,0.9557
125000.00,125000.00,126221.78,11,11,11,11,11,0.015778,0.9470,0.9404
250000.00,250000.00,257963.66,10,10,10,10,10,0.032245,0.9368,0.9686
500000.00,500000.00,499998.09,12,12,12,12,12,0.062500,0.9344,0.9899
250000.00,250000.00,249582.77,11,11,11,11,11,0.031198,0.9311,0.9871
250000.00,250000.00,254786.49,11,11,11,11,11,0.031848,0.7411,0.7280
500000.00,500000.00,499376.30,12,12,12,12,12,0.062422,0.9662,0.9966
250000.00,250000.00,256414.41,10,10,10,10,10,0.032052,0.9373,0.9702
250000.00,250000.00,250150.68,10,10,10,10,10,0.031269,0.9754,0.9897
500000.00,500000.00,495996.24,12,12,12,12,12,0.062000,0.9743,0.9854
250000.00,250000.00,247831.34,10,10,10,10,10,0.030979,0.9643,0.9628
250000.00,250000.00,246582.98,11,11,11,11,11,0.030823,0.9626,0.9828
500000.00,500000.00,500035.29,12,12,12,12,12,0.062504,0.9590,0.9704
250000.00,250000.00,242856.03,10,10,10,10,10,0.030357,0.9446,0.9709
250000.00,250000.00,258732.80,10,10,10,10,10,0.032342,0.9382,0.9392
125000.00,125000.00,131835.94,11,11,11,11,11,0.016479,0.9129,0.9429
125000.00,125000.00,133264.54,11,11,11,11,11,0.016658,0.8993,0.8826
250000.00,250000.00,250823.02,10,10,10,10,10,0.031353,0.8857,0.9239
125000.00,125000.00,124034.88,11,11,11,11,11,0.015504,0.8798,0.9525
125000.00,125000.00,124606.61,11,11,11,11,11,0.015576,0.8692,0.9051
125000.00,125000.00,126653.67,11,11,11,11,11,0.015832,0.7557,0.8276
250000.00,250000.00,247514.72,10,10,10,10,10,0.030939,0.9789,0.9741
250000.00,250000.00,248081.21,10,10,10,10,10,0.031010,0.9629,0.9912
250000.00,250000.00,248825.40,10,10,10,10,10,0.031103,0.9628,0.9893
500000.00,500000.00,503911.97,12,12,12,12,12,0.062989,0.9582,0.9869
250000.00,250000.00,251263.62,10,10,10,10,10,0.031408,0.9548,0.9879
250000.00,250000.00,255577.09,10,10,10,10,10,0.031947,0.9413,0.9726
125000.00,125000.00,127128.60,11,11,11,11,11,0.015891,0.8085,0.8580
125000.00,125000.00,134385.11,11,11,11,11,11,0.016798,0.8007,0.5934
125000.00,125000.00,128526.69,11,11,11,11,11,0.016066,0.7389,0.7187
250000.00,250000.00,234646.80,10,10,10,10,10,0.029331,0.9411,0.9030
500000.00,500000.00,489352.29,12,12,12,12,12,0.061169,0.9162,0.9738
500000.00,500000.00,470216.51,12,12,12,12,12,0.058777,0.8909,0.8945
125000.00,125000.00,121369.36,12,12,12,12,12,0.015171,0.7391,0.9171
250000.00,250000.00,248403.07,10,10,10,10,10,0.031050,0.9763,0.9816
500000.00,500000.00,502374.65,12,12,12,12,12,0.062797,0.9743,0.9901
500000.00,500000.00,494262.46,12,12,12,12,12,0.061783,0.9692,0.9668
250000.00,250000.00,252521.51,10,10,10,10,10,0.031565,0.9681,0.9713
250000.00,250000.00,247382.16,10,10,10,10,10,0.030923,0.9577,0.9709
125000.00,125000.00,130442.62,12,12,12,12,12,0.016305,0.9575,0.9510
250000.00,250000.00,251267.43,10,10,10,10,10,0.031408,0.9558,0.9508
125000.00,125000.00,124406.81,12,12,12,12,12,0.015551,0.9229,0.9491
125000.00,125000.00,130458.83,11,11,11,11,11,0.016307,0.8606,0.8646
500000.00,500000.00,491996.77,12,12,12,12,12,0.061500,0.8206,0.9148
125000.00,125000.00,128066.06,11,11,11,11,11,0.016008,0.7943,0.8926
500000.00,500000.00,491464.38,12,12,12,12,12,0.061433,0.9688,0.9791
500000.00,500000.00,509593.01,12,12,12,12,12,0.063699,0.9561,0.9551
125000.00,125000.00,125852.82,12,12,12,12,12,0.015732,0.9102,0.8970
125000.00,125000.00,124944.69,11,11,11,11,11,0.015618,0.9042,0.9786
125000.00,125000.00,129416.47,12,12,12,12,12,0.016177,0.8733,0.8336
125000.00,125000.00,121305.47,12,12,12,12,12,0.015163,0.8489,0.9519
125000.00,125000.00,127313.61,12,12,12,12,12,0.015914,0.8074,0.9024
250000.00,250000.00,255105.97,10,10,10,10,10,0.031888,0.7082,0.9447
125000.00,125000.00,113807.68,10,10,10,10,10,0.014226,0.9588,0.8727
125000.00,125000.00,125356.38,10,10,10,10,10,0.015670,0.9509,0.9758
125000.00,125000.00,125917.43,9,9,9,9,9,0.015740,0.9457,0.9771
125000.00,125000.00,127006.53,12,12,12,12,12,0.015876,0.8900,0.8951
125000.00,125000.00,122041.70,9,9,9,9,9,0.015255,0.8773,0.8557
125000.00,125000.00,123521.80,10,10,10,10,10,0.015440,0.7684,0.7162
125000.00,125000.00,124668.12,9,9,9,9,9,0.015584,0.9618,0.9910
250000.00,250000.00,246951.10,12,12,12,12,12,0.030869,0.9498,0.9844
250000.00,250000.00,250146.87,12,12,12,12,12,0.031268,0.9452,0.9735
125000.00,125000.00,123693.17,10,10,10,10,10,0.015462,0.9387,0.9567
125000.00,125000.00,123297.69,10,10,10,10,10,0.015412,0.9371,0.9517
125000.00,125000.00,128048.42,9,9,9,9,9,0.016006,0.9315,0.9758
250000.00,250000.00,216482.16,12,12,12,12,12,0.027060,0.9276,0.8551
125000.00,125000.00,125152.59,9,9,9,9,9,0.015644,0.9111,0.9775
125000.00,125000.00,125202.18,12,12,12,12,12,0.015650,0.9103,0.9228
125000.00,125000.00,118572.24,10,10,10,10,10,0.014822,0.8972,0.9455
250000.00,250000.00,237423.90,12,12,12,12,12,0.029678,0.8892,0.5009
125000.00,125000.00,124905.59,12,12,12,12,12,0.015613,0.8863,0.9771
250000.00,250000.00,235221.86,12,12,12,12,12,0.029403,0.8675,0.8842
125000.00,125000.00,129973.41,12,12,12,12,12,0.016247,0.8490,0.8169
125000.00,125000.00,138828.28,12,12,12,12,12,0.017354,0.7897,0.8111
125000.00,125000.00,128175.74,10,10,10,10,10,0.016022,0.7099,0.6508
125000.00,125000.00,121883.87,10,10,10,10,10,0.015235,0.9514,0.9437
125000.00,125000.00,124647.14,9,9,9,9,9,0.015581,0.9401,0.9488
250000.00,250000.00,246335.98,12,12,12,12,12,0.030792,0.9304,0.9626
125000.00,125000.00,127510.07,10,10,10,10,10,0.015939,0.9116,0.9411
125000.00,125000.00,130994.80,9,9,9,9,9,0.016374,0.8879,0.8935
125000.00,125000.00,128843.31,9,9,9,9,9,0.016105,0.8787,0.9026
125000.00,125000.00,120214.46,12,12,12,12,12,0.015027,0.8760,0.9507
250000.00,250000.00,231683.73,12,12,12,12,12,0.028960,0.8747,0.8903
125000.00,125000.00,121049.76,12,12,12,12,12,0.015131,0.8724,0.9637
250000.00,250000.00,248344.42,12,12,12,12,12,0.031043,0.9688,0.9806
250000.00,250000.00,250452.04,12,12,12,12,12,0.031307,0.9633,0.9660
125000.00,125000.00,121006.73,10,10,10,10,10,0.015126,0.9505,0.9655
125000.00,125000.00,123250.01,9,9,9,9,9,0.015406,0.9423,0.9807
125000.00,125000.00,123071.67,10,10,10,10,10,0.015384,0.9404,0.9821
250000.00,250000.00,233778.00,12,12,12,12,12,0.029222,0.9349,0.8805
125000.00,125000.00,124499.32,9,9,9,9,9,0.015562,0.9226,0.9503
125000.00,125000.00,122816.09,12,12,12,12,12,0.015352,0.7724,0.9793
500000.00,500000.00,511045.46,11,11,11,11,11,0.063881,0.9687,0.9695
500000.00,500000.00,510283.89,11,11,11,11,11,0.063785,0.9668,0.9739
125000.00,125000.00,130663.87,11,11,11,11,11,0.016333,0.9514,0.8692
250000.00,250000.00,258491.52,11,11,11,11,11,0.032311,0.9341,0.9626
125000.00,125000.00,128088.00,11,11,11,11,11,0.016011,0.9253,0.9669
125000.00,125000.00,126045.23,11,11,11,11,11,0.015756,0.9246,0.9892
500000.00,500000.00,515706.06,11,11,11,11,11,0.064463,0.9188,0.9423
125000.00,125000.00,129032.14,11,11,11,11,11,0.016129,0.9092,0.9634
500000.00,500000.00,524601.94,11,11,11,11,11,0.065575,0.8987,0.9225
250000.00,250000.00,258310.32,11,11,11,11,11,0.032289,0.8615,0.9385
125000.00,125000.00,123722.08,11,11,11,11,11,0.015465,0.8588,0.9616
125000.00,125000.00,125249.86,11,11,11,11,11,0.015656,0.8105,0.9726
125000.00,125000.00,128048.90,10,10,10,10,10,0.016006,0.7865,0.8681
250000.00,250000.00,252971.29,11,11,11,11,11,0.031621,0.9737,0.9829
250000.00,250000.00,248712.54,11,11,11,11,11,0.031089,0.9652,0.9678
250000.00,250000.00,246881.48,11,11,11,11,11,0.030860,0.9644,0.9775
125000.00,125000.00,126397.13,10,10,10,10,10,0.015800,0.9443,0.9159
250000.00,250000.00,252126.69,11,11,11,11,11,0.031516,0.9393,0.9893
125000.00,125000.00,125119.69,10,10,10,10,10,0.015640,0.9156,0.9614
125000.00,125000.00,126239.78,11,11,11,11,11,0.015780,0.8891,0.9117
250000.00,250000.00,246677.40,11,11,11,11,11,0.030835,0.9715,0.9803
250000.00,250000.00,250684.74,11,11,11,11,11,0.031336,0.9457,0.9597
125000.00,125000.00,127475.50,10,10,10,10,10,0.015934,0.9409,0.9793
250000.00,250000.00,249225.62,11,11,11,11,11,0.031153,0.9305,0.9941
125000.00,125000.00,124923.71,10,10,10,10,10,0.015615,0.9070,0.9384
500000.00,500000.00,504096.51,11,11,11,11,11,0.063012,0.9021,0.9823
125000.00,125000.00,126441.72,10,10,10,10,10,0.015805,0.8810,0.9307
125000.00,125000.00,123565.67,10,10,10,10,10,0.015446,0.8616,0.9353
500000.00,500000.00,499071.12,11,11,11,11,11,0.062384,0.9781,0.9732
250000.00,250000.00,247404.10,11,11,11,11,11,0.030926,0.9771,0.9767
500000.00,500000.00,505434.04,11,11,11,11,11,0.063179,0.9722,0.9846
250000.00,250000.00,253927.23,11,11,11,11,11,0.031741,0.9648,0.9779
500000.00,500000.00,517930.03,11,11,11,11,11,0.064741,0.9421,0.9587
500000.00,500000.00,527060.51,11,11,11,11,11,0.065883,0.9335,0.9449
125000.00,125000.00,125944.14,11,11,11,11,11,0.015743,0.9317,0.9813
125000.00,125000.00,126914.02,10,10,10,10,10,0.015864,0.9049,0.9105
125000.00,125000.00,127201.08,10,10,10,10,10,0.015900,0.8217,0.9247
125000.00,125000.00,128678.32,11,11,11,11,11,0.016085,0.7995,0.7226
125000.00,125000.00,123312.47,11,11,11,11,11,0.015414,0.7867,0.9819
250000.00,250000.00,245017.53,12,12,12,12,12,0.030627,0.9867,0.9320
250000.00,250000.00,251451.97,12,12,12,12,12,0.031431,0.9427,0.9775
250000.00,250000.00,245110.51,12,12,12,12,12,0.030639,0.9388,0.9663
125000.00,125000.00,122971.77,9,9,9,9,9,0.015371,0.9374,0.9475
250000.00,250000.00,248447.42,11,11,11,11,11,0.031056,0.9245,0.9815
125000.00,125000.00,121627.81,9,9,9,9,9,0.015203,0.9058,0.8636
125000.00,125000.00,121435.17,12,12,12,12,12,0.015179,0.9025,0.9085
125000.00,125000.00,121397.02,12,12,12,12,12,0.015175,0.8934,0.9548
125000.00,125000.00,129933.36,12,12,12,12,12,0.016242,0.8304,0.9401
250000.00,250000.00,254339.22,11,11,11,11,11,0.031792,0.9735,0.9791
250000.00,250000.00,254805.56,12,12,12,12,12,0.031851,0.9717,0.9671
250000.00,250000.00,249284.74,12,12,12,12,12,0.031161,0.9704,0.9756
250000.00,250000.00,251889.23,11,11,11,11,11,0.031486,0.9675,0.9699
250000.00,250000.00,251046.66,11,11,11,11,11,0.031381,0.9624,0.9778
250000.00,250000.00,249382.97,11,11,11,11,11,0.031173,0.9546,0.9848
250000.00,250000.00,245393.75,11,11,11,11,11,0.030674,0.9390,0.9302
125000.00,125000.00,125548.60,9,9,9,9,9,0.015694,0.9270,0.9324
125000.00,125000.00,123674.39,9,9,9,9,9,0.015459,0.9233,0.9521
250000.00,250000.00,249874.11,11,11,11,11,11,0.031234,0.9120,0.9088
125000.00,125000.00,134506.70,12,12,12,12,12,0.016813,0.8930,0.9186
125000.00,125000.00,124013.90,9,9,9,9,9,0.015502,0.8657,0.9187
250000.00,250000.00,243438.72,12,12,12,12,12,0.030430,0.9609,0.9689
125000.00,125000.00,123180.87,9,9,9,9,9,0.015398,0.9443,0.9197
250000.00,250000.00,242988.59,11,11,11,11,11,0.030374,0.9372,0.9638
250000.00,250000.00,250827.79,12,12,12,12,12,0.031353,0.9363,0.9859
250000.00,250000.00,252584.46,11,11,11,11,11,0.031573,0.8944,0.9241
125000.00,125000.00,125341.42,9,9,9,9,9,0.015668,0.7342,0.8236
250000.00,250000.00,250481.61,12,12,12,12,12,0.031310,0.9690,0.9767
250000.00,250000.00,250250.82,11,11,11,11,11,0.031281,0.9665,0.9949
250000.00,250000.00,251466.75,12,12,12,12,12,0.031433,0.9658,0.9668
250000.00,250000.00,250755.31,12,12,12,12,12,0.031344,0.9612,0.9820
250000.00,250000.00,249967.10,12,12,12,12,12,0.031246,0.9543,0.9699
125000.00,125000.00,122068.41,9,9,9,9,9,0.015259,0.9242,0.9295
125000.00,125000.00,121194.01,9,9,9,9,9,0.015149,0.8621,0.8563
250000.00,250000.00,244946.75,11,11,11,11,11,0.030618,0.8303,0.9537
125000.00,125000.00,127581.60,9,9,9,9,9,0.015948,0.7104,0.6916
500000.00,500000.00,506902.69,11,11,11,11,11,0.063363,0.9851,0.9587
250000.00,250000.00,250007.87,11,11,11,11,11,0.031251,0.9737,0.9784
250000.00,250000.00,252079.96,11,11,11,11,11,0.031510,0.9717,0.9782
250000.00,250000.00,250893.59,11,11,11,11,11,0.031362,0.9659,0.9914
500000.00,500000.00,491469.38,11,11,11,11,11,0.061434,0.9595,0.9806
500000.00,500000.00,497472.76,12,12,12,12,12,0.062184,0.9524,0.9909
250000.00,250000.00,248935.70,11,11,11,11,11,0.031117,0.9449,0.9701
500000.00,500000.00,496839.52,11,11,11,11,11,0.062105,0.9339,0.9725
125000.00,125000.00,125898.36,11,11,11,11,11,0.015737,0.9328,0.9668
125000.00,125000.00,125307.08,11,11,11,11,11,0.015663,0.9287,0.9856
125000.00,125000.00,123669.62,11,11,11,11,11,0.015459,0.9076,0.9560
500000.00,500000.00,496732.71,11,11,11,11,11,0.062092,0.8014,0.9854
250000.00,250000.00,247268.68,11,11,11,11,11,0.030909,0.9734,0.9794
250000.00,250000.00,246433.26,11,11,11,11,11,0.030804,0.9682,0.9624
250000.00,250000.00,247384.07,11,11,11,11,11,0.030923,0.9594,0.9706
500000.00,725000.00,507827.76,11,12,12,11,11,0.063478,0.9562,0.9695
250000.00,250000.00,259467.72,11,11,11,11,11,0.032433,0.9520,0.9603
250000.00,250000.00,249410.39,11,11,11,11,11,0.031176,0.9453,0.9859
250000.00,250000.00,231832.50,11,11,11,11,11,0.028979,0.9393,0.9181
125000.00,125000.00,120025.63,11,11,11,11,11,0.015003,0.9041,0.9494
500000.00,500000.00,505968.09,12,12,12,12,12,0.063246,0.8833,0.9615
500000.00,500000.00,505899.43,12,12,12,12,12,0.063237,0.9640,0.9758
500000.00,500000.00,506294.25,12,12,12,12,12,0.063287,0.9593,0.9842
125000.00,125000.00,122839.93,11,11,11,11,11,0.015355,0.9446,0.9567
500000.00,500000.00,501367.57,12,12,12,12,12,0.062671,0.9358,0.9751
500000.00,500000.00,506175.99,12,12,12,12,12,0.063272,0.9261,0.9581
125000.00,125000.00,125718.59,11,11,11,11,11,0.015715,0.9240,0.9906
500000.00,500000.00,506989.48,11,11,11,11,11,0.063374,0.8961,0.9834
500000.00,500000.00,497823.72,12,12,12,12,12,0.062228,0.8826,0.7516
250000.00,250000.00,253122.33,11,11,11,11,11,0.031640,0.7677,0.8195
500000.00,500000.00,498594.28,12,12,12,12,12,0.062324,0.9643,0.9684
500000.00,500000.00,498726.84,12,12,12,12,12,0.062341,0.9557,0.9875
125000.00,125000.00,121107.10,11,11,11,11,11,0.015138,0.9492,0.9593
500000.00,500000.00,507484.44,12,12,12,12,12,0.063436,0.9364,0.9133
500000.00,500000.00,494792.94,11,11,11,11,11,0.061849,0.8839,0.9806
125000.00,125000.00,129199.98,11,11,11,11,11,0.016150,0.8466,0.9674
125000.00,125000.00,121248.25,11,11,11,11,11,0.015156,0.7741,0.8864
500000.00,500000.00,522628.78,11,11,11,11,11,0.065329,0.7233,0.9530
250000.00,250000.00,249969.48,10,10,10,10,10,0.031246,0.9827,0.9853
125000.00,125000.00,124711.99,9,9,9,9,9,0.015589,0.9681,0.9786
250000.00,250000.00,246577.26,10,10,10,10,10,0.030822,0.9562,0.9598
125000.00,125000.00,125142.93,9,9,9,9,9,0.015643,0.9427,0.9648
125000.00,125000.00,121475.22,10,10,10,10,10,0.015184,0.9408,0.9062
125000.00,125000.00,129856.11,9,9,9,9,9,0.016232,0.9148,0.9168
125000.00,125000.00,126050.11,12,12,12,12,12,0.015756,0.8959,0.8981
125000.00,125000.00,121152.88,12,12,12,12,12,0.015144,0.8407,0.8109
125000.00,125000.00,125640.87,10,10,10,10,10,0.015705,0.7979,0.8044
250000.00,250000.00,247737.41,10,10,10,10,10,0.030967,0.9792,0.9636
125000.00,125000.00,127416.61,9,9,9,9,9,0.015927,0.9404,0.7325
125000.00,125000.00,127090.45,9,9,9,9,9,0.015886,0.9205,0.9701
125000.00,125000.00,126572.61,12,12,12,12,12,0.015822,0.9182,0.9452
125000.00,125000.00,125867.78,9,9,9,9,9,0.015733,0.9112,0.9246
250000.00,250000.00,244851.11,10,10,10,10,10,0.030606,0.9662,0.9587
250000.00,250000.00,254245.76,10,10,10,10,10,0.031781,0.9599,0.9810
250000.00,250000.00,252459.05,10,10,10,10,10,0.031557,0.9584,0.9867
250000.00,250000.00,246259.69,10,10,10,10,10,0.030782,0.9540,0.9766
125000.00,125000.00,123607.64,9,9,9,9,9,0.015451,0.9476,0.9845
125000.00,125000.00,127467.63,10,10,10,10,10,0.015933,0.9223,0.9391
125000.00,125000.00,130319.60,12,12,12,12,12,0.016290,0.9202,0.9545
125000.00,125000.00,129447.94,10,10,10,10,10,0.016181,0.9101,0.9564
125000.00,125000.00,127119.54,10,10,10,10,10,0.015890,0.9016,0.9420
125000.00,125000.00,126288.65,12,12,12,12,12,0.015786,0.8935,0.8926
125000.00,125000.00,124065.40,12,12,12,12,12,0.015508,0.8682,0.9796
125000.00,125000.00,122375.49,12,12,12,12,12,0.015297,0.8649,0.9176
125000.00,125000.00,130214.69,10,10,10,10,10,0.016277,0.8185,0.9162
250000.00,250000.00,241815.09,10,10,10,10,10,0.030227,0.9699,0.9401
250000.00,250000.00,250166.89,10,10,10,10,10,0.031271,0.9559,0.9544
250000.00,250000.00,245171.55,10,10,10,10,10,0.030646,0.9535,0.9355
125000.00,125000.00,123935.22,10,10,10,10,10,0.015492,0.9463,0.9036
125000.00,125000.00,120752.33,12,12,12,12,12,0.015094,0.9430,0.9421
125000.00,125000.00,123730.18,9,9,9,9,9,0.015466,0.9421,0.9197
125000.00,125000.00,125953.67,9,9,9,9,9,0.015744,0.9407,0.9004
125000.00,125000.00,123806.48,9,9,9,9,9,0.015476,0.9389,0.9174
125000.00,125000.00,126010.89,10,10,10,10,10,0.015751,0.9328,0.9916
125000.00,125000.00,133532.52,12,12,12,12,12,0.016692,0.9263,0.9067
125000.00,125000.00,118489.74,10,10,10,10,10,0.014811,0.9131,0.9424
125000.00,125000.00,125452.04,10,10,10,10,10,0.015682,0.9033,0.9743
250000.00,250000.00,235947.85,10,10,10,10,10,0.029493,0.8883,0.8348
250000.00,250000.00,250823.97,11,11,11,11,11,0.031353,0.9768,0.9637
250000.00,250000.00,244930.27,10,10,10,10,10,0.030616,0.9739,0.9748
250000.00,250000.00,251890.18,10,10,10,10,10,0.031486,0.9720,0.9496
250000.00,250000.00,248548.51,11,11,11,11,11,0.031069,0.9705,0.9760
250000.00,250000.00,252681.73,10,10,10,10,10,0.031585,0.9635,0.9759
125000.00,125000.00,128459.93,11,11,11,11,11,0.016057,0.9384,0.9442
250000.00,250000.00,249212.27,11,11,11,11,11,0.031152,0.9375,0.9715
250000.00,250000.00,248431.21,11,11,11,11,11,0.031054,0.9358,0.9629
125000.00,125000.00,125824.93,10,10,10,10,10,0.015728,0.9306,0.9576
250000.00,250000.00,242439.27,11,11,11,11,11,0.030305,0.9284,0.9351
125000.00,125000.00,124875.07,10,10,10,10,10,0.015609,0.9252,0.9293
125000.00,125000.00,127573.01,11,11,11,11,11,0.015947,0.8604,0.9184
125000.00,125000.00,121883.39,11,11,11,11,11,0.015235,0.8397,0.9697
250000.00,250000.00,249072.07,11,11,11,11,11,0.031134,0.9522,0.9634
250000.00,250000.00,251257.90,11,11,11,11,11,0.031407,0.9499,0.9764
250000.00,250000.00,249722.96,10,10,10,10,10,0.031215,0.9444,0.9687
125000.00,125000.00,122690.20,10,10,10,10,10,0.015336,0.9437,0.9247
125000.00,125000.00,124185.56,11,11,11,11,11,0.015523,0.9414,0.9436
125000.00,125000.00,120782.61,10,10,10,10,10,0.015098,0.9372,0.9063
250000.00,250000.00,248191.83,10,10,10,10,10,0.031024,0.9681,0.9815
250000.00,250000.00,246747.02,11,11,11,11,11,0.030843,0.9600,0.9743
250000.00,250000.00,248102.66,10,10,10,10,10,0.031013,0.9514,0.9835
250000.00,250000.00,255483.63,11,11,11,11,11,0.031935,0.9488,0.9741
250000.00,250000.00,224925.04,11,11,11,11,11,0.028116,0.9163,0.8689
125000.00,125000.00,126163.48,11,11,11,11,11,0.015770,0.8998,0.9685
125000.00,125000.00,121517.18,10,10,10,10,10,0.015190,0.8977,0.9654
125000.00,125000.00,121249.20,11,11,11,11,11,0.015156,0.8926,0.9121
125000.00,125000.00,134813.31,10,10,10,10,10,0.016852,0.8549,0.9065
125000.00,125000.00,125183.11,11,11,11,11,11,0.015648,0.8033,0.8139
125000.00,125000.00,128850.94,10,10,10,10,10,0.016106,0.7175,0.7307
250000.00,250000.00,247223.85,10,10,10,10,10,0.030903,0.9840,0.9583
250000.00,250000.00,242593.53,10,10,10,10,10,0.030324,0.9637,0.9531
250000.00,250000.00,249227.52,10,10,10,10,10,0.031153,0.9620,0.9578
125000.00,125000.00,125921.25,10,10,10,10,10,0.015740,0.9404,0.9622
125000.00,125000.00,123609.54,11,11,11,11,11,0.015451,0.9306,0.9606
250000.00,250000.00,251043.80,11,11,11,11,11,0.031380,0.8528,0.9879
125000.00,125000.00,111317.87,11,11,11,11,11,0.013915,0.8421,0.8748
125000.00,125000.00,124347.69,11,11,11,11,11,0.015543,0.8215,0.9453
250000.00,250000.00,247524.26,10,10,10,10,10,0.030941,0.8048,0.9688
125000.00,125000.00,129760.74,10,10,10,10,10,0.016220,0.7650,0.8165
500000.00,500000.00,498942.02,11,11,11,11,11,0.062368,0.9736,0.9975
125000.00,125000.00,122302.06,9,9,9,9,9,0.015288,0.9734,0.9716
250000.00,250000.00,243593.22,12,12,12,12,12,0.030449,0.9669,0.9593
500000.00,500000.00,494709.01,12,12,12,12,12,0.061839,0.9573,0.9838
250000.00,250000.00,251297.95,12,12,12,12,12,0.031412,0.9513,0.9914
125000.00,125000.00,123871.80,9,9,9,9,9,0.015484,0.9447,0.9771
500000.00,500000.00,501149.18,12,12,12,12,12,0.062644,0.9262,0.9844
500000.00,500000.00,506289.48,11,11,11,11,11,0.063286,0.9177,0.9290
500000.00,500000.00,505048.75,12,12,12,12,12,0.063131,0.9175,0.9761
125000.00,125000.00,123989.79,9,9,9,9,9,0.015499,0.9168,0.9687
500000.00,500000.00,496974.95,11,11,11,11,11,0.062122,0.9704,0.9746
500000.00,500000.00,501157.76,12,12,12,12,12,0.062645,0.9699,0.9871
250000.00,250000.00,255882.26,12,12,12,12,12,0.031985,0.9698,0.9755
500000.00,500000.00,504076.00,12,12,12,12,12,0.063010,0.9646,0.9914
250000.00,250000.00,247720.72,12,12,12,12,12,0.030965,0.9428,0.9775
125000.00,125000.00,127336.98,9,9,9,9,9,0.015917,0.9353,0.9408
125000.00,125000.00,125550.27,9,9,9,9,9,0.015694,0.9179,0.9784
125000.00,125000.00,125106.81,9,9,9,9,9,0.015638,0.8838,0.9367
500000.00,500000.00,480639.46,11,11,11,11,11,0.060080,0.8627,0.9573
500000.00,500000.00,501515.39,11,11,11,11,11,0.062689,0.9737,0.9949
500000.00,500000.00,495154.86,12,12,12,12,12,0.061894,0.9665,0.9874
500000.00,500000.00,501679.42,11,11,11,11,11,0.062710,0.9654,0.9916
500000.00,500000.00,512013.44,11,11,11,11,11,0.064002,0.9631,0.9667
250000.00,250000.00,248329.16,12,12,12,12,12,0.031041,0.9538,0.9909
500000.00,500000.00,512121.20,11,11,11,11,11,0.064015,0.9509,0.9615
250000.00,250000.00,255751.61,12,12,12,12,12,0.031969,0.9247,0.9470
125000.00,125000.00,127944.53,9,9,9,9,9,0.015993,0.9200,0.9507
250000.00,250000.00,228799.82,12,12,12,12,12,0.028600,0.9199,0.9079
125000.00,125000.00,130764.69,9,9,9,9,9,0.016346,0.8827,0.9242
125000.00,125000.00,133295.06,9,9,9,9,9,0.016662,0.8812,0.9278
250000.00,250000.00,252157.21,12,12,12,12,12,0.031520,0.8602,0.9827
500000.00,500000.00,501594.54,12,12,12,12,12,0.062699,0.9659,0.9767
500000.00,500000.00,490140.91,11,11,11,11,11,0.061268,0.9636,0.9725
125000.00,125000.00,124596.12,9,9,9,9,9,0.015575,0.9492,0.9409
250000.00,250000.00,247378.59,12,12,12,12,12,0.030922,0.9410,0.9807
500000.00,500000.00,505607.60,11,11,11,11,11,0.063201,0.9322,0.9799
500000.00,500000.00,504040.72,12,12,12,12,12,0.063005,0.9103,0.9826
250000.00,250000.00,249035.84,12,12,12,12,12,0.031129,0.9040,0.9839
125000.00,125000.00,124148.37,9,9,9,9,9,0.015519,0.8557,0.9290
500000.00,500000.00,492297.65,11,11,11,11,11,0.061537,0.9816,0.9745
500000.00,500000.00,501523.02,11,11,11,11,11,0.062690,0.9802,0.9762
250000.00,250000.00,249715.33,12,12,12,12,12,0.031214,0.9741,0.9791
500000.00,500000.00,508292.20,12,12,12,12,12,0.063537,0.9726,0.9799
250000.00,250000.00,250153.54,11,11,11,11,11,0.031269,0.9725,0.9676
500000.00,500000.00,503070.35,11,11,11,11,11,0.062884,0.9721,0.9813
500000.00,500000.00,503375.05,11,11,11,11,11,0.062922,0.9661,0.9877
250000.00,250000.00,252203.94,12,12,12,12,12,0.031525,0.9656,0.9538
250000.00,250000.00,246994.02,11,11,11,11,11,0.030874,0.9577,0.9781
500000.00,500000.00,502011.54,12,12,12,12,12,0.062751,0.9572,0.9884
250000.00,250000.00,250679.97,11,11,11,11,11,0.031335,0.9541,0.9416
250000.00,250000.00,250205.99,12,12,12,12,12,0.031276,0.9388,0.9925
250000.00,250000.00,247757.91,12,12,12,12,12,0.030970,0.9262,0.9632
500000.00,500000.00,477723.12,12,12,12,12,12,0.059715,0.9116,0.9493
250000.00,250000.00,254381.18,12,12,12,12,12,0.031798,0.9484,0.9371
250000.00,250000.00,244512.56,12,12,12,12,12,0.030564,0.9217,0.9726
250000.00,250000.00,250133.51,11,11,11,11,11,0.031267,0.9184,0.9894
250000.00,250000.00,246598.24,11,11,11,11,11,0.030825,0.8823,0.9782
500000.00,500000.00,491716.38,12,12,12,12,12,0.061465,0.9724,0.9665
250000.00,250000.00,251619.34,11,11,11,11,11,0.031452,0.9648,0.9709
500000.00,500000.00,490505.22,12,12,12,12,12,0.061313,0.9612,0.9766
500000.00,500000.00,501729.97,12,12,12,12,12,0.062716,0.9554,0.9825
250000.00,250000.00,250180.24,12,12,12,12,12,0.031273,0.9434,0.9797
250000.00,250000.00,257361.41,11,11,11,11,11,0.032170,0.9407,0.9529
250000.00,250000.00,249357.22,12,12,12,12,12,0.031170,0.9087,0.9794
500000.00,500000.00,502817.15,11,11,11,11,11,0.062852,0.9856,0.9775
500000.00,500000.00,499525.55,12,12,12,12,12,0.062441,0.9791,0.9573
500000.00,500000.00,499643.80,11,11,11,11,11,0.062455,0.9778,0.9856
500000.00,500000.00,520229.82,11,11,11,11,11,0.065029,0.9772,0.9433
500000.00,500000.00,502013.21,11,11,11,11,11,0.062752,0.9744,0.9928
500000.00,500000.00,509839.06,11,11,11,11,11,0.063730,0.9685,0.9748
250000.00,250000.00,248318.67,12,12,12,12,12,0.031040,0.9665,0.9754
500000.00,500000.00,504004.96,12,12,12,12,12,0.063001,0.9608,0.9824
500000.00,500000.00,502998.23,11,11,11,11,11,0.062875,0.9568,0.9865
250000.00,250000.00,240281.11,11,11,11,11,11,0.030035,0.9500,0.9580
500000.00,500000.00,495655.06,12,12,12,12,12,0.061957,0.9431,0.9759
500000.00,500000.00,506336.69,12,12,12,12,12,0.063292,0.9386,0.6811
250000.00,250000.00,246715.55,11,11,11,11,11,0.030839,0.9211,0.9642
250000.00,250000.00,249821.66,11,11,11,11,11,0.031228,0.9174,0.8983
250000.00,250000.00,257580.76,12,12,12,12,12,0.032198,0.9171,0.9111
500000.00,500000.00,530159.00,12,12,12,12,12,0.066270,0.8603,0.8977
125000.00,125000.00,130657.20,12,12,12,12,12,0.016332,0.9158,0.9190
125000.00,125000.00,124723.91,10,10,10,10,10,0.015590,0.8893,0.9280
125000.00,125000.00,115068.44,12,12,12,12,12,0.014384,0.8742,0.9087
125000.00,125000.00,123991.01,10,10,10,10,10,0.015499,0.8195,0.7774
125000.00,125000.00,130394.94,10,10,10,10,10,0.016299,0.8114,0.8527
125000.00,125000.00,127761.84,12,12,12,12,12,0.015970,0.7986,0.9242
125000.00,125000.00,127057.09,10,10,10,10,10,0.015882,0.7444,0.9462
125000.00,125000.00,143262.86,10,10,10,10,10,0.017908,0.7444,0.7759
125000.00,125000.00,140848.64,11,11,11,11,11,0.017606,0.7251,0.8826
250000.00,250000.00,251356.60,10,10,10,10,10,0.031420,0.9732,0.9796
250000.00,250000.00,249765.40,10,10,10,10,10,0.031221,0.9704,0.9568
250000.00,250000.00,248572.35,10,10,10,10,10,0.031072,0.9695,0.9438
250000.00,250000.00,249800.68,10,10,10,10,10,0.031225,0.9644,0.9674
250000.00,250000.00,250490.19,10,10,10,10,10,0.031311,0.9643,0.9595
250000.00,250000.00,246832.85,10,10,10,10,10,0.030854,0.9628,0.9840
250000.00,250000.00,250096.32,10,10,10,10,10,0.031262,0.9271,0.9652
125000.00,125000.00,122193.10,12,12,12,12,12,0.015274,0.9267,0.9544
125000.00,125000.00,127116.20,12,12,12,12,12,0.015890,0.8569,0.8848
125000.00,125000.00,127948.76,12,12,12,12,12,0.015994,0.7205,0.6921
250000.00,250000.00,252557.75,10,10,10,10,10,0.031570,0.9744,0.9769
250000.00,250000.00,250736.24,10,10,10,10,10,0.031342,0.9521,0.9265
125000.00,125000.00,123144.15,10,10,10,10,10,0.015393,0.8956,0.9786
125000.00,125000.00,128535.27,10,10,10,10,10,0.016067,0.8925,0.9646
125000.00,125000.00,132871.63,10,10,10,10,10,0.016609,0.8450,0.8945
125000.00,125000.00,126060.49,11,11,11,11,11,0.015758,0.8052,0.9827
125000.00,125000.00,127834.32,11,11,11,11,11,0.015979,0.7903,0.8736
125000.00,125000.00,128850.94,11,11,11,11,11,0.016106,0.9475,0.9645
250000.00,250000.00,251580.24,10,10,10,10,10,0.031448,0.9435,0.9820
125000.00,125000.00,125978.47,11,11,11,11,11,0.015747,0.9348,0.9289
250000.00,250000.00,249082.57,10,10,10,10,10,0.031135,0.9201,0.9843
125000.00,125000.00,126155.85,10,10,10,10,10,0.015769,0.9147,0.9906
125000.00,125000.00,131562.35,11,11,11,11,11,0.016445,0.9132,0.9230
125000.00,125000.00,122124.67,10,10,10,10,10,0.015266,0.7182,0.7875
500000.00,500000.00,498090.57,12,12,12,12,12,0.062261,0.9499,0.9676
125000.00,125000.00,125379.56,12,12,12,12,12,0.015672,0.9349,0.9400
125000.00,125000.00,125589.37,9,9,9,9,9,0.015699,0.8967,0.9735
125000.00,125000.00,124929.43,9,9,9,9,9,0.015616,0.8933,0.9698
125000.00,125000.00,122055.05,9,9,9,9,9,0.015257,0.8665,0.9190
125000.00,125000.00,122133.26,12,12,12,12,12,0.015267,0.8609,0.9446
125000.00,125000.00,120798.11,9,9,9,9,9,0.015100,0.8477,0.9608
125000.00,125000.00,127784.73,9,9,9,9,9,0.015973,0.7311,0.7321
500000.00,500000.00,497891.43,11,11,11,11,11,0.062236,0.9816,0.9855
500000.00,500000.00,512339.59,11,11,11,11,11,0.064042,0.9799,0.9723
125000.00,125000.00,122606.28,9,9,9,9,9,0.015326,0.9739,0.9260
125000.00,125000.00,129688.26,9,9,9,9,9,0.016211,0.9561,0.9154
500000.00,500000.00,498780.61,12,12,12,12,12,0.062348,0.9331,0.9527
125000.00,125000.00,124553.20,9,9,9,9,9,0.015569,0.9328,0.9897
125000.00,125000.00,130197.53,12,12,12,12,12,0.016275,0.9052,0.9547
125000.00,125000.00,130508.39,9,9,9,9,9,0.016314,0.8793,0.9174
125000.00,125000.00,132277.43,12,12,12,12,12,0.016535,0.8498,0.9361
125000.00,125000.00,118233.68,12,12,12,12,12,0.014779,0.7725,0.8921
500000.00,500000.00,497596.50,11,11,11,11,11,0.062200,0.9719,0.9650
500000.00,500000.00,500093.46,11,11,11,11,11,0.062512,0.9709,0.9883
500000.00,500000.00,509377.96,11,11,11,11,11,0.063672,0.9584,0.9748
500000.00,500000.00,497170.45,12,12,12,12,12,0.062146,0.9553,0.9903
125000.00,125000.00,125071.53,12,12,12,12,12,0.015634,0.9542,0.9850
500000.00,500000.00,500125.89,11,11,11,11,11,0.062516,0.9423,0.9878
500000.00,500000.00,489971.16,12,12,12,12,12,0.061246,0.9398,0.9787
500000.00,500000.00,491478.44,11,11,11,11,11,0.061435,0.9304,0.9803
500000.00,500000.00,499254.23,12,12,12,12,12,0.062407,0.9275,0.9855
125000.00,125000.00,126655.58,9,9,9,9,9,0.015832,0.9261,0.9446
125000.00,125000.00,112398.15,12,12,12,12,12,0.014050,0.7770,0.8105
125000.00,125000.00,125668.53,12,12,12,12,12,0.015709,0.7717,0.9441
125000.00,125000.00,136113.23,12,12,12,12,12,0.017014,0.7653,0.8945
500000.00,500000.00,488868.71,12,12,12,12,12,0.061109,0.9761,0.9748
500000.00,500000.00,509210.47,11,11,11,11,11,0.063651,0.9716,0.9760
500000.00,500000.00,504028.32,12,12,12,12,12,0.063004,0.9683,0.9740
500000.00,500000.00,493607.28,12,12,12,12,12,0.061701,0.9674,0.9784
500000.00,500000.00,496877.67,11,11,11,11,11,0.062110,0.9675,0.9680
500000.00,500000.00,498250.96,11,11,11,11,11,0.062281,0.9496,0.9922
125000.00,125000.00,148703.58,12,12,13,12,13,0.018588,0.8979,0.8385
125000.00,125000.00,131069.66,12,12,12,12,12,0.016384,0.8384,0.9527
500000.00,500000.00,475608.83,12,12,12,12,12,0.059451,0.8274,0.9477
125000.00,125000.00,126417.16,11,11,11,11,11,0.015802,0.7203,0.8032
500000.00,500000.00,500045.78,11,11,11,11,11,0.062506,0.9813,0.9816
500000.00,500000.00,505574.23,11,11,11,11,11,0.063197,0.9813,0.9885
500000.00,500000.00,507209.54,12,12,12,12,12,0.063401,0.9757,0.9727
500000.00,500000.00,506673.81,12,12,12,12,12,0.063334,0.9721,0.9735
500000.00,500000.00,493201.26,11,11,11,11,11,0.061650,0.9673,0.9689
125000.00,125000.00,131217.48,12,12,12,12,12,0.016402,0.9655,0.9513
500000.00,500000.00,506562.23,12,12,12,12,12,0.063320,0.9618,0.9494
500000.00,500000.00,501350.40,11,11,11,11,11,0.062669,0.9580,0.9695
500000.00,500000.00,503813.74,11,11,11,11,11,0.062977,0.9446,0.9770
125000.00,125000.00,131058.10,11,11,11,11,11,0.016382,0.9117,0.9116
125000.00,125000.00,132139.21,11,11,11,11,11,0.016517,0.8961,0.9059
500000.00,500000.00,435664.18,12,12,12,12,12,0.054458,0.8558,0.7994
125000.00,125000.00,129665.37,11,11,11,11,11,0.016208,0.7132,0.9338
500000.00,500000.00,494744.30,11,11,11,11,11,0.061843,0.9771,0.9714
500000.00,500000.00,496026.99,11,11,11,11,11,0.062003,0.9718,0.9741
500000.00,500000.00,495538.71,12,12,12,12,12,0.061942,0.9521,0.9729
500000.00,500000.00,505184.53,12,12,12,12,12,0.063148,0.9467,0.9256
125000.00,125000.00,125740.05,11,11,11,11,11,0.015718,0.9466,0.9610
125000.00,125000.00,124105.45,11,11,11,11,11,0.015513,0.9306,0.9659
125000.00,125000.00,123711.59,11,11,11,11,11,0.015464,0.9159,0.9840
125000.00,125000.00,117712.02,12,12,12,12,12,0.014714,0.9140,0.9281
125000.00,125000.00,122520.45,12,12,12,12,12,0.015315,0.9094,0.9721
125000.00,125000.00,127085.69,11,11,11,11,11,0.015886,0.8891,0.9317
125000.00,125000.00,132852.55,12,12,12,12,12,0.016607,0.9216,0.8930
125000.00,125000.00,147853.85,12,12,12,12,12,0.018482,0.8625,0.8419
500000.00,500000.00,506635.67,11,11,11,11,11,0.063329,0.8567,0.9705
125000.00,125000.00,141041.76,12,12,12,12,12,0.017630,0.7214,0.8169
250000.00,250000.00,250765.80,10,10,10,10,10,0.031346,0.9708,0.9769
250000.00,250000.00,249308.82,10,10,10,10,10,0.031164,0.9692,0.9735
250000.00,250000.00,251624.11,10,10,10,10,10,0.031453,0.9589,0.9866
250000.00,250000.00,242488.86,10,10,10,10,10,0.030311,0.9405,0.9642
250000.00,250000.00,244606.97,10,10,10,10,10,0.030576,0.9402,0.9606
250000.00,250000.00,240995.65,11,11,11,11,11,0.030124,0.9341,0.9062
500000.00,500000.00,506008.92,12,12,12,12,12,0.063251,0.9155,0.9551
250000.00,250000.00,250712.87,11,11,11,11,11,0.031339,0.9024,0.9607
500000.00,500000.00,497460.37,12,12,12,12,12,0.062183,0.8933,0.9750
500000.00,500000.00,502235.41,12,12,12,12,12,0.062779,0.8888,0.9926
125000.00,125000.00,130237.58,12,12,12,12,12,0.016280,0.8146,0.8487
250000.00,250000.00,245223.52,10,10,10,10,10,0.030653,0.9550,0.9788
250000.00,250000.00,250764.85,11,11,11,11,11,0.031346,0.9400,0.9779
250000.00,250000.00,251874.92,11,11,11,11,11,0.031484,0.9211,0.9725
250000.00,250000.00,252649.31,10,10,10,10,10,0.031581,0.8986,0.9179
500000.00,375000.00,501817.70,12,11,12,11,12,0.062727,0.8620,0.9194
500000.00,500000.00,489549.64,12,12,12,12,12,0.061194,0.8085,0.9525
125000.00,125000.00,130487.08,12,12,12,12,12,0.016311,0.7472,0.9293
250000.00,250000.00,249506.00,11,11,11,11,11,0.031188,0.9798,0.9652
500000.00,500000.00,506540.30,12,12,12,12,12,0.063318,0.9725,0.9771
500000.00,500000.00,500516.89,12,12,12,12,12,0.062565,0.9722,0.9725
250000.00,250000.00,249133.35,11,11,11,11,11,0.031142,0.9712,0.9959
250000.00,250000.00,249975.20,11,11,11,11,11,0.031247,0.9660,0.9817
500000.00,500000.00,501876.83,12,12,12,12,12,0.062735,0.9562,0.9932
250000.00,250000.00,257476.81,11,11,11,11,11,0.032185,0.9032,0.9559
125000.00,125000.00,110795.20,12,12,12,12,12,0.013849,0.7376,0.6808
250000.00,250000.00,246584.89,11,11,11,11,11,0.030823,0.9697,0.9827
250000.00,250000.00,246845.25,11,11,11,11,11,0.030856,0.9689,0.9734
250000.00,250000.00,248863.22,10,10,10,10,10,0.031108,0.9592,0.9846
500000.00,500000.00,499868.39,12,12,12,12,12,0.062484,0.9589,0.9829
250000.00,250000.00,255858.90,11,11,11,11,11,0.031982,0.9535,0.9717
500000.00,500000.00,489186.29,12,12,12,12,12,0.061148,0.9485,0.9719
250000.00,250000.00,253200.53,10,10,10,10,10,0.031650,0.9439,0.9628
500000.00,500000.00,483665.94,12,12,12,12,12,0.060458,0.9326,0.9672
125000.00,125000.00,125890.73,12,12,12,12,12,0.015736,0.9066,0.9677
125000.00,125000.00,121747.97,12,12,12,12,12,0.015218,0.9048,0.9468
125000.00,125000.00,138210.30,12,12,12,12,12,0.017276,0.8473,0.7600
250000.00,250000.00,257020.24,11,11,11,11,11,0.032128,0.9733,0.9697
250000.00,250000.00,251675.61,12,12,12,12,12,0.031459,0.9662,0.9912
250000.00,250000.00,251964.09,12,12,12,12,12,0.031496,0.9649,0.9781
500000.00,500000.00,478288.65,11,11,11,11,11,0.059786,0.9621,0.9255
500000.00,500000.00,509522.44,11,11,11,11,11,0.063690,0.9503,0.9369
250000.00,250000.00,256730.79,12,12,12,12,12,0.032091,0.9501,0.8959
125000.00,125000.00,128105.16,10,10,10,10,10,0.016013,0.9413,0.9750
250000.00,250000.00,249639.51,12,12,12,12,12,0.031205,0.9400,0.9867
250000.00,250000.00,251062.39,12,12,12,12,12,0.031383,0.9200,0.9647
250000.00,250000.00,244425.65,12,12,12,12,12,0.030553,0.7941,0.9494
250000.00,250000.00,238354.68,11,11,11,11,11,0.029794,0.7641,0.9023
250000.00,250000.00,257311.82,11,11,11,11,11,0.032164,0.9707,0.9698
250000.00,250000.00,249988.56,11,11,11,11,11,0.031249,0.9656,0.9809
250000.00,250000.00,251922.61,11,11,11,11,11,0.031490,0.9610,0.9686
250000.00,250000.00,257318.50,11,11,11,11,11,0.032165,0.9605,0.9572
250000.00,250000.00,247603.42,11,11,11,11,11,0.030950,0.9283,0.9858
250000.00,187500.00,242094.04,12,11,12,11,12,0.030262,0.8995,0.9279
125000.00,125000.00,124572.87,10,10,10,10,10,0.015572,0.8605,0.8805
125000.00,125000.00,137128.83,10,10,10,10,10,0.017141,0.8341,0.8976
500000.00,500000.00,497373.58,11,11,11,11,11,0.062172,0.9784,0.9850
250000.00,250000.00,246185.30,11,11,11,11,11,0.030773,0.9750,0.9640
250000.00,250000.00,249697.69,12,12,12,12,12,0.031212,0.9561,0.9725
250000.00,250000.00,251643.30,11,11,11,11,11,0.031455,0.9524,0.9501
250000.00,250000.00,233192.44,12,12,12,12,12,0.029149,0.9380,0.9183
250000.00,250000.00,251134.87,11,11,11,11,11,0.031392,0.9117,0.9605
500000.00,500000.00,521446.23,11,11,11,11,11,0.065181,0.8892,0.9450
250000.00,250000.00,254782.68,12,12,12,12,12,0.031848,0.7736,0.9254
500000.00,500000.00,500789.64,11,11,11,11,11,0.062599,0.9828,0.9806
500000.00,500000.00,503707.47,11,11,11,11,11,0.062963,0.9811,0.9911
125000.00,125000.00,126865.88,10,10,10,10,10,0.015858,0.9710,0.9518
500000.00,500000.00,501235.01,11,11,11,11,11,0.062654,0.9682,0.9801
500000.00,500000.00,528137.21,11,11,11,11,11,0.066017,0.9648,0.9404
125000.00,125000.00,127811.91,10,10,10,10,10,0.015976,0.9338,0.9698
500000.00,500000.00,506600.38,11,11,11,11,11,0.063325,0.9238,0.9833
125000.00,125000.00,129125.77,10,10,10,10,10,0.016141,0.9062,0.9341
250000.00,250000.00,248762.13,12,12,12,12,12,0.031095,0.9027,0.9424
500000.00,500000.00,470708.85,11,11,11,11,11,0.058839,0.8748,0.9335
500000.00,500000.00,485120.77,11,11,11,11,11,0.060640,0.8643,0.9646
125000.00,125000.00,130729.68,10,10,10,10,10,0.016341,0.8433,0.8568
250000.00,250000.00,253961.56,11,11,11,11,11,0.031745,0.7783,0.9681
125000.00,125000.00,126046.18,10,10,10,10,10,0.015756,0.7460,0.8569
250000.00,250000.00,245725.15,10,10,10,10,10,0.030716,0.9846,0.9792
500000.00,500000.00,504429.82,12,12,12,12,12,0.063054,0.9739,0.9838
125000.00,125000.00,125289.92,9,9,9,9,9,0.015661,0.9656,0.9606
125000.00,125000.00,125118.26,9,9,9,9,9,0.015640,0.9619,0.9695
125000.00,125000.00,131081.58,9,9,9,9,9,0.016385,0.9609,0.9336
250000.00,250000.00,256931.30,10,10,10,10,10,0.032116,0.9563,0.9255
500000.00,500000.00,488304.14,12,12,12,12,12,0.061038,0.9393,0.9647
125000.00,125000.00,122644.42,9,9,9,9,9,0.015331,0.9356,0.9154
125000.00,125000.00,130197.53,11,11,11,11,11,0.016275,0.9218,0.9542
125000.00,125000.00,124030.11,11,11,11,11,11,0.015504,0.8865,0.9290
125000.00,125000.00,132749.32,11,11,11,11,11,0.016594,0.8787,0.9353
250000.00,250000.00,248537.06,10,10,10,10,10,0.031067,0.9808,0.9876
125000.00,125000.00,122140.88,9,9,9,9,9,0.015268,0.9000,0.9710
250000.00,250000.00,244958.88,10,10,10,10,10,0.030620,0.8987,0.9732
125000.00,125000.00,119370.94,9,9,9,9,9,0.014921,0.8747,0.9498
250000.00,250000.00,247325.66,10,10,10,10,10,0.030916,0.9838,0.9777
500000.00,500000.00,500252.72,12,12,12,12,12,0.062532,0.9679,0.9800
500000.00,500000.00,497813.22,12,12,12,12,12,0.062227,0.9670,0.9557
500000.00,500000.00,505987.17,12,12,12,12,12,0.063248,0.9640,0.9794
125000.00,125000.00,125646.59,9,9,9,9,9,0.015706,0.9639,0.9818
500000.00,500000.00,504430.06,12,12,12,12,12,0.063054,0.9611,0.9825
500000.00,500000.00,502104.76,12,12,12,12,12,0.062763,0.9535,0.9774
250000.00,250000.00,248303.41,10,10,10,10,10,0.031038,0.9525,0.9890
125000.00,125000.00,125793.46,9,9,9,9,9,0.015724,0.9349,0.9527
125000.00,125000.00,123157.50,11,11,11,11,11,0.015395,0.9291,0.9835
250000.00,250000.00,256908.42,10,10,10,10,10,0.032114,0.8829,0.9672
250000.00,250000.00,251951.22,10,10,10,10,10,0.031494,0.9791,0.9882
250000.00,250000.00,246302.60,10,10,10,10,10,0.030788,0.9758,0.9711
250000.00,250000.00,247412.68,10,10,10,10,10,0.030927,0.9739,0.9860
500000.00,500000.00,510819.44,12,12,12,12,12,0.063852,0.9720,0.9700
250000.00,250000.00,247226.72,10,10,10,10,10,0.030903,0.9684,0.9788
500000.00,500000.00,510822.30,12,12,12,12,12,0.063853,0.9585,0.9634
500000.00,500000.00,497991.56,12,12,12,12,12,0.062249,0.9561,0.9892
125000.00,125000.00,124410.87,11,11,11,11,11,0.015551,0.9506,0.9658
125000.00,125000.00,130054.47,9,9,9,9,9,0.016257,0.9502,0.9550
125000.00,125000.00,127569.62,11,11,11,11,11,0.015946,0.9475,0.9530
125000.00,125000.00,119516.61,9,9,9,9,9,0.014940,0.9176,0.9480
250000.00,250000.00,257933.62,10,10,10,10,10,0.032242,0.9697,0.9662
250000.00,250000.00,250002.86,10,10,10,10,10,0.031250,0.9677,0.9877
250000.00,250000.00,251472.71,10,10,10,10,10,0.031434,0.9634,0.9881
125000.00,125000.00,124914.17,9,9,9,9,9,0.015614,0.9515,0.9702
125000.00,125000.00,125580.31,11,11,11,11,11,0.015698,0.9338,0.9625
125000.00,125000.00,123494.15,9,9,9,9,9,0.015437,0.9274,0.9807
125000.00,125000.00,132806.30,11,11,11,11,11,0.016601,0.9256,0.9231
125000.00,125000.00,135129.93,11,11,11,11,11,0.016891,0.9124,0.9233
125000.00,125000.00,132230.76,9,9,9,9,9,0.016529,0.9069,0.9366
125000.00,125000.00,131620.41,11,11,11,11,11,0.016453,0.8946,0.9280
125000.00,125000.00,131515.50,12,12,12,12,12,0.016439,0.8515,0.9371
125000.00,125000.00,131007.67,12,12,12,12,12,0.016376,0.7897,0.7497
125000.00,125000.00,130743.98,12,12,12,12,12,0.016343,0.7284,0.7088
250000.00,250000.00,247634.89,10,10,10,10,10,0.030954,0.9787,0.9732
125000.00,125000.00,124199.87,9,9,9,9,9,0.015525,0.9561,0.9665
250000.00,250000.00,249376.30,10,10,10,10,10,0.031172,0.9537,0.9777
125000.00,125000.00,121324.06,9,9,9,9,9,0.015166,0.9282,0.9673
125000.00,125000.00,124979.50,12,12,12,12,12,0.015622,0.8592,0.8958
125000.00,125000.00,127824.78,9,9,9,9,9,0.015978,0.7743,0.8303
250000.00,250000.00,249532.70,10,10,10,10,10,0.031192,0.9826,0.9869
250000.00,250000.00,247747.42,10,10,10,10,10,0.030968,0.9796,0.9620
250000.00,250000.00,244986.53,10,10,10,10,10,0.030623,0.9517,0.9605
125000.00,125000.00,124277.11,9,9,9,9,9,0.015535,0.9361,0.9741
125000.00,125000.00,119806.29,11,11,11,11,11,0.014976,0.9342,0.9540
125000.00,125000.00,125394.82,9,9,9,9,9,0.015674,0.9098,0.9437
125000.00,125000.00,122434.62,11,11,11,11,11,0.015304,0.9079,0.9719
125000.00,125000.00,141208.17,12,12,12,12,12,0.017651,0.8076,0.6976
250000.00,250000.00,249219.89,10,10,10,10,10,0.031152,0.9767,0.9864
250000.00,250000.00,258731.84,10,10,10,10,10,0.032341,0.9732,0.9367
125000.00,125000.00,121779.08,9,9,9,9,9,0.015222,0.9419,0.9627
250000.00,250000.00,257307.05,10,10,10,10,10,0.032163,0.9238,0.9589
125000.00,125000.00,120954.51,12,12,12,12,12,0.015119,0.8991,0.9642
125000.00,125000.00,112522.84,12,12,12,12,12,0.014065,0.8883,0.8821
125000.00,125000.00,129564.29,11,11,11,11,11,0.016196,0.8454,0.8410
125000.00,125000.00,121486.66,11,11,11,11,11,0.015186,0.8327,0.9409
500000.00,500000.00,505251.41,11,11,11,11,11,0.063156,0.9816,0.9526
250000.00,250000.00,251021.86,12,12,12,12,12,0.031378,0.9530,0.9642
250000.00,250000.00,249888.42,12,12,12,12,12,0.031236,0.9509,0.9773
250000.00,250000.00,242743.49,11,11,11,11,11,0.030343,0.8569,0.9424
125000.00,125000.00,121886.37,10,10,10,10,10,0.015236,0.8058,0.8412
125000.00,125000.00,129587.41,10,10,10,10,10,0.016198,0.7964,0.7858
250000.00,250000.00,244018.55,11,11,11,11,11,0.030502,0.7685,0.9699
250000.00,250000.00,247713.09,11,11,11,11,11,0.030964,0.9535,0.9873
250000.00,250000.00,247553.83,11,11,11,11,11,0.030944,0.9469,0.9875
250000.00,250000.00,245056.15,11,11,11,11,11,0.030632,0.9456,0.9650
250000.00,250000.00,240723.61,11,11,11,11,11,0.030090,0.8990,0.9295
250000.00,250000.00,246051.79,12,12,12,12,12,0.030756,0.8837,0.9747
125000.00,125000.00,130584.24,10,10,10,10,10,0.016323,0.8730,0.8936
250000.00,250000.00,248786.33,12,12,12,12,12,0.031098,0.8559,0.9881
500000.00,500000.00,471643.45,11,11,11,11,11,0.058955,0.9738,0.8886
500000.00,500000.00,499191.28,11,11,11,11,11,0.062399,0.9726,0.9876
500000.00,500000.00,504493.71,11,11,11,11,11,0.063062,0.9712,0.9746
250000.00,250000.00,246760.37,11,11,11,11,11,0.030845,0.9666,0.9566
125000.00,125000.00,125722.89,10,10,10,10,10,0.015715,0.9647,0.9389
125000.00,125000.00,126322.75,10,10,10,10,10,0.015790,0.9454,0.9592
125000.00,125000.00,123819.35,10,10,10,10,10,0.015477,0.9228,0.9267
250000.00,250000.00,276666.64,12,12,12,12,12,0.034583,0.9167,0.8814
250000.00,250000.00,246016.50,11,11,11,11,11,0.030752,0.9133,0.9225
250000.00,250000.00,248866.08,12,12,12,12,12,0.031108,0.9016,0.9105
250000.00,250000.00,245172.50,12,12,12,12,12,0.030647,0.8936,0.9362
500000.00,500000.00,499826.43,11,11,11,11,11,0.062478,0.9901,0.9891
500000.00,500000.00,506024.36,11,11,11,11,11,0.063253,0.9876,0.9846
500000.00,500000.00,511648.18,11,11,11,11,11,0.063956,0.9811,0.9710
500000.00,500000.00,490396.98,11,11,11,11,11,0.061300,0.9729,0.9584
500000.00,500000.00,503867.03,11,11,11,11,11,0.062983,0.9724,0.9650
250000.00,250000.00,252655.03,12,12,12,12,12,0.031582,0.9675,0.9672
250000.00,250000.00,246606.83,12,12,12,12,12,0.030826,0.9572,0.9685
250000.00,250000.00,249475.36,11,11,11,11,11,0.031184,0.9569,0.9901
500000.00,500000.00,506792.07,11,11,11,11,11,0.063349,0.9551,0.8268
250000.00,250000.00,250612.26,11,11,11,11,11,0.031327,0.9543,0.9492
125000.00,125000.00,129404.54,10,10,10,10,10,0.016176,0.9313,0.9455
500000.00,500000.00,509443.28,11,11,11,11,11,0.063680,0.9190,0.9639
125000.00,125000.00,127426.15,10,10,10,10,10,0.015928,0.8383,0.8428
500000.00,500000.00,508276.94,11,11,11,11,11,0.063535,0.9789,0.9689
500000.00,500000.00,504182.10,11,11,11,11,11,0.063023,0.9743,0.9139
250000.00,250000.00,244953.16,12,12,12,12,12,0.030619,0.9666,0.9780
250000.00,250000.00,253011.23,12,12,12,12,12,0.031626,0.9665,0.9876
250000.00,250000.00,246829.03,12,12,12,12,12,0.030854,0.9550,0.9329
500000.00,500000.00,489572.53,11,11,11,11,11,0.061197,0.9535,0.9267
250000.00,250000.00,250976.09,12,12,12,12,12,0.031372,0.9428,0.9765
125000.00,125000.00,127117.16,12,12,12,12,12,0.015890,0.8667,0.9763
125000.00,125000.00,126511.57,12,12,12,12,12,0.015814,0.8255,0.9580
250000.00,250000.00,251931.67,11,11,11,11,11,0.031491,0.9656,0.9798
250000.00,250000.00,249984.26,11,11,11,11,11,0.031248,0.9495,0.9962
250000.00,250000.00,248991.97,11,11,11,11,11,0.031124,0.9475,0.9846
250000.00,250000.00,251642.53,11,11,11,11,11,0.031455,0.9464,0.9397
500000.00,500000.00,497737.41,11,11,11,11,11,0.062217,0.9418,0.9911
250000.00,250000.00,247041.70,12,12,12,12,12,0.030880,0.9125,0.9835
125000.00,125000.00,135887.15,12,12,12,12,12,0.016986,0.9116,0.9153
125000.00,125000.00,128120.42,12,12,12,12,12,0.016015,0.8307,0.9742
250000.00,250000.00,251951.22,12,12,12,12,12,0.031494,0.8135,0.9031
125000.00,125000.00,143838.88,12,12,12,12,12,0.017980,0.7671,0.8293
500000.00,500000.00,492295.27,11,11,11,11,11,0.061537,0.9873,0.9743
250000.00,250000.00,248410.22,11,11,11,11,11,0.031051,0.9857,0.9578
500000.00,500000.00,504128.46,11,11,11,11,11,0.063016,0.9848,0.9855
500000.00,500000.00,496448.04,11,11,11,11,11,0.062056,0.9793,0.9907
250000.00,250000.00,252254.72,11,11,11,11,11,0.031532,0.9721,0.9812
500000.00,500000.00,503473.28,11,11,11,11,11,0.062934,0.9715,0.9674
500000.00,500000.00,483462.33,11,11,11,11,11,0.060433,0.9649,0.9624
250000.00,250000.00,256018.16,12,12,12,12,12,0.032002,0.9555,0.9610
250000.00,250000.00,252003.67,11,11,11,11,11,0.031500,0.9515,0.9304
500000.00,500000.00,503368.38,11,11,11,11,11,0.062921,0.9707,0.9904
250000.00,250000.00,248922.35,11,11,11,11,11,0.031115,0.9638,0.9785
125000.00,125000.00,122840.40,12,12,12,12,12,0.015355,0.9541,0.9727
250000.00,250000.00,249186.99,11,11,11,11,11,0.031148,0.9444,0.9671
500000.00,500000.00,504487.99,11,11,11,11,11,0.063061,0.9378,0.9545
250000.00,250000.00,261131.05,12,12,12,12,12,0.032641,0.8658,0.8992
500000.00,500000.00,500535.85,12,12,12,12,12,0.062567,0.9738,0.9723
500000.00,500000.00,489327.43,12,12,12,12,12,0.061166,0.9683,0.9428
250000.00,250000.00,251048.09,10,10,10,10,10,0.031381,0.9680,0.9804
500000.00,500000.00,499832.15,12,12,12,12,12,0.062479,0.9486,0.9803
125000.00,125000.00,126016.62,11,11,11,11,11,0.015752,0.9413,0.9696
125000.00,125000.00,121908.19,11,11,11,11,11,0.015239,0.9247,0.9723
125000.00,125000.00,133757.59,11,11,11,11,11,0.016720,0.9198,0.9325
500000.00,500000.00,461479.19,12,12,12,12,12,0.057685,0.8826,0.9064
125000.00,125000.00,125953.67,11,11,11,11,11,0.015744,0.8710,0.8364
125000.00,125000.00,129416.47,10,10,10,10,10,0.016177,0.8530,0.9558
250000.00,250000.00,249842.64,10,10,10,10,10,0.031230,0.9772,0.9834
500000.00,500000.00,515558.24,12,12,12,12,12,0.064445,0.9739,0.9682
500000.00,500000.00,493412.02,12,12,12,12,12,0.061677,0.9721,0.9856
500000.00,500000.00,502418.04,12,12,12,12,12,0.062802,0.9690,0.9943
500000.00,500000.00,492009.16,12,12,12,12,12,0.061501,0.9669,0.9805
250000.00,250000.00,248370.77,10,10,10,10,10,0.031046,0.9600,0.9518
125000.00,125000.00,125065.80,10,10,10,10,10,0.015633,0.9490,0.9769
250000.00,250000.00,256643.30,10,10,10,10,10,0.032080,0.9420,0.9528
125000.00,125000.00,128388.40,10,10,10,10,10,0.016049,0.9382,0.9281
125000.00,125000.00,132768.15,10,10,10,10,10,0.016596,0.8927,0.9201
125000.00,125000.00,126604.56,10,10,10,10,10,0.015826,0.8713,0.9820
250000.00,250000.00,254082.68,10,10,10,10,10,0.031760,0.9805,0.9807
250000.00,250000.00,246439.93,10,10,10,10,10,0.030805,0.9727,0.9836
500000.00,500000.00,501117.71,12,12,12,12,12,0.062640,0.9716,0.9911
125000.00,125000.00,124831.91,10,10,10,10,10,0.015604,0.9576,0.9800
250000.00,250000.00,241730.59,10,10,10,10,10,0.030216,0.9566,0.9651
500000.00,500000.00,521404.27,12,12,12,12,12,0.065176,0.9509,0.9001
125000.00,125000.00,127638.82,11,11,11,11,11,0.015955,0.9489,0.9737
125000.00,125000.00,126350.40,10,10,10,10,10,0.015794,0.9442,0.9424
125000.00,125000.00,123388.77,11,11,11,11,11,0.015424,0.9240,0.9081
125000.00,125000.00,125748.16,11,11,11,11,11,0.015719,0.9170,0.9733
125000.00,125000.00,136416.41,11,11,11,11,11,0.017052,0.9108,0.8710
250000.00,250000.00,249415.40,10,10,10,10,10,0.031177,0.9756,0.9886
250000.00,250000.00,248035.43,10,10,10,10,10,0.031004,0.9750,0.9920
250000.00,250000.00,254793.17,10,10,10,10,10,0.031849,0.9712,0.9795
500000.00,500000.00,500642.30,12,12,12,12,12,0.062580,0.9510,0.9863
125000.00,125000.00,131841.18,10,10,10,10,10,0.016480,0.9488,0.9438
125000.00,125000.00,131761.55,10,10,10,10,10,0.016470,0.9377,0.8919
125000.00,125000.00,129948.62,11,11,11,11,11,0.016244,0.9373,0.9597
125000.00,125000.00,124624.25,11,11,11,11,11,0.015578,0.9359,0.9657
125000.00,125000.00,124380.11,10,10,10,10,10,0.015548,0.8544,0.8044
500000.00,500000.00,521924.50,12,12,12,12,12,0.065241,0.9633,0.5699
500000.00,500000.00,510696.41,12,12,12,12,12,0.063837,0.9583,0.9712
500000.00,500000.00,497982.03,12,12,12,12,12,0.062248,0.9538,0.9922
500000.00,500000.00,508973.12,12,12,12,12,12,0.063622,0.9382,0.9767
125000.00,125000.00,130893.71,11,11,11,11,11,0.016362,0.8792,0.9215
125000.00,125000.00,131084.44,11,11,11,11,11,0.016386,0.8636,0.9329
500000.00,500000.00,431653.86,12,12,12,12,12,0.053957,0.7839,0.8589
125000.00,125000.00,127283.57,9,9,9,9,9,0.015910,0.7639,0.9467
125000.00,125000.00,140619.28,11,11,11,11,11,0.017577,0.7033,0.8315
500000.00,500000.00,507218.60,12,12,12,12,12,0.063402,0.9584,0.9786
500000.00,500000.00,492328.76,11,11,11,11,11,0.061541,0.9573,0.9817
125000.00,125000.00,131830.22,9,9,9,9,9,0.016479,0.9456,0.9465
125000.00,125000.00,126531.60,9,9,9,9,9,0.015816,0.9223,0.9751
125000.00,125000.00,124012.95,11,11,11,11,11,0.015502,0.9044,0.9744
500000.00,500000.00,503516.20,11,11,11,11,11,0.062940,0.8935,0.9714
125000.00,125000.00,128353.12,9,9,9,9,9,0.016044,0.8267,0.9639
500000.00,500000.00,500228.88,12,12,12,12,12,0.062529,0.9769,0.9848
125000.00,125000.00,129592.90,9,9,9,9,9,0.016199,0.9715,0.9620
500000.00,500000.00,497677.80,12,12,12,12,12,0.062210,0.9546,0.9912
125000.00,125000.00,121379.85,11,11,11,11,11,0.015172,0.9451,0.9426
500000.00,500000.00,501296.46,12,12,12,12,12,0.062662,0.9369,0.9823
500000.00,500000.00,528072.48,12,12,12,12,12,0.066009,0.8860,0.9212
125000.00,125000.00,126245.98,9,9,9,9,9,0.015781,0.8124,0.9184
125000.00,125000.00,133353.23,11,11,11,11,11,0.016669,0.7959,0.8848
125000.00,125000.00,124205.83,11,11,11,11,11,0.015526,0.7112,0.7309
500000.00,500000.00,506498.34,11,11,11,11,11,0.063312,0.7003,0.9350
500000.00,500000.00,508798.60,11,11,11,11,11,0.063600,0.9837,0.9770
500000.00,500000.00,494669.68,11,11,11,11,11,0.061834,0.9819,0.9875
500000.00,500000.00,492685.08,11,11,11,11,11,0.061586,0.9736,0.9758
500000.00,500000.00,478447.44,11,11,11,11,11,0.059806,0.9647,0.9381
500000.00,500000.00,548145.29,11,11,11,11,11,0.068518,0.8721,0.8771
125000.00,125000.00,127612.11,11,11,11,11,11,0.015952,0.8060,0.8680
125000.00,125000.00,132471.08,9,9,9,9,9,0.016559,0.7529,0.8074
250000.00,250000.00,246269.23,10,10,10,10,10,0.030784,0.9850,0.9837
250000.00,250000.00,252902.98,10,10,10,10,10,0.031613,0.9847,0.9857
250000.00,250000.00,244659.42,10,10,10,10,10,0.030582,0.9738,0.9715
250000.00,250000.00,254195.69,12,12,12,12,12,0.031774,0.9706,0.9598
125000.00,125000.00,126149.65,10,10,10,10,10,0.015769,0.9484,0.9808
250000.00,250000.00,249170.30,12,12,12,12,12,0.031146,0.9382,0.9852
125000.00,125000.00,120136.26,12,12,12,12,12,0.015017,0.8515,0.9024
250000.00,250000.00,248581.41,10,10,10,10,10,0.031073,0.9755,0.9766
250000.00,250000.00,243808.75,10,10,10,10,10,0.030476,0.9665,0.9460
250000.00,250000.00,235422.13,10,10,10,10,10,0.029428,0.9659,0.9291
250000.00,250000.00,249103.55,10,10,10,10,10,0.031138,0.9608,0.9838
250000.00,250000.00,256987.69,12,12,12,12,12,0.032123,0.9579,0.9670
250000.00,250000.00,256267.55,12,12,12,12,12,0.032033,0.9526,0.9685
125000.00,125000.00,122159.00,10,10,10,10,10,0.015270,0.9473,0.9552
250000.00,250000.00,248408.32,10,10,10,10,10,0.031051,0.9402,0.9475
125000.00,125000.00,124984.74,10,10,10,10,10,0.015623,0.9208,0.9863
250000.00,250000.00,240970.61,12,12,12,12,12,0.030121,0.8810,0.9579
125000.00,125000.00,128985.35,10,10,10,10,10,0.016123,0.8688,0.9460
125000.00,125000.00,123817.92,10,10,10,10,10,0.015477,0.8295,0.8148
125000.00,125000.00,127771.38,12,12,12,12,12,0.015971,0.8131,0.9537
125000.00,125000.00,126026.93,12,12,12,12,12,0.015753,0.7182,0.9813
250000.00,250000.00,251947.40,10,10,10,10,10,0.031493,0.9793,0.9758
250000.00,250000.00,232933.04,10,10,10,10,10,0.029117,0.9693,0.9312
125000.00,125000.00,122898.10,10,10,10,10,10,0.015362,0.9661,0.9211
250000.00,250000.00,247937.20,12,12,12,12,12,0.030992,0.9576,0.9855
250000.00,250000.00,250172.62,10,10,10,10,10,0.031272,0.9469,0.9453
125000.00,125000.00,125486.85,10,10,10,10,10,0.015686,0.9405,0.9523
125000.00,125000.00,136409.76,10,10,10,10,10,0.017051,0.9026,0.9133
125000.00,125000.00,129943.85,12,12,12,12,12,0.016243,0.8593,0.8728
250000.00,250000.00,255043.51,12,12,12,12,12,0.031880,0.8055,0.9654
250000.00,250000.00,248657.23,12,12,12,12,12,0.031082,0.9727,0.9690
250000.00,250000.00,249369.14,12,12,12,12,12,0.031171,0.9668,0.9734
125000.00,125000.00,128170.01,10,10,10,10,10,0.016021,0.9439,0.9449
125000.00,125000.00,128475.19,10,10,10,10,10,0.016059,0.9234,0.9668
125000.00,125000.00,131061.55,10,10,10,10,10,0.016383,0.9169,0.9437
250000.00,250000.00,248950.96,12,12,12,12,12,0.031119,0.9150,0.8912
250000.00,250000.00,247016.91,12,12,12,12,12,0.030877,0.8897,0.9284
125000.00,125000.00,128319.26,12,12,12,12,12,0.016040,0.7525,0.9735
250000.00,250000.00,263432.56,10,10,10,10,10,0.032929,0.9673,0.9443
250000.00,250000.00,252467.16,12,12,12,12,12,0.031558,0.9645,0.9841
125000.00,125000.00,133358.00,10,10,10,10,10,0.016670,0.9642,0.9340
250000.00,250000.00,252713.20,10,10,10,10,10,0.031589,0.9338,0.9867
250000.00,250000.00,248939.51,12,12,12,12,12,0.031117,0.9327,0.9898
500000.00,500000.00,498708.72,11,11,11,11,11,0.062339,0.9602,0.9749
125000.00,125000.00,129228.59,10,10,10,10,10,0.016154,0.9187,0.9621
250000.00,250000.00,249843.12,12,12,12,12,12,0.031230,0.9148,0.9838
250000.00,250000.00,248591.42,12,12,12,12,12,0.031074,0.9087,0.9852
500000.00,500000.00,501510.62,11,11,11,11,11,0.062689,0.8876,0.6113
500000.00,500000.00,513914.11,11,11,11,11,11,0.064239,0.8870,0.9543
250000.00,250000.00,244291.31,10,10,10,10,10,0.030536,0.8537,0.9748
250000.00,250000.00,265613.56,12,12,12,12,12,0.033202,0.7811,0.9323
500000.00,500000.00,496334.08,11,11,11,11,11,0.062042,0.9876,0.9891
500000.00,500000.00,494734.05,11,11,11,11,11,0.061842,0.9873,0.9321
500000.00,500000.00,517282.96,11,11,11,11,11,0.064660,0.9804,0.9590
250000.00,250000.00,245510.10,10,10,10,10,10,0.030689,0.9795,0.9796
500000.00,500000.00,503068.92,11,11,11,11,11,0.062884,0.9731,0.9762
250000.00,250000.00,246891.02,12,12,12,12,12,0.030861,0.9668,0.9808
250000.00,250000.00,247507.10,10,10,10,10,10,0.030938,0.9664,0.9862
250000.00,250000.00,254552.84,10,10,10,10,10,0.031819,0.9664,0.9787
250000.00,250000.00,246165.75,12,12,12,12,12,0.030771,0.9633,0.9540
125000.00,125000.00,125682.83,10,10,10,10,10,0.015710,0.9177,0.9472
125000.00,125000.00,123657.23,10,10,10,10,10,0.015457,0.9136,0.9601
125000.00,125000.00,131864.55,10,10,10,10,10,0.016483,0.9058,0.9461
125000.00,125000.00,126433.61,10,10,10,10,10,0.015804,0.9023,0.9545
250000.00,250000.00,264156.34,10,10,10,10,10,0.033020,0.8675,0.9233
500000.00,500000.00,496047.97,11,11,11,11,11,0.062006,0.8623,0.9849
500000.00,500000.00,496172.90,11,11,11,11,11,0.062022,0.9691,0.9906
500000.00,500000.00,515737.06,11,11,11,11,11,0.064467,0.9674,0.9673
250000.00,250000.00,245647.43,12,12,12,12,12,0.030706,0.9665,0.9806
250000.00,250000.00,247435.57,10,10,10,10,10,0.030929,0.9652,0.9895
250000.00,250000.00,247951.03,12,12,12,12,12,0.030994,0.9582,0.9846
125000.00,125000.00,124556.30,10,10,10,10,10,0.015570,0.9531,0.9534
125000.00,125000.00,121200.56,10,10,10,10,10,0.015150,0.9470,0.9599
250000.00,250000.00,248880.39,12,12,12,12,12,0.031110,0.9216,0.9819
125000.00,125000.00,129873.28,10,10,10,10,10,0.016234,0.8798,0.9620
125000.00,125000.00,129951.48,10,10,10,10,10,0.016244,0.7026,0.6035
250000.00,250000.00,259414.20,10,10,10,10,10,0.032427,0.9785,0.9627
250000.00,250000.00,254990.58,10,10,10,10,10,0.031874,0.9658,0.9596
250000.00,250000.00,245645.52,10,10,10,10,10,0.030706,0.9616,0.9584
500000.00,500000.00,504042.63,12,12,12,12,12,0.063005,0.9525,0.9237
500000.00,500000.00,506529.81,12,12,12,12,12,0.063316,0.9445,0.9826
250000.00,250000.00,283004.76,11,10,10,10,10,0.035376,0.8488,0.8714
500000.00,500000.00,470523.83,12,12,12,12,12,0.058815,0.8251,0.9367
250000.00,250000.00,247585.30,10,10,10,10,10,0.030948,0.9718,0.9739
250000.00,250000.00,245530.66,10,10,10,10,10,0.030691,0.9608,0.9802
250000.00,250000.00,254446.03,10,10,10,10,10,0.031806,0.9545,0.9762
250000.00,250000.00,245872.50,11,11,11,11,11,0.030734,0.9536,0.9745
250000.00,250000.00,248861.31,11,11,11,11,11,0.031108,0.9470,0.9791
250000.00,250000.00,255065.92,10,10,10,10,10,0.031883,0.9469,0.9781
125000.00,125000.00,121515.27,9,9,9,9,9,0.015189,0.9134,0.9679
125000.00,125000.00,123258.59,9,9,9,9,9,0.015407,0.9062,0.9463
500000.00,500000.00,500635.15,12,12,12,12,12,0.062579,0.8886,0.9672
250000.00,187500.00,242131.23,11,10,11,10,11,0.030266,0.7960,0.9033
500000.00,500000.00,492424.01,12,12,12,12,12,0.061553,0.9814,0.9809
500000.00,500000.00,498224.26,12,12,12,12,12,0.062278,0.9744,0.9843
250000.00,250000.00,250023.60,11,11,11,11,11,0.031253,0.9715,0.9771
250000.00,250000.00,245822.91,10,10,10,10,10,0.030728,0.9653,0.9706
250000.00,250000.00,252923.97,10,10,10,10,10,0.031615,0.9608,0.9791
500000.00,500000.00,506437.30,12,12,12,12,12,0.063305,0.9558,0.9702
250000.00,250000.00,245893.48,11,11,11,11,11,0.030737,0.9533,0.9792
250000.00,250000.00,242641.45,11,11,11,11,11,0.030330,0.9450,0.9683
500000.00,500000.00,518079.76,12,12,12,12,12,0.064760,0.9443,0.9520
125000.00,125000.00,137635.23,9,9,9,9,9,0.017204,0.9730,0.9072
250000.00,250000.00,245103.84,10,10,10,10,10,0.030638,0.9621,0.9686
500000.00,500000.00,503832.82,12,12,12,12,12,0.062979,0.9617,0.9856
250000.00,250000.00,250385.28,11,11,11,11,11,0.031298,0.9598,0.9895
125000.00,125000.00,124308.59,9,9,9,9,9,0.015539,0.9597,0.9443
500000.00,500000.00,498538.97,12,12,12,12,12,0.062317,0.9569,0.9852
125000.00,125000.00,122507.81,9,9,9,9,9,0.015313,0.9546,0.9438
500000.00,500000.00,503556.25,12,12,12,12,12,0.062945,0.9525,0.9899
250000.00,250000.00,250942.23,10,10,10,10,10,0.031368,0.9180,0.9638
125000.00,125000.00,128896.24,9,9,9,9,9,0.016112,0.9052,0.9579
125000.00,125000.00,132497.79,9,9,9,9,9,0.016562,0.8398,0.9209
250000.00,250000.00,223885.54,12,12,12,12,12,0.027986,0.9624,0.8884
250000.00,250000.00,250797.27,12,12,12,12,12,0.031350,0.9610,0.9846
250000.00,250000.00,252798.08,12,12,12,12,12,0.031600,0.9548,0.9546
250000.00,250000.00,253844.62,12,12,12,12,12,0.031731,0.9477,0.9814
125000.00,125000.00,125934.60,9,9,9,9,9,0.015742,0.9477,0.9695
250000.00,250000.00,249920.85,12,12,12,12,12,0.031240,0.9307,0.9587
500000.00,500000.00,458757.40,11,11,11,11,11,0.057345,0.9054,0.9169
125000.00,125000.00,126240.49,9,9,9,9,9,0.015780,0.8540,0.8198
500000.00,500000.00,500120.16,11,11,11,11,11,0.062515,0.9743,0.9691
500000.00,500000.00,495586.28,11,11,11,11,11,0.061948,0.9740,0.9610
125000.00,125000.00,126317.02,10,10,10,10,10,0.015790,0.9643,0.9317
125000.00,125000.00,124164.10,9,9,9,9,9,0.015521,0.9545,0.9919
250000.00,250000.00,249216.08,12,12,12,12,12,0.031152,0.9529,0.9419
125000.00,125000.00,123395.92,10,10,10,10,10,0.015424,0.9333,0.9476
250000.00,250000.00,250129.70,12,12,12,12,12,0.031266,0.9310,0.9745
500000.00,500000.00,542371.75,11,11,11,11,11,0.067796,0.9212,0.8892
125000.00,125000.00,119840.62,9,9,9,9,9,0.014980,0.9005,0.8724
125000.00,125000.00,127987.86,9,9,9,9,9,0.015998,0.8980,0.9574
250000.00,250000.00,258659.36,12,12,12,12,12,0.032332,0.8313,0.8381
125000.00,125000.00,124613.76,9,9,9,9,9,0.015577,0.7779,0.8427
500000.00,500000.00,496183.40,11,11,11,11,11,0.062023,0.9885,0.9759
500000.00,500000.00,475820.54,11,11,11,11,11,0.059478,0.9796,0.9358
500000.00,500000.00,506213.67,11,11,11,11,11,0.063277,0.9513,0.9548
125000.00,125000.00,122470.86,10,10,10,10,10,0.015309,0.9499,0.9271
250000.00,250000.00,247758.87,12,12,12,12,12,0.030970,0.9445,0.9779
500000.00,500000.00,524291.99,11,11,11,11,11,0.065536,0.9334,0.9499
125000.00,125000.00,124590.87,10,10,10,10,10,0.015574,0.9315,0.9886
125000.00,125000.00,124942.78,10,10,10,10,10,0.015618,0.9312,0.9439
125000.00,125000.00,128576.28,10,10,10,10,10,0.016072,0.9264,0.9684
125000.00,125000.00,124669.31,10,10,10,10,10,0.015584,0.9227,0.9647
125000.00,125000.00,124269.01,9,9,9,9,9,0.015534,0.9076,0.9234
500000.00,500000.00,514707.57,11,11,11,11,11,0.064338,0.9703,0.9710
500000.00,500000.00,487361.79,11,11,11,11,11,0.060920,0.9671,0.9742
125000.00,125000.00,128528.59,10,10,10,10,10,0.016066,0.9497,0.9669
125000.00,125000.00,123215.68,10,10,10,10,10,0.015402,0.9424,0.9508
125000.00,125000.00,122109.41,10,10,10,10,10,0.015264,0.9326,0.9711
125000.00,125000.00,128106.95,9,9,9,9,9,0.016013,0.9145,0.9565
125000.00,125000.00,129614.47,10,10,10,10,10,0.016202,0.8918,0.8883
125000.00,125000.00,129731.18,9,9,9,9,9,0.016216,0.8711,0.9012
125000.00,125000.00,125244.14,9,9,9,9,9,0.015656,0.8290,0.8292
250000.00,250000.00,248458.86,11,11,11,11,11,0.031057,0.9825,0.9894
500000.00,500000.00,495540.62,12,12,12,12,12,0.061943,0.9788,0.9806
250000.00,250000.00,249530.79,11,11,11,11,11,0.031191,0.9735,0.9605
125000.00,125000.00,121758.22,9,9,9,9,9,0.015220,0.9683,0.9714
500000.00,500000.00,502298.36,12,12,12,12,12,0.062787,0.9681,0.9650
250000.00,250000.00,246695.04,10,10,10,10,10,0.030837,0.9675,0.9758
250000.00,250000.00,257375.72,10,10,10,10,10,0.032172,0.9654,0.9688
250000.00,250000.00,254875.18,11,11,11,11,11,0.031859,0.9637,0.9734
125000.00,125000.00,122010.71,9,9,9,9,9,0.015251,0.9579,0.9757
250000.00,250000.00,250593.19,11,11,11,11,11,0.031324,0.9520,0.9903
250000.00,250000.00,253333.09,11,11,11,11,11,0.031667,0.9506,0.9783
250000.00,250000.00,256660.94,11,11,11,11,11,0.032083,0.9397,0.9718
125000.00,125000.00,128486.63,9,9,9,9,9,0.016061,0.8763,0.9649
250000.00,250000.00,263178.35,10,10,10,10,10,0.032897,0.8339,0.9059
250000.00,250000.00,241995.81,10,10,10,10,10,0.030249,0.9581,0.9402
250000.00,250000.00,239292.14,10,10,10,10,10,0.029912,0.9562,0.9019
500000.00,500000.00,498263.24,12,12,12,12,12,0.062283,0.9530,0.9896
250000.00,250000.00,248987.20,10,10,10,10,10,0.031123,0.8540,0.9884
500000.00,500000.00,468242.17,12,12,12,12,12,0.058530,0.7807,0.9298
250000.00,250000.00,245027.54,11,11,11,11,11,0.030628,0.9764,0.9710
250000.00,250000.00,252135.75,11,11,11,11,11,0.031517,0.9718,0.9042
500000.00,500000.00,504158.97,12,12,12,12,12,0.063020,0.9670,0.9655
250000.00,250000.00,251191.14,10,10,10,10,10,0.031399,0.9546,0.9456
500000.00,500000.00,491160.39,12,12,12,12,12,0.061395,0.9499,0.9649
250000.00,250000.00,252096.18,11,11,11,11,11,0.031512,0.9434,0.9881
500000.00,500000.00,499103.55,12,12,12,12,12,0.062388,0.9419,0.9819
125000.00,125000.00,118766.31,9,9,9,9,9,0.014846,0.9359,0.9014
500000.00,500000.00,505476.47,12,12,12,12,12,0.063185,0.9357,0.9796
250000.00,250000.00,249521.26,11,11,11,11,11,0.031190,0.8171,0.9378
125000.00,125000.00,128795.62,9,9,9,9,9,0.016099,0.9846,0.9393
250000.00,250000.00,251045.23,10,10,10,10,10,0.031381,0.9719,0.9907
500000.00,500000.00,491708.52,12,12,12,12,12,0.061464,0.9620,0.9153
125000.00,125000.00,121915.82,9,9,9,9,9,0.015239,0.9477,0.9204
250000.00,250000.00,250874.52,10,10,10,10,10,0.031359,0.9441,0.9911
250000.00,250000.00,251029.97,10,10,10,10,10,0.031379,0.9319,0.9642
250000.00,250000.00,257993.70,10,10,10,10,10,0.032249,0.9248,0.9549
500000.00,500000.00,478745.46,12,12,12,12,12,0.059843,0.8884,0.9278
500000.00,500000.00,499280.93,12,12,12,12,12,0.062410,0.8589,0.9715
125000.00,125000.00,126550.67,9,9,9,9,9,0.015819,0.8585,0.8677
250000.00,187500.00,250820.16,11,10,11,10,11,0.031353,0.8088,0.9411
125000.00,125000.00,131108.28,9,9,9,9,9,0.016389,0.8088,0.8046
250000.00,250000.00,251623.15,12,12,12,12,12,0.031453,0.9085,0.8984
125000.00,125000.00,128485.68,11,11,11,11,11,0.016061,0.8109,0.9642
125000.00,125000.00,152677.54,11,11,12,11,12,0.019085,0.7788,0.8146
250000.00,250000.00,255944.25,12,12,12,12,12,0.031993,0.7672,0.9743
250000.00,250000.00,252924.92,12,12,12,12,12,0.031616,0.9619,0.9875
250000.00,250000.00,260849.00,12,12,12,12,12,0.032606,0.9511,0.9550
250000.00,250000.00,248821.26,11,11,11,11,11,0.031103,0.9475,0.9531
125000.00,125000.00,125263.21,12,12,12,12,12,0.015658,0.8540,0.9720
125000.00,125000.00,125362.40,12,12,12,12,12,0.015670,0.8347,0.9609
250000.00,250000.00,249497.18,11,11,11,11,11,0.031187,0.9626,0.9590
250000.00,250000.00,244502.07,11,11,11,11,11,0.030563,0.9617,0.9656
250000.00,250000.00,256129.74,11,11,11,11,11,0.032016,0.9549,0.9746
250000.00,250000.00,247517.81,12,12,12,12,12,0.030940,0.9272,0.9682
125000.00,125000.00,124739.65,11,11,11,11,11,0.015592,0.9266,0.9629
250000.00,250000.00,247905.25,12,12,12,12,12,0.030988,0.9244,0.9224
250000.00,250000.00,254122.73,12,12,12,12,12,0.031765,0.8959,0.9755
125000.00,125000.00,111403.47,12,12,12,12,12,0.013925,0.8466,0.7495
125000.00,125000.00,129557.61,11,11,11,11,11,0.016195,0.8382,0.9414
125000.00,125000.00,123789.07,12,12,12,12,12,0.015474,0.8106,0.6590
250000.00,250000.00,248303.41,11,11,11,11,11,0.031038,0.8064,0.9881
250000.00,250000.00,247293.47,11,11,11,11,11,0.030912,0.9616,0.9876
250000.00,250000.00,247570.04,11,11,11,11,11,0.030946,0.9577,0.9531
125000.00,125000.00,130506.52,11,11,11,11,11,0.016313,0.9444,0.9428
125000.00,125000.00,128372.19,11,11,11,11,11,0.016047,0.9424,0.9735
250000.00,250000.00,251247.41,11,11,11,11,11,0.031406,0.9419,0.9920
125000.00,125000.00,124296.19,11,11,11,11,11,0.015537,0.9389,0.9919
125000.00,125000.00,128389.24,12,12,12,12,12,0.016049,0.9221,0.9550
250000.00,250000.00,250816.79,11,11,11,11,11,0.031352,0.9014,0.9934
250000.00,250000.00,250984.19,11,11,11,11,11,0.031373,0.8840,0.9744
125000.00,125000.00,124587.06,12,12,12,12,12,0.015573,0.7359,0.8217
125000.00,125000.00,125908.85,11,11,11,11,11,0.015739,0.7312,0.8425
125000.00,125000.00,125974.42,12,12,12,12,12,0.015747,0.7286,0.8129
500000.00,500000.00,580329.90,11,11,11,11,11,0.072541,0.9067,0.8148
125000.00,125000.00,128190.04,12,12,12,12,12,0.016024,0.8924,0.8431
125000.00,125000.00,134319.31,12,12,12,12,12,0.016790,0.8921,0.9275
125000.00,125000.00,131187.44,12,12,12,12,12,0.016398,0.8330,0.9349
500000.00,500000.00,499641.42,11,11,11,11,11,0.062455,0.9885,0.9716
500000.00,500000.00,503190.28,11,11,11,11,11,0.062899,0.9748,0.9855
500000.00,500000.00,495427.13,12,12,12,12,12,0.061928,0.9656,0.9902
500000.00,500000.00,497219.09,12,12,12,12,12,0.062152,0.9616,0.9911
500000.00,500000.00,496113.78,12,12,12,12,12,0.062014,0.9600,0.9871
125000.00,125000.00,122367.62,9,9,9,9,9,0.015296,0.9598,0.9523
125000.00,125000.00,126260.76,9,9,9,9,9,0.015783,0.9500,0.9499
500000.00,500000.00,509984.02,12,12,12,12,12,0.063748,0.9485,0.9744
500000.00,500000.00,506167.53,11,11,11,11,11,0.063271,0.9483,0.9840
500000.00,500000.00,501507.76,12,12,12,12,12,0.062688,0.9218,0.9224
125000.00,125000.00,132289.89,12,12,12,12,12,0.016536,0.9133,0.9439
125000.00,125000.00,130025.39,12,12,12,12,12,0.016253,0.8503,0.9608
125000.00,125000.00,137532.23,9,9,9,9,9,0.017192,0.8329,0.8970
125000.00,187500.00,152368.55,9,10,10,9,9,0.019046,0.8010,0.8017
125000.00,125000.00,109671.83,9,9,9,9,9,0.013709,0.7802,0.7808
500000.00,500000.00,487953.19,11,11,11,11,11,0.060994,0.9768,0.9698
500000.00,500000.00,504433.63,12,12,12,12,12,0.063054,0.9752,0.9846
500000.00,500000.00,503547.67,11,11,11,11,11,0.062943,0.9743,0.9890
500000.00,500000.00,497805.71,12,12,12,12,12,0.062226,0.9674,0.9805
500000.00,500000.00,506431.16,12,12,12,12,12,0.063304,0.9586,0.9853
125000.00,125000.00,122278.21,9,9,9,9,9,0.015285,0.9560,0.9750
125000.00,125000.00,122503.76,9,9,9,9,9,0.015313,0.9090,0.9301
125000.00,125000.00,114844.32,9,9,9,9,9,0.014356,0.8983,0.8394
500000.00,500000.00,500792.50,11,12,12,12,12,0.062599,0.8536,0.8561
500000.00,500000.00,487920.76,12,12,12,12,12,0.060990,0.8487,0.9383
500000.00,500000.00,501153.95,11,11,11,11,11,0.062644,0.9815,0.9910
500000.00,500000.00,503224.37,11,11,11,11,11,0.062903,0.9748,0.9771
500000.00,500000.00,510296.82,11,11,11,11,11,0.063787,0.9578,0.9421
500000.00,500000.00,536897.66,11,11,11,11,11,0.067112,0.9437,0.9274
125000.00,125000.00,129774.09,9,9,9,9,9,0.016222,0.9275,0.9574
125000.00,125000.00,127094.27,12,12,12,12,12,0.015887,0.9272,0.9111
125000.00,125000.00,123296.74,12,12,12,12,12,0.015412,0.9172,0.9552
125000.00,125000.00,122459.41,12,12,12,12,12,0.015307,0.9016,0.8859
125000.00,125000.00,124483.82,12,12,12,12,12,0.015560,0.8975,0.9822
250000.00,250000.00,253984.45,10,10,10,10,10,0.031748,0.9694,0.9384
125000.00,125000.00,120699.41,10,10,10,10,10,0.015087,0.9623,0.9564
250000.00,250000.00,248679.16,12,12,12,12,12,0.031085,0.9597,0.9911
250000.00,250000.00,249301.91,10,10,10,10,10,0.031163,0.9506,0.9737
250000.00,250000.00,249822.62,12,12,12,12,12,0.031228,0.9472,0.9689
125000.00,125000.00,130391.60,11,11,11,11,11,0.016299,0.9269,0.9174
125000.00,125000.00,136350.51,11,11,11,11,11,0.017044,0.8853,0.9120
125000.00,125000.00,127956.15,10,10,10,10,10,0.015995,0.8731,0.9090
125000.00,125000.00,130510.33,10,10,10,10,10,0.016314,0.8570,0.8949
250000.00,250000.00,253884.32,10,10,10,10,10,0.031736,0.9666,0.9673
250000.00,250000.00,248685.42,10,10,10,10,10,0.031086,0.9653,0.9748
125000.00,125000.00,124866.49,10,10,10,10,10,0.015608,0.9472,0.9410
125000.00,125000.00,135852.81,10,10,10,10,10,0.016982,0.9423,0.8651
250000.00,250000.00,244884.97,12,12,12,12,12,0.030611,0.9343,0.9643
250000.00,250000.00,253376.13,12,12,12,12,12,0.031672,0.9335,0.9834
250000.00,250000.00,235353.47,10,10,10,10,10,0.029419,0.9092,0.9106
250000.00,250000.00,243589.88,10,10,10,10,10,0.030449,0.8900,0.9168
125000.00,125000.00,133390.43,10,10,10,10,10,0.016674,0.8741,0.8416
250000.00,250000.00,248470.31,12,12,12,12,12,0.031059,0.8261,0.9605
250000.00,250000.00,249900.82,12,12,12,12,12,0.031238,0.9785,0.9577
250000.00,250000.00,253236.77,10,10,10,10,10,0.031655,0.9698,0.9599
125000.00,125000.00,124246.60,10,10,10,10,10,0.015531,0.9635,0.9312
125000.00,125000.00,120992.84,11,11,11,11,11,0.015124,0.9359,0.9573
250000.00,250000.00,253258.71,12,12,12,12,12,0.031657,0.9292,0.9564
125000.00,125000.00,122674.70,10,10,10,10,10,0.015334,0.9241,0.9334
125000.00,125000.00,121993.30,10,10,10,10,10,0.015249,0.9181,0.9724
250000.00,250000.00,245004.65,12,12,12,12,12,0.030626,0.9091,0.9751
125000.00,125000.00,126394.27,11,11,11,11,11,0.015799,0.9005,0.9273
125000.00,125000.00,127080.92,10,10,10,10,10,0.015885,0.7055,0.9765
250000.00,250000.00,258934.02,10,10,10,10,10,0.032367,0.9770,0.9629
250000.00,250000.00,252008.44,12,12,12,12,12,0.031501,0.9738,0.9848
250000.00,250000.00,247048.38,10,10,10,10,10,0.030881,0.9666,0.9656
250000.00,250000.00,246891.98,10,10,10,10,10,0.030861,0.9638,0.9863
250000.00,250000.00,247608.18,12,12,12,12,12,0.030951,0.9635,0.9788
250000.00,250000.00,253782.75,10,10,10,10,10,0.031723,0.9504,0.9761
125000.00,125000.00,130106.93,11,11,11,11,11,0.016263,0.9348,0.9602
125000.00,125000.00,127836.59,11,11,11,11,11,0.015980,0.9253,0.9173
125000.00,125000.00,124210.60,10,10,10,10,10,0.015526,0.9204,0.9230
125000.00,125000.00,129730.22,11,11,11,11,11,0.016216,0.9180,0.9386
250000.00,250000.00,247870.45,11,11,11,11,11,0.030984,0.9737,0.9589
125000.00,125000.00,126637.46,10,10,10,10,10,0.015830,0.9719,0.9306
500000.00,500000.00,507531.64,11,11,11,11,11,0.063441,0.9643,0.9766
250000.00,250000.00,246855.74,11,11,11,11,11,0.030857,0.9530,0.9841
125000.00,125000.00,122244.83,10,10,10,10,10,0.015281,0.9495,0.9716
125000.00,125000.00,120637.42,10,10,10,10,10,0.015080,0.9373,0.9527
500000.00,500000.00,454580.31,11,11,11,11,11,0.056823,0.9370,0.8819
125000.00,125000.00,126716.61,10,10,10,10,10,0.015840,0.9294,0.9668
500000.00,500000.00,522255.90,11,11,11,11,11,0.065282,0.8892,0.9319
250000.00,250000.00,249749.18,12,12,12,12,12,0.031219,0.8791,0.9710
250000.00,250000.00,242087.36,12,12,12,12,12,0.030261,0.8243,0.9372
250000.00,250000.00,244915.01,11,11,11,11,11,0.030614,0.7808,0.9784
250000.00,250000.00,249521.73,12,12,12,12,12,0.031190,0.7776,0.9669
250000.00,187500.00,226422.31,12,11,12,11,12,0.028303,0.7492,0.9040
500000.00,500000.00,503939.63,11,11,11,11,11,0.062992,0.9840,0.9859
250000.00,250000.00,249614.72,12,12,12,12,12,0.031202,0.9754,0.9574
250000.00,250000.00,257024.77,11,11,11,11,11,0.032128,0.9674,0.9620
125000.00,125000.00,128228.19,10,10,10,10,10,0.016029,0.9573,0.9743
250000.00,250000.00,254698.75,12,12,12,12,12,0.031837,0.9555,0.9434
250000.00,250000.00,258382.32,11,11,11,11,11,0.032298,0.9548,0.9655
250000.00,250000.00,245659.83,12,12,12,12,12,0.030707,0.9541,0.9798
250000.00,250000.00,247070.31,11,11,11,11,11,0.030884,0.9821,0.9718
500000.00,500000.00,503267.29,11,11,11,11,11,0.062908,0.9758,0.9594
250000.00,250000.00,250139.24,11,11,11,11,11,0.031267,0.9677,0.9817
250000.00,250000.00,248782.87,12,12,12,12,12,0.031098,0.9434,0.9850
250000.00,250000.00,249222.76,11,11,11,11,11,0.031153,0.9415,0.9814
125000.00,125000.00,127369.88,10,10,10,10,10,0.015921,0.9102,0.9615
500000.00,500000.00,498580.93,11,11,11,11,11,0.062323,0.9904,0.9650
500000.00,500000.00,505295.75,11,11,11,11,11,0.063162,0.9888,0.9797
250000.00,250000.00,253440.86,12,12,12,12,12,0.031680,0.9839,0.9760
500000.00,500000.00,503563.64,11,11,11,11,11,0.062945,0.9811,0.9885
250000.00,250000.00,243075.85,11,11,11,11,11,0.030384,0.9751,0.9681
250000.00,250000.00,249773.03,11,11,11,11,11,0.031222,0.9710,0.9718
500000.00,500000.00,504294.40,11,11,11,11,11,0.063037,0.9664,0.9818
250000.00,250000.00,263259.89,12,12,12,12,12,0.032907,0.9661,0.9443
500000.00,500000.00,504634.38,11,11,11,11,11,0.063079,0.9639,0.9834
125000.00,125000.00,125052.45,10,10,10,10,10,0.015632,0.9620,0.9391
250000.00,250000.00,253915.79,11,11,11,11,11,0.031739,0.9605,0.9809
250000.00,250000.00,250080.11,12,12,12,12,12,0.031260,0.8920,0.9495
125000.00,125000.00,134969.77,10,10,10,10,10,0.016871,0.8868,0.8872
500000.00,500000.00,497022.63,12,12,12,12,12,0.062128,0.9715,0.9874
500000.00,500000.00,502197.27,12,12,12,12,12,0.062775,0.9611,0.9280
250000.00,250000.00,243707.66,10,10,10,10,10,0.030463,0.9425,0.9516
125000.00,125000.00,133892.06,12,12,12,12,12,0.016737,0.9236,0.9303
125000.00,125000.00,127809.99,9,9,9,9,9,0.015976,0.9065,0.9551
125000.00,125000.00,132668.50,12,12,12,12,12,0.016584,0.8895,0.8867
125000.00,125000.00,127731.32,9,9,9,9,9,0.015966,0.8139,0.8673
250000.00,250000.00,241157.53,10,10,10,10,10,0.030145,0.9654,0.9637
500000.00,500000.00,505352.50,12,12,12,12,12,0.063169,0.9614,0.9579
250000.00,250000.00,247259.14,10,10,10,10,10,0.030907,0.9328,0.9879
500000.00,500000.00,478910.45,12,12,12,12,12,0.059864,0.9184,0.8911
500000.00,500000.00,497593.88,12,12,12,12,12,0.062199,0.9168,0.9659
125000.00,125000.00,129679.20,12,12,12,12,12,0.016210,0.7709,0.9413
125000.00,125000.00,143375.40,12,12,12,12,12,0.017922,0.7440,0.8685
500000.00,500000.00,496103.29,12,12,12,12,12,0.062013,0.9727,0.9805
250000.00,250000.00,251365.66,10,10,10,10,10,0.031421,0.9714,0.9522
250000.00,250000.00,252494.81,10,10,10,10,10,0.031562,0.9681,0.9574
500000.00,500000.00,445640.56,12,12,12,12,12,0.055705,0.9678,0.8880
250000.00,250000.00,253182.41,10,10,10,10,10,0.031648,0.9549,0.9857
125000.00,125000.00,124563.22,12,12,12,12,12,0.015570,0.9490,0.9504
125000.00,125000.00,129654.05,12,12,12,12,12,0.016207,0.9438,0.9579
500000.00,500000.00,420934.68,12,12,12,12,12,0.052617,0.9434,0.8217
125000.00,125000.00,122623.44,9,9,9,9,9,0.015328,0.9240,0.9577
125000.00,125000.00,124057.77,9,9,9,9,9,0.015507,0.9183,0.9369
125000.00,125000.00,113815.90,12,12,12,12,12,0.014227,0.8938,0.7475
125000.00,125000.00,121712.21,12,12,12,12,12,0.015214,0.8755,0.9670
125000.00,125000.00,124479.29,9,9,9,9,9,0.015560,0.8581,0.8342
250000.00,250000.00,235353.47,10,10,10,10,10,0.029419,0.7859,0.9347
250000.00,250000.00,249092.10,10,10,10,10,10,0.031137,0.9747,0.9929
250000.00,250000.00,249520.30,10,10,10,10,10,0.031190,0.9735,0.9644
250000.00,250000.00,247201.92,10,10,10,10,10,0.030900,0.9667,0.9852
125000.00,125000.00,123992.92,9,9,9,9,9,0.015499,0.9538,0.9509
125000.00,125000.00,127221.58,9,9,9,9,9,0.015903,0.9471,0.9811
500000.00,500000.00,500101.09,12,12,12,12,12,0.062513,0.9345,0.9733
500000.00,500000.00,505279.54,12,12,12,12,12,0.063160,0.9143,0.9882
125000.00,125000.00,123142.72,9,9,9,9,9,0.015393,0.8612,0.8961
500000.00,500000.00,501834.03,12,12,12,12,12,0.062729,0.8373,0.9787
125000.00,125000.00,125991.82,9,9,9,9,9,0.015749,0.7057,0.6928
250000.00,250000.00,248418.81,12,12,12,12,12,0.031052,0.9515,0.9678
125000.00,125000.00,125796.32,9,9,9,9,9,0.015725,0.9460,0.9690
250000.00,250000.00,250062.94,12,12,12,12,12,0.031258,0.9418,0.9814
125000.00,125000.00,125400.54,10,10,10,10,10,0.015675,0.9380,0.9636
125000.00,125000.00,121099.95,9,9,9,9,9,0.015137,0.9319,0.9181
250000.00,250000.00,236131.31,12,12,12,12,12,0.029516,0.9303,0.8939
125000.00,125000.00,124785.18,10,10,10,10,10,0.015598,0.8986,0.9740
125000.00,125000.00,129536.15,11,11,11,11,11,0.016192,0.8932,0.9471
125000.00,125000.00,122637.75,11,11,11,11,11,0.015330,0.8780,0.9046
125000.00,125000.00,126558.30,9,9,9,9,9,0.015820,0.8325,0.8752
125000.00,125000.00,127003.67,10,10,10,10,10,0.015875,0.7228,0.7686
125000.00,125000.00,127918.00,9,9,9,9,9,0.015990,0.9562,0.9534
250000.00,250000.00,251190.19,12,12,12,12,12,0.031399,0.9311,0.9694
125000.00,125000.00,120525.84,11,11,11,11,11,0.015066,0.9304,0.9613
125000.00,125000.00,130537.03,9,9,9,9,9,0.016317,0.9194,0.9210
250000.00,250000.00,249074.94,12,12,12,12,12,0.031134,0.9161,0.9648
125000.00,125000.00,124275.21,10,10,10,10,10,0.015534,0.9059,0.9756
125000.00,125000.00,123966.22,10,10,10,10,10,0.015496,0.8842,0.9909
125000.00,125000.00,125321.87,9,9,9,9,9,0.015665,0.9795,0.9499
250000.00,250000.00,249862.91,12,12,12,12,12,0.031233,0.9707,0.9659
125000.00,125000.00,125646.59,10,10,10,10,10,0.015706,0.9572,0.9725
125000.00,125000.00,126650.81,11,11,11,11,11,0.015831,0.9536,0.9111
250000.00,250000.00,249357.22,12,12,12,12,12,0.031170,0.9493,0.9866
125000.00,125000.00,122208.60,10,10,10,10,10,0.015276,0.9478,0.9691
125000.00,125000.00,129465.10,11,11,11,11,11,0.016183,0.9129,0.9635
125000.00,125000.00,129849.43,11,11,11,11,11,0.016231,0.9082,0.9550
125000.00,125000.00,125885.61,10,10,10,10,10,0.015736,0.9056,0.9427
125000.00,125000.00,124525.07,11,11,11,11,11,0.015566,0.9017,0.9481
125000.00,125000.00,131938.93,9,9,9,9,9,0.016492,0.7212,0.7330
125000.00,125000.00,128070.35,10,10,10,10,10,0.016009,0.7060,0.7986
125000.00,125000.00,127670.29,10,10,10,10,10,0.015959,0.7002,0.6363
250000.00,250000.00,249471.66,12,12,12,12,12,0.031184,0.9713,0.9812
125000.00,125000.00,126894.00,9,9,9,9,9,0.015862,0.9480,0.9358
250000.00,250000.00,252871.04,12,12,12,12,12,0.031609,0.9416,0.9666
125000.00,125000.00,124740.60,9,9,9,9,9,0.015593,0.9309,0.9627
125000.00,125000.00,128454.21,11,11,11,11,11,0.016057,0.8208,0.8171
125000.00,125000.00,131840.11,10,10,10,10,10,0.016480,0.7850,0.9422
125000.00,125000.00,120532.04,9,9,9,9,9,0.015067,0.7508,0.9524
125000.00,125000.00,121877.67,9,9,9,9,9,0.015235,0.7478,0.7934
125000.00,125000.00,126577.38,11,11,11,11,11,0.015822,0.7103,0.6946
500000.00,500000.00,497287.75,12,12,12,12,12,0.062161,0.9642,0.9937
250000.00,250000.00,253824.00,11,11,11,11,11,0.031728,0.9633,0.9747
500000.00,500000.00,500480.65,12,12,12,12,12,0.062560,0.9493,0.9854
125000.00,125000.00,123640.06,11,11,11,11,11,0.015455,0.9439,0.9366
125000.00,125000.00,121320.72,11,11,11,11,11,0.015165,0.9437,0.9688
250000.00,250000.00,253221.51,11,11,11,11,11,0.031653,0.9329,0.9857
125000.00,125000.00,121817.59,12,12,12,12,12,0.015227,0.9313,0.9272
500000.00,500000.00,504570.96,12,12,12,12,12,0.063071,0.9280,0.9603
500000.00,500000.00,510513.31,12,12,12,12,12,0.063814,0.9237,0.9739
125000.00,125000.00,127383.23,12,12,12,12,12,0.015923,0.9117,0.9664
125000.00,125000.00,124284.74,11,11,11,11,11,0.015536,0.8375,0.8441
125000.00,125000.00,128508.57,12,12,12,12,12,0.016064,0.8094,0.8692
250000.00,250000.00,250472.55,11,11,11,11,11,0.031309,0.9830,0.9589
250000.00,250000.00,251454.35,11,11,11,11,11,0.031432,0.9691,0.9643
500000.00,500000.00,504783.63,12,12,12,12,12,0.063098,0.9574,0.9687
250000.00,250000.00,253390.31,11,11,11,11,11,0.031674,0.9415,0.9768
125000.00,125000.00,125214.58,11,11,11,11,11,0.015652,0.9203,0.9441
125000.00,125000.00,129045.49,12,12,12,12,12,0.016131,0.9064,0.9664
125000.00,125000.00,120527.27,12,12,12,12,12,0.015066,0.8982,0.9596
500000.00,500000.00,495749.47,12,12,12,12,12,0.061969,0.9757,0.9856
500000.00,500000.00,503712.65,12,12,12,12,12,0.062964,0.9558,0.9437
125000.00,125000.00,127382.28,11,11,11,11,11,0.015923,0.9531,0.9374
250000.00,250000.00,249313.35,11,11,11,11,11,0.031164,0.9498,0.9954
250000.00,250000.00,247747.42,11,11,11,11,11,0.030968,0.9443,0.9885
125000.00,125000.00,120797.40,12,12,12,12,12,0.015100,0.9253,0.9090
500000.00,500000.00,513064.38,12,12,12,12,12,0.064133,0.9232,0.9725
250000.00,250000.00,255195.62,11,11,11,11,11,0.031899,0.9110,0.9721
125000.00,125000.00,128604.89,12,12,12,12,12,0.016076,0.8925,0.9655
125000.00,125000.00,127596.38,12,12,12,12,12,0.015950,0.8772,0.9378
125000.00,125000.00,129743.58,11,11,11,11,11,0.016218,0.8612,0.8850
250000.00,250000.00,249850.75,11,11,11,11,11,0.031231,0.8371,0.9131
500000.00,500000.00,498660.33,12,12,12,12,12,0.062333,0.9715,0.9870
250000.00,250000.00,249967.81,11,11,11,11,11,0.031246,0.9581,0.9240
500000.00,500000.00,494430.54,12,12,12,12,12,0.061804,0.9501,0.9796
250000.00,250000.00,254142.52,11,11,11,11,11,0.031768,0.9471,0.9808
125000.00,125000.00,125849.72,11,11,11,11,11,0.015731,0.8595,0.9895
125000.00,125000.00,122552.87,12,12,12,12,12,0.015319,0.8521,0.9756
250000.00,250000.00,252099.04,11,11,11,11,11,0.031512,0.9579,0.9720
250000.00,250000.00,232196.57,12,12,12,12,12,0.029025,0.9576,0.9274
250000.00,250000.00,249967.58,11,11,11,11,11,0.031246,0.9527,0.9549
125000.00,125000.00,124104.50,12,12,12,12,12,0.015513,0.9203,0.9653
250000.00,250000.00,248043.06,12,12,12,12,12,0.031005,0.9149,0.9675
250000.00,250000.00,252666.47,12,12,12,12,12,0.031583,0.8739,0.9874
500000.00,500000.00,510314.94,11,11,11,11,11,0.063789,0.8416,0.9662
125000.00,125000.00,121387.96,12,12,12,12,12,0.015173,0.7024,0.7945
500000.00,500000.00,508874.89,11,11,11,11,11,0.063609,0.9852,0.9792
500000.00,500000.00,503801.35,11,11,11,11,11,0.062975,0.9764,0.9882
250000.00,250000.00,247956.28,11,11,11,11,11,0.030995,0.9685,0.9742
250000.00,250000.00,251132.49,11,11,11,11,11,0.031392,0.9659,0.9845
500000.00,500000.00,511744.50,11,11,11,11,11,0.063968,0.9597,0.9747
250000.00,250000.00,250734.09,11,11,11,11,11,0.031342,0.9589,0.9790
250000.00,250000.00,224104.88,12,12,12,12,12,0.028013,0.9545,0.8938
250000.00,250000.00,252310.75,12,12,12,12,12,0.031539,0.9385,0.9049
500000.00,500000.00,519219.40,11,11,11,11,11,0.064902,0.9258,0.9419
250000.00,250000.00,252019.41,11,11,11,11,11,0.031502,0.9238,0.9837
250000.00,250000.00,247589.32,12,12,12,12,12,0.030949,0.9100,0.9883
125000.00,125000.00,122354.51,12,12,12,12,12,0.015294,0.8174,0.9646
125000.00,125000.00,120332.72,12,12,12,12,12,0.015042,0.7613,0.8509
250000.00,250000.00,248251.68,12,12,12,12,12,0.031031,0.9566,0.9891
250000.00,250000.00,248080.25,11,11,11,11,11,0.031010,0.9483,0.9693
500000.00,500000.00,511917.00,11,11,11,11,11,0.063990,0.9418,0.9557
250000.00,250000.00,241580.96,12,12,12,12,12,0.030198,0.8288,0.9531
125000.00,125000.00,124904.63,12,12,12,12,12,0.015613,0.7476,0.6024
500000.00,500000.00,506261.83,11,11,11,11,11,0.063283,0.9796,0.9842
500000.00,500000.00,506380.08,11,11,11,11,11,0.063298,0.9725,0.9840
500000.00,500000.00,506892.20,11,11,11,11,11,0.063362,0.9494,0.9505
250000.00,250000.00,248216.63,12,12,12,12,12,0.031027,0.9470,0.9870
250000.00,250000.00,247401.24,11,11,11,11,11,0.030925,0.9460,0.9820
250000.00,250000.00,247780.32,11,11,11,11,11,0.030973,0.9325,0.9461
250000.00,250000.00,251379.97,11,11,11,11,11,0.031422,0.9251,0.9288
125000.00,125000.00,134353.64,12,12,12,12,12,0.016794,0.8540,0.8040
125000.00,125000.00,128088.47,12,12,12,12,12,0.016011,0.7834,0.7244
500000.00,500000.00,500585.56,11,11,11,11,11,0.062573,0.9770,0.9881
250000.00,250000.00,248848.92,10,10,10,10,10,0.031106,0.9762,0.9755
500000.00,500000.00,503559.11,11,11,11,11,11,0.062945,0.9735,0.9908
500000.00,500000.00,500123.02,12,12,12,12,12,0.062515,0.9622,0.9960
500000.00,500000.00,491174.70,12,12,12,12,12,0.061397,0.9570,0.9614
500000.00,500000.00,506464.72,12,12,12,12,12,0.063308,0.9520,0.9856
250000.00,250000.00,240048.89,10,10,10,10,10,0.030006,0.8674,0.9277
500000.00,500000.00,514008.28,11,11,11,11,11,0.064251,0.8544,0.9674
250000.00,250000.00,252743.01,10,10,10,10,10,0.031593,0.8137,0.9564
500000.00,500000.00,500300.41,12,12,12,12,12,0.062538,0.9793,0.9901
500000.00,500000.00,500694.75,12,12,12,12,12,0.062587,0.9687,0.9840
250000.00,250000.00,253887.18,10,10,10,10,10,0.031736,0.9672,0.9645
250000.00,250000.00,251762.39,10,10,10,10,10,0.031470,0.9635,0.9843
500000.00,500000.00,506306.89,11,11,11,11,11,0.063288,0.9604,0.9826
250000.00,250000.00,244749.07,10,10,10,10,10,0.030594,0.9446,0.9744
125000.00,125000.00,127528.19,12,12,12,12,12,0.015941,0.9182,0.9745
125000.00,125000.00,121974.95,12,12,12,12,12,0.015247,0.9113,0.9738
500000.00,500000.00,511448.38,11,11,11,11,11,0.063931,0.9088,0.9563
250000.00,250000.00,242422.22,10,10,10,10,10,0.030303,0.8342,0.9547
125000.00,125000.00,129885.67,12,12,12,12,12,0.016236,0.7533,0.9452
500000.00,500000.00,498305.05,12,12,12,12,12,0.062288,0.9835,0.9849
500000.00,500000.00,496413.23,11,11,11,11,11,0.062052,0.9745,0.9871
250000.00,250000.00,248418.09,10,10,10,10,10,0.031052,0.9708,0.9874
500000.00,500000.00,504245.76,11,11,11,11,11,0.063031,0.9698,0.9827
250000.00,250000.00,251733.78,10,10,10,10,10,0.031467,0.9676,0.9684
500000.00,500000.00,503017.19,12,12,12,12,12,0.062877,0.9663,0.9918
500000.00,500000.00,498686.79,12,12,12,12,12,0.062336,0.9641,0.9836
250000.00,250000.00,249899.86,10,10,10,10,10,0.031237,0.9602,0.9523
250000.00,250000.00,248440.15,10,10,10,10,10,0.031055,0.9498,0.9860
125000.00,125000.00,125263.21,12,12,12,12,12,0.015658,0.9386,0.9289
125000.00,125000.00,125899.31,12,12,12,12,12,0.015737,0.9358,0.9584
500000.00,500000.00,515519.62,11,11,11,11,11,0.064440,0.8978,0.9607
125000.00,125000.00,131878.38,12,12,12,12,12,0.016485,0.8429,0.9440
125000.00,125000.00,122638.70,12,12,12,12,12,0.015330,0.8268,0.9778
500000.00,500000.00,499224.90,11,11,11,11,11,0.062403,0.9845,0.9713
500000.00,500000.00,507892.61,11,11,11,11,11,0.063487,0.9804,0.9842
500000.00,500000.00,505112.65,11,11,11,11,11,0.063139,0.9738,0.9883
500000.00,500000.00,499677.06,12,12,12,12,12,0.062460,0.9693,0.9748
500000.00,500000.00,494581.22,12,12,12,12,12,0.061823,0.9541,0.9849
500000.00,500000.00,492302.89,12,12,12,12,12,0.061538,0.9485,0.9789
125000.00,125000.00,126626.97,12,12,12,12,12,0.015828,0.9045,0.8869
125000.00,125000.00,127347.23,12,12,12,12,12,0.015918,0.8664,0.9337
250000.00,250000.00,249853.13,11,11,11,11,11,0.031232,0.9574,0.9893
125000.00,125000.00,125558.61,9,9,9,9,9,0.015695,0.9568,0.9768
125000.00,125000.00,123211.15,10,10,10,10,10,0.015401,0.9566,0.9430
250000.00,250000.00,251664.16,11,11,11,11,11,0.031458,0.9447,0.9793
250000.00,250000.00,252480.51,11,11,11,11,11,0.031560,0.9387,0.9853
250000.00,250000.00,266781.81,11,11,11,11,11,0.033348,0.9353,0.8524
125000.00,125000.00,126243.59,9,9,9,9,9,0.015780,0.9302,0.9501
250000.00,250000.00,233613.97,11,11,11,11,11,0.029202,0.9213,0.9340
125000.00,125000.00,126431.47,9,9,9,9,9,0.015804,0.8996,0.9010
125000.00,125000.00,124284.74,9,9,9,9,9,0.015536,0.8967,0.8212
125000.00,125000.00,127361.30,11,11,11,11,11,0.015920,0.8934,0.9079
125000.00,125000.00,125306.13,10,10,10,10,10,0.015663,0.8413,0.9597
125000.00,125000.00,104444.50,10,10,10,9,9,0.013056,0.8327,0.6230
125000.00,125000.00,124172.69,9,9,9,9,9,0.015522,0.9661,0.9463
250000.00,250000.00,247445.11,11,11,11,11,11,0.030931,0.9637,0.9678
125000.00,125000.00,127390.38,9,9,9,9,9,0.015924,0.9544,0.9255
250000.00,250000.00,248408.32,11,11,11,11,11,0.031051,0.9538,0.9932
250000.00,250000.00,255936.62,11,11,11,11,11,0.031992,0.9498,0.9582
250000.00,250000.00,249677.66,11,11,11,11,11,0.031210,0.9423,0.9865
125000.00,125000.00,124750.14,10,10,10,10,10,0.015594,0.9344,0.9383
125000.00,125000.00,124586.58,11,11,11,11,11,0.015573,0.9162,0.9617
125000.00,125000.00,125706.67,11,11,11,11,11,0.015713,0.9135,0.9432
125000.00,125000.00,123453.14,11,11,11,11,11,0.015432,0.9117,0.9811
250000.00,250000.00,252697.47,11,11,11,11,11,0.031587,0.9088,0.8848
125000.00,125000.00,128822.33,11,11,11,11,11,0.016103,0.7322,0.8208
125000.00,125000.00,132923.13,11,11,11,11,11,0.016615,0.7125,0.8940
125000.00,125000.00,130527.50,9,9,9,9,9,0.016316,0.9629,0.9395
125000.00,125000.00,123570.44,10,10,10,10,10,0.015446,0.9610,0.9701
250000.00,250000.00,246926.31,11,11,11,11,11,0.030866,0.9474,0.9595
125000.00,125000.00,121197.70,10,10,10,10,10,0.015150,0.9269,0.9686
125000.00,125000.00,123406.89,11,11,11,11,11,0.015426,0.9109,0.9802
125000.00,125000.00,125173.57,10,10,10,10,10,0.015647,0.8807,0.9612
125000.00,125000.00,126855.85,9,9,9,9,9,0.015857,0.8010,0.9501
125000.00,125000.00,125700.00,11,11,11,11,11,0.015712,0.7493,0.6713
125000.00,125000.00,124078.75,9,9,9,9,9,0.015510,0.9631,0.9361
125000.00,125000.00,122756.96,10,10,10,10,10,0.015345,0.9488,0.9734
125000.00,125000.00,126400.47,11,11,11,11,11,0.015800,0.8879,0.9795
125000.00,125000.00,126911.64,10,10,10,10,10,0.015864,0.8038,0.7725
125000.00,125000.00,129129.41,10,10,10,10,10,0.016141,0.7248,0.7791
125000.00,125000.00,125438.81,11,11,11,11,11,0.015680,0.7106,0.9382
250000.00,250000.00,249715.81,11,11,11,11,11,0.031214,0.9719,0.9663
500000.00,500000.00,500359.54,11,11,11,11,11,0.062545,0.9702,0.9843
250000.00,250000.00,240660.19,10,10,10,10,10,0.030083,0.9667,0.9609
250000.00,250000.00,245124.82,11,11,11,11,11,0.030641,0.9609,0.9679
250000.00,250000.00,251415.25,10,10,10,10,10,0.031427,0.9566,0.9601
125000.00,125000.00,121976.85,9,9,9,9,9,0.015247,0.9517,0.9730
250000.00,250000.00,255420.21,10,10,10,10,10,0.031928,0.9507,0.9691
125000.00,125000.00,124243.74,9,9,9,9,9,0.015530,0.9494,0.9603
250000.00,250000.00,250408.17,11,11,11,11,11,0.031301,0.9451,0.9805
250000.00,250000.00,252034.78,11,11,11,11,11,0.031504,0.9436,0.9672
250000.00,250000.00,250536.92,11,11,11,11,11,0.031317,0.8710,0.9621
125000.00,125000.00,124359.13,9,9,9,9,9,0.015545,0.8024,0.9242
250000.00,250000.00,252477.65,10,10,10,10,10,0.031560,0.9857,0.9727
250000.00,250000.00,252923.97,11,11,11,11,11,0.031615,0.9803,0.9833
500000.00,500000.00,500663.76,11,11,11,11,11,0.062583,0.9688,0.9830
250000.00,250000.00,249439.24,10,10,10,10,10,0.031180,0.9646,0.9764
125000.00,125000.00,126112.94,9,9,9,9,9,0.015764,0.9463,0.9537
250000.00,250000.00,251430.51,11,11,11,11,11,0.031429,0.9463,0.9812
125000.00,125000.00,125893.59,9,9,9,9,9,0.015737,0.9237,0.9649
125000.00,125000.00,126649.38,9,9,9,9,9,0.015831,0.9013,0.9211
125000.00,125000.00,122412.68,9,9,9,9,9,0.015302,0.8051,0.7280
500000.00,500000.00,499223.71,11,11,11,11,11,0.062403,0.9824,0.9940
500000.00,500000.00,509090.42,11,11,11,11,11,0.063636,0.9774,0.9753
500000.00,500000.00,493742.94,11,11,11,11,11,0.061718,0.9755,0.9736
500000.00,500000.00,499063.49,11,11,11,11,11,0.062383,0.9742,0.9761
250000.00,250000.00,251110.08,10,10,10,10,10,0.031389,0.9738,0.9876
500000.00,500000.00,500600.81,11,11,11,11,11,0.062575,0.9660,0.9932
250000.00,250000.00,253083.23,10,10,10,10,10,0.031635,0.9651,0.9579
500000.00,500000.00,505019.19,11,11,11,11,11,0.063127,0.9640,0.9834
250000.00,250000.00,257045.75,11,11,11,11,11,0.032131,0.9483,0.9689
250000.00,250000.00,251225.47,11,11,11,11,11,0.031403,0.9370,0.9516
250000.00,250000.00,245501.52,10,10,10,10,10,0.030688,0.8973,0.9292
250000.00,250000.00,252367.02,10,10,10,10,10,0.031546,0.9670,0.9849
250000.00,250000.00,248377.80,10,10,10,10,10,0.031047,0.9656,0.9744
250000.00,250000.00,248460.77,11,11,11,11,11,0.031058,0.9458,0.9411
125000.00,125000.00,123662.95,9,9,9,9,9,0.015458,0.9323,0.9286
250000.00,250000.00,244800.57,11,11,11,11,11,0.030600,0.9150,0.9656
125000.00,125000.00,125705.72,9,9,9,9,9,0.015713,0.9138,0.9085
125000.00,125000.00,128894.81,9,9,9,9,9,0.016112,0.9090,0.9479
125000.00,125000.00,124683.38,9,9,9,9,9,0.015585,0.8916,0.9204
500000.00,500000.00,461322.31,11,11,11,11,11,0.057665,0.8581,0.9126
500000.00,500000.00,483798.03,11,11,11,11,11,0.060475,0.7298,0.9227
500000.00,500000.00,495707.51,12,12,12,12,12,0.061963,0.9723,0.9821
500000.00,500000.00,502660.75,12,12,12,12,12,0.062833,0.9652,0.9627
500000.00,500000.00,503905.53,12,12,12,12,12,0.062988,0.9646,0.9898
250000.00,250000.00,250751.73,12,12,12,12,12,0.031344,0.9477,0.9604
125000.00,125000.00,127569.20,12,12,12,12,12,0.015946,0.9366,0.9714
250000.00,250000.00,253464.70,12,12,12,12,12,0.031683,0.9337,0.9126
125000.00,125000.00,123139.38,12,12,12,12,12,0.015392,0.8826,0.9256
125000.00,125000.00,127058.98,11,11,11,11,11,0.015882,0.7882,0.8020
125000.00,125000.00,136301.99,12,12,12,12,12,0.017038,0.7041,0.6753
500000.00,500000.00,499159.81,12,12,12,12,12,0.062395,0.9763,0.9858
500000.00,500000.00,499137.88,12,12,12,12,12,0.062392,0.9712,0.9868
500000.00,500000.00,497424.24,12,12,12,12,12,0.062178,0.9686,0.9783
500000.00,500000.00,507309.02,12,12,12,12,12,0.063414,0.9601,0.9705
250000.00,250000.00,242631.91,12,12,12,12,12,0.030329,0.9516,0.9624
250000.00,250000.00,253341.20,12,12,12,12,12,0.031668,0.9504,0.9853
125000.00,125000.00,119230.27,12,12,12,12,12,0.014904,0.9449,0.9360
500000.00,500000.00,499753.95,12,12,12,12,12,0.062469,0.9427,0.9915
250000.00,250000.00,250166.89,12,12,12,12,12,0.031271,0.9370,0.9569
125000.00,125000.00,120801.45,11,11,11,11,11,0.015100,0.9200,0.9541
125000.00,125000.00,124285.70,11,11,11,11,11,0.015536,0.9104,0.9886
125000.00,125000.00,118627.55,12,12,12,12,12,0.014828,0.8628,0.9407
125000.00,125000.00,126629.73,12,12,12,12,12,0.015829,0.8422,0.9697
500000.00,500000.00,499141.69,12,12,12,12,12,0.062393,0.9617,0.9830
250000.00,250000.00,250592.47,12,12,12,12,12,0.031324,0.9598,0.9743
500000.00,500000.00,500379.56,12,12,12,12,12,0.062547,0.9585,0.9873
125000.00,125000.00,124129.30,11,11,11,11,11,0.015516,0.9390,0.9124
125000.00,125000.00,124735.36,11,11,11,11,11,0.015592,0.9341,0.9667
500000.00,500000.00,496354.10,12,12,12,12,12,0.062044,0.9323,0.9692
125000.00,125000.00,126296.52,11,11,11,11,11,0.015787,0.9277,0.9817
125000.00,125000.00,126820.56,11,11,11,11,11,0.015853,0.9156,0.9565
125000.00,125000.00,130330.09,12,12,12,12,12,0.016291,0.9092,0.9555
125000.00,125000.00,135790.82,11,11,11,11,11,0.016974,0.8395,0.9127
250000.00,250000.00,246295.45,12,12,12,12,12,0.030787,0.9705,0.9767
250000.00,250000.00,250891.69,12,12,12,12,12,0.031361,0.9702,0.9918
250000.00,250000.00,245639.80,12,12,12,12,12,0.030705,0.9670,0.9756
125000.00,125000.00,120358.23,12,12,12,12,12,0.015045,0.8463,0.9141
125000.00,125000.00,131689.07,11,11,11,11,11,0.016461,0.8364,0.8362
250000.00,250000.00,248219.01,10,10,10,10,10,0.031027,0.9698,0.9899
250000.00,250000.00,249575.14,12,12,12,12,12,0.031197,0.9665,0.9810
125000.00,125000.00,124740.84,10,10,10,10,10,0.015593,0.9595,0.9773
500000.00,500000.00,498212.81,11,11,11,11,11,0.062277,0.9536,0.9899
125000.00,125000.00,124542.24,10,10,10,10,10,0.015568,0.9466,0.9449
125000.00,125000.00,123224.26,10,10,10,10,10,0.015403,0.9418,0.9548
250000.00,250000.00,248075.72,10,10,10,10,10,0.031009,0.9285,0.9892
250000.00,250000.00,251049.04,12,12,12,12,12,0.031381,0.9275,0.9475
125000.00,125000.00,123823.17,10,10,10,10,10,0.015478,0.9101,0.9765
250000.00,250000.00,248195.65,12,12,12,12,12,0.031024,0.8804,0.9348
500000.00,500000.00,505511.40,11,11,11,11,11,0.063189,0.9816,0.9871
500000.00,500000.00,501387.60,11,11,11,11,11,0.062673,0.9753,0.9707
125000.00,125000.00,126052.86,10,10,10,10,10,0.015757,0.9695,0.9025
250000.00,250000.00,252685.19,12,12,12,12,12,0.031586,0.9581,0.9836
500000.00,500000.00,503530.50,11,11,11,11,11,0.062941,0.9502,0.9301
125000.00,125000.00,123514.18,10,10,10,10,10,0.015439,0.9483,0.9862
250000.00,250000.00,244923.59,12,12,12,12,12,0.030615,0.9421,0.8816
250000.00,250000.00,254376.41,12,12,12,12,12,0.031797,0.9349,0.9419
500000.00,500000.00,532367.71,11,11,11,11,11,0.066546,0.8627,0.9289
500000.00,500000.00,502915.38,11,11,11,11,11,0.062864,0.7978,0.9019
500000.00,500000.00,494272.23,11,11,11,11,11,0.061784,0.9804,0.9865
250000.00,250000.00,245045.66,10,10,10,10,10,0.030631,0.9741,0.9412
250000.00,250000.00,247919.08,10,10,10,10,10,0.030990,0.9569,0.9898
250000.00,250000.00,252496.72,10,10,10,10,10,0.031562,0.9550,0.9847
250000.00,250000.00,249951.84,10,10,10,10,10,0.031244,0.9483,0.9811
250000.00,250000.00,266272.54,12,12,12,12,12,0.033284,0.9457,0.9123
250000.00,250000.00,249659.54,12,12,12,12,12,0.031207,0.9362,0.9128
250000.00,250000.00,255579.95,12,12,12,12,12,0.031947,0.8849,0.9675
500000.00,500000.00,501186.37,11,11,11,11,11,0.062648,0.9782,0.9833
125000.00,125000.00,128866.94,10,10,10,10,10,0.016108,0.9739,0.9320
250000.00,250000.00,249656.68,10,10,10,10,10,0.031207,0.9712,0.9744
250000.00,250000.00,249137.88,10,10,10,10,10,0.031142,0.9688,0.9529
250000.00,250000.00,252338.41,10,10,10,10,10,0.031542,0.9664,0.9607
250000.00,250000.00,252306.94,10,10,10,10,10,0.031538,0.9617,0.9888
250000.00,250000.00,249406.81,12,12,12,12,12,0.031176,0.9603,0.9377
500000.00,500000.00,500919.34,11,11,11,11,11,0.062615,0.9590,0.9893
500000.00,500000.00,494465.83,11,11,11,11,11,0.061808,0.9565,0.9498
500000.00,500000.00,498484.61,11,11,11,11,11,0.062311,0.9410,0.9718
125000.00,125000.00,127491.00,10,10,10,10,10,0.015936,0.9297,0.9685
125000.00,125000.00,126258.85,10,10,10,10,10,0.015782,0.9294,0.9489
500000.00,500000.00,499588.01,12,12,12,12,12,0.062449,0.9692,0.9855
500000.00,500000.00,498806.95,12,12,12,12,12,0.062351,0.9607,0.9733
500000.00,500000.00,501332.82,12,12,12,12,12,0.062667,0.9380,0.9904
125000.00,125000.00,127356.05,12,12,12,12,12,0.015920,0.9349,0.9501
125000.00,125000.00,127876.76,11,11,11,11,11,0.015985,0.9165,0.9665
125000.00,125000.00,124534.61,12,12,12,12,12,0.015567,0.9130,0.9886
125000.00,125000.00,126082.42,12,12,12,12,12,0.015760,0.8995,0.9802
125000.00,125000.00,139530.18,10,11,11,11,11,0.017441,0.8926,0.6880
125000.00,125000.00,127157.21,11,11,11,11,11,0.015895,0.8697,0.9803
500000.00,500000.00,506330.49,12,12,12,12,12,0.063291,0.9726,0.9845
125000.00,125000.00,122084.98,10,10,10,10,10,0.015261,0.9476,0.9722
125000.00,125000.00,118990.90,11,11,11,11,11,0.014874,0.9323,0.9510
125000.00,125000.00,120816.23,12,12,12,12,12,0.015102,0.9204,0.9644
125000.00,125000.00,123130.80,12,12,12,12,12,0.015391,0.8895,0.9642
125000.00,125000.00,124664.31,10,10,10,10,10,0.015583,0.8663,0.9628
125000.00,125000.00,133644.58,10,10,10,10,10,0.016706,0.8459,0.9319
125000.00,125000.00,124910.83,10,10,10,10,10,0.015614,0.7854,0.8942
500000.00,500000.00,498965.26,12,12,12,12,12,0.062371,0.9740,0.9971
125000.00,125000.00,121593.48,10,10,10,10,10,0.015199,0.9681,0.9024
500000.00,500000.00,503098.96,12,12,12,12,12,0.062887,0.9573,0.9875
500000.00,500000.00,498108.86,12,12,12,12,12,0.062264,0.9311,0.9809
500000.00,500000.00,495512.72,12,12,12,12,12,0.061939,0.9276,0.9237
125000.00,125000.00,124224.42,11,11,11,11,11,0.015528,0.9199,0.9447
125000.00,125000.00,124772.07,11,11,11,11,11,0.015597,0.8989,0.9454
125000.00,125000.00,128778.46,11,11,11,11,11,0.016097,0.8422,0.8756
125000.00,125000.00,130941.39,12,12,12,12,12,0.016368,0.7905,0.7571
125000.00,125000.00,125196.99,12,12,12,12,12,0.015650,0.7158,0.8207
125000.00,125000.00,131241.22,10,10,10,10,10,0.016405,0.7003,0.6925
500000.00,500000.00,508899.99,12,12,12,12,12,0.063612,0.9816,0.9731
500000.00,500000.00,501628.88,12,12,12,12,12,0.062704,0.9625,0.9799
125000.00,125000.00,123075.49,10,10,10,10,10,0.015384,0.9603,0.9387
500000.00,500000.00,493763.92,12,12,12,12,12,0.061720,0.9572,0.9767
125000.00,125000.00,124694.82,10,10,10,10,10,0.015587,0.9391,0.9693
125000.00,125000.00,121921.54,11,11,11,11,11,0.015240,0.9385,0.9238
125000.00,125000.00,124284.74,11,11,11,11,11,0.015536,0.9276,0.9763
125000.00,125000.00,121878.62,11,11,11,11,11,0.015235,0.9238,0.9726
125000.00,125000.00,113000.87,12,12,12,12,12,0.014125,0.8408,0.8347
250000.00,250000.00,251075.27,12,12,12,12,12,0.031384,0.9637,0.9875
250000.00,250000.00,252754.21,10,10,10,10,10,0.031594,0.9595,0.9437
250000.00,250000.00,248924.26,10,10,10,10,10,0.031116,0.9564,0.9777
250000.00,250000.00,249187.47,10,10,10,10,10,0.031148,0.9560,0.9632
250000.00,250000.00,253963.47,11,11,11,11,11,0.031745,0.9502,0.9566
125000.00,125000.00,121918.68,9,9,9,9,9,0.015240,0.9460,0.9752
250000.00,250000.00,246380.93,10,10,10,10,10,0.030798,0.9343,0.9486
250000.00,250000.00,248077.39,12,12,12,12,12,0.031010,0.9331,0.9474
250000.00,250000.00,247447.49,12,12,12,12,12,0.030931,0.9269,0.9493
250000.00,250000.00,249000.85,12,12,12,12,12,0.031125,0.8845,0.9830
250000.00,250000.00,246905.33,10,10,10,10,10,0.030863,0.7698,0.9621
125000.00,125000.00,126579.28,9,9,9,9,9,0.015822,0.7316,0.7851
250000.00,250000.00,250441.55,10,10,10,10,10,0.031305,0.9695,0.9812
250000.00,250000.00,249921.80,12,12,12,12,12,0.031240,0.9558,0.9929
125000.00,125000.00,125814.44,9,9,9,9,9,0.015727,0.9469,0.9876
250000.00,250000.00,249087.33,11,11,11,11,11,0.031136,0.9386,0.9826
125000.00,125000.00,123925.27,9,9,9,9,9,0.015491,0.9288,0.9886
125000.00,125000.00,122053.62,9,9,9,9,9,0.015257,0.9260,0.8904
125000.00,125000.00,124924.66,9,9,9,9,9,0.015616,0.9190,0.9672
125000.00,125000.00,121002.20,9,9,9,9,9,0.015125,0.8939,0.9621
250000.00,250000.00,250089.17,11,11,11,11,11,0.031261,0.8886,0.9226
125000.00,125000.00,126582.62,9,9,9,9,9,0.015823,0.7885,0.7414
250000.00,250000.00,249557.50,10,10,10,10,10,0.031195,0.9773,0.9896
250000.00,250000.00,245292.66,11,11,11,11,11,0.030662,0.9758,0.9797
250000.00,250000.00,248191.83,10,10,10,10,10,0.031024,0.9752,0.9663
250000.00,250000.00,244267.46,12,12,12,12,12,0.030533,0.9731,0.9343
250000.00,250000.00,255638.12,11,11,11,11,11,0.031955,0.9678,0.9480
250000.00,250000.00,245590.21,10,10,10,10,10,0.030699,0.9676,0.9661
250000.00,250000.00,247534.75,10,10,10,10,10,0.030942,0.9597,0.9836
250000.00,250000.00,255717.75,11,11,11,11,11,0.031965,0.9577,0.9686
250000.00,250000.00,250464.56,11,11,11,11,11,0.031308,0.9556,0.9928
125000.00,125000.00,127455.71,9,9,9,9,9,0.015932,0.9459,0.9578
250000.00,250000.00,246397.02,11,11,11,11,11,0.030800,0.9427,0.9610
250000.00,250000.00,243609.43,12,12,12,12,12,0.030451,0.9601,0.9725
250000.00,250000.00,246759.53,12,12,12,12,12,0.030845,0.9543,0.9574
250000.00,250000.00,243578.91,12,12,12,12,12,0.030447,0.9536,0.9694
250000.00,250000.00,246549.61,12,12,12,12,12,0.030819,0.9526,0.9507
250000.00,250000.00,249608.99,11,11,11,11,11,0.031201,0.9471,0.9775
250000.00,250000.00,249200.82,11,11,11,11,11,0.031150,0.9404,0.9869
125000.00,125000.00,122329.35,9,9,9,9,9,0.015291,0.9146,0.9110
125000.00,125000.00,121835.71,9,9,9,9,9,0.015229,0.8963,0.9726
250000.00,250000.00,247144.70,11,11,11,11,11,0.030893,0.9717,0.9709
500000.00,500000.00,501167.30,12,12,12,12,12,0.062646,0.9648,0.9899
500000.00,500000.00,502110.48,12,12,12,12,12,0.062764,0.9553,0.9294
500000.00,500000.00,502100.47,12,12,12,12,12,0.062763,0.9539,0.9934
250000.00,250000.00,247335.67,11,11,11,11,11,0.030917,0.9500,0.9721
250000.00,250000.00,253192.66,11,11,11,11,11,0.031649,0.9485,0.9728
125000.00,125000.00,124360.56,12,12,12,12,12,0.015545,0.8727,0.8866
500000.00,500000.00,491650.58,12,12,12,12,12,0.061456,0.8513,0.9715
125000.00,125000.00,125385.28,9,9,9,9,9,0.015673,0.7801,0.7122
125000.00,125000.00,122272.49,12,12,12,12,12,0.015284,0.7712,0.8227
500000.00,500000.00,499782.56,12,12,12,12,12,0.062473,0.9766,0.9754
250000.00,250000.00,248240.89,11,11,11,11,11,0.031030,0.9710,0.9548
250000.00,250000.00,247983.93,11,11,11,11,11,0.030998,0.9649,0.9866
125000.00,125000.00,123622.89,9,9,9,9,9,0.015453,0.9638,0.9867
500000.00,500000.00,495071.41,12,12,12,12,12,0.061884,0.9568,0.9883
125000.00,125000.00,130837.92,12,12,12,12,12,0.016355,0.9532,0.9484
500000.00,500000.00,495568.75,12,12,12,12,12,0.061946,0.9420,0.9858
500000.00,500000.00,505976.68,12,12,12,12,12,0.063247,0.9410,0.9837
125000.00,125000.00,125688.55,9,9,9,9,9,0.015711,0.9334,0.9462
125000.00,125000.00,126691.82,12,12,12,12,12,0.015836,0.9308,0.9813
125000.00,125000.00,125375.75,9,9,9,9,9,0.015672,0.9076,0.9365
125000.00,125000.00,122862.82,12,12,12,12,12,0.015358,0.8751,0.9767
125000.00,125000.00,124530.79,9,9,9,9,9,0.015566,0.9693,0.9705
125000.00,125000.00,124122.62,9,9,9,9,9,0.015515,0.9678,0.9721
250000.00,250000.00,247512.82,11,11,11,11,11,0.030939,0.9581,0.9695
500000.00,500000.00,496446.61,12,12,12,12,12,0.062056,0.9577,0.9884
500000.00,500000.00,501155.85,12,12,12,12,12,0.062644,0.9455,0.9736
250000.00,250000.00,252744.44,11,11,11,11,11,0.031593,0.9436,0.9871
125000.00,125000.00,127740.62,9,9,9,9,9,0.015968,0.9198,0.9389
125000.00,125000.00,125139.24,9,9,9,9,9,0.015642,0.9659,0.9330
250000.00,250000.00,247686.39,11,11,11,11,11,0.030961,0.9526,0.9836
125000.00,125000.00,124382.02,9,9,9,9,9,0.015548,0.9514,0.9456
125000.00,125000.00,125244.14,9,9,9,9,9,0.015656,0.9504,0.9392
250000.00,250000.00,248141.29,11,11,11,11,11,0.031018,0.9445,0.9864
500000.00,500000.00,509999.75,12,12,12,12,12,0.063750,0.9425,0.9507
125000.00,125000.00,128227.23,12,12,12,12,12,0.016028,0.9095,0.9451
125000.00,125000.00,125308.99,12,12,12,12,12,0.015664,0.8174,0.9855
500000.00,500000.00,499240.88,11,11,11,11,11,0.062405,0.9931,0.9671
500000.00,500000.00,512315.75,11,11,11,11,11,0.064039,0.9894,0.9599
500000.00,500000.00,503547.67,11,11,11,11,11,0.062943,0.9710,0.9875
250000.00,250000.00,250798.23,10,10,10,10,10,0.031350,0.9700,0.9900
250000.00,250000.00,249824.52,10,10,10,10,10,0.031228,0.9550,0.9642
125000.00,125000.00,124891.28,10,10,10,10,10,0.015611,0.9533,0.9519
500000.00,500000.00,514718.06,11,11,11,11,11,0.064340,0.9426,0.9296
125000.00,125000.00,124301.91,10,10,10,10,10,0.015538,0.9382,0.9918
125000.00,125000.00,124797.11,10,10,10,10,10,0.015600,0.9316,0.9815
125000.00,125000.00,125051.50,11,11,11,11,11,0.015631,0.9167,0.9454
125000.00,125000.00,124976.16,11,11,11,11,11,0.015622,0.9134,0.9508
125000.00,125000.00,125045.30,10,10,10,10,10,0.015631,0.8915,0.8081
125000.00,125000.00,146398.54,11,11,11,11,11,0.018300,0.8113,0.7484
125000.00,125000.00,125562.67,10,10,10,10,10,0.015695,0.7474,0.7186
125000.00,125000.00,125691.89,10,10,10,10,10,0.015711,0.9680,0.9799
500000.00,500000.00,504138.95,11,11,11,11,11,0.063017,0.9672,0.9842
500000.00,500000.00,505798.34,11,11,11,11,11,0.063225,0.9668,0.9810
250000.00,250000.00,247727.87,10,10,10,10,10,0.030966,0.9667,0.9773
500000.00,500000.00,502359.39,11,11,11,11,11,0.062795,0.9565,0.9823
125000.00,125000.00,125057.22,10,10,10,10,10,0.015632,0.9507,0.9581
125000.00,125000.00,123385.43,10,10,10,10,10,0.015423,0.9424,0.9229
125000.00,125000.00,129019.74,11,11,11,11,11,0.016127,0.8421,0.9288
125000.00,125000.00,127159.01,11,11,11,11,11,0.015895,0.7849,0.7434
250000.00,250000.00,248596.19,10,10,10,10,10,0.031075,0.9907,0.9911
250000.00,250000.00,248275.76,10,10,10,10,10,0.031034,0.9803,0.9802
500000.00,500000.00,505651.47,11,11,11,11,11,0.063206,0.9789,0.9860
250000.00,250000.00,248936.65,10,10,10,10,10,0.031117,0.9648,0.9855
250000.00,250000.00,247313.08,10,10,10,10,10,0.030914,0.9647,0.9663
250000.00,250000.00,258914.95,10,10,10,10,10,0.032364,0.9482,0.9479
500000.00,500000.00,498422.62,11,11,11,11,11,0.062303,0.9418,0.9879
125000.00,125000.00,124664.31,10,10,10,10,10,0.015583,0.9264,0.9882
125000.00,125000.00,127401.35,10,10,10,10,10,0.015925,0.7224,0.6184
250000.00,250000.00,251252.17,10,10,10,10,10,0.031407,0.9818,0.9883
500000.00,500000.00,504069.81,11,11,11,11,11,0.063009,0.9805,0.9827
500000.00,500000.00,499965.43,11,11,11,11,11,0.062496,0.9775,0.9954
250000.00,250000.00,253007.89,10,10,10,10,10,0.031626,0.9675,0.9843
250000.00,250000.00,252385.14,10,10,10,10,10,0.031548,0.9649,0.9518
125000.00,125000.00,125661.85,11,11,11,11,11,0.015708,0.9461,0.9929
125000.00,125000.00,122175.22,11,11,11,11,11,0.015272,0.9458,0.9469
125000.00,125000.00,127147.67,11,11,11,11,11,0.015893,0.9417,0.9795
125000.00,125000.00,130791.07,11,11,11,11,11,0.016349,0.7964,0.8535
500000.00,500000.00,502827.64,11,11,11,11,11,0.062853,0.9891,0.9921
250000.00,250000.00,247203.83,10,10,10,10,10,0.030900,0.9742,0.9715
500000.00,500000.00,502876.28,11,11,11,11,11,0.062860,0.9688,0.9912
500000.00,500000.00,500312.81,11,11,11,11,11,0.062539,0.9657,0.9940
250000.00,250000.00,251601.22,10,10,10,10,10,0.031450,0.9579,0.9582
125000.00,125000.00,126108.17,9,9,9,9,9,0.015764,0.9534,0.9637
500000.00,500000.00,509681.70,11,11,11,11,11,0.063710,0.9483,0.8410
250000.00,250000.00,250706.67,10,10,10,10,10,0.031338,0.9451,0.9649
125000.00,125000.00,124681.95,12,12,12,12,12,0.015585,0.8995,0.9848
125000.00,125000.00,127550.13,9,9,9,9,9,0.015944,0.8972,0.8251
125000.00,125000.00,126886.37,12,12,12,12,12,0.015861,0.8188,0.7183
500000.00,500000.00,507439.49,11,11,11,11,11,0.063430,0.9857,0.9782
500000.00,500000.00,501232.15,11,11,11,11,11,0.062654,0.9804,0.9918
500000.00,500000.00,497651.10,11,11,11,11,11,0.062206,0.9616,0.9891
500000.00,500000.00,504940.99,11,11,11,11,11,0.063118,0.9580,0.9878
250000.00,250000.00,253465.65,10,10,10,10,10,0.031683,0.9526,0.9850
125000.00,125000.00,123015.40,12,12,12,12,12,0.015377,0.9063,0.9816
125000.00,125000.00,128084.48,12,12,12,12,12,0.016011,0.8653,0.9229
125000.00,125000.00,121870.99,9,9,9,9,9,0.015234,0.7644,0.6959
500000.00,500000.00,498377.80,11,11,11,11,11,0.062297,0.9780,0.9853
250000.00,250000.00,251891.61,10,10,10,10,10,0.031486,0.9762,0.9868
250000.00,250000.00,252088.55,10,10,10,10,10,0.031511,0.9729,0.9867
125000.00,125000.00,124411.58,12,12,12,12,12,0.015551,0.9551,0.9553
125000.00,125000.00,125864.98,9,9,9,9,9,0.015733,0.9297,0.9601
125000.00,125000.00,130300.52,9,9,9,9,9,0.016288,0.9221,0.9481
125000.00,125000.00,128186.23,12,12,12,12,12,0.016023,0.9036,0.9720
125000.00,125000.00,126286.51,9,9,9,9,9,0.015786,0.8335,0.9734
250000.00,250000.00,256820.92,10,10,10,10,10,0.032103,0.7952,0.9432
125000.00,125000.00,123329.16,9,9,9,9,9,0.015416,0.7712,0.8008
250000.00,250000.00,250404.36,10,10,10,10,10,0.031301,0.9802,0.9764
500000.00,500000.00,502185.82,11,11,11,11,11,0.062773,0.9690,0.9552
250000.00,250000.00,251018.52,10,10,10,10,10,0.031377,0.9668,0.9823
250000.00,250000.00,252689.36,10,10,10,10,10,0.031586,0.9642,0.9707
250000.00,250000.00,248539.45,10,10,10,10,10,0.031067,0.9355,0.9109
125000.00,125000.00,127745.78,9,9,9,9,9,0.015968,0.9296,0.9578
125000.00,125000.00,122425.08,9,9,9,9,9,0.015303,0.9123,0.9666
125000.00,125000.00,129076.48,12,12,12,12,12,0.016135,0.8661,0.9613
500000.00,500000.00,519172.67,11,11,11,11,11,0.064897,0.8394,0.8781
125000.00,125000.00,125692.37,12,12,12,12,12,0.015712,0.8334,0.9671
500000.00,500000.00,499063.73,11,11,11,11,11,0.062383,0.9616,0.9649
500000.00,500000.00,500129.70,11,11,11,11,11,0.062516,0.9615,0.9830
125000.00,125000.00,122999.19,9,9,9,9,9,0.015375,0.9228,0.9721
500000.00,500000.00,539241.79,11,11,11,11,11,0.067405,0.9104,0.9239
500000.00,500000.00,431566.24,11,11,11,11,11,0.053946,0.9091,0.6912
125000.00,125000.00,124240.40,9,9,9,9,9,0.015530,0.9022,0.9548
125000.00,125000.00,122142.79,12,12,12,12,12,0.015268,0.8283,0.9590
125000.00,125000.00,130376.82,9,9,9,9,9,0.016297,0.7990,0.8306
250000.00,250000.00,258697.51,11,11,11,11,11,0.032337,0.7742,0.9075
500000.00,500000.00,501965.11,11,11,11,11,11,0.062746,0.9954,0.9923
500000.00,500000.00,504572.87,11,11,11,11,11,0.063072,0.9844,0.9857
250000.00,250000.00,249624.25,11,11,11,11,11,0.031203,0.9678,0.9797
125000.00,125000.00,122489.93,12,12,12,12,12,0.015311,0.7805,0.8450
500000.00,500000.00,498906.37,11,11,11,11,11,0.062363,0.9893,0.9939
500000.00,500000.00,499494.08,11,11,11,11,11,0.062437,0.9730,0.9877
250000.00,250000.00,245212.08,11,11,11,11,11,0.030652,0.9708,0.9755
250000.00,250000.00,248491.17,11,11,11,11,11,0.031061,0.9700,0.9715
125000.00,125000.00,125927.78,9,9,9,9,9,0.015741,0.9238,0.9549
500000.00,500000.00,507661.82,11,11,11,11,11,0.063458,0.9808,0.9823
500000.00,500000.00,506844.52,11,11,11,11,11,0.063356,0.9746,0.9729
250000.00,250000.00,247425.56,11,11,11,11,11,0.030928,0.9708,0.9648
500000.00,500000.00,491623.16,11,11,11,11,11,0.061453,0.9573,0.9808
125000.00,125000.00,141025.07,9,9,9,9,9,0.017628,0.9478,0.8756
125000.00,125000.00,123630.52,9,9,9,9,9,0.015454,0.9476,0.9509
250000.00,250000.00,257804.87,11,11,11,11,11,0.032226,0.9470,0.9669
250000.00,250000.00,251422.88,11,11,11,11,11,0.031428,0.9451,0.9851
125000.00,125000.00,127304.08,9,9,9,9,9,0.015913,0.9395,0.9466
125000.00,125000.00,126368.05,9,9,9,9,9,0.015796,0.9319,0.9725
250000.00,250000.00,249269.96,11,11,11,11,11,0.031159,0.9220,0.9122
125000.00,125000.00,130558.97,9,9,9,9,9,0.016320,0.9102,0.9252
250000.00,250000.00,250218.09,11,11,11,11,11,0.031277,0.9075,0.9721
125000.00,125000.00,127244.95,12,12,12,12,12,0.015906,0.8894,0.9358
125000.00,125000.00,116809.84,12,12,12,12,12,0.014601,0.8549,0.8029
250000.00,250000.00,227721.21,11,11,11,11,11,0.028465,0.8194,0.8787
250000.00,250000.00,252816.20,12,12,12,12,12,0.031602,0.9666,0.9788
250000.00,250000.00,252198.93,12,12,12,12,12,0.031525,0.9627,0.9730
500000.00,500000.00,525372.51,12,12,12,12,12,0.065672,0.9590,0.9365
250000.00,250000.00,252759.93,12,12,12,12,12,0.031595,0.9510,0.9644
500000.00,500000.00,495851.52,12,12,12,12,12,0.061981,0.9426,0.9898
125000.00,125000.00,122698.78,11,11,11,11,11,0.015337,0.9249,0.9702
250000.00,250000.00,238533.97,12,12,12,12,12,0.029817,0.9078,0.9449
125000.00,125000.00,125886.92,11,11,11,11,11,0.015736,0.8921,0.9840
125000.00,125000.00,128338.81,11,11,11,11,11,0.016042,0.8544,0.8861
125000.00,125000.00,127302.41,10,10,10,10,10,0.015913,0.8507,0.8705
250000.00,250000.00,248756.41,12,12,12,12,12,0.031095,0.9480,0.9866
500000.00,500000.00,505540.85,12,12,12,12,12,0.063193,0.9297,0.9874
125000.00,125000.00,124380.47,10,10,10,10,10,0.015548,0.9247,0.9874
125000.00,125000.00,125535.96,11,11,11,11,11,0.015692,0.9192,0.9599
500000.00,500000.00,504467.01,12,12,12,12,12,0.063058,0.8878,0.9714
125000.00,125000.00,128782.27,10,10,10,10,10,0.016098,0.8037,0.7622
125000.00,125000.00,126317.98,11,11,11,11,11,0.015790,0.7330,0.9672
125000.00,125000.00,123947.14,11,11,11,11,11,0.015493,0.7290,0.8402
500000.00,500000.00,498539.69,12,12,12,12,12,0.062317,0.9565,0.9832
125000.00,125000.00,124202.25,10,10,10,10,10,0.015525,0.9513,0.8855
250000.00,250000.00,250799.18,12,12,12,12,12,0.031350,0.9472,0.9683
500000.00,500000.00,501142.02,12,12,12,12,12,0.062643,0.9467,0.9862
125000.00,125000.00,125886.92,10,10,10,10,10,0.015736,0.9378,0.9335
125000.00,125000.00,123748.78,11,11,11,11,11,0.015469,0.9337,0.9495
125000.00,125000.00,124987.48,10,10,10,10,10,0.015623,0.9211,0.9918
250000.00,250000.00,284339.90,12,12,12,12,12,0.035542,0.8851,0.8784
125000.00,125000.00,126354.22,10,10,10,10,10,0.015794,0.7421,0.7119
500000.00,500000.00,512626.65,12,12,12,12,12,0.064078,0.9848,0.9724
250000.00,250000.00,251968.38,12,12,12,12,12,0.031496,0.9723,0.9657
500000.00,500000.00,501724.24,12,12,12,12,12,0.062716,0.9722,0.9951
500000.00,500000.00,501684.19,12,12,12,12,12,0.062711,0.9650,0.9787
500000.00,500000.00,499292.37,12,12,12,12,12,0.062412,0.9630,0.9810
250000.00,250000.00,251585.01,12,12,12,12,12,0.031448,0.9563,0.9895
250000.00,250000.00,251378.06,12,12,12,12,12,0.031422,0.9545,0.9662
125000.00,125000.00,119232.18,10,10,10,10,10,0.014904,0.9543,0.9512
500000.00,500000.00,502990.72,12,12,12,12,12,0.062874,0.9519,0.9795
250000.00,250000.00,252775.19,12,12,12,12,12,0.031597,0.9518,0.9725
125000.00,125000.00,124396.32,10,10,10,10,10,0.015550,0.9443,0.9253
125000.00,125000.00,124870.30,10,10,10,10,10,0.015609,0.9376,0.9578
125000.00,125000.00,125749.59,11,11,11,11,11,0.015719,0.9091,0.9865
125000.00,125000.00,130116.46,11,11,11,11,11,0.016265,0.7961,0.7609
250000.00,250000.00,253603.94,12,12,12,12,12,0.031700,0.9759,0.9785
250000.00,250000.00,254422.66,12,12,12,12,12,0.031803,0.9674,0.9628
250000.00,250000.00,247953.41,11,11,11,11,11,0.030994,0.9603,0.9897
250000.00,250000.00,249971.39,12,12,12,12,12,0.031246,0.9559,0.9944
250000.00,250000.00,235963.82,11,11,11,11,11,0.029495,0.9478,0.9310
125000.00,125000.00,128463.27,11,11,11,11,11,0.016058,0.9454,0.9662
250000.00,250000.00,249557.50,12,12,12,12,12,0.031195,0.9395,0.9963
125000.00,125000.00,133325.52,11,11,11,11,11,0.016666,0.9354,0.9360
250000.00,250000.00,255471.23,12,12,12,12,12,0.031934,0.9177,0.9267
250000.00,250000.00,253988.62,12,12,12,12,12,0.031749,0.8753,0.9618
125000.00,125000.00,131034.85,11,11,11,11,11,0.016379,0.7684,0.6287
125000.00,125000.00,133601.19,11,11,11,11,11,0.016700,0.7372,0.8951
250000.00,250000.00,255509.38,11,11,11,11,11,0.031939,0.9655,0.8725
250000.00,250000.00,249248.03,11,11,11,11,11,0.031156,0.9545,0.9779
125000.00,125000.00,125892.16,10,10,10,10,10,0.015737,0.9545,0.9764
125000.00,125000.00,123767.85,10,10,10,10,10,0.015471,0.9493,0.9429
250000.00,250000.00,247429.85,11,11,11,11,11,0.030929,0.9418,0.9874
250000.00,250000.00,248168.95,11,11,11,11,11,0.031021,0.9381,0.9805
125000.00,125000.00,122922.90,10,10,10,10,10,0.015365,0.9186,0.8902
250000.00,250000.00,250485.42,12,12,12,12,12,0.031311,0.9592,0.9969
250000.00,250000.00,245419.50,11,11,11,11,11,0.030677,0.9574,0.9783
250000.00,250000.00,252230.17,12,12,12,12,12,0.031529,0.9517,0.9827
250000.00,250000.00,245522.02,12,12,12,12,12,0.030690,0.9473,0.9583
125000.00,125000.00,123395.92,10,10,10,10,10,0.015424,0.9287,0.9677
250000.00,250000.00,253585.10,11,11,11,11,11,0.031698,0.9235,0.9574
125000.00,125000.00,127922.06,11,11,11,11,11,0.015990,0.9020,0.9307
125000.00,125000.00,131248.47,11,11,11,11,11,0.016406,0.8526,0.9216
250000.00,250000.00,256942.75,12,12,12,12,12,0.032118,0.9657,0.9562
125000.00,125000.00,123412.13,10,10,10,10,10,0.015427,0.9469,0.9819
125000.00,125000.00,124860.76,10,10,10,10,10,0.015608,0.9437,0.9560
125000.00,125000.00,128582.84,10,10,10,10,10,0.016073,0.9305,0.9689
250000.00,250000.00,259408.00,11,11,11,11,11,0.032426,0.9034,0.9471
125000.00,125000.00,130068.78,10,10,10,10,10,0.016259,0.8875,0.9575
125000.00,125000.00,126883.51,11,11,11,11,11,0.015860,0.8756,0.8124
125000.00,125000.00,113208.29,11,11,11,11,11,0.014151,0.7953,0.8123
125000.00,125000.00,129026.65,11,11,11,11,11,0.016128,0.7318,0.7136
125000.00,125000.00,131436.35,11,11,11,11,11,0.016430,0.7135,0.9103
250000.00,250000.00,248839.38,10,10,10,10,10,0.031105,0.9778,0.9709
250000.00,250000.00,249398.23,10,10,10,10,10,0.031175,0.9701,0.9971
250000.00,250000.00,250230.79,10,10,10,10,10,0.031279,0.9701,0.9765
125000.00,125000.00,121363.64,10,10,10,10,10,0.015170,0.9695,0.9666
125000.00,125000.00,125565.53,9,9,9,9,9,0.015696,0.9649,0.9700
250000.00,250000.00,251492.50,10,10,10,10,10,0.031437,0.9529,0.9836
125000.00,125000.00,122620.11,9,9,9,9,9,0.015328,0.9482,0.9799
125000.00,125000.00,122486.71,11,11,11,11,11,0.015311,0.9410,0.9630
125000.00,125000.00,111696.24,9,9,9,9,9,0.013962,0.9340,0.8715
125000.00,125000.00,128063.20,11,11,11,11,11,0.016008,0.8122,0.7500
125000.00,125000.00,126430.51,11,11,11,11,11,0.015804,0.7667,0.7406
250000.00,250000.00,247820.85,10,10,10,10,10,0.030978,0.9657,0.9788
125000.00,125000.00,125597.00,11,11,11,11,11,0.015700,0.9451,0.9536
250000.00,250000.00,249648.09,10,10,10,10,10,0.031206,0.9409,0.9771
125000.00,125000.00,118997.57,11,11,11,11,11,0.014875,0.9292,0.9499
125000.00,125000.00,125856.40,9,9,9,9,9,0.015732,0.9155,0.9805
125000.00,125000.00,125099.18,10,10,10,10,10,0.015637,0.8778,0.9711
125000.00,125000.00,123250.01,9,9,9,9,9,0.015406,0.8659,0.9775
125000.00,125000.00,121899.60,9,9,9,9,9,0.015237,0.7573,0.9189
125000.00,125000.00,122915.27,11,11,11,11,11,0.015364,0.7096,0.6866
250000.00,250000.00,248573.30,10,10,10,10,10,0.031072,0.9794,0.9802
250000.00,250000.00,253903.39,10,10,10,10,10,0.031738,0.9728,0.9486
125000.00,125000.00,124648.57,11,11,11,11,11,0.015581,0.9705,0.9949
125000.00,125000.00,130035.40,11,11,11,11,11,0.016254,0.9658,0.9583
250000.00,250000.00,243836.40,10,10,10,10,10,0.030480,0.9637,0.9641
250000.00,250000.00,247534.75,10,10,10,10,10,0.030942,0.9590,0.9662
125000.00,125000.00,128092.77,10,10,10,10,10,0.016012,0.9455,0.9205
125000.00,125000.00,126235.96,11,11,11,11,11,0.015779,0.9366,0.9403
125000.00,125000.00,121248.25,11,11,11,11,11,0.015156,0.8737,0.9678
125000.00,125000.00,122848.39,9,9,9,9,9,0.015356,0.9616,0.9694
125000.00,125000.00,123304.84,10,10,10,10,10,0.015413,0.9464,0.9784
125000.00,125000.00,125230.79,10,10,10,10,10,0.015654,0.9427,0.9642
125000.00,125000.00,122566.22,10,10,10,10,10,0.015321,0.9426,0.9616
250000.00,250000.00,248710.63,10,10,10,10,10,0.031089,0.9422,0.9765
125000.00,125000.00,125822.07,10,10,10,10,10,0.015728,0.9396,0.9527
125000.00,125000.00,122776.03,9,9,9,9,9,0.015347,0.9317,0.9038
125000.00,125000.00,121749.88,9,9,9,9,9,0.015219,0.8879,0.9569
500000.00,500000.00,503412.25,11,11,11,11,11,0.062927,0.9845,0.9869
500000.00,500000.00,500961.30,12,12,12,12,12,0.062620,0.9719,0.9828
500000.00,500000.00,501346.59,12,12,12,12,12,0.062668,0.9608,0.9896
500000.00,500000.00,496798.04,12,12,12,12,12,0.062100,0.9597,0.9832
250000.00,250000.00,251637.46,11,11,11,11,11,0.031455,0.9541,0.9877
500000.00,500000.00,503699.30,11,11,11,11,11,0.062962,0.9515,0.9906
500000.00,500000.00,501205.44,11,11,11,11,11,0.062651,0.9921,0.9957
500000.00,500000.00,499814.27,11,11,11,11,11,0.062477,0.9807,0.9740
250000.00,250000.00,249738.69,11,11,11,11,11,0.031217,0.9804,0.9563
500000.00,500000.00,498988.63,11,11,11,11,11,0.062374,0.9768,0.9781
500000.00,500000.00,503713.61,12,12,12,12,12,0.062964,0.9753,0.9901
250000.00,250000.00,250189.78,11,11,11,11,11,0.031274,0.9752,0.9647
250000.00,250000.00,247578.62,11,11,11,11,11,0.030947,0.9619,0.9698
250000.00,250000.00,250826.84,11,11,11,11,11,0.031353,0.9579,0.9431
250000.00,250000.00,252340.44,11,11,11,11,11,0.031543,0.9545,0.9811
500000.00,500000.00,508248.33,12,12,12,12,12,0.063531,0.9536,0.9829
125000.00,125000.00,118801.83,12,12,12,12,12,0.014850,0.8877,0.9422
125000.00,125000.00,121506.69,12,12,12,12,12,0.015188,0.8810,0.9668
125000.00,125000.00,122837.07,12,12,12,12,12,0.015355,0.7932,0.9442
125000.00,125000.00,127150.54,12,12,12,12,12,0.015894,0.7292,0.9524
250000.00,250000.00,249027.25,11,11,11,11,11,0.031128,0.9757,0.9663
500000.00,500000.00,497090.34,11,11,11,11,11,0.062136,0.9732,0.9849
500000.00,500000.00,496612.55,11,11,11,11,11,0.062077,0.9715,0.9724
500000.00,500000.00,499134.78,12,12,12,12,12,0.062392,0.9703,0.9877
500000.00,500000.00,465037.41,12,12,12,12,12,0.058130,0.9672,0.9270
500000.00,500000.00,494412.42,12,12,12,12,12,0.061802,0.9622,0.9687
500000.00,500000.00,489673.61,12,12,12,12,12,0.061209,0.9620,0.9745
250000.00,250000.00,255375.86,11,11,11,11,11,0.031922,0.9097,0.9597
125000.00,125000.00,123579.50,12,12,12,12,12,0.015447,0.8789,0.9587
125000.00,125000.00,126611.71,12,12,12,12,12,0.015826,0.8309,0.9264
125000.00,125000.00,125896.93,12,12,12,12,12,0.015737,0.8213,0.9582
250000.00,375000.00,263242.72,11,12,12,11,11,0.032905,0.7410,0.9106
500000.00,500000.00,499820.71,11,11,11,11,11,0.062478,0.9754,0.9888
500000.00,500000.00,497167.59,12,12,12,12,12,0.062146,0.9638,0.9752
500000.00,500000.00,498059.27,12,12,12,12,12,0.062257,0.9588,0.9802
250000.00,250000.00,258159.64,11,11,11,11,11,0.032270,0.9328,0.9609
500000.00,500000.00,440221.79,11,11,11,11,11,0.055028,0.9216,0.8693
250000.00,250000.00,249999.70,11,11,11,11,11,0.031250,0.9161,0.9860
500000.00,500000.00,534730.91,11,11,11,11,11,0.066841,0.8881,0.9227
500000.00,500000.00,497968.20,11,11,11,11,11,0.062246,0.8660,0.9857
125000.00,125000.00,116569.04,12,12,12,12,12,0.014571,0.8450,0.9286
125000.00,125000.00,129082.68,12,12,12,12,12,0.016135,0.8160,0.7921
250000.00,250000.00,250255.58,12,12,12,12,12,0.031282,0.9421,0.9828
500000.00,500000.00,503283.50,12,12,12,12,12,0.062910,0.9662,0.9852
250000.00,250000.00,250155.45,12,12,12,12,12,0.031269,0.9629,0.9568
500000.00,500000.00,504199.03,12,12,12,12,12,0.063025,0.9609,0.9777
500000.00,500000.00,495614.05,12,12,12,12,12,0.061952,0.9581,0.9700
250000.00,250000.00,247345.69,12,12,12,12,12,0.030918,0.9389,0.9636
250000.00,250000.00,245809.56,12,12,12,12,12,0.030726,0.9206,0.9724
250000.00,250000.00,251115.80,12,12,12,12,12,0.031389,0.8919,0.9198
125000.00,125000.00,123272.90,12,12,12,12,12,0.015409,0.8851,0.9492
125000.00,125000.00,123546.60,11,11,11,11,11,0.015443,0.8725,0.9207
125000.00,125000.00,129814.15,11,11,11,11,11,0.016227,0.8061,0.9476
125000.00,125000.00,119848.97,12,12,12,12,12,0.014981,0.7960,0.8206
125000.00,125000.00,129701.61,11,11,11,11,11,0.016213,0.7872,0.9586
500000.00,500000.00,512174.61,12,12,12,12,12,0.064022,0.7833,0.9597
250000.00,250000.00,249056.34,12,12,12,12,12,0.031132,0.9719,0.9916
500000.00,500000.00,500139.24,12,12,12,12,12,0.062517,0.9685,0.9860
250000.00,250000.00,248933.32,12,12,12,12,12,0.031117,0.9563,0.9797
500000.00,500000.00,491699.22,12,12,12,12,12,0.061462,0.9490,0.9704
125000.00,125000.00,127258.30,11,11,11,11,11,0.015907,0.9430,0.8983
500000.00,500000.00,506031.04,12,12,12,12,12,0.063254,0.9421,0.9618
125000.00,125000.00,133855.82,11,11,11,11,11,0.016732,0.9310,0.8738
125000.00,125000.00,126122.47,12,12,12,12,12,0.015765,0.8845,0.9216
500000.00,500000.00,506208.42,12,12,12,12,12,0.063276,0.8565,0.9569
125000.00,125000.00,127019.88,11,11,11,11,11,0.015877,0.8439,0.8775
125000.00,125000.00,132976.53,11,11,11,11,11,0.016622,0.8378,0.8499
500000.00,500000.00,509432.79,12,12,12,12,12,0.063679,0.9700,0.9812
500000.00,500000.00,505821.70,12,12,12,12,12,0.063228,0.9584,0.9775
250000.00,250000.00,249080.66,12,12,12,12,12,0.031135,0.9477,0.9701
125000.00,125000.00,125350.48,12,12,12,12,12,0.015669,0.9363,0.9533
250000.00,250000.00,259593.01,12,12,12,12,12,0.032449,0.9261,0.9611
125000.00,125000.00,123711.35,12,12,12,12,12,0.015464,0.9088,0.9584
125000.00,125000.00,124363.90,12,12,12,12,12,0.015545,0.8764,0.9475
125000.00,125000.00,126202.11,12,12,12,12,12,0.015775,0.8715,0.8543
125000.00,125000.00,116828.92,11,11,11,11,11,0.014604,0.8311,0.9221
125000.00,125000.00,128932.00,12,12,12,12,12,0.016116,0.7066,0.7180
250000.00,250000.00,250193.36,10,10,10,10,10,0.031274,0.9759,0.9827
125000.00,125000.00,123156.55,10,10,10,10,10,0.015395,0.9668,0.9769
250000.00,250000.00,252637.39,11,11,11,11,11,0.031580,0.9663,0.9744
250000.00,250000.00,251730.08,11,11,11,11,11,0.031466,0.9645,0.9591
250000.00,250000.00,248104.10,11,11,11,11,11,0.031013,0.9565,0.9787
250000.00,250000.00,249165.53,12,12,12,12,12,0.031146,0.9416,0.9825
250000.00,250000.00,250864.03,11,11,11,11,11,0.031358,0.9405,0.9925
250000.00,250000.00,242384.91,12,12,12,12,12,0.030298,0.9352,0.9617
125000.00,125000.00,122933.86,10,10,10,10,10,0.015367,0.8450,0.9695
125000.00,125000.00,125308.99,10,10,10,10,10,0.015664,0.8230,0.8156
125000.00,125000.00,123868.94,10,10,10,10,10,0.015484,0.9662,0.9118
125000.00,125000.00,122769.36,10,10,10,10,10,0.015346,0.9595,0.9635
250000.00,250000.00,250474.93,11,11,11,11,11,0.031309,0.9593,0.9910
250000.00,250000.00,243914.60,10,10,10,10,10,0.030489,0.9576,0.9724
125000.00,125000.00,125064.61,10,10,10,10,10,0.015633,0.9493,0.9781
125000.00,125000.00,122460.37,10,10,10,10,10,0.015308,0.9458,0.9671
250000.00,250000.00,247465.13,10,10,10,10,10,0.030933,0.9376,0.9441
250000.00,250000.00,256675.72,10,10,10,10,10,0.032084,0.9174,0.9695
250000.00,250000.00,251265.53,10,10,10,10,10,0.031408,0.9041,0.9849
250000.00,250000.00,243094.44,12,12,12,12,12,0.030387,0.9016,0.8954
125000.00,125000.00,123945.24,10,10,10,10,10,0.015493,0.8920,0.9495
250000.00,187500.00,194942.47,12,11,11,11,11,0.024368,0.8136,0.7751
250000.00,250000.00,251908.78,12,12,12,12,12,0.031489,0.9798,0.9876
250000.00,250000.00,251392.36,11,11,11,11,11,0.031424,0.9761,0.9532
250000.00,250000.00,250236.75,10,10,10,10,10,0.031280,0.9729,0.9939
250000.00,250000.00,245573.04,10,10,10,10,10,0.030697,0.9719,0.9616
250000.00,250000.00,246297.84,12,12,12,12,12,0.030787,0.9691,0.9800
250000.00,250000.00,249590.87,11,11,11,11,11,0.031199,0.9685,0.9697
250000.00,250000.00,249049.90,12,12,12,12,12,0.031131,0.9543,0.9634
125000.00,125000.00,125510.22,10,10,10,10,10,0.015689,0.9521,0.9340
250000.00,250000.00,246739.86,10,10,10,10,10,0.030842,0.9479,0.9564
250000.00,250000.00,250906.94,11,11,11,11,11,0.031363,0.9475,0.9784
250000.00,250000.00,250724.79,11,11,11,11,11,0.031341,0.9473,0.9587
250000.00,250000.00,255125.05,10,10,10,10,10,0.031891,0.9405,0.9440
250000.00,250000.00,302000.76,10,10,11,10,11,0.037750,0.9238,0.8241
125000.00,125000.00,125204.09,10,10,10,10,10,0.015651,0.9103,0.9793
250000.00,250000.00,250447.27,10,10,10,10,10,0.031306,0.9829,0.9711
250000.00,250000.00,249468.80,12,12,12,12,12,0.031184,0.9744,0.9759
250000.00,250000.00,248022.08,12,12,12,12,12,0.031003,0.9593,0.9779
125000.00,125000.00,124098.06,10,10,10,10,10,0.015512,0.9541,0.9927
250000.00,250000.00,249235.15,12,12,12,12,12,0.031154,0.9201,0.9663
500000.00,500000.00,508565.90,11,11,11,11,11,0.063571,0.9771,0.9798
500000.00,500000.00,499588.97,11,11,11,11,11,0.062449,0.9767,0.9833
250000.00,250000.00,250989.91,10,10,10,10,10,0.031374,0.9635,0.9872
250000.00,250000.00,248097.06,10,10,10,10,10,0.031012,0.9602,0.9721
125000.00,125000.00,122112.27,9,9,9,9,9,0.015264,0.9344,0.9736
500000.00,500000.00,509148.12,11,11,11,11,11,0.063644,0.9265,0.9791
125000.00,125000.00,126514.43,9,9,9,9,9,0.015814,0.9232,0.9429
500000.00,500000.00,496895.79,11,11,11,11,11,0.062112,0.9127,0.9798
500000.00,500000.00,501514.43,11,11,11,11,11,0.062689,0.9801,0.9884
250000.00,250000.00,251095.77,10,10,10,10,10,0.031387,0.9714,0.9793
250000.00,250000.00,251043.32,10,10,10,10,10,0.031380,0.9643,0.9765
250000.00,250000.00,253746.03,10,10,10,10,10,0.031718,0.9607,0.9586
125000.00,125000.00,125495.91,9,9,9,9,9,0.015687,0.9471,0.9723
250000.00,250000.00,246595.38,10,10,10,10,10,0.030824,0.9458,0.9862
125000.00,125000.00,126692.77,10,10,10,10,10,0.015837,0.9398,0.9575
125000.00,125000.00,123004.91,9,9,9,9,9,0.015376,0.9322,0.9809
125000.00,125000.00,126516.34,10,10,10,10,10,0.015815,0.8990,0.9307
125000.00,125000.00,125719.55,9,9,9,9,9,0.015715,0.8616,0.9076
500000.00,500000.00,492584.23,11,11,11,11,11,0.061573,0.9816,0.9728
500000.00,500000.00,502040.86,11,11,11,11,11,0.062755,0.9758,0.9917
250000.00,250000.00,249711.99,10,10,10,10,10,0.031214,0.9743,0.9786
125000.00,125000.00,121299.74,10,10,10,10,10,0.015162,0.9647,0.9683
500000.00,500000.00,503828.53,11,11,11,11,11,0.062979,0.9576,0.9848
500000.00,500000.00,512252.81,11,11,11,11,11,0.064032,0.9415,0.9643
125000.00,125000.00,120634.08,10,10,10,10,10,0.015079,0.9377,0.9509
125000.00,125000.00,126101.49,10,10,10,10,10,0.015763,0.8718,0.9014
500000.00,500000.00,504915.00,11,11,11,11,11,0.063114,0.9784,0.9858
500000.00,500000.00,506801.61,11,11,11,11,11,0.063350,0.9763,0.9805
125000.00,125000.00,123107.91,10,10,10,10,10,0.015388,0.9648,0.9581
125000.00,125000.00,125032.42,9,9,9,9,9,0.015629,0.9636,0.9647
250000.00,250000.00,246578.22,10,10,10,10,10,0.030822,0.9601,0.9689
125000.00,125000.00,124065.40,10,10,10,10,10,0.015508,0.9522,0.9830
250000.00,250000.00,247174.74,10,10,10,10,10,0.030897,0.9495,0.9833
125000.00,125000.00,119324.68,9,9,9,9,9,0.014916,0.9385,0.9535
125000.00,125000.00,120179.18,9,9,9,9,9,0.015022,0.9363,0.9005
125000.00,125000.00,130594.25,9,9,9,9,9,0.016324,0.8607,0.9389
125000.00,125000.00,126226.43,9,9,9,9,9,0.015778,0.7013,0.8204
500000.00,500000.00,504117.97,12,12,12,12,12,0.063015,0.9716,0.9806
125000.00,125000.00,120162.01,9,9,9,9,9,0.015020,0.9573,0.9582
250000.00,250000.00,237899.78,12,12,12,12,12,0.029737,0.9427,0.9013
125000.00,125000.00,126234.53,11,11,11,11,11,0.015779,0.9315,0.9837
125000.00,125000.00,127552.03,11,11,11,11,11,0.015944,0.9231,0.9702
250000.00,250000.00,237338.54,12,12,12,12,12,0.029667,0.9225,0.9451
250000.00,250000.00,250242.23,12,12,12,12,12,0.031280,0.9158,0.9221
125000.00,125000.00,127122.88,11,11,11,11,11,0.015890,0.9090,0.9150
250000.00,250000.00,252231.60,12,12,12,12,12,0.031529,0.9075,0.9446
250000.00,250000.00,254341.13,12,12,12,12,12,0.031793,0.9708,0.9615
500000.00,500000.00,496579.65,12,12,12,12,12,0.062072,0.9672,0.9834
500000.00,500000.00,495701.79,12,12,12,12,12,0.061963,0.9575,0.9814
500000.00,500000.00,484547.62,12,12,12,12,12,0.060568,0.9287,0.9140
125000.00,125000.00,123923.30,11,11,11,11,11,0.015490,0.8997,0.9714
125000.00,125000.00,125800.13,9,9,9,9,9,0.015725,0.7339,0.7569
500000.00,500000.00,502493.02,12,12,12,12,12,0.062812,0.9754,0.9868
500000.00,500000.00,508220.67,12,12,12,12,12,0.063528,0.9705,0.9838
500000.00,500000.00,503126.38,12,12,12,12,12,0.062891,0.9665,0.9785
250000.00,250000.00,249819.76,12,12,12,12,12,0.031227,0.9533,0.9835
250000.00,250000.00,251924.51,12,12,12,12,12,0.031491,0.9466,0.9890
500000.00,500000.00,498111.72,12,12,12,12,12,0.062264,0.9420,0.9909
125000.00,125000.00,126321.79,9,9,9,9,9,0.015790,0.9388,0.9690
250000.00,250000.00,248148.44,12,12,12,12,12,0.031019,0.9387,0.9594
125000.00,125000.00,122203.83,11,11,11,11,11,0.015275,0.9351,0.9422
500000.00,500000.00,503206.25,12,12,12,12,12,0.062901,0.9287,0.9808
125000.00,125000.00,126357.08,9,9,9,9,9,0.015795,0.9265,0.9529
125000.00,125000.00,124818.80,11,11,11,11,11,0.015602,0.9230,0.9285
125000.00,125000.00,122127.53,11,11,11,11,11,0.015266,0.9141,0.9477
125000.00,125000.00,122783.66,9,9,9,9,9,0.015348,0.9035,0.9042
125000.00,125000.00,127026.56,11,11,11,11,11,0.015878,0.9025,0.9561
125000.00,125000.00,122928.62,9,9,9,9,9,0.015366,0.8206,0.7596
125000.00,125000.00,133150.58,9,9,9,9,9,0.016644,0.8126,0.9054
125000.00,125000.00,127056.12,11,11,11,11,11,0.015882,0.7786,0.7867
500000.00,500000.00,502702.71,12,12,12,12,12,0.062838,0.9586,0.9936
500000.00,500000.00,492733.96,12,12,12,12,12,0.061592,0.9567,0.9741
250000.00,250000.00,250476.36,12,12,12,12,12,0.031310,0.9536,0.9877
250000.00,250000.00,252180.10,12,12,12,12,12,0.031523,0.9486,0.9789
125000.00,125000.00,123146.06,11,11,11,11,11,0.015393,0.9343,0.9840
125000.00,125000.00,122207.64,11,11,11,11,11,0.015276,0.9151,0.9759
250000.00,250000.00,252965.93,12,12,12,12,12,0.031621,0.7792,0.9633
125000.00,125000.00,125197.41,9,9,9,9,9,0.015650,0.7042,0.5877
