GT BW (Hz),Detected BW (Hz),Measured BW (Hz),GT SF,Detected SF,Measured SF (upscaled),Measured SF (downscaled),Measured SF (ungated),Height,Confidence,IoU
101562.00,125000.00,109838.49,9,10,10,10,10,0.013730,0.7145,0.9162
101562.00,125000.00,102096.56,9,10,10,9,9,0.012762,0.8792,0.9682
101562.00,125000.00,114643.10,9,10,10,10,10,0.014330,0.8037,0.8836
101562.00,125000.00,109048.84,12,12,12,12,12,0.013631,0.8992,0.8256
101562.00,125000.00,100209.24,12,12,12,11,11,0.012526,0.8733,0.8864
101562.00,125000.00,107432.37,12,12,12,12,12,0.013429,0.9196,0.9415
101562.00,125000.00,106088.64,12,12,12,12,12,0.013261,0.9053,0.8697
101562.00,125000.00,112039.57,12,12,12,12,12,0.014005,0.8719,0.9035
101562.00,125000.00,114658.36,12,12,12,12,12,0.014332,0.7660,0.8787
101562.00,125000.00,115709.78,12,12,12,12,12,0.014464,0.7027,0.8408
101562.00,125000.00,108949.66,12,12,12,12,12,0.013619,0.8991,0.9256
101562.00,125000.00,106086.73,12,12,12,12,12,0.013261,0.8694,0.9498
101562.00,125000.00,115623.47,12,12,12,12,12,0.014453,0.8255,0.8400
101562.00,125000.00,109296.80,12,12,12,12,12,0.013662,0.8830,0.9226
101562.00,125000.00,125865.46,12,12,12,12,12,0.015733,0.8693,0.8044
101562.00,125000.00,109353.54,12,12,12,12,12,0.013669,0.8486,0.9287
101562.00,125000.00,113960.98,12,12,12,12,12,0.014245,0.7654,0.8899
117188.00,125000.00,112907.89,11,11,11,11,11,0.014113,0.9204,0.9060
117188.00,125000.00,119346.62,11,11,11,11,11,0.014918,0.9145,0.9682
117188.00,125000.00,112361.91,11,11,11,11,11,0.014045,0.8856,0.9265
117188.00,125000.00,118041.99,11,11,11,11,11,0.014755,0.8378,0.9044
117188.00,125000.00,114770.89,11,11,11,11,11,0.014346,0.9438,0.9566
117188.00,125000.00,119350.43,11,11,11,11,11,0.014919,0.9341,0.9625
117188.00,125000.00,117492.68,11,11,11,11,11,0.014687,0.9214,0.9262
117188.00,125000.00,114087.70,11,11,11,11,11,0.014261,0.9151,0.9353
117188.00,125000.00,121629.00,11,11,11,11,11,0.015204,0.8761,0.7742
117188.00,125000.00,128205.30,11,11,11,11,11,0.016026,0.8152,0.8996
117188.00,125000.00,117591.86,11,11,11,11,11,0.014699,0.9294,0.9299
117188.00,125000.00,117418.29,11,11,11,11,11,0.014677,0.7215,0.8737
117188.00,125000.00,115621.57,11,11,11,11,11,0.014453,0.9376,0.9794
117188.00,125000.00,115842.82,11,11,11,11,11,0.014480,0.9167,0.9495
117188.00,125000.00,116027.83,11,11,11,11,11,0.014503,0.9147,0.9642
117188.00,125000.00,118257.52,11,11,11,11,11,0.014782,0.7940,0.7357
117188.00,125000.00,115979.19,9,9,9,9,9,0.014497,0.9307,0.9327
117188.00,125000.00,123491.05,9,9,9,9,9,0.015436,0.9172,0.9003
117188.00,125000.00,113969.80,9,9,9,9,9,0.014246,0.8618,0.9533
117188.00,125000.00,121406.56,9,9,9,9,9,0.015176,0.7442,0.7493
117188.00,125000.00,115410.80,9,9,9,9,9,0.014426,0.9390,0.9340
117188.00,125000.00,117220.88,9,9,9,9,9,0.014653,0.9359,0.9574
117188.00,125000.00,119535.45,9,9,9,9,9,0.014942,0.9324,0.9519
117188.00,125000.00,121063.23,9,9,9,9,9,0.015133,0.9228,0.8848
117188.00,125000.00,124692.92,9,9,9,9,9,0.015587,0.8636,0.9277
117188.00,125000.00,114585.88,9,9,9,9,9,0.014323,0.9068,0.9599
117188.00,125000.00,115506.17,9,9,9,9,9,0.014438,0.9028,0.9792
117188.00,125000.00,119405.03,9,9,9,9,9,0.014926,0.8852,0.9755
117188.00,125000.00,121885.30,9,9,9,9,9,0.015236,0.8849,0.9500
117188.00,125000.00,125378.61,9,9,9,9,9,0.015672,0.8782,0.9261
117188.00,125000.00,115636.35,9,9,9,9,9,0.014455,0.8236,0.9850
117188.00,125000.00,119256.02,9,9,9,9,9,0.014907,0.8674,0.9578
117188.00,125000.00,120281.22,9,9,9,9,9,0.015035,0.8482,0.9567
117188.00,125000.00,122968.91,9,9,9,9,9,0.015371,0.8430,0.9457
117188.00,125000.00,117452.62,9,9,9,9,9,0.014682,0.9472,0.9677
117188.00,125000.00,118680.48,9,9,9,9,9,0.014835,0.9182,0.9746
117188.00,125000.00,115318.30,9,9,9,9,9,0.014415,0.9032,0.9711
117188.00,125000.00,123137.47,9,9,9,9,9,0.015392,0.7295,0.8103
117188.00,125000.00,117108.35,9,9,9,9,9,0.014639,0.9324,0.9423
117188.00,125000.00,118481.16,9,9,9,9,9,0.014810,0.9172,0.9733
117188.00,125000.00,120253.56,9,9,9,9,9,0.015032,0.9136,0.9280
117188.00,125000.00,118479.73,9,9,9,9,9,0.014810,0.8857,0.9150
117188.00,125000.00,110475.54,9,9,9,9,9,0.013809,0.8421,0.9370
117188.00,125000.00,116212.84,9,9,9,9,9,0.014527,0.9520,0.9716
117188.00,125000.00,118108.75,9,9,9,9,9,0.014764,0.9251,0.9237
117188.00,125000.00,117613.79,9,9,9,9,9,0.014702,0.8948,0.9496
117188.00,125000.00,116959.57,9,9,9,9,9,0.014620,0.8909,0.9451
117188.00,125000.00,119129.18,9,9,9,9,9,0.014891,0.9282,0.9671
117188.00,125000.00,117174.15,9,9,9,9,9,0.014647,0.9082,0.9879
117188.00,125000.00,118290.96,9,9,9,9,9,0.014786,0.8971,0.9724
117188.00,125000.00,117554.66,9,9,9,9,9,0.014694,0.8006,0.8389
117188.00,125000.00,125425.34,12,12,12,12,12,0.015678,0.8391,0.9282
117188.00,125000.00,125457.76,12,12,12,12,12,0.015682,0.7903,0.9039
117188.00,125000.00,132749.56,12,12,12,12,12,0.016594,0.7584,0.8756
117188.00,125000.00,117952.82,12,12,12,12,12,0.014744,0.9049,0.9576
117188.00,125000.00,121761.32,12,12,12,12,12,0.015220,0.9307,0.9482
117188.00,125000.00,122575.76,12,12,12,12,12,0.015322,0.8478,0.7820
117188.00,125000.00,119541.17,12,12,12,12,12,0.014943,0.7450,0.8375
117188.00,125000.00,127328.40,12,12,12,12,12,0.015916,0.7215,0.7135
117188.00,125000.00,120296.96,12,12,12,12,12,0.015037,0.9004,0.9609
117188.00,125000.00,123460.77,12,12,12,12,12,0.015433,0.8942,0.9449
117188.00,125000.00,110644.34,12,12,12,12,12,0.013831,0.8383,0.9146
117188.00,125000.00,140800.95,12,12,12,12,12,0.017600,0.7930,0.8038
117188.00,125000.00,116808.89,9,9,9,9,9,0.014601,0.9465,0.9523
117188.00,125000.00,120193.48,9,9,9,9,9,0.015024,0.9220,0.9735
117188.00,125000.00,119514.47,9,9,9,9,9,0.014939,0.9073,0.9274
117188.00,125000.00,117756.84,9,9,9,9,9,0.014720,0.7999,0.9544
117188.00,125000.00,120321.27,9,9,9,9,9,0.015040,0.7101,0.7200
117188.00,125000.00,116560.46,9,9,9,9,9,0.014570,0.9393,0.9464
117188.00,125000.00,115656.67,9,9,9,9,9,0.014457,0.9160,0.9409
117188.00,125000.00,124591.83,9,9,9,9,9,0.015574,0.8885,0.9397
117188.00,125000.00,119776.73,9,9,9,9,9,0.014972,0.7614,0.7743
117188.00,125000.00,125318.77,9,9,9,9,9,0.015665,0.9450,0.8422
117188.00,125000.00,114085.20,9,9,9,9,9,0.014261,0.9183,0.9570
117188.00,125000.00,116011.14,9,9,9,9,9,0.014501,0.8942,0.9681
117188.00,125000.00,116967.68,9,9,9,9,9,0.014621,0.8547,0.9285
117188.00,125000.00,114227.29,9,9,9,9,9,0.014278,0.8366,0.9739
117188.00,125000.00,117359.16,9,9,9,9,9,0.014670,0.8334,0.8491
117188.00,125000.00,116727.83,9,9,9,9,9,0.014591,0.8031,0.9545
117188.00,125000.00,123560.91,9,9,9,9,9,0.015445,0.7401,0.7514
117188.00,125000.00,113194.47,9,9,9,9,9,0.014149,0.9034,0.9624
117188.00,125000.00,121477.13,9,9,9,9,9,0.015185,0.9332,0.9607
117188.00,125000.00,117056.85,9,9,9,9,9,0.014632,0.9078,0.9646
117188.00,125000.00,113551.62,9,9,9,9,9,0.014194,0.9270,0.9629
117188.00,125000.00,116130.35,9,9,9,9,9,0.014516,0.9233,0.9833
117188.00,125000.00,119773.86,9,9,9,9,9,0.014972,0.9226,0.9755
117188.00,125000.00,116847.04,9,9,9,9,9,0.014606,0.9072,0.9451
117188.00,125000.00,114076.61,9,9,9,9,9,0.014260,0.8819,0.9394
117188.00,125000.00,117660.52,9,9,9,9,9,0.014708,0.9437,0.9304
117188.00,125000.00,119974.02,9,9,9,9,9,0.014997,0.9231,0.9156
117188.00,125000.00,118435.86,9,9,9,9,9,0.014804,0.9090,0.9873
117188.00,125000.00,127188.40,9,9,9,9,9,0.015899,0.8633,0.8487
117188.00,125000.00,118858.34,9,9,9,9,9,0.014857,0.8209,0.8539
117188.00,125000.00,119935.99,9,9,9,9,9,0.014992,0.7929,0.7869
117188.00,125000.00,119839.67,9,9,9,9,9,0.014980,0.7573,0.9385
117188.00,125000.00,121884.35,9,9,9,9,9,0.015236,0.9463,0.9611
117188.00,125000.00,115857.66,9,9,9,9,9,0.014482,0.9385,0.9835
117188.00,125000.00,123703.48,9,9,9,9,9,0.015463,0.8592,0.9461
117188.00,125000.00,114055.63,9,9,9,9,9,0.014257,0.7691,0.9694
132812.00,125000.00,139347.08,12,12,12,12,12,0.017418,0.8561,0.9447
132812.00,125000.00,132465.36,12,12,12,12,12,0.016558,0.8448,0.9697
132812.00,125000.00,124931.34,12,12,12,12,12,0.015616,0.9164,0.8863
132812.00,125000.00,111399.17,12,12,12,12,12,0.013925,0.8935,0.8321
132812.00,125000.00,124873.64,12,12,12,12,12,0.015609,0.8377,0.9173
132812.00,125000.00,122803.69,12,12,12,12,12,0.015350,0.8208,0.7028
132812.00,125000.00,127216.34,12,12,12,12,12,0.015902,0.7304,0.7952
132812.00,125000.00,132692.34,12,12,12,12,12,0.016587,0.9647,0.9573
132812.00,125000.00,135027.04,12,12,12,12,12,0.016878,0.9306,0.9712
132812.00,125000.00,131463.77,12,12,12,12,12,0.016433,0.9197,0.9893
132812.00,125000.00,133231.16,12,12,12,12,12,0.016654,0.8913,0.8741
132812.00,125000.00,128841.40,12,12,12,12,12,0.016105,0.8604,0.9078
132812.00,125000.00,133307.46,12,12,12,12,12,0.016663,0.7645,0.7026
132812.00,125000.00,123502.73,12,12,12,12,12,0.015438,0.7523,0.8562
132812.00,125000.00,123226.20,12,12,12,12,12,0.015403,0.9003,0.8630
132812.00,125000.00,131313.32,12,12,12,12,12,0.016414,0.8819,0.9358
132812.00,125000.00,135641.10,12,12,12,12,12,0.016955,0.8482,0.9504
132812.00,125000.00,131964.21,12,12,12,12,12,0.016496,0.8065,0.7151
132812.00,125000.00,128369.33,9,9,9,9,9,0.016046,0.9531,0.9585
132812.00,125000.00,133132.93,9,9,9,9,9,0.016642,0.8575,0.9763
132812.00,125000.00,132369.04,9,9,9,9,9,0.016546,0.8305,0.8819
132812.00,125000.00,131860.97,9,9,9,9,9,0.016483,0.8125,0.7732
132812.00,125000.00,128961.56,9,9,9,9,9,0.016120,0.7769,0.9660
132812.00,125000.00,131540.30,9,9,9,9,9,0.016443,0.9433,0.9673
132812.00,125000.00,134471.42,9,9,9,9,9,0.016809,0.9405,0.9859
132812.00,125000.00,135725.02,9,9,9,9,9,0.016966,0.8941,0.9379
132812.00,125000.00,131800.65,9,9,9,9,9,0.016475,0.7839,0.9423
132812.00,125000.00,131632.80,9,9,9,9,9,0.016454,0.9619,0.9761
132812.00,125000.00,133133.89,9,9,9,9,9,0.016642,0.9404,0.9860
132812.00,125000.00,132793.90,9,9,9,9,9,0.016599,0.9257,0.9690
132812.00,125000.00,133661.27,9,9,9,9,9,0.016708,0.9249,0.9590
132812.00,125000.00,136453.63,9,9,9,9,9,0.017057,0.7262,0.8590
132812.00,125000.00,136823.65,9,9,9,9,9,0.017103,0.7172,0.9445
132812.00,125000.00,131386.76,9,9,9,9,9,0.016423,0.9356,0.9829
132812.00,125000.00,138583.18,9,9,9,9,9,0.017323,0.9224,0.9409
132812.00,125000.00,131351.95,9,9,9,9,9,0.016419,0.8271,0.9158
132812.00,125000.00,129008.29,12,12,12,12,12,0.016126,0.8153,0.9170
132812.00,125000.00,133783.34,12,12,12,12,12,0.016723,0.9277,0.9455
132812.00,125000.00,133469.58,12,12,12,12,12,0.016684,0.8746,0.9542
132812.00,125000.00,121242.64,12,12,12,12,12,0.015155,0.8527,0.9102
132812.00,125000.00,130831.72,12,12,12,12,12,0.016354,0.8137,0.9447
132812.00,125000.00,131688.12,12,12,12,12,12,0.016461,0.9363,0.9485
132812.00,125000.00,133534.43,12,12,12,12,12,0.016692,0.7465,0.9254
132812.00,125000.00,127194.40,12,12,12,12,12,0.015899,0.9042,0.9258
132812.00,125000.00,136340.14,12,12,12,12,12,0.017043,0.9000,0.9093
132812.00,125000.00,131132.13,12,12,12,12,12,0.016392,0.8151,0.9674
132812.00,125000.00,131831.17,9,9,9,9,9,0.016479,0.9115,0.9642
132812.00,125000.00,133546.83,9,9,9,9,9,0.016693,0.8615,0.9686
132812.00,125000.00,130878.93,9,9,9,9,9,0.016360,0.8495,0.9772
132812.00,125000.00,132422.45,9,9,9,9,9,0.016553,0.7334,0.9854
132812.00,125000.00,138401.57,9,9,9,9,9,0.017300,0.7152,0.9456
132812.00,125000.00,132135.39,9,9,9,9,9,0.016517,0.9386,0.9848
132812.00,125000.00,133356.09,9,9,9,9,9,0.016670,0.9138,0.9624
132812.00,125000.00,132836.34,9,9,9,9,9,0.016605,0.8875,0.9875
132812.00,125000.00,129577.64,9,9,9,9,9,0.016197,0.8857,0.9709
132812.00,125000.00,124716.76,9,9,9,9,9,0.015590,0.8785,0.9200
132812.00,125000.00,137262.34,9,9,9,9,9,0.017158,0.8778,0.9654
132812.00,125000.00,132616.04,9,9,9,9,9,0.016577,0.7089,0.8746
132812.00,125000.00,128973.01,9,9,9,9,9,0.016122,0.9522,0.9467
132812.00,125000.00,134387.02,9,9,9,9,9,0.016798,0.9211,0.9653
132812.00,125000.00,133408.78,9,9,9,9,9,0.016676,0.9160,0.9329
132812.00,125000.00,143371.58,9,9,9,9,9,0.017921,0.7897,0.8979
148438.00,125000.00,153873.44,10,10,11,10,11,0.019234,0.8168,0.9607
148438.00,125000.00,157440.19,10,10,11,10,11,0.019680,0.8071,0.9312
148438.00,125000.00,143299.10,10,10,10,10,10,0.017912,0.8228,0.9636
148438.00,125000.00,153157.71,10,10,11,10,11,0.019145,0.8930,0.9565
148438.00,125000.00,146231.65,10,10,10,10,10,0.018279,0.8451,0.9637
148438.00,125000.00,150748.25,10,10,11,10,11,0.018844,0.7094,0.9566
148438.00,125000.00,142791.75,10,10,10,10,10,0.017849,0.8101,0.9611
148438.00,125000.00,137753.96,12,12,12,12,12,0.017219,0.8406,0.9206
148438.00,125000.00,142101.29,12,12,12,12,12,0.017763,0.8020,0.9549
148438.00,125000.00,147823.81,12,12,12,12,12,0.018478,0.8748,0.9625
148438.00,125000.00,149496.56,12,12,13,12,13,0.018687,0.8578,0.9893
148438.00,125000.00,148804.66,12,12,13,12,13,0.018601,0.8364,0.9763
148438.00,125000.00,134009.36,12,12,12,12,12,0.016751,0.8138,0.8463
148438.00,125000.00,146818.16,12,12,12,12,12,0.018352,0.8896,0.9425
148438.00,125000.00,133643.15,12,12,12,12,12,0.016705,0.8820,0.8943
148438.00,125000.00,140871.05,12,12,12,12,12,0.017609,0.8505,0.9471
148438.00,125000.00,148920.06,12,12,13,12,13,0.018615,0.8468,0.8813
148438.00,125000.00,164716.72,12,12,13,12,13,0.020590,0.7160,0.8936
148438.00,125000.00,151219.37,12,12,13,12,13,0.018902,0.9357,0.9705
148438.00,125000.00,146092.41,12,12,12,12,12,0.018262,0.9127,0.9687
148438.00,125000.00,137653.35,12,12,12,12,12,0.017207,0.8966,0.9221
148438.00,125000.00,138096.33,12,12,12,12,12,0.017262,0.8750,0.9240
148438.00,125000.00,147727.97,12,12,12,12,12,0.018466,0.8230,0.9481
148438.00,125000.00,144117.24,12,12,12,12,12,0.018015,0.7524,0.7475
148438.00,125000.00,148735.05,12,12,13,12,13,0.018592,0.9294,0.9508
148438.00,125000.00,150397.30,12,12,13,12,13,0.018800,0.9010,0.9332
148438.00,125000.00,151657.34,12,12,13,12,13,0.018957,0.8315,0.8815
148438.00,125000.00,150025.37,12,12,13,12,13,0.018753,0.8218,0.9822
148438.00,125000.00,146702.77,12,12,12,12,12,0.018338,0.8182,0.9689
148438.00,125000.00,152746.20,12,12,13,12,13,0.019093,0.8580,0.9592
148438.00,125000.00,146577.84,12,12,12,12,12,0.018322,0.8998,0.9677
148438.00,125000.00,145236.97,12,12,12,12,12,0.018155,0.8728,0.9723
148438.00,125000.00,148729.80,12,12,13,12,13,0.018591,0.7834,0.9794
148438.00,125000.00,149538.99,9,9,10,9,10,0.018692,0.8444,0.9354
148438.00,125000.00,146776.20,9,9,9,9,9,0.018347,0.7881,0.9138
148438.00,125000.00,149231.91,9,9,10,9,10,0.018654,0.7729,0.9638
148438.00,125000.00,150196.08,9,9,10,9,10,0.018775,0.7077,0.9501
148438.00,125000.00,148924.83,9,9,10,9,10,0.018616,0.7743,0.9693
164062.00,187500.00,164635.18,12,12,12,12,12,0.020579,0.7941,0.9470
164062.00,187500.00,166213.99,12,12,12,12,12,0.020777,0.9500,0.9794
164062.00,187500.00,163450.24,12,12,12,12,12,0.020431,0.8405,0.9942
164062.00,187500.00,170009.61,12,12,12,12,12,0.021251,0.8753,0.9595
164062.00,187500.00,169239.04,12,12,12,12,12,0.021155,0.7943,0.9673
164062.00,187500.00,161586.76,12,12,12,12,12,0.020198,0.7513,0.9769
164062.00,125000.00,130611.42,12,11,11,11,11,0.016326,0.7922,0.7919
164062.00,187500.00,160575.09,12,12,12,12,12,0.020072,0.7785,0.9719
164062.00,187500.00,162607.67,12,12,12,12,12,0.020326,0.8923,0.6518
164062.00,187500.00,163443.57,12,12,12,12,12,0.020430,0.9067,0.9610
164062.00,187500.00,156872.51,12,12,12,11,11,0.019609,0.7396,0.9543
164062.00,187500.00,179718.02,12,12,12,12,12,0.022465,0.9076,0.9091
164062.00,187500.00,158615.11,12,12,12,12,12,0.019827,0.8992,0.9601
164062.00,187500.00,168932.44,12,12,12,12,12,0.021117,0.8235,0.9484
164062.00,187500.00,168035.51,12,12,12,12,12,0.021004,0.8435,0.9724
164062.00,187500.00,179450.04,12,12,12,12,12,0.022431,0.8162,0.8024
164062.00,187500.00,152812.00,12,12,12,11,11,0.019102,0.7492,0.9248
164062.00,187500.00,161281.59,10,10,10,10,10,0.020160,0.7805,0.9722
164062.00,187500.00,162389.76,10,10,10,10,10,0.020299,0.8194,0.9692
164062.00,187500.00,162048.34,10,10,10,10,10,0.020256,0.7762,0.9413
164062.00,187500.00,164039.61,10,10,10,10,10,0.020505,0.8428,0.9732
164062.00,187500.00,162343.98,10,10,10,10,10,0.020293,0.8627,0.9665
164062.00,187500.00,168026.92,10,10,10,10,10,0.021003,0.8042,0.8591
164062.00,187500.00,169330.60,10,10,10,10,10,0.021166,0.8428,0.9070
164062.00,187500.00,168760.78,10,10,10,10,10,0.021095,0.7286,0.9643
164062.00,187500.00,169147.49,10,10,10,10,10,0.021143,0.9278,0.9632
164062.00,187500.00,162665.13,10,10,10,10,10,0.020333,0.8886,0.9504
164062.00,187500.00,162273.41,10,10,10,10,10,0.020284,0.7215,0.9583
179688.00,187500.00,178696.63,9,9,9,9,9,0.022337,0.9688,0.9460
179688.00,187500.00,176634.79,9,9,9,9,9,0.022079,0.9465,0.9667
179688.00,187500.00,175590.04,9,9,9,9,9,0.021949,0.9451,0.9419
179688.00,187500.00,176278.59,9,9,9,9,9,0.022035,0.9386,0.9779
179688.00,187500.00,182235.72,9,9,9,9,9,0.022779,0.9254,0.9216
179688.00,187500.00,180912.02,9,9,9,9,9,0.022614,0.8474,0.8716
179688.00,187500.00,177263.26,9,9,9,9,9,0.022158,0.9519,0.9799
179688.00,187500.00,180318.83,9,9,9,9,9,0.022540,0.9433,0.9395
179688.00,187500.00,188712.12,9,9,9,9,9,0.023589,0.9429,0.9164
179688.00,187500.00,185635.09,9,9,9,9,9,0.023204,0.9185,0.9321
179688.00,187500.00,177043.91,9,9,9,9,9,0.022130,0.9574,0.9372
179688.00,187500.00,173814.06,9,9,9,9,9,0.021727,0.9551,0.9454
179688.00,187500.00,189836.98,9,9,9,9,9,0.023730,0.9490,0.9390
179688.00,187500.00,181748.39,9,9,9,9,9,0.022719,0.9355,0.9623
179688.00,187500.00,179850.58,9,9,9,9,9,0.022481,0.9192,0.9620
179688.00,187500.00,196900.37,9,9,9,9,9,0.024613,0.8802,0.8465
179688.00,187500.00,183955.19,9,9,9,9,9,0.022994,0.9412,0.9381
179688.00,187500.00,177317.62,9,9,9,9,9,0.022165,0.9061,0.9620
179688.00,187500.00,178674.70,9,9,9,9,9,0.022334,0.8713,0.8898
179688.00,187500.00,185904.03,10,10,10,10,10,0.023238,0.9527,0.9550
179688.00,187500.00,175460.34,10,10,10,10,10,0.021933,0.9359,0.9616
179688.00,187500.00,178225.52,10,10,10,10,10,0.022278,0.9236,0.9607
179688.00,187500.00,173309.33,10,10,10,10,10,0.021664,0.8745,0.9574
179688.00,187500.00,175570.07,10,10,10,10,10,0.021946,0.7847,0.9285
179688.00,187500.00,171419.14,10,10,10,10,10,0.021427,0.7442,0.9447
179688.00,187500.00,174491.88,10,10,10,10,10,0.021811,0.9577,0.9401
179688.00,187500.00,181740.76,10,10,10,10,10,0.022718,0.9532,0.9777
179688.00,187500.00,180479.05,10,10,10,10,10,0.022560,0.9526,0.9296
179688.00,187500.00,178131.10,10,10,10,10,10,0.022266,0.7843,0.6154
179688.00,187500.00,178867.19,10,10,10,10,10,0.022358,0.9652,0.9609
179688.00,187500.00,177909.85,10,10,10,10,10,0.022239,0.9268,0.8980
179688.00,187500.00,177501.92,10,10,10,10,10,0.022188,0.8614,0.9662
179688.00,187500.00,179006.58,10,10,10,10,10,0.022376,0.8481,0.9589
179688.00,187500.00,169113.16,10,10,10,10,10,0.021139,0.7714,0.7934
179688.00,187500.00,180751.32,10,10,10,10,10,0.022594,0.9686,0.9604
179688.00,187500.00,178899.77,10,10,10,10,10,0.022362,0.9478,0.9538
179688.00,187500.00,174432.75,10,10,10,10,10,0.021804,0.9350,0.8656
179688.00,187500.00,189200.88,10,10,10,10,10,0.023650,0.9134,0.9172
179688.00,187500.00,179069.52,12,12,12,12,12,0.022384,0.9566,0.9017
179688.00,187500.00,178217.89,12,12,12,12,12,0.022277,0.9450,0.9425
179688.00,187500.00,179925.92,12,12,12,12,12,0.022491,0.9446,0.9787
179688.00,187500.00,179023.74,12,12,12,12,12,0.022378,0.9303,0.9614
179688.00,187500.00,179346.20,12,12,12,12,12,0.022418,0.9275,0.9884
179688.00,187500.00,208002.09,12,12,12,12,12,0.026000,0.7845,0.8622
179688.00,187500.00,185236.93,12,12,12,12,12,0.023155,0.8755,0.9598
179688.00,187500.00,179382.32,12,12,12,12,12,0.022423,0.8394,0.9854
179688.00,125000.00,176501.27,12,11,12,11,12,0.022063,0.7672,0.9410
179688.00,187500.00,197984.70,12,12,12,12,12,0.024748,0.9437,0.9039
179688.00,187500.00,184659.48,12,12,12,12,12,0.023082,0.9418,0.9651
179688.00,187500.00,183649.06,12,12,12,12,12,0.022956,0.9329,0.9758
179688.00,187500.00,180284.50,12,12,12,12,12,0.022536,0.9311,0.9691
179688.00,187500.00,181259.16,12,12,12,12,12,0.022657,0.9293,0.9729
179688.00,187500.00,183200.36,12,12,12,12,12,0.022900,0.9248,0.9727
179688.00,187500.00,181912.42,12,12,12,12,12,0.022739,0.9625,0.9849
179688.00,187500.00,185134.02,12,12,12,12,12,0.023142,0.9001,0.8042
179688.00,187500.00,180424.69,12,12,12,12,12,0.022553,0.8019,0.9510
179688.00,187500.00,183816.91,9,9,9,9,9,0.022977,0.9540,0.9490
179688.00,187500.00,197974.21,9,9,9,9,9,0.024747,0.9407,0.8991
179688.00,187500.00,174661.64,9,9,9,9,9,0.021833,0.9353,0.8226
179688.00,187500.00,181104.30,9,9,9,9,9,0.022638,0.8123,0.9563
179688.00,187500.00,183943.75,9,9,9,9,9,0.022993,0.7790,0.9193
179688.00,187500.00,177296.64,9,9,9,9,9,0.022162,0.9149,0.9627
179688.00,187500.00,184915.54,9,9,9,9,9,0.023114,0.9140,0.9577
179688.00,187500.00,180296.90,9,9,9,9,9,0.022537,0.8409,0.9718
179688.00,187500.00,169979.10,9,9,9,9,9,0.021247,0.8406,0.9361
179688.00,187500.00,177718.16,9,9,9,9,9,0.022215,0.7632,0.9546
179688.00,187500.00,174965.86,9,9,9,9,9,0.021871,0.7593,0.9693
179688.00,187500.00,193957.33,9,9,9,9,9,0.024245,0.8894,0.8870
179688.00,187500.00,182124.61,9,9,9,9,9,0.022766,0.8650,0.9522
195312.00,187500.00,196799.28,11,11,11,11,11,0.024600,0.9093,0.9414
195312.00,187500.00,201378.35,11,11,11,11,11,0.025172,0.8975,0.8351
195312.00,187500.00,198332.55,12,12,12,12,12,0.024792,0.8679,0.9774
195312.00,187500.00,195662.50,12,12,12,12,12,0.024458,0.8176,0.9779
195312.00,187500.00,196588.52,11,11,11,11,11,0.024574,0.7890,0.9764
195312.00,187500.00,195401.19,12,12,12,12,12,0.024425,0.7451,0.9660
195312.00,187500.00,200474.98,11,11,11,11,11,0.025059,0.9575,0.9682
195312.00,187500.00,197250.37,11,11,11,11,11,0.024656,0.9431,0.9444
195312.00,187500.00,197132.11,11,11,11,11,11,0.024642,0.9393,0.9433
195312.00,187500.00,191761.02,11,11,11,11,11,0.023970,0.9309,0.9763
195312.00,187500.00,193307.88,12,12,12,12,12,0.024163,0.8997,0.9814
195312.00,187500.00,199229.24,11,11,11,11,11,0.024904,0.8892,0.9682
195312.00,187500.00,191265.58,11,11,11,11,11,0.023908,0.8680,0.9312
195312.00,187500.00,196956.63,11,11,11,11,11,0.024620,0.7406,0.6437
195312.00,187500.00,198891.64,11,11,11,11,11,0.024861,0.9406,0.9801
195312.00,187500.00,189065.46,11,11,11,11,11,0.023633,0.9361,0.9542
195312.00,187500.00,195193.29,11,11,11,11,11,0.024399,0.8969,0.9737
195312.00,187500.00,194456.10,11,11,11,11,11,0.024307,0.9428,0.9615
195312.00,187500.00,192409.04,12,12,12,12,12,0.024051,0.9349,0.9333
195312.00,187500.00,200585.37,12,12,12,12,12,0.025073,0.9244,0.9432
195312.00,187500.00,200223.92,12,12,12,12,12,0.025028,0.8918,0.9673
195312.00,187500.00,196622.85,11,11,11,11,11,0.024578,0.8494,0.8678
195312.00,187500.00,191065.79,12,12,12,12,12,0.023883,0.7964,0.9682
195312.00,187500.00,200074.20,12,12,12,12,12,0.025009,0.7758,0.6612
195312.00,187500.00,207623.96,12,12,12,12,12,0.025953,0.7066,0.9370
195312.00,187500.00,195203.30,12,12,12,12,12,0.024400,0.9229,0.9893
195312.00,187500.00,192504.88,12,12,12,12,12,0.024063,0.9152,0.9834
195312.00,187500.00,188090.32,12,12,12,12,12,0.023511,0.9147,0.9371
195312.00,187500.00,197083.95,12,12,12,12,12,0.024635,0.8257,0.9058
195312.00,187500.00,187150.96,12,12,12,12,12,0.023394,0.9506,0.9545
195312.00,187500.00,202074.05,12,12,12,12,12,0.025259,0.9431,0.9632
195312.00,187500.00,195070.27,12,12,12,12,12,0.024384,0.9414,0.9824
195312.00,187500.00,205787.66,12,12,12,12,12,0.025723,0.9546,0.9471
195312.00,187500.00,192689.66,12,12,12,12,12,0.024086,0.9487,0.9374
195312.00,187500.00,198189.74,12,12,12,12,12,0.024774,0.9410,0.9447
195312.00,187500.00,198031.90,12,12,12,12,12,0.024754,0.9352,0.9617
195312.00,187500.00,200034.14,12,12,12,12,12,0.025004,0.8209,0.9483
195312.00,187500.00,208518.98,12,12,12,12,12,0.026065,0.7574,0.5940
195312.00,187500.00,196563.72,12,12,12,12,12,0.024570,0.9154,0.9733
195312.00,187500.00,192584.04,12,12,12,12,12,0.024073,0.9151,0.9768
195312.00,187500.00,197442.05,12,12,12,12,12,0.024680,0.8972,0.9484
195312.00,187500.00,196778.06,12,12,12,12,12,0.024597,0.8885,0.9568
195312.00,187500.00,197999.24,12,12,12,12,12,0.024750,0.8792,0.9669
210938.00,187500.00,208004.95,11,11,11,11,11,0.026001,0.9408,0.9728
210938.00,187500.00,206140.52,11,11,11,11,11,0.025768,0.8984,0.9551
210938.00,187500.00,209291.70,11,11,11,11,11,0.026161,0.8741,0.9657
210938.00,187500.00,212626.46,11,11,11,11,11,0.026578,0.8511,0.9864
210938.00,187500.00,212381.36,11,11,11,11,11,0.026548,0.8497,0.9548
210938.00,187500.00,208903.31,11,11,11,11,11,0.026113,0.7438,0.9338
210938.00,187500.00,208919.05,11,11,11,11,11,0.026115,0.8048,0.9859
210938.00,187500.00,211931.23,11,11,11,11,11,0.026491,0.7366,0.9928
210938.00,187500.00,210178.38,11,11,11,11,11,0.026272,0.9157,0.9539
210938.00,187500.00,208661.08,11,11,11,11,11,0.026083,0.8673,0.9719
210938.00,187500.00,209527.02,11,11,11,11,11,0.026191,0.8477,0.9749
210938.00,187500.00,212871.13,11,11,11,11,11,0.026609,0.8117,0.9581
210938.00,187500.00,211074.83,11,11,11,11,11,0.026384,0.8052,0.9649
210938.00,187500.00,226107.12,11,11,12,11,12,0.028263,0.7788,0.9011
210938.00,187500.00,186522.01,11,11,11,11,11,0.023315,0.7320,0.7864
210938.00,187500.00,208089.83,11,11,11,11,11,0.026011,0.8716,0.9835
210938.00,187500.00,206846.24,10,10,10,10,10,0.025856,0.8580,0.9588
210938.00,187500.00,210989.00,10,10,10,10,10,0.026374,0.9276,0.9613
210938.00,187500.00,214268.68,10,10,10,10,10,0.026784,0.9171,0.9520
210938.00,187500.00,215034.48,10,10,10,10,10,0.026879,0.9147,0.8601
210938.00,187500.00,207235.34,10,10,10,10,10,0.025904,0.8496,0.9457
210938.00,187500.00,206621.17,10,10,10,10,10,0.025828,0.9559,0.9384
210938.00,187500.00,209892.27,10,10,10,10,10,0.026237,0.9078,0.9475
210938.00,187500.00,209554.14,10,10,10,10,10,0.026194,0.8873,0.9642
210938.00,187500.00,205138.21,10,10,10,10,10,0.025642,0.8864,0.9692
210938.00,187500.00,215209.96,10,10,10,10,10,0.026901,0.8620,0.9689
210938.00,187500.00,212824.82,10,10,10,10,10,0.026603,0.8019,0.9624
210938.00,187500.00,208324.43,10,10,10,10,10,0.026041,0.8850,0.9667
210938.00,187500.00,205202.10,10,10,10,10,10,0.025650,0.8614,0.9577
210938.00,187500.00,209734.92,10,10,10,10,10,0.026217,0.9271,0.9789
210938.00,187500.00,205365.66,10,10,10,10,10,0.025671,0.9121,0.9437
210938.00,187500.00,212039.95,10,10,10,10,10,0.026505,0.8267,0.9834
210938.00,187500.00,208930.97,10,10,10,10,10,0.026116,0.9265,0.9574
210938.00,187500.00,207473.75,10,10,10,10,10,0.025934,0.9222,0.9813
210938.00,187500.00,203211.78,10,10,10,10,10,0.025401,0.8987,0.9612
210938.00,187500.00,204366.68,10,10,10,10,10,0.025546,0.8941,0.9531
210938.00,187500.00,207769.60,10,10,10,10,10,0.025971,0.8433,0.9693
210938.00,187500.00,209055.84,10,10,10,10,10,0.026132,0.8164,0.9386
210938.00,187500.00,218099.59,10,10,10,10,10,0.027262,0.7979,0.9598
210938.00,187500.00,211339.00,10,10,10,10,10,0.026417,0.7584,0.9737
210938.00,187500.00,211248.40,10,10,10,10,10,0.026406,0.7049,0.9780
210938.00,187500.00,204223.63,10,10,10,10,10,0.025528,0.9347,0.9586
210938.00,187500.00,208713.53,10,10,10,10,10,0.026089,0.9050,0.9768
210938.00,187500.00,215865.14,10,10,10,10,10,0.026983,0.8739,0.9746
210938.00,187500.00,209097.86,10,10,10,10,10,0.026137,0.9508,0.9629
210938.00,187500.00,214214.32,10,10,10,10,10,0.026777,0.9486,0.9482
210938.00,187500.00,212909.70,10,10,10,10,10,0.026614,0.9445,0.9693
210938.00,187500.00,210227.01,10,10,10,10,10,0.026278,0.9380,0.9768
210938.00,187500.00,218935.01,10,10,10,10,10,0.027367,0.8609,0.9596
210938.00,187500.00,206858.63,10,10,10,10,10,0.025857,0.8560,0.9767
210938.00,187500.00,211985.59,10,10,10,10,10,0.026498,0.7715,0.9717
210938.00,187500.00,208820.16,10,10,10,10,10,0.026103,0.9621,0.9489
210938.00,187500.00,213810.92,10,10,10,10,10,0.026726,0.9613,0.9721
210938.00,187500.00,212284.09,10,10,10,10,10,0.026536,0.9555,0.9554
210938.00,187500.00,202663.42,10,10,10,10,10,0.025333,0.9715,0.9600
210938.00,187500.00,207130.43,10,10,10,10,10,0.025891,0.9616,0.9581
210938.00,187500.00,206784.25,10,10,10,10,10,0.025848,0.9412,0.9722
210938.00,187500.00,210925.58,10,10,10,10,10,0.026366,0.9218,0.9854
210938.00,187500.00,208047.87,10,10,10,10,10,0.026006,0.9037,0.9782
210938.00,187500.00,207074.17,10,10,10,10,10,0.025884,0.9737,0.9619
210938.00,187500.00,211768.39,10,10,10,10,10,0.026471,0.9172,0.9720
210938.00,187500.00,207802.77,10,10,10,10,10,0.025975,0.8950,0.9550
210938.00,187500.00,213453.29,10,10,10,10,10,0.026682,0.8899,0.9520
210938.00,187500.00,209206.58,9,9,9,9,9,0.026151,0.9260,0.9620
210938.00,187500.00,210690.50,9,9,9,9,9,0.026336,0.8958,0.9893
210938.00,187500.00,208349.23,9,9,9,9,9,0.026044,0.8581,0.9659
210938.00,187500.00,213044.17,9,9,9,9,9,0.026631,0.8430,0.9844
210938.00,187500.00,201688.77,9,9,9,9,9,0.025211,0.8414,0.9330
210938.00,187500.00,201901.44,9,9,9,9,9,0.025238,0.9479,0.9508
210938.00,187500.00,204029.56,9,9,9,9,9,0.025504,0.9227,0.9602
210938.00,187500.00,207136.63,9,9,9,9,9,0.025892,0.9111,0.9801
210938.00,187500.00,209325.79,9,9,9,9,9,0.026166,0.8851,0.9701
210938.00,187500.00,208492.28,9,9,9,9,9,0.026062,0.8376,0.9814
210938.00,187500.00,205346.11,9,9,9,9,9,0.025668,0.8335,0.9624
210938.00,187500.00,208692.55,9,9,9,9,9,0.026087,0.8029,0.9689
210938.00,187500.00,212596.06,9,9,9,9,9,0.026575,0.7640,0.9618
210938.00,187500.00,200719.83,9,9,9,9,9,0.025090,0.7062,0.9448
210938.00,187500.00,217490.20,9,9,9,9,9,0.027186,0.9037,0.9649
210938.00,187500.00,210243.23,9,9,9,9,9,0.026280,0.8876,0.9911
210938.00,187500.00,209988.59,9,9,9,9,9,0.026249,0.8690,0.9830
226562.00,187500.00,231997.97,9,9,10,9,10,0.029000,0.7858,0.9491
226562.00,187500.00,232017.99,9,9,10,9,10,0.029002,0.8489,0.9634
226562.00,187500.00,228074.19,9,9,10,9,10,0.028509,0.7270,0.9849
226562.00,250000.00,227200.51,12,12,12,12,12,0.028400,0.9291,0.9707
226562.00,250000.00,232070.92,12,12,12,12,12,0.029009,0.9202,0.9697
226562.00,250000.00,227016.45,12,12,12,12,12,0.028377,0.9030,0.9331
226562.00,250000.00,235694.89,12,12,12,12,12,0.029462,0.8679,0.9602
226562.00,250000.00,217036.25,12,12,12,12,12,0.027130,0.7030,0.9438
226562.00,250000.00,226591.11,12,12,12,12,12,0.028324,0.9488,0.9795
226562.00,250000.00,228844.17,12,12,12,12,12,0.028606,0.9423,0.9694
226562.00,250000.00,226872.68,12,12,12,12,12,0.028359,0.9250,0.9585
226562.00,250000.00,225491.52,12,12,12,12,12,0.028186,0.8451,0.9759
226562.00,250000.00,228867.17,12,12,12,12,12,0.028608,0.9187,0.9597
226562.00,250000.00,226509.09,12,12,12,12,12,0.028314,0.9095,0.9863
226562.00,250000.00,224929.09,12,12,12,12,12,0.028116,0.9078,0.9727
226562.00,250000.00,229640.96,12,12,12,12,12,0.028705,0.8555,0.9804
226562.00,250000.00,228697.78,12,12,12,12,12,0.028587,0.9476,0.9892
226562.00,250000.00,227842.57,12,12,12,12,12,0.028480,0.9287,0.9743
226562.00,250000.00,231389.52,12,12,12,12,12,0.028924,0.8973,0.9752
226562.00,250000.00,228282.93,12,12,12,12,12,0.028535,0.8375,0.9719
226562.00,250000.00,231498.72,12,12,12,12,12,0.028937,0.8100,0.9766
226562.00,250000.00,230789.18,10,10,10,10,10,0.028849,0.9623,0.9580
226562.00,187500.00,227128.98,10,10,11,10,11,0.028391,0.7816,0.9729
226562.00,250000.00,220790.86,10,10,10,10,10,0.027599,0.7255,0.9714
226562.00,250000.00,229717.25,10,10,10,10,10,0.028715,0.9320,0.9750
226562.00,250000.00,224831.58,10,10,10,10,10,0.028104,0.9304,0.9656
226562.00,250000.00,227603.44,10,10,10,10,10,0.028450,0.8239,0.9397
226562.00,250000.00,231947.30,10,10,10,10,10,0.028993,0.8915,0.9682
226562.00,250000.00,223051.91,10,10,10,10,10,0.027881,0.8752,0.9742
226562.00,187500.00,230549.34,10,10,11,10,11,0.028819,0.8230,0.9659
226562.00,250000.00,227651.12,10,10,10,10,10,0.028456,0.7554,0.9590
226562.00,250000.00,229329.11,10,10,10,10,10,0.028666,0.9152,0.9805
226562.00,250000.00,228742.60,10,10,10,10,10,0.028593,0.9126,0.9855
226562.00,250000.00,226121.90,10,10,10,10,10,0.028265,0.8895,0.9660
226562.00,250000.00,233022.69,10,10,10,10,10,0.029128,0.8887,0.9047
226562.00,250000.00,225839.61,10,10,10,10,10,0.028230,0.8480,0.9835
226562.00,250000.00,222955.70,12,12,12,12,12,0.027869,0.8869,0.9783
226562.00,250000.00,230524.06,12,12,12,12,12,0.028816,0.8593,0.8566
226562.00,250000.00,216747.28,12,12,12,12,12,0.027093,0.7943,0.8406
226562.00,250000.00,226588.73,12,12,12,12,12,0.028324,0.7516,0.9910
226562.00,250000.00,230696.68,12,12,12,12,12,0.028837,0.8450,0.9603
226562.00,250000.00,226192.47,12,12,12,12,12,0.028274,0.8439,0.9591
226562.00,250000.00,225337.03,12,12,12,12,12,0.028167,0.8338,0.9813
226562.00,250000.00,230234.15,12,12,12,12,12,0.028779,0.9466,0.9795
226562.00,250000.00,226007.46,12,12,12,12,12,0.028251,0.9268,0.9784
226562.00,250000.00,225891.11,12,12,12,12,12,0.028236,0.9020,0.9816
226562.00,250000.00,225370.41,12,12,12,12,12,0.028171,0.8970,0.9819
226562.00,250000.00,221604.35,12,12,12,12,12,0.027701,0.8927,0.9726
226562.00,250000.00,226518.63,12,12,12,12,12,0.028315,0.8254,0.9791
226562.00,250000.00,225240.71,12,12,12,12,12,0.028155,0.7471,0.9892
226562.00,250000.00,227972.03,12,12,12,12,12,0.028497,0.9235,0.9896
226562.00,250000.00,226878.17,12,12,12,12,12,0.028360,0.8878,0.9614
226562.00,250000.00,228372.57,12,12,12,12,12,0.028547,0.8623,0.9766
226562.00,250000.00,231511.59,12,12,12,12,12,0.028939,0.8593,0.9763
226562.00,250000.00,232304.10,12,12,12,12,12,0.029038,0.7834,0.9539
226562.00,375000.00,226793.77,9,10,10,9,9,0.028349,0.7227,0.9799
226562.00,187500.00,224328.99,9,9,10,9,10,0.028041,0.7150,0.9703
226562.00,187500.00,228913.31,9,9,10,9,10,0.028614,0.8442,0.9325
226562.00,187500.00,229987.14,9,9,10,9,10,0.028748,0.7939,0.9617
226562.00,250000.00,231195.45,10,10,10,10,10,0.028899,0.9405,0.9757
226562.00,250000.00,219566.35,10,10,10,10,10,0.027446,0.9057,0.9633
226562.00,250000.00,224145.89,10,10,10,10,10,0.028018,0.8817,0.9691
226562.00,250000.00,220167.16,10,10,10,10,10,0.027521,0.7420,0.9615
226562.00,250000.00,223860.74,10,10,10,10,10,0.027983,0.8739,0.9656
226562.00,250000.00,228059.59,10,10,10,10,10,0.028507,0.8585,0.9648
226562.00,250000.00,228935.24,10,10,10,10,10,0.028617,0.9478,0.9841
226562.00,250000.00,229212.76,10,10,10,10,10,0.028652,0.8993,0.9659
226562.00,250000.00,229008.67,10,10,10,10,10,0.028626,0.7946,0.9872
226562.00,250000.00,224590.30,10,10,10,10,10,0.028074,0.9368,0.9820
226562.00,250000.00,229479.79,10,10,10,10,10,0.028685,0.9269,0.9710
226562.00,250000.00,232304.22,10,10,10,10,10,0.029038,0.8893,0.9530
226562.00,250000.00,222139.36,10,10,10,10,10,0.027767,0.8702,0.9646
226562.00,250000.00,228632.93,10,10,10,10,10,0.028579,0.8372,0.9811
226562.00,250000.00,217704.30,10,10,10,10,10,0.027213,0.8279,0.9574
226562.00,250000.00,225227.36,10,10,10,10,10,0.028153,0.8035,0.9864
226562.00,250000.00,224069.60,10,10,10,10,10,0.028009,0.7845,0.9800
242188.00,250000.00,249464.04,10,10,10,10,10,0.031183,0.9842,0.9497
242188.00,250000.00,241243.36,10,10,10,10,10,0.030155,0.9743,0.9657
242188.00,250000.00,246488.57,10,10,10,10,10,0.030811,0.9740,0.9679
242188.00,250000.00,246501.92,10,10,10,10,10,0.030813,0.9721,0.9760
242188.00,250000.00,242576.60,10,10,10,10,10,0.030322,0.9704,0.9934
242188.00,250000.00,242794.99,10,10,10,10,10,0.030349,0.9586,0.9818
242188.00,250000.00,242378.26,10,10,10,10,10,0.030297,0.9435,0.9801
242188.00,250000.00,236186.98,10,10,10,10,10,0.029523,0.9199,0.9484
242188.00,250000.00,243737.88,10,10,10,10,10,0.030467,0.9644,0.9699
242188.00,250000.00,241115.57,10,10,10,10,10,0.030139,0.9555,0.9567
242188.00,250000.00,244454.15,10,10,10,10,10,0.030557,0.9524,0.9750
242188.00,250000.00,243671.42,10,10,10,10,10,0.030459,0.9441,0.9538
242188.00,250000.00,240847.59,10,10,10,10,10,0.030106,0.9766,0.9666
242188.00,250000.00,242377.28,10,10,10,10,10,0.030297,0.9643,0.9849
242188.00,250000.00,247421.03,10,10,10,10,10,0.030928,0.9576,0.9746
242188.00,250000.00,242086.95,10,10,10,10,10,0.030261,0.9716,0.9907
242188.00,250000.00,243658.07,10,10,10,10,10,0.030457,0.9671,0.9592
242188.00,250000.00,239573.48,10,10,10,10,10,0.029947,0.9600,0.9879
242188.00,250000.00,242733.99,10,10,10,10,10,0.030342,0.9531,0.9784
242188.00,250000.00,242851.32,11,11,11,11,11,0.030356,0.9803,0.9702
242188.00,250000.00,242761.61,11,11,11,11,11,0.030345,0.9569,0.9800
242188.00,250000.00,238986.02,11,11,11,11,11,0.029873,0.9409,0.9813
242188.00,250000.00,245955.47,11,11,11,11,11,0.030744,0.9597,0.9768
242188.00,250000.00,242886.07,11,11,11,11,11,0.030361,0.9491,0.9482
242188.00,250000.00,239364.62,11,11,11,11,11,0.029921,0.9412,0.9634
242188.00,250000.00,240379.33,11,11,11,11,11,0.030047,0.9159,0.9907
242188.00,250000.00,240067.48,11,11,11,11,11,0.030008,0.9790,0.9766
242188.00,250000.00,239260.67,11,11,11,11,11,0.029908,0.9695,0.9866
242188.00,250000.00,242573.74,11,11,11,11,11,0.030322,0.9690,0.9689
242188.00,250000.00,244771.96,11,11,11,11,11,0.030596,0.9653,0.9757
242188.00,250000.00,244604.11,11,11,11,11,11,0.030576,0.9638,0.9770
242188.00,250000.00,240599.63,11,11,11,11,11,0.030075,0.9602,0.9844
242188.00,250000.00,246088.03,11,11,11,11,11,0.030761,0.9538,0.9584
242188.00,250000.00,237108.23,11,11,11,11,11,0.029639,0.8893,0.9677
242188.00,250000.00,237230.78,11,11,11,11,11,0.029654,0.8873,0.9715
242188.00,250000.00,244090.80,11,11,11,11,11,0.030511,0.9719,0.9819
242188.00,250000.00,243962.29,11,11,11,11,11,0.030495,0.9623,0.9315
242188.00,250000.00,244044.78,11,11,11,11,11,0.030506,0.9602,0.9837
242188.00,250000.00,237808.23,11,11,11,11,11,0.029726,0.9546,0.9774
242188.00,250000.00,238557.82,11,11,11,11,11,0.029820,0.9487,0.9595
273438.00,250000.00,270513.65,12,12,12,12,12,0.033814,0.9692,0.9791
273438.00,250000.00,272670.75,12,12,12,12,12,0.034084,0.9687,0.9951
273438.00,250000.00,273637.77,12,12,12,12,12,0.034205,0.9658,0.9749
273438.00,250000.00,275496.96,12,12,12,12,12,0.034437,0.9614,0.9417
273438.00,250000.00,273042.68,12,12,12,12,12,0.034130,0.9523,0.9623
273438.00,250000.00,271595.00,12,12,12,12,12,0.033949,0.9490,0.9587
273438.00,250000.00,270975.11,12,12,12,12,12,0.033872,0.9431,0.9848
273438.00,250000.00,321550.13,12,12,13,12,13,0.040194,0.8989,0.8386
273438.00,250000.00,272294.52,12,12,12,12,12,0.034037,0.9375,0.9932
273438.00,250000.00,264671.33,12,12,12,12,12,0.033084,0.9022,0.9596
273438.00,250000.00,278440.48,12,12,12,12,12,0.034805,0.8778,0.9202
273438.00,250000.00,283087.73,12,12,12,12,12,0.035386,0.9744,0.9643
273438.00,250000.00,270990.37,12,12,12,12,12,0.033874,0.9634,0.9736
273438.00,250000.00,276636.12,12,12,12,12,12,0.034580,0.9568,0.9278
273438.00,250000.00,265020.37,12,12,12,12,12,0.033128,0.9500,0.9686
273438.00,250000.00,260185.24,12,12,12,12,12,0.032523,0.9551,0.9456
273438.00,250000.00,269243.12,12,12,12,12,12,0.033655,0.9506,0.9766
273438.00,250000.00,267322.06,12,12,12,12,12,0.033415,0.9319,0.9700
273438.00,250000.00,275642.40,12,12,12,12,12,0.034455,0.9260,0.9745
273438.00,250000.00,271627.43,10,10,10,10,10,0.033953,0.9400,0.9810
273438.00,250000.00,272226.33,10,10,10,10,10,0.034028,0.9213,0.9909
273438.00,250000.00,275879.50,10,10,10,10,10,0.034485,0.9143,0.9909
273438.00,250000.00,273172.38,10,10,10,10,10,0.034147,0.9281,0.9976
273438.00,250000.00,271961.21,10,10,10,10,10,0.033995,0.9230,0.9799
273438.00,250000.00,274782.18,10,10,10,10,10,0.034348,0.8921,0.9798
273438.00,250000.00,270624.16,10,10,10,10,10,0.033828,0.8835,0.9571
273438.00,250000.00,275310.52,10,10,10,10,10,0.034414,0.7934,0.9615
273438.00,250000.00,271690.37,10,10,10,10,10,0.033961,0.9703,0.9778
273438.00,250000.00,277259.83,10,10,10,10,10,0.034657,0.9436,0.9753
273438.00,250000.00,271010.40,10,10,10,10,10,0.033876,0.9313,0.9879
273438.00,250000.00,264745.71,10,10,10,10,10,0.033093,0.9024,0.9571
273438.00,250000.00,275570.87,10,10,10,10,10,0.034446,0.8841,0.9624
273438.00,250000.00,273072.24,10,10,10,10,10,0.034134,0.9582,0.9598
273438.00,250000.00,272681.24,10,10,10,10,10,0.034085,0.9520,0.9957
273438.00,250000.00,271059.04,10,10,10,10,10,0.033882,0.9483,0.9840
273438.00,250000.00,270526.41,10,10,10,10,10,0.033816,0.9406,0.9878
273438.00,250000.00,269260.41,10,10,10,10,10,0.033658,0.9382,0.9808
273438.00,250000.00,277062.15,10,10,10,10,10,0.034633,0.8312,0.9599
273438.00,250000.00,271326.54,10,10,10,10,10,0.033916,0.7149,0.9783
273438.00,250000.00,271747.59,10,10,10,10,10,0.033968,0.8905,0.9802
273438.00,250000.00,267316.82,10,10,10,10,10,0.033415,0.8619,0.9603
273438.00,250000.00,271619.32,10,10,10,10,10,0.033952,0.8277,0.9471
273438.00,250000.00,271564.72,10,10,10,10,10,0.033946,0.7356,0.9890
273438.00,250000.00,270006.18,11,11,11,11,11,0.033751,0.9730,0.9834
273438.00,250000.00,277900.70,11,11,11,11,11,0.034738,0.9284,0.9805
273438.00,250000.00,274755.48,11,11,11,11,11,0.034344,0.9035,0.9800
273438.00,250000.00,271078.11,11,11,11,11,11,0.033885,0.9011,0.9699
273438.00,250000.00,250019.07,11,11,11,11,11,0.031252,0.8211,0.8772
273438.00,250000.00,282827.35,11,11,11,11,11,0.035353,0.9457,0.9587
273438.00,250000.00,274246.22,11,11,11,11,11,0.034281,0.9266,0.9797
273438.00,250000.00,277155.88,11,11,11,11,11,0.034644,0.9262,0.9768
273438.00,250000.00,294292.69,11,11,11,11,11,0.036787,0.9145,0.9150
273438.00,250000.00,272540.63,11,11,11,11,11,0.034068,0.9024,0.9814
273438.00,250000.00,267157.55,11,11,11,11,11,0.033395,0.8823,0.9613
273438.00,250000.00,275156.50,11,11,11,11,11,0.034395,0.8960,0.9585
273438.00,250000.00,268748.76,11,11,11,11,11,0.033594,0.9397,0.9825
273438.00,250000.00,274936.68,11,11,11,11,11,0.034367,0.8620,0.9942
273438.00,250000.00,274433.14,11,11,11,11,11,0.034304,0.8475,0.9839
273438.00,250000.00,271269.80,11,11,11,11,11,0.033909,0.7647,0.9696
273438.00,250000.00,273570.30,11,11,11,11,11,0.034196,0.7222,0.9424
289062.00,375000.00,291830.06,11,12,12,11,11,0.036479,0.7810,0.9890
289062.00,375000.00,289699.55,11,12,12,11,11,0.036212,0.8269,0.9654
289062.00,375000.00,292449.00,11,12,12,11,11,0.036556,0.7638,0.9646
289062.00,250000.00,285583.50,12,12,12,12,12,0.035698,0.9582,0.9684
289062.00,250000.00,287539.72,12,12,12,12,12,0.035942,0.9463,0.9867
289062.00,250000.00,281269.07,12,12,12,12,12,0.035159,0.9329,0.9698
289062.00,250000.00,279863.36,12,12,12,12,12,0.034983,0.9182,0.9633
289062.00,250000.00,292611.12,12,12,12,12,12,0.036576,0.9156,0.9869
289062.00,250000.00,288552.28,12,12,12,12,12,0.036069,0.9227,0.9804
289062.00,250000.00,291530.61,12,12,12,12,12,0.036441,0.8741,0.9303
289062.00,250000.00,287124.63,12,12,12,12,12,0.035891,0.8724,0.9527
289062.00,250000.00,285048.48,12,12,12,12,12,0.035631,0.8082,0.9797
289062.00,250000.00,282858.37,12,12,12,12,12,0.035357,0.7705,0.9472
289062.00,250000.00,295032.50,12,12,12,12,12,0.036879,0.7529,0.9698
289062.00,250000.00,287976.74,12,12,12,12,12,0.035997,0.9166,0.9610
289062.00,250000.00,290558.82,12,12,12,12,12,0.036320,0.8759,0.9829
289062.00,250000.00,284595.49,12,12,12,12,12,0.035574,0.8712,0.9779
289062.00,250000.00,284961.82,12,12,12,12,12,0.035620,0.8583,0.9796
289062.00,250000.00,305468.32,12,12,13,12,13,0.038184,0.8550,0.9117
289062.00,250000.00,284696.58,12,12,12,12,12,0.035587,0.8375,0.9723
289062.00,250000.00,287244.32,12,12,12,12,12,0.035906,0.7568,0.9527
289062.00,250000.00,287302.29,12,12,12,12,12,0.035913,0.9313,0.9931
289062.00,250000.00,285137.18,12,12,12,12,12,0.035642,0.9167,0.9808
289062.00,250000.00,283021.45,12,12,12,12,12,0.035378,0.8159,0.9489
289062.00,250000.00,284899.71,12,12,12,12,12,0.035612,0.8950,0.9243
289062.00,250000.00,333074.57,12,12,13,12,13,0.041634,0.7910,0.8585
289062.00,250000.00,290197.37,12,12,12,12,12,0.036275,0.9242,0.9685
289062.00,250000.00,290308.00,12,12,12,12,12,0.036288,0.8886,0.9740
289062.00,250000.00,292648.32,12,12,12,12,12,0.036581,0.7769,0.9786
289062.00,250000.00,296089.17,12,12,12,12,12,0.037011,0.7474,0.9415
289062.00,250000.00,285603.52,12,12,12,12,12,0.035700,0.9653,0.9721
289062.00,250000.00,291219.71,12,12,12,12,12,0.036402,0.9618,0.9614
289062.00,250000.00,290133.48,12,12,12,12,12,0.036267,0.9334,0.9566
289062.00,250000.00,285182.95,12,12,12,12,12,0.035648,0.8988,0.9589
289062.00,250000.00,293223.98,12,12,12,12,12,0.036653,0.8739,0.9794
289062.00,187500.00,271651.27,10,9,10,9,10,0.033956,0.9429,0.9341
289062.00,250000.00,289657.59,12,12,12,12,12,0.036207,0.8931,0.9604
289062.00,250000.00,286070.35,12,12,12,12,12,0.035759,0.8805,0.9501
289062.00,250000.00,284001.35,12,12,12,12,12,0.035500,0.8773,0.9514
289062.00,250000.00,265720.37,12,12,12,12,12,0.033215,0.8543,0.9054
289062.00,250000.00,281694.89,12,12,12,12,12,0.035212,0.8178,0.9362
304688.00,250000.00,301324.13,10,10,11,10,11,0.037666,0.8575,0.9827
304688.00,250000.00,303788.19,10,10,11,10,11,0.037974,0.8043,0.9893
304688.00,250000.00,300535.20,10,10,11,10,11,0.037567,0.7706,0.9856
304688.00,250000.00,301012.04,10,10,11,10,11,0.037627,0.7657,0.9745
320312.00,375000.00,318419.46,10,10,10,10,10,0.039802,0.8621,0.9890
320312.00,375000.00,318387.63,10,10,10,10,10,0.039798,0.8450,0.9704
320312.00,375000.00,320470.81,10,10,10,10,10,0.040059,0.7455,0.9762
320312.00,375000.00,326997.76,10,10,10,10,10,0.040875,0.7321,0.9085
320312.00,375000.00,318524.36,10,10,10,10,10,0.039816,0.9669,0.9673
320312.00,375000.00,318391.80,10,10,10,10,10,0.039799,0.9390,0.9740
320312.00,375000.00,316584.59,10,10,10,10,10,0.039573,0.9367,0.9743
320312.00,375000.00,311609.51,10,10,10,9,9,0.038951,0.8884,0.9660
320312.00,375000.00,316255.57,10,10,10,10,10,0.039532,0.8880,0.9609
320312.00,375000.00,340354.92,10,10,10,10,10,0.042544,0.8700,0.9371
320312.00,375000.00,320405.01,10,10,10,10,10,0.040051,0.7353,0.9958
320312.00,375000.00,321533.20,10,10,10,10,10,0.040192,0.7693,0.9820
320312.00,375000.00,317080.50,12,12,12,12,12,0.039635,0.7697,0.9688
320312.00,375000.00,320911.41,12,12,12,12,12,0.040114,0.8541,0.9860
320312.00,375000.00,325574.87,12,12,12,12,12,0.040697,0.7962,0.9560
320312.00,375000.00,315128.80,12,12,12,11,11,0.039391,0.7610,0.9805
320312.00,375000.00,318321.70,12,12,12,12,12,0.039790,0.9285,0.9767
320312.00,375000.00,314730.29,12,12,12,11,11,0.039341,0.9262,0.9766
320312.00,375000.00,325746.54,12,12,12,12,12,0.040718,0.8869,0.9770
320312.00,375000.00,318702.70,12,12,12,12,12,0.039838,0.8639,0.9943
320312.00,375000.00,320806.50,12,12,12,12,12,0.040101,0.8081,0.9869
335938.00,375000.00,337472.92,12,12,12,12,12,0.042184,0.9713,0.9757
335938.00,375000.00,334980.01,12,12,12,12,12,0.041873,0.9377,0.9934
335938.00,375000.00,340124.13,12,12,12,12,12,0.042516,0.9252,0.9842
335938.00,375000.00,337369.92,12,12,12,12,12,0.042171,0.9238,0.9933
335938.00,375000.00,333976.75,12,12,12,12,12,0.041747,0.9212,0.9663
335938.00,375000.00,337006.57,12,12,12,12,12,0.042126,0.8942,0.9816
335938.00,375000.00,340017.32,12,12,12,12,12,0.042502,0.9491,0.9688
335938.00,375000.00,337525.37,12,12,12,12,12,0.042191,0.9280,0.9806
335938.00,375000.00,341094.97,12,12,12,12,12,0.042637,0.9188,0.9809
335938.00,375000.00,339962.01,12,12,12,12,12,0.042495,0.8963,0.9137
335938.00,375000.00,337415.46,12,12,12,12,12,0.042177,0.8680,0.9899
335938.00,375000.00,329366.21,12,12,12,12,12,0.041171,0.8282,0.9523
335938.00,375000.00,342739.11,12,12,12,12,12,0.042842,0.9482,0.9643
335938.00,375000.00,335750.58,12,12,12,12,12,0.041969,0.9054,0.9768
335938.00,375000.00,331891.06,12,12,12,12,12,0.041486,0.8226,0.9607
335938.00,250000.00,313846.59,12,11,12,11,12,0.039231,0.7655,0.9267
335938.00,375000.00,327286.01,12,12,12,12,12,0.040911,0.8397,0.9570
367188.00,375000.00,375459.19,12,12,12,12,12,0.046932,0.9057,0.9607
367188.00,375000.00,370232.11,12,12,12,12,12,0.046279,0.9053,0.9834
367188.00,375000.00,369749.07,12,12,12,12,12,0.046219,0.8734,0.9725
367188.00,375000.00,367552.76,12,12,12,12,12,0.045944,0.9697,0.9908
367188.00,375000.00,364230.16,12,12,12,12,12,0.045529,0.9653,0.9781
367188.00,375000.00,370537.76,12,12,12,12,12,0.046317,0.9617,0.9848
367188.00,375000.00,366334.92,12,12,12,12,12,0.045792,0.9214,0.9717
367188.00,375000.00,369011.37,12,12,12,12,12,0.046126,0.9625,0.9878
367188.00,375000.00,368039.61,12,12,12,12,12,0.046005,0.9504,0.9950
367188.00,375000.00,362668.99,12,12,12,12,12,0.045334,0.9413,0.9659
367188.00,375000.00,367588.04,12,12,12,12,12,0.045949,0.9738,0.9808
367188.00,375000.00,369766.24,12,12,12,12,12,0.046221,0.9720,0.9893
367188.00,375000.00,366272.93,12,12,12,12,12,0.045784,0.9699,0.9898
367188.00,375000.00,360409.29,12,12,12,12,12,0.045051,0.9438,0.8907
367188.00,375000.00,384192.47,12,12,12,12,12,0.048024,0.9421,0.9344
367188.00,375000.00,367590.19,12,12,12,12,12,0.045949,0.9381,0.9934
367188.00,375000.00,366857.53,12,12,12,12,12,0.045857,0.9335,0.9859
367188.00,375000.00,374137.04,12,12,12,12,12,0.046767,0.9118,0.9679
367188.00,375000.00,374937.06,12,12,12,12,12,0.046867,0.8856,0.8736
367188.00,375000.00,356611.61,12,12,12,12,12,0.044576,0.8301,0.9450
367188.00,375000.00,364162.33,10,10,10,10,10,0.045520,0.9769,0.9802
367188.00,375000.00,367511.99,10,10,10,10,10,0.045939,0.9711,0.9800
367188.00,375000.00,371735.57,10,10,10,10,10,0.046467,0.9699,0.9859
367188.00,375000.00,368379.59,10,10,10,10,10,0.046047,0.9448,0.9713
367188.00,375000.00,367874.15,10,10,10,10,10,0.045984,0.9271,0.9669
367188.00,375000.00,366915.70,10,10,10,10,10,0.045864,0.9654,0.9855
367188.00,375000.00,353160.86,10,10,10,10,10,0.044145,0.9623,0.9593
367188.00,375000.00,367921.83,10,10,10,10,10,0.045990,0.9532,0.9709
367188.00,375000.00,364951.13,10,10,10,10,10,0.045619,0.9497,0.9423
367188.00,375000.00,371739.39,10,10,10,10,10,0.046467,0.9430,0.9781
367188.00,375000.00,367089.27,10,10,10,10,10,0.045886,0.9319,0.9863
367188.00,375000.00,377297.40,10,10,10,10,10,0.047162,0.8000,0.9647
367188.00,375000.00,378300.43,10,10,10,10,10,0.047288,0.9571,0.9567
367188.00,375000.00,365967.75,10,10,10,10,10,0.045746,0.9436,0.9904
367188.00,375000.00,380746.84,10,10,10,10,10,0.047593,0.9422,0.9344
367188.00,375000.00,373413.09,10,10,10,10,10,0.046677,0.9716,0.9821
367188.00,375000.00,362199.78,10,10,10,10,10,0.045275,0.9638,0.9778
367188.00,375000.00,366958.62,10,10,10,10,10,0.045870,0.9611,0.9603
367188.00,375000.00,371726.99,10,10,10,10,10,0.046466,0.9395,0.9873
367188.00,375000.00,361936.57,10,10,10,10,10,0.045242,0.8905,0.9681
382812.00,375000.00,382470.13,11,11,11,11,11,0.047809,0.9720,0.9711
382812.00,375000.00,385838.99,11,11,11,11,11,0.048230,0.9585,0.9851
382812.00,375000.00,389780.04,11,11,11,11,11,0.048723,0.9565,0.9747
382812.00,375000.00,379684.45,11,11,11,11,11,0.047461,0.9445,0.9612
382812.00,375000.00,373957.63,11,11,11,11,11,0.046745,0.9301,0.9337
382812.00,375000.00,403219.22,11,11,11,11,11,0.050402,0.8635,0.9365
382812.00,375000.00,424657.82,11,11,11,11,11,0.053082,0.8540,0.8582
382812.00,375000.00,411135.23,11,11,11,11,11,0.051392,0.8027,0.9063
382812.00,375000.00,379991.53,11,11,11,11,11,0.047499,0.9581,0.9853
382812.00,375000.00,383768.08,11,11,11,11,11,0.047971,0.9572,0.9925
382812.00,375000.00,379392.62,11,11,11,11,11,0.047424,0.9539,0.9538
382812.00,375000.00,385387.42,11,11,11,11,11,0.048173,0.9482,0.9630
382812.00,375000.00,393527.03,11,11,11,11,11,0.049191,0.9296,0.9392
382812.00,375000.00,387248.99,11,11,11,11,11,0.048406,0.9183,0.9732
382812.00,375000.00,381587.98,11,11,11,11,11,0.047698,0.9175,0.9825
382812.00,375000.00,396895.17,11,11,11,11,11,0.049612,0.9126,0.9564
382812.00,375000.00,375867.84,11,11,11,11,11,0.046983,0.9573,0.9766
382812.00,375000.00,386966.23,11,11,11,11,11,0.048371,0.9571,0.9860
382812.00,375000.00,382779.24,11,11,11,11,11,0.047847,0.9603,0.9938
382812.00,375000.00,382379.53,12,12,12,12,12,0.047797,0.9790,0.9666
382812.00,375000.00,382288.46,12,12,12,12,12,0.047786,0.9734,0.9907
382812.00,375000.00,383535.39,12,12,12,12,12,0.047942,0.9675,0.9958
382812.00,375000.00,381938.93,12,12,12,12,12,0.047742,0.9665,0.9891
382812.00,375000.00,380788.33,12,12,12,12,12,0.047599,0.9651,0.9759
382812.00,375000.00,377577.78,12,12,12,12,12,0.047197,0.9579,0.9836
382812.00,375000.00,384931.56,12,12,12,12,12,0.048116,0.9722,0.9837
382812.00,375000.00,378733.63,12,12,12,12,12,0.047342,0.9685,0.9879
382812.00,375000.00,383853.91,12,12,12,12,12,0.047982,0.9682,0.9776
382812.00,375000.00,386549.83,12,12,12,12,12,0.048319,0.9353,0.9491
382812.00,375000.00,390156.75,12,12,12,12,12,0.048770,0.9193,0.9796
382812.00,375000.00,385417.10,12,12,12,12,12,0.048177,0.9766,0.9833
382812.00,375000.00,380241.39,12,12,12,12,12,0.047530,0.9741,0.9879
382812.00,375000.00,382237.91,12,12,12,12,12,0.047780,0.9721,0.9759
382812.00,375000.00,378532.41,12,12,12,12,12,0.047317,0.9698,0.9862
382812.00,375000.00,397835.73,12,12,12,12,12,0.049729,0.9582,0.9527
382812.00,375000.00,365201.95,12,12,12,12,12,0.045650,0.7443,0.9132
382812.00,375000.00,389413.83,12,12,12,12,12,0.048677,0.9700,0.9700
382812.00,375000.00,373443.60,12,12,12,12,12,0.046680,0.9647,0.9558
382812.00,375000.00,389507.29,12,12,12,12,12,0.048688,0.9534,0.9581
382812.00,375000.00,375814.44,12,12,12,12,12,0.046977,0.9278,0.9749
382812.00,375000.00,382112.50,10,10,10,10,10,0.047764,0.9684,0.9892
382812.00,375000.00,392294.41,10,10,10,10,10,0.049037,0.9613,0.9731
382812.00,375000.00,387012.96,10,10,10,10,10,0.048377,0.9601,0.9852
382812.00,375000.00,386339.19,10,10,10,10,10,0.048292,0.9601,0.9673
382812.00,375000.00,384601.00,10,10,10,10,10,0.048075,0.9364,0.9767
382812.00,375000.00,377111.43,10,10,10,10,10,0.047139,0.9717,0.9673
382812.00,375000.00,383712.77,10,10,10,10,10,0.047964,0.9626,0.9536
382812.00,375000.00,373679.64,10,10,10,10,10,0.046710,0.9548,0.9734
382812.00,375000.00,382648.47,10,10,10,10,10,0.047831,0.9530,0.9910
382812.00,375000.00,386328.70,10,10,10,10,10,0.048291,0.9242,0.9761
382812.00,375000.00,383773.80,10,10,10,10,10,0.047972,0.9650,0.9510
382812.00,375000.00,378180.50,10,10,10,10,10,0.047273,0.9462,0.9623
382812.00,375000.00,400642.40,10,10,10,10,10,0.050080,0.9153,0.9403
382812.00,375000.00,385831.83,10,10,10,10,10,0.048229,0.8684,0.9727
382812.00,375000.00,396701.81,10,10,10,10,10,0.049588,0.8370,0.9429
382812.00,375000.00,397204.40,10,10,10,10,10,0.049651,0.7475,0.5629
382812.00,375000.00,380402.57,10,10,10,10,10,0.047550,0.9712,0.9648
382812.00,375000.00,383889.20,10,10,10,10,10,0.047986,0.9681,0.9787
382812.00,375000.00,382072.45,10,10,10,10,10,0.047759,0.9273,0.9621
382812.00,375000.00,381341.93,10,10,10,10,10,0.047668,0.8835,0.9474
382812.00,375000.00,382361.41,11,11,11,11,11,0.047795,0.9623,0.9787
382812.00,375000.00,380624.77,11,11,11,11,11,0.047578,0.9613,0.9879
382812.00,375000.00,380362.75,11,11,11,11,11,0.047545,0.9593,0.9909
382812.00,375000.00,384455.68,11,11,11,11,11,0.048057,0.9540,0.9907
382812.00,375000.00,407666.21,11,11,11,11,11,0.050958,0.9053,0.9067
382812.00,375000.00,381423.95,11,11,11,11,11,0.047678,0.8664,0.9772
382812.00,375000.00,377763.75,11,11,11,11,11,0.047220,0.9680,0.9821
382812.00,375000.00,381220.82,11,11,11,11,11,0.047653,0.9643,0.9897
382812.00,375000.00,387863.64,11,11,11,11,11,0.048483,0.9531,0.9709
382812.00,375000.00,382941.48,11,11,11,11,11,0.047868,0.9468,0.9930
382812.00,375000.00,387873.65,11,11,11,11,11,0.048484,0.9418,0.9775
382812.00,375000.00,385294.91,11,11,11,11,11,0.048162,0.9378,0.9727
382812.00,375000.00,388484.95,11,11,11,11,11,0.048561,0.9342,0.9692
382812.00,375000.00,384197.24,11,11,11,11,11,0.048025,0.9775,0.9746
382812.00,375000.00,385454.89,11,11,11,11,11,0.048182,0.9670,0.9523
382812.00,375000.00,386075.97,11,11,11,11,11,0.048259,0.9634,0.9878
382812.00,375000.00,385963.44,11,11,11,11,11,0.048245,0.9612,0.9824
382812.00,375000.00,380716.32,11,11,11,11,11,0.047590,0.9603,0.9856
382812.00,375000.00,324941.64,11,11,11,11,11,0.040618,0.8059,0.8074
382812.00,375000.00,383722.31,12,12,12,12,12,0.047965,0.9715,0.9880
382812.00,375000.00,382483.48,12,12,12,12,12,0.047810,0.9661,0.9769
382812.00,375000.00,377398.19,12,12,12,12,12,0.047175,0.9647,0.9849
382812.00,375000.00,394919.40,12,12,12,12,12,0.049365,0.9632,0.9599
382812.00,375000.00,386509.90,12,12,12,12,12,0.048314,0.9598,0.9702
382812.00,375000.00,386426.93,12,12,12,12,12,0.048303,0.9291,0.9423
382812.00,375000.00,382309.91,12,12,12,12,12,0.047789,0.9703,0.9762
382812.00,375000.00,389122.49,12,12,12,12,12,0.048640,0.9690,0.9767
382812.00,375000.00,383770.94,12,12,12,12,12,0.047971,0.9667,0.9888
382812.00,375000.00,388702.39,12,12,12,12,12,0.048588,0.9567,0.9731
382812.00,375000.00,396965.98,12,12,12,12,12,0.049621,0.9653,0.9449
382812.00,375000.00,381380.08,12,12,12,12,12,0.047673,0.9640,0.9925
382812.00,375000.00,384594.92,12,12,12,12,12,0.048074,0.9588,0.9715
382812.00,375000.00,387533.19,12,12,12,12,12,0.048442,0.9701,0.9735
382812.00,375000.00,382489.65,12,12,12,12,12,0.047811,0.9688,0.9917
382812.00,375000.00,383716.11,12,12,12,12,12,0.047965,0.9660,0.9718
382812.00,375000.00,391141.89,12,12,12,12,12,0.048893,0.9609,0.9767
382812.00,375000.00,384000.78,12,12,12,12,12,0.048000,0.9572,0.9838
382812.00,375000.00,379766.46,12,12,12,12,12,0.047471,0.9315,0.9001
382812.00,375000.00,442201.14,12,12,12,12,12,0.055275,0.8786,0.8612
398438.00,375000.00,398613.57,10,10,10,10,10,0.049827,0.9778,0.9874
398438.00,375000.00,396408.08,10,10,10,10,10,0.049551,0.9770,0.9688
398438.00,375000.00,384887.70,10,10,10,10,10,0.048111,0.9624,0.9500
398438.00,375000.00,389187.81,10,10,10,10,10,0.048648,0.9208,0.9593
398438.00,375000.00,402017.12,10,10,10,10,10,0.050252,0.9842,0.9845
398438.00,375000.00,396116.26,10,10,10,10,10,0.049515,0.9793,0.9839
398438.00,375000.00,377587.32,10,10,10,10,10,0.047198,0.9028,0.7593
398438.00,375000.00,394308.09,10,10,10,10,10,0.049289,0.9822,0.9869
398438.00,375000.00,396765.71,10,10,10,10,10,0.049596,0.9760,0.9606
398438.00,375000.00,398717.64,10,10,10,10,10,0.049840,0.9695,0.9965
398438.00,375000.00,402629.85,10,10,10,10,10,0.050329,0.9668,0.9731
398438.00,375000.00,396526.34,10,10,10,10,10,0.049566,0.9650,0.9906
398438.00,375000.00,401849.27,10,10,10,10,10,0.050231,0.9628,0.9826
398438.00,375000.00,378856.66,10,10,10,10,10,0.047357,0.9533,0.8869
398438.00,375000.00,392029.29,10,10,10,10,10,0.049004,0.9469,0.9796
398438.00,375000.00,387227.06,10,10,10,10,10,0.048403,0.9467,0.9535
398438.00,375000.00,399820.33,10,10,10,10,10,0.049978,0.9813,0.9881
398438.00,375000.00,400572.78,10,10,10,10,10,0.050072,0.9806,0.9812
398438.00,375000.00,395697.12,10,10,10,10,10,0.049462,0.9750,0.9907
398438.00,375000.00,397700.31,10,10,10,10,10,0.049713,0.9638,0.9728
398438.00,375000.00,383081.44,10,10,10,10,10,0.047885,0.9762,0.9416
398438.00,375000.00,398504.26,10,10,10,10,10,0.049813,0.9611,0.9634
398438.00,375000.00,396963.12,10,10,10,10,10,0.049620,0.9565,0.9872
398438.00,375000.00,398881.91,10,10,10,10,10,0.049860,0.9398,0.9926
398438.00,375000.00,391687.39,10,10,10,10,10,0.048961,0.9386,0.9293
398438.00,375000.00,404958.72,10,10,10,10,10,0.050620,0.8262,0.9061
398438.00,375000.00,351022.72,10,10,10,10,10,0.043878,0.7874,0.6481
398438.00,375000.00,398978.23,10,10,10,10,10,0.049872,0.9718,0.9707
398438.00,375000.00,400252.88,10,10,10,10,10,0.050032,0.9649,0.9935
398438.00,375000.00,400900.36,10,10,10,10,10,0.050113,0.9625,0.9541
398438.00,375000.00,403191.57,10,10,10,10,10,0.050399,0.9519,0.9865
398438.00,375000.00,399362.56,10,10,10,10,10,0.049920,0.9623,0.9917
398438.00,375000.00,390319.82,10,10,10,10,10,0.048790,0.9277,0.9766
398438.00,375000.00,386154.17,10,10,10,10,10,0.048269,0.8208,0.7874
398438.00,375000.00,399204.25,10,10,10,10,10,0.049901,0.9804,0.9450
398438.00,375000.00,400738.89,10,10,10,10,10,0.050092,0.9764,0.9687
398438.00,375000.00,397447.59,10,10,10,10,10,0.049681,0.9744,0.9927
398438.00,375000.00,400747.30,10,10,10,10,10,0.050093,0.9382,0.9850
398438.00,375000.00,396543.00,11,11,11,11,11,0.049568,0.8743,0.9792
398438.00,375000.00,391836.64,11,11,11,11,11,0.048980,0.8532,0.9807
398438.00,375000.00,382678.75,11,11,11,11,11,0.047835,0.8492,0.9581
398438.00,375000.00,394024.85,11,11,11,11,11,0.049253,0.8339,0.9375
398438.00,375000.00,405908.58,11,11,11,11,11,0.050739,0.7377,0.9651
398438.00,375000.00,394006.73,11,11,11,11,11,0.049251,0.7948,0.9692
398438.00,375000.00,396437.17,11,11,11,11,11,0.049555,0.7904,0.9745
414062.00,375000.00,409547.57,10,10,10,10,10,0.051193,0.9794,0.9883
414062.00,375000.00,418657.33,10,10,10,10,10,0.052332,0.9786,0.9863
414062.00,375000.00,416850.09,10,10,10,10,10,0.052106,0.9624,0.9846
414062.00,375000.00,415268.90,10,10,10,10,10,0.051909,0.9598,0.9948
414062.00,375000.00,427721.02,10,10,10,10,10,0.053465,0.8599,0.9316
414062.00,375000.00,407526.97,10,10,10,10,10,0.050941,0.8564,0.9357
414062.00,375000.00,406916.62,10,10,10,10,10,0.050865,0.8410,0.9783
414062.00,375000.00,414290.43,10,10,10,10,10,0.051786,0.7396,0.9434
414062.00,375000.00,434508.32,10,10,10,10,10,0.054314,0.9664,0.8922
414062.00,375000.00,415008.07,10,10,10,10,10,0.051876,0.9612,0.9951
414062.00,375000.00,414126.75,10,10,10,10,10,0.051766,0.9769,0.9892
414062.00,375000.00,415935.52,10,10,10,10,10,0.051992,0.9290,0.9676
414062.00,375000.00,438771.25,10,10,10,10,10,0.054846,0.9208,0.9428
414062.00,375000.00,419501.78,10,10,10,10,10,0.052438,0.9590,0.9524
414062.00,375000.00,420277.60,10,10,10,10,10,0.052535,0.9572,0.9802
414062.00,375000.00,403204.44,10,10,10,10,10,0.050401,0.9506,0.9507
414062.00,375000.00,417787.55,10,10,10,10,10,0.052223,0.9497,0.9877
414062.00,375000.00,427047.73,10,10,10,10,10,0.053381,0.9294,0.9529
414062.00,375000.00,412695.41,12,12,12,12,12,0.051587,0.9583,0.9918
414062.00,375000.00,398511.89,12,12,12,12,12,0.049814,0.9322,0.9462
414062.00,375000.00,411128.04,12,12,12,12,12,0.051391,0.9559,0.9731
414062.00,375000.00,426500.32,12,12,12,12,12,0.053313,0.9018,0.9642
414062.00,375000.00,394682.88,12,12,12,12,12,0.049335,0.9187,0.9513
414062.00,375000.00,409889.22,12,12,12,12,12,0.051236,0.9044,0.9699
414062.00,375000.00,408271.79,12,12,12,12,12,0.051034,0.8944,0.9810
414062.00,500000.00,454641.82,12,12,12,12,12,0.056830,0.8899,0.9002
414062.00,375000.00,408352.38,12,12,12,12,12,0.051044,0.9685,0.9690
414062.00,375000.00,415763.85,12,12,12,12,12,0.051970,0.9565,0.9520
414062.00,375000.00,424520.02,12,12,12,12,12,0.053065,0.9556,0.9687
414062.00,375000.00,421722.41,12,12,12,12,12,0.052715,0.9518,0.9086
414062.00,375000.00,413225.17,12,12,12,12,12,0.051653,0.9435,0.9150
414062.00,375000.00,403894.42,12,12,12,12,12,0.050487,0.9415,0.8127
414062.00,375000.00,410751.34,12,12,12,12,12,0.051344,0.9387,0.9884
414062.00,375000.00,414613.01,12,12,12,12,12,0.051827,0.8498,0.9877
429688.00,375000.00,435245.51,12,12,12,12,12,0.054406,0.8718,0.9829
429688.00,375000.00,419491.77,12,12,12,12,12,0.052436,0.7353,0.9676
429688.00,375000.00,429432.87,12,12,12,12,12,0.053679,0.9279,0.9926
429688.00,375000.00,376356.12,12,12,12,12,12,0.047045,0.7653,0.8546
429688.00,375000.00,428628.92,12,12,12,12,12,0.053579,0.9250,0.9975
429688.00,375000.00,436500.55,12,12,12,12,12,0.054563,0.8929,0.9816
429688.00,375000.00,433628.08,12,12,12,12,12,0.054204,0.8917,0.9896
429688.00,500000.00,455696.11,12,12,12,12,12,0.056962,0.8025,0.9345
429688.00,375000.00,437877.66,12,12,12,12,12,0.054735,0.7703,0.9770
429688.00,375000.00,411528.59,11,11,11,11,11,0.051441,0.8815,0.9535
429688.00,500000.00,435014.72,11,11,11,11,11,0.054377,0.7869,0.7549
429688.00,500000.00,430686.95,11,11,11,11,11,0.053836,0.7135,0.9943
429688.00,375000.00,431251.53,11,11,11,11,11,0.053906,0.8442,0.9856
429688.00,375000.00,396554.95,11,11,11,11,11,0.049569,0.7783,0.9174
429688.00,500000.00,448845.74,11,11,11,11,11,0.056106,0.9097,0.9543
429688.00,500000.00,436905.86,11,11,11,11,11,0.054613,0.8297,0.9822
429688.00,375000.00,436979.29,11,11,11,11,11,0.054622,0.7519,0.9777
429688.00,375000.00,435250.28,11,11,11,11,11,0.054406,0.7151,0.9846
429688.00,500000.00,428206.44,11,11,11,11,11,0.053526,0.7745,0.9798
429688.00,375000.00,424757.96,12,12,12,12,12,0.053095,0.9591,0.9764
429688.00,375000.00,430025.10,12,12,12,12,12,0.053753,0.8077,0.9587
429688.00,375000.00,428532.12,12,12,12,12,12,0.053567,0.9762,0.9940
429688.00,375000.00,448879.24,12,12,13,12,13,0.056110,0.9412,0.9446
429688.00,375000.00,386175.63,12,12,12,12,12,0.048272,0.7535,0.8754
429688.00,500000.00,431540.97,12,12,12,12,12,0.053943,0.8070,0.9857
429688.00,375000.00,432409.29,12,12,12,12,12,0.054051,0.7206,0.9799
429688.00,500000.00,433095.93,12,12,12,12,12,0.054137,0.9241,0.9672
429688.00,375000.00,432594.24,12,12,12,12,12,0.054074,0.8393,0.9786
429688.00,500000.00,435657.50,12,12,12,12,12,0.054457,0.8233,0.9822
429688.00,500000.00,440563.20,12,12,12,12,12,0.055070,0.7426,0.9490
429688.00,500000.00,425955.30,12,12,12,12,12,0.053244,0.7132,0.9905
445312.00,500000.00,446954.73,12,12,12,12,12,0.055869,0.8953,0.9706
445312.00,500000.00,442976.00,12,12,12,12,12,0.055372,0.8923,0.9727
445312.00,500000.00,454906.46,12,12,12,12,12,0.056863,0.7854,0.9690
445312.00,500000.00,449710.85,12,12,12,12,12,0.056214,0.7619,0.9901
445312.00,500000.00,449853.90,12,12,12,12,12,0.056232,0.7378,0.9825
445312.00,500000.00,446676.25,12,12,12,12,12,0.055835,0.9296,0.9854
445312.00,500000.00,443141.94,12,12,12,12,12,0.055393,0.9140,0.9860
445312.00,500000.00,447108.27,12,12,12,12,12,0.055889,0.9098,0.9799
445312.00,500000.00,441307.07,12,12,12,12,12,0.055163,0.8920,0.9876
445312.00,500000.00,448118.21,12,12,12,12,12,0.056015,0.7480,0.9842
445312.00,500000.00,453705.79,12,12,12,12,12,0.056713,0.7456,0.9675
445312.00,500000.00,445918.08,12,12,12,12,12,0.055740,0.9303,0.9680
445312.00,500000.00,448659.90,12,12,12,12,12,0.056082,0.9240,0.9867
445312.00,500000.00,438846.59,12,12,12,12,12,0.054856,0.9023,0.9717
445312.00,500000.00,448232.65,12,12,12,12,12,0.056029,0.8931,0.9706
445312.00,500000.00,445811.87,12,12,12,12,12,0.055726,0.8584,0.9893
445312.00,375000.00,444626.69,12,12,12,12,12,0.055578,0.9385,0.9858
445312.00,500000.00,460648.54,12,12,12,12,12,0.057581,0.9121,0.8225
445312.00,500000.00,452819.82,12,12,12,12,12,0.056602,0.8966,0.9746
445312.00,500000.00,447185.52,12,12,12,12,12,0.055898,0.8920,0.9941
445312.00,500000.00,451830.03,12,12,12,12,12,0.056479,0.8632,0.9643
445312.00,500000.00,440913.92,12,12,12,12,12,0.055114,0.7930,0.9863
445312.00,375000.00,422256.47,12,12,12,12,12,0.052782,0.9468,0.9365
445312.00,500000.00,446795.25,12,12,12,12,12,0.055849,0.8911,0.9883
445312.00,375000.00,391284.94,12,12,12,12,12,0.048911,0.8735,0.8576
445312.00,375000.00,443293.09,12,12,12,12,12,0.055412,0.8356,0.9934
445312.00,500000.00,447772.03,12,12,12,12,12,0.055972,0.7995,0.9606
445312.00,500000.00,444132.80,12,12,12,12,12,0.055517,0.7784,0.9838
445312.00,375000.00,431167.60,12,12,12,12,12,0.053896,0.7511,0.9668
445312.00,375000.00,415092.47,12,12,12,12,12,0.051887,0.7215,0.8772
445312.00,500000.00,449659.35,12,12,12,12,12,0.056207,0.9500,0.9837
445312.00,500000.00,453602.79,12,12,12,12,12,0.056700,0.8419,0.9602
445312.00,500000.00,440705.30,12,12,12,12,12,0.055088,0.7499,0.9517
445312.00,500000.00,435320.38,12,12,12,12,12,0.054415,0.8848,0.9638
445312.00,500000.00,432135.58,12,12,12,12,12,0.054017,0.8387,0.9487
445312.00,375000.00,442145.35,11,11,11,11,11,0.055268,0.7410,0.9860
445312.00,500000.00,440437.32,11,11,11,11,11,0.055055,0.8062,0.9043
445312.00,500000.00,442925.45,11,11,11,11,11,0.055366,0.9029,0.9908
445312.00,500000.00,452945.23,11,11,11,11,11,0.056618,0.8414,0.9801
445312.00,500000.00,451566.22,11,11,11,11,11,0.056446,0.8223,0.9709
445312.00,500000.00,448940.22,11,11,11,11,11,0.056118,0.8495,0.9868
445312.00,500000.00,444087.51,11,11,11,11,11,0.055511,0.7259,0.9750
460938.00,500000.00,462177.28,11,11,11,11,11,0.057772,0.9737,0.9851
460938.00,500000.00,463592.53,11,11,11,11,11,0.057949,0.9167,0.9864
460938.00,500000.00,461318.97,11,11,11,11,11,0.057665,0.9448,0.9959
460938.00,500000.00,458994.39,11,11,11,11,11,0.057374,0.9306,0.9755
460938.00,500000.00,460154.59,11,11,11,11,11,0.057519,0.9197,0.9848
460938.00,500000.00,454462.53,11,11,11,11,11,0.056808,0.8912,0.9828
460938.00,500000.00,470013.62,11,11,11,11,11,0.058752,0.8812,0.9782
460938.00,500000.00,463090.30,11,11,11,11,11,0.057886,0.7945,0.9246
460938.00,500000.00,457293.99,11,11,11,11,11,0.057162,0.9667,0.9822
460938.00,500000.00,462590.58,11,11,11,11,11,0.057824,0.9639,0.9836
460938.00,500000.00,464109.90,11,11,11,11,11,0.058014,0.9590,0.9902
460938.00,500000.00,453546.52,11,11,11,11,11,0.056693,0.9569,0.9606
460938.00,500000.00,470419.88,11,11,11,11,11,0.058802,0.9497,0.9782
460938.00,500000.00,467998.50,11,11,11,11,11,0.058500,0.9469,0.9793
460938.00,500000.00,458599.09,11,11,11,11,11,0.057325,0.9427,0.9829
460938.00,500000.00,462986.95,11,11,11,11,11,0.057873,0.9817,0.9825
460938.00,500000.00,465077.40,11,11,11,11,11,0.058135,0.9791,0.9852
460938.00,500000.00,469314.58,11,11,11,11,11,0.058664,0.9682,0.9798
460938.00,500000.00,463843.82,11,11,11,11,11,0.057980,0.9642,0.9735
460938.00,500000.00,440532.92,11,11,11,11,11,0.055067,0.8550,0.9037
460938.00,500000.00,464506.63,11,11,11,11,11,0.058063,0.8127,0.9902
460938.00,500000.00,466112.14,11,11,11,11,11,0.058264,0.9350,0.9818
460938.00,500000.00,467940.33,11,11,11,11,11,0.058493,0.8539,0.9839
460938.00,500000.00,471411.71,11,11,11,11,11,0.058926,0.7870,0.9609
460938.00,500000.00,455778.12,11,11,11,11,11,0.056972,0.7842,0.9651
460938.00,500000.00,473189.23,11,11,11,11,11,0.059149,0.7764,0.8921
460938.00,500000.00,460988.52,11,11,11,11,11,0.057624,0.7471,0.9844
460938.00,500000.00,469354.87,11,11,11,11,11,0.058669,0.8707,0.9782
460938.00,500000.00,465655.80,11,11,11,11,11,0.058207,0.7221,0.9357
460938.00,375000.00,466197.97,10,10,11,10,11,0.058275,0.8132,0.9623
460938.00,375000.00,459139.35,10,10,11,10,11,0.057392,0.7506,0.9724
460938.00,375000.00,463569.64,10,10,11,10,11,0.057946,0.7361,0.9922
460938.00,375000.00,464217.19,10,10,11,10,11,0.058027,0.7098,0.9816
460938.00,375000.00,461073.40,10,10,11,10,11,0.057634,0.8407,0.9864
460938.00,725000.00,621850.97,10,11,11,11,11,0.077731,0.8289,0.7359
460938.00,375000.00,440503.36,10,10,10,10,10,0.055063,0.7775,0.9487
460938.00,375000.00,460077.29,10,10,11,10,11,0.057510,0.7427,0.9775
460938.00,375000.00,460996.63,10,10,11,10,11,0.057625,0.7198,0.9917
460938.00,375000.00,462605.00,10,10,11,10,11,0.057826,0.7389,0.9886
460938.00,375000.00,456447.60,10,10,11,10,11,0.057056,0.7081,0.9793
460938.00,375000.00,465474.13,10,10,11,10,11,0.058184,0.7557,0.9851
460938.00,500000.00,470729.83,11,11,11,11,11,0.058841,0.9499,0.9760
460938.00,500000.00,459075.21,11,11,11,11,11,0.057384,0.9206,0.9691
460938.00,500000.00,458681.11,11,11,11,11,11,0.057335,0.9061,0.9714
460938.00,500000.00,454012.87,11,11,11,11,11,0.056752,0.8858,0.9712
460938.00,500000.00,460560.08,11,11,11,11,11,0.057570,0.8756,0.9394
460938.00,500000.00,459428.79,11,11,11,11,11,0.057429,0.8594,0.9717
460938.00,500000.00,451825.14,11,11,11,11,11,0.056478,0.8089,0.8972
460938.00,500000.00,446962.36,11,11,11,11,11,0.055870,0.9483,0.9450
460938.00,500000.00,471888.54,11,11,11,11,11,0.058986,0.9267,0.9699
460938.00,500000.00,460995.67,11,11,11,11,11,0.057624,0.8980,0.9909
460938.00,500000.00,465081.21,11,11,11,11,11,0.058135,0.8765,0.9688
460938.00,500000.00,468286.04,11,11,11,11,11,0.058536,0.7998,0.9750
460938.00,500000.00,463275.91,11,11,11,11,11,0.057909,0.9141,0.9908
460938.00,500000.00,458659.17,11,11,11,11,11,0.057332,0.9141,0.9706
460938.00,500000.00,461092.71,11,11,11,11,11,0.057637,0.8756,0.9785
460938.00,500000.00,456251.14,11,11,11,11,11,0.057031,0.8577,0.9877
460938.00,500000.00,470014.81,11,11,11,11,11,0.058752,0.7828,0.9732
460938.00,500000.00,442577.36,11,11,11,11,11,0.055322,0.9304,0.9596
460938.00,500000.00,468326.15,11,11,11,11,11,0.058541,0.7711,0.9320
460938.00,500000.00,466293.57,11,11,11,11,11,0.058287,0.7510,0.9727
476562.00,500000.00,480405.81,11,11,11,11,11,0.060051,0.9684,0.9894
476562.00,500000.00,481523.51,11,11,11,11,11,0.060190,0.9673,0.9779
476562.00,500000.00,477853.78,11,11,11,11,11,0.059732,0.9648,0.9942
476562.00,500000.00,473123.55,11,11,11,11,11,0.059140,0.9647,0.9746
476562.00,500000.00,479027.27,11,11,11,11,11,0.059878,0.9615,0.9917
476562.00,500000.00,485682.01,11,11,11,11,11,0.060710,0.9599,0.9691
476562.00,500000.00,473182.68,11,11,11,11,11,0.059148,0.9350,0.9779
476562.00,500000.00,484074.12,11,11,11,11,11,0.060509,0.9675,0.9720
476562.00,500000.00,478206.63,11,11,11,11,11,0.059776,0.9460,0.9853
476562.00,500000.00,484157.56,11,11,11,11,11,0.060520,0.9243,0.9808
476562.00,500000.00,476878.64,11,11,11,11,11,0.059610,0.9763,0.9940
476562.00,500000.00,479123.12,11,11,11,11,11,0.059890,0.9739,0.9875
476562.00,500000.00,483669.28,11,11,11,11,11,0.060459,0.9626,0.9800
476562.00,500000.00,484877.59,11,11,11,11,11,0.060610,0.9609,0.9485
476562.00,500000.00,486100.20,11,11,11,11,11,0.060763,0.9606,0.9697
476562.00,500000.00,482498.59,11,11,11,11,11,0.060312,0.9573,0.9832
476562.00,500000.00,495573.04,11,11,11,11,11,0.061947,0.8361,0.9592
476562.00,500000.00,481555.70,11,11,11,11,11,0.060194,0.9594,0.9764
476562.00,500000.00,480481.15,11,11,11,11,11,0.060060,0.9561,0.9614
476562.00,500000.00,488220.81,11,11,11,11,11,0.061028,0.9443,0.9740
476562.00,725000.00,488382.34,10,11,11,10,10,0.061048,0.7271,0.9714
476562.00,375000.00,481867.31,10,10,11,10,11,0.060233,0.7127,0.9881
476562.00,375000.00,471938.13,10,10,11,10,11,0.058992,0.7103,0.9737
476562.00,375000.00,476158.14,10,10,11,10,11,0.059520,0.8499,0.9932
476562.00,375000.00,479120.25,10,10,11,10,11,0.059890,0.7309,0.9679
476562.00,375000.00,483167.65,10,10,11,10,11,0.060396,0.7347,0.9786
476562.00,375000.00,473843.57,10,10,11,10,11,0.059230,0.8316,0.9751
476562.00,375000.00,480456.83,10,10,11,10,11,0.060057,0.8116,0.9902
476562.00,375000.00,485550.88,10,10,11,10,11,0.060694,0.7955,0.9749
476562.00,725000.00,570924.40,10,11,11,10,10,0.071366,0.7270,0.6594
476562.00,500000.00,481540.44,11,11,11,11,11,0.060193,0.9207,0.9875
476562.00,500000.00,485632.90,11,11,11,11,11,0.060704,0.8954,0.9701
476562.00,500000.00,480588.91,11,11,11,11,11,0.060074,0.8797,0.9806
476562.00,500000.00,452891.35,11,11,11,11,11,0.056611,0.8840,0.9481
476562.00,500000.00,474874.50,11,11,11,11,11,0.059359,0.8626,0.9810
476562.00,500000.00,472221.37,11,11,11,11,11,0.059028,0.8345,0.9680
476562.00,500000.00,474825.86,11,11,11,11,11,0.059353,0.9347,0.9859
476562.00,500000.00,485658.88,11,11,11,11,11,0.060707,0.9261,0.9726
476562.00,500000.00,473064.42,11,11,11,11,11,0.059133,0.8630,0.9863
476562.00,500000.00,471417.90,11,11,11,11,11,0.058927,0.8441,0.9825
476562.00,500000.00,475641.25,11,11,11,11,11,0.059455,0.9335,0.9733
476562.00,500000.00,485129.83,11,11,11,11,11,0.060641,0.9221,0.9418
476562.00,500000.00,485784.53,11,11,11,11,11,0.060723,0.8807,0.9791
476562.00,500000.00,476972.58,11,11,11,11,11,0.059622,0.8804,0.9866
476562.00,500000.00,474037.17,11,11,11,11,11,0.059255,0.8005,0.9915
476562.00,500000.00,470405.58,11,11,11,11,11,0.058801,0.7523,0.9749
492188.00,725000.00,498179.44,10,11,11,10,10,0.062272,0.8184,0.9784
492188.00,725000.00,509613.75,10,11,11,10,10,0.063702,0.8068,0.9515
492188.00,725000.00,497692.11,10,11,11,10,10,0.062212,0.7184,0.9749
492188.00,725000.00,512907.03,10,11,11,10,10,0.064113,0.9140,0.9301
492188.00,725000.00,497870.68,10,11,11,10,10,0.062234,0.8831,0.9805
492188.00,725000.00,490345.95,10,11,11,10,10,0.061293,0.8695,0.9771
492188.00,725000.00,513134.00,10,11,11,10,10,0.064142,0.8482,0.9422
492188.00,725000.00,523185.73,10,11,11,10,10,0.065398,0.8039,0.9360
492188.00,725000.00,509902.48,10,11,11,10,10,0.063738,0.7993,0.6470
492188.00,725000.00,496660.23,10,11,11,10,10,0.062083,0.9063,0.9729
492188.00,725000.00,508103.37,10,11,11,10,10,0.063513,0.8721,0.9436
492188.00,725000.00,490151.41,10,11,11,10,10,0.061269,0.8690,0.9860
492188.00,725000.00,497445.11,10,11,11,10,10,0.062181,0.8282,0.9809
492188.00,725000.00,505072.59,10,11,11,10,10,0.063134,0.7767,0.9611
492188.00,725000.00,492323.88,10,11,11,10,10,0.061540,0.7406,0.9884
492188.00,725000.00,666455.98,10,11,11,11,11,0.083307,0.7229,0.7318
492188.00,500000.00,493586.06,12,12,12,12,12,0.061698,0.9654,0.9807
492188.00,500000.00,493959.43,12,12,12,12,12,0.061745,0.9637,0.9898
492188.00,500000.00,491952.90,12,12,12,12,12,0.061494,0.9679,0.9815
492188.00,500000.00,491760.25,12,12,12,12,12,0.061470,0.9605,0.9953
492188.00,500000.00,493185.88,12,12,12,12,12,0.061648,0.9573,0.9939
492188.00,500000.00,503889.08,12,12,12,12,12,0.062986,0.9496,0.9664
492188.00,500000.00,507426.26,12,12,12,12,12,0.063428,0.9468,0.9585
492188.00,500000.00,491235.73,12,12,12,12,12,0.061404,0.9357,0.9817
492188.00,500000.00,494735.99,12,12,12,12,12,0.061842,0.8648,0.7882
492188.00,500000.00,509198.19,12,12,12,12,12,0.063650,0.9657,0.9626
492188.00,500000.00,488565.44,12,12,12,12,12,0.061071,0.9634,0.9729
492188.00,500000.00,490393.16,12,12,12,12,12,0.061299,0.9092,0.9958
492188.00,500000.00,489227.29,12,12,12,12,12,0.061153,0.9789,0.9862
492188.00,500000.00,501858.65,12,12,12,12,12,0.062732,0.9709,0.9793
492188.00,500000.00,495389.94,12,12,12,12,12,0.061924,0.9629,0.9893
492188.00,500000.00,491567.61,12,12,12,12,12,0.061446,0.9550,0.9846
492188.00,500000.00,496441.84,12,12,12,12,12,0.062055,0.9508,0.9770
492188.00,500000.00,500831.60,12,12,12,12,12,0.062604,0.9454,0.9753
492188.00,500000.00,398056.03,12,12,12,11,11,0.049757,0.9206,0.7560
492188.00,500000.00,534665.58,12,12,12,12,12,0.066833,0.9152,0.8543
492188.00,500000.00,494984.63,12,12,12,12,12,0.061873,0.8983,0.9774
492188.00,500000.00,495835.30,12,12,12,12,12,0.061979,0.8770,0.9764
492188.00,500000.00,488851.55,12,12,12,12,12,0.061106,0.8287,0.9860
492188.00,500000.00,505208.85,12,12,12,12,12,0.063151,0.8136,0.9504
492188.00,500000.00,495253.56,12,12,12,12,12,0.061907,0.8820,0.9741
492188.00,500000.00,496344.57,12,12,12,12,12,0.062043,0.8556,0.9706
492188.00,500000.00,488390.45,12,12,12,12,12,0.061049,0.9563,0.9871
492188.00,500000.00,502315.52,12,12,12,12,12,0.062789,0.8675,0.9363
492188.00,500000.00,546888.35,12,12,12,12,12,0.068361,0.8352,0.7708
492188.00,500000.00,490207.67,12,12,12,12,12,0.061276,0.7466,0.9952
492188.00,500000.00,495404.24,12,12,12,12,12,0.061926,0.9699,0.9915
492188.00,500000.00,488943.10,12,12,12,12,12,0.061118,0.9399,0.9908
492188.00,500000.00,498447.42,12,12,12,12,12,0.062306,0.8180,0.9866
492188.00,500000.00,494688.03,12,12,12,12,12,0.061836,0.7656,0.9859
507812.00,500000.00,518650.05,11,11,11,11,11,0.064831,0.9577,0.9739
507812.00,500000.00,497079.85,11,11,11,11,11,0.062135,0.9378,0.9723
507812.00,500000.00,526862.14,11,11,11,11,11,0.065858,0.9375,0.9505
507812.00,500000.00,520118.71,11,11,11,11,11,0.065015,0.8389,0.9710
507812.00,500000.00,508839.13,11,11,11,11,11,0.063605,0.9678,0.9842
507812.00,500000.00,521455.76,11,11,11,11,11,0.065182,0.9539,0.9453
507812.00,500000.00,516374.59,11,11,11,11,11,0.064547,0.9212,0.9572
507812.00,500000.00,500946.04,11,11,11,11,11,0.062618,0.9162,0.9688
507812.00,500000.00,508466.24,11,11,11,11,11,0.063558,0.8834,0.9872
507812.00,500000.00,517565.25,11,11,11,11,11,0.064696,0.9777,0.9760
507812.00,500000.00,508271.22,11,11,11,11,11,0.063534,0.9672,0.9754
507812.00,500000.00,508017.54,11,11,11,11,11,0.063502,0.9579,0.9808
507812.00,500000.00,500105.38,11,11,11,11,11,0.062513,0.9526,0.9633
507812.00,500000.00,512981.18,11,11,11,11,11,0.064123,0.9393,0.9846
507812.00,500000.00,536735.53,11,11,11,11,11,0.067092,0.9296,0.7074
507812.00,500000.00,510288.24,11,11,11,11,11,0.063786,0.9801,0.9908
507812.00,500000.00,510266.84,11,11,11,11,11,0.063783,0.9661,0.9840
507812.00,500000.00,506489.75,11,11,11,11,11,0.063311,0.9645,0.9844
507812.00,500000.00,500683.78,11,11,11,11,11,0.062585,0.9235,0.8648
507812.00,500000.00,506791.83,11,11,11,11,11,0.063349,0.9864,0.9945
507812.00,500000.00,508766.17,11,11,11,11,11,0.063596,0.9854,0.9897
507812.00,500000.00,510852.34,11,11,11,11,11,0.063857,0.9809,0.9909
507812.00,500000.00,514144.90,11,11,11,11,11,0.064268,0.9786,0.9861
507812.00,500000.00,509868.86,11,11,11,11,11,0.063734,0.9765,0.9854
507812.00,500000.00,504945.76,11,11,11,11,11,0.063118,0.9753,0.9913
507812.00,500000.00,511446.00,11,11,11,11,11,0.063931,0.9649,0.9828
507812.00,500000.00,470201.49,11,11,11,11,11,0.058775,0.9323,0.8613
507812.00,500000.00,514482.50,11,11,11,11,11,0.064310,0.9740,0.9860
507812.00,500000.00,509191.51,11,11,11,11,11,0.063649,0.9443,0.9931
507812.00,500000.00,515815.26,11,11,11,11,11,0.064477,0.9898,0.9804
507812.00,500000.00,511829.61,11,11,11,11,11,0.063979,0.9752,0.9823
507812.00,500000.00,514299.39,11,11,11,11,11,0.064287,0.9721,0.9764
507812.00,500000.00,513649.46,11,11,11,11,11,0.064206,0.9640,0.9838
507812.00,500000.00,505634.31,11,11,11,11,11,0.063204,0.9795,0.9947
507812.00,500000.00,508677.96,11,11,11,11,11,0.063585,0.9696,0.9942
507812.00,500000.00,513683.68,11,11,11,11,11,0.064210,0.9637,0.7296
507812.00,500000.00,513876.91,11,11,11,11,11,0.064235,0.9292,0.9851
507812.00,500000.00,544784.55,11,11,11,11,11,0.068098,0.8732,0.8815
507812.00,500000.00,498851.06,11,11,11,11,11,0.062356,0.8090,0.7241
507812.00,500000.00,507588.98,12,12,12,12,12,0.063449,0.9662,0.9864
507812.00,500000.00,504228.59,12,12,12,12,12,0.063029,0.9361,0.9791
507812.00,500000.00,507694.24,12,12,12,12,12,0.063462,0.9618,0.9952
507812.00,500000.00,506134.09,12,12,12,12,12,0.063267,0.9556,0.9936
507812.00,500000.00,491748.81,12,12,12,12,12,0.061469,0.9502,0.9166
507812.00,500000.00,509307.62,12,12,12,12,12,0.063663,0.8900,0.9680
507812.00,500000.00,511287.69,12,12,12,12,12,0.063911,0.8361,0.9321
507812.00,500000.00,496620.18,12,12,12,12,12,0.062078,0.9305,0.9745
507812.00,500000.00,534514.90,12,12,12,12,12,0.066814,0.8567,0.9220
507812.00,500000.00,510158.54,12,12,12,12,12,0.063770,0.8279,0.9607
507812.00,500000.00,491971.97,12,12,12,12,12,0.061496,0.7965,0.9648
507812.00,500000.00,506668.09,12,12,12,12,12,0.063334,0.9719,0.9882
507812.00,500000.00,516114.23,12,12,12,12,12,0.064514,0.9698,0.9818
507812.00,500000.00,511630.77,12,12,12,12,12,0.063954,0.9665,0.9741
507812.00,500000.00,507891.65,12,12,12,12,12,0.063486,0.9604,0.9856
507812.00,500000.00,517790.79,12,12,12,12,12,0.064724,0.9495,0.9778
507812.00,500000.00,502424.24,12,12,12,12,12,0.062803,0.9387,0.9656
507812.00,500000.00,507501.84,12,12,12,12,12,0.063438,0.9326,0.9755
507812.00,500000.00,507787.70,12,12,12,12,12,0.063473,0.9765,0.9936
507812.00,500000.00,509715.56,12,12,12,12,12,0.063714,0.9683,0.9480
507812.00,500000.00,504430.77,12,12,12,12,12,0.063054,0.9612,0.9835
507812.00,500000.00,511024.48,12,12,12,12,12,0.063878,0.9450,0.9627
507812.00,500000.00,521378.52,12,12,12,12,12,0.065172,0.9357,0.9681
507812.00,500000.00,500558.85,12,12,12,12,12,0.062570,0.8740,0.9291
507812.00,500000.00,505792.62,12,12,12,12,12,0.063224,0.9713,0.9798
507812.00,500000.00,494426.73,12,12,12,12,12,0.061803,0.9685,0.9571
507812.00,500000.00,508625.03,12,12,12,12,12,0.063578,0.9661,0.9732
507812.00,500000.00,494548.80,12,12,12,12,12,0.061819,0.9528,0.9484
507812.00,500000.00,502140.05,12,12,12,12,12,0.062768,0.9441,0.9782
507812.00,500000.00,501494.41,12,12,12,12,12,0.062687,0.9666,0.9830
507812.00,500000.00,507258.06,12,12,12,12,12,0.063407,0.9584,0.9846
507812.00,500000.00,513660.43,12,12,12,12,12,0.064208,0.9575,0.9849
507812.00,500000.00,508040.43,12,12,12,12,12,0.063505,0.9436,0.9618
507812.00,500000.00,511251.45,12,12,12,12,12,0.063906,0.9743,0.9921
507812.00,500000.00,508539.20,12,12,12,12,12,0.063567,0.9737,0.9771
507812.00,500000.00,503402.23,12,12,12,12,12,0.062925,0.9721,0.9863
507812.00,500000.00,502761.48,12,12,12,12,12,0.062845,0.9614,0.9849
507812.00,500000.00,509558.80,12,12,12,12,12,0.063695,0.9584,0.9744
507812.00,500000.00,503744.60,12,12,12,12,12,0.062968,0.9358,0.9808
507812.00,500000.00,510258.67,12,12,12,12,12,0.063782,0.9720,0.9937
507812.00,500000.00,509509.09,12,12,12,12,12,0.063689,0.9612,0.9317
507812.00,500000.00,504216.19,12,12,12,12,12,0.063027,0.9555,0.9701
507812.00,500000.00,491115.57,12,12,12,12,12,0.061389,0.9505,0.9628
507812.00,500000.00,506633.76,12,12,12,12,12,0.063329,0.9454,0.9723
507812.00,500000.00,510590.08,12,12,12,12,12,0.063824,0.9657,0.9939
507812.00,500000.00,501192.57,12,12,12,12,12,0.062649,0.9570,0.9835
507812.00,500000.00,487921.71,12,12,12,12,12,0.060990,0.9201,0.9581
507812.00,500000.00,479938.30,12,12,12,12,12,0.059992,0.9113,0.9378
507812.00,500000.00,509120.94,12,12,12,12,12,0.063640,0.9755,0.9918
507812.00,500000.00,508782.39,12,12,12,12,12,0.063598,0.9749,0.9822
507812.00,500000.00,508037.57,12,12,12,12,12,0.063505,0.9723,0.9797
507812.00,500000.00,497880.46,12,12,12,12,12,0.062235,0.9685,0.9782
507812.00,500000.00,513002.87,12,12,12,12,12,0.064125,0.9677,0.9873
507812.00,500000.00,505424.50,12,12,12,12,12,0.063178,0.9495,0.9845
507812.00,500000.00,504039.76,12,12,12,12,12,0.063005,0.8672,0.9812
507812.00,500000.00,492977.14,12,12,12,12,12,0.061622,0.8525,0.9638
507812.00,500000.00,482662.20,12,12,12,12,12,0.060333,0.8130,0.9454
507812.00,500000.00,512382.51,12,12,12,12,12,0.064048,0.7641,0.9861
523438.00,500000.00,524525.64,12,12,12,12,12,0.065566,0.9559,0.9768
523438.00,500000.00,524286.27,12,12,12,12,12,0.065536,0.9535,0.9889
523438.00,500000.00,532793.05,12,12,12,12,12,0.066599,0.9278,0.9793
523438.00,500000.00,525199.89,12,12,12,12,12,0.065650,0.9275,0.9892
523438.00,500000.00,535314.08,12,12,12,12,12,0.066914,0.8956,0.9711
523438.00,500000.00,530179.02,12,12,12,12,12,0.066272,0.8170,0.9694
523438.00,500000.00,523421.29,12,12,12,12,12,0.065428,0.9743,0.9912
523438.00,500000.00,522199.87,12,12,12,12,12,0.065275,0.9686,0.9883
523438.00,500000.00,523513.79,12,12,12,12,12,0.065439,0.9637,0.9909
523438.00,500000.00,525879.44,12,12,12,12,12,0.065735,0.9546,0.9823
523438.00,500000.00,525409.70,12,12,12,12,12,0.065676,0.9525,0.9879
523438.00,500000.00,512412.55,12,12,12,12,12,0.064052,0.9225,0.9762
523438.00,500000.00,478325.84,12,12,12,12,12,0.059791,0.9058,0.8834
523438.00,500000.00,515377.04,12,12,12,12,12,0.064422,0.8082,0.5407
523438.00,500000.00,532463.07,12,12,12,12,12,0.066558,0.7901,0.7366
523438.00,500000.00,527598.38,12,12,12,12,12,0.065950,0.9516,0.9661
523438.00,500000.00,526853.56,12,12,12,12,12,0.065857,0.9437,0.9760
523438.00,500000.00,536000.73,12,12,12,12,12,0.067000,0.9357,0.9697
523438.00,500000.00,542556.76,12,12,12,12,12,0.067820,0.8710,0.9245
523438.00,500000.00,534345.63,12,12,12,12,12,0.066793,0.8619,0.9326
523438.00,500000.00,515412.33,11,11,11,11,11,0.064427,0.9708,0.9739
523438.00,500000.00,522597.79,11,11,11,11,11,0.065325,0.9671,0.9760
523438.00,500000.00,535784.48,11,11,11,11,11,0.066973,0.9617,0.9236
523438.00,500000.00,523168.56,11,11,11,11,11,0.065396,0.9819,0.9842
523438.00,500000.00,531105.04,11,11,11,11,11,0.066388,0.9640,0.9841
523438.00,500000.00,521135.33,11,11,11,11,11,0.065142,0.9563,0.9639
523438.00,500000.00,492178.92,11,11,11,11,11,0.061522,0.9295,0.9006
523438.00,500000.00,525745.39,11,11,11,11,11,0.065718,0.9775,0.9732
523438.00,500000.00,531443.12,11,11,11,11,11,0.066430,0.9612,0.9611
523438.00,500000.00,521093.37,11,11,11,11,11,0.065137,0.9601,0.9890
523438.00,500000.00,535100.94,11,11,11,11,11,0.066888,0.9594,0.9768
523438.00,500000.00,487035.75,11,11,11,11,11,0.060879,0.9426,0.8198
523438.00,500000.00,495117.19,11,11,11,11,11,0.061890,0.9218,0.9235
523438.00,500000.00,521282.20,11,11,11,11,11,0.065160,0.9738,0.9919
523438.00,500000.00,516014.10,11,11,11,11,11,0.064502,0.9706,0.9763
523438.00,500000.00,521157.98,11,11,11,11,11,0.065145,0.9675,0.9927
523438.00,500000.00,567345.62,11,11,11,11,11,0.070918,0.8992,0.9111
523438.00,500000.00,517042.16,11,11,11,11,11,0.064630,0.8711,0.9827
539062.00,500000.00,533475.88,11,11,11,11,11,0.066684,0.9406,0.9251
539062.00,500000.00,542587.28,11,11,11,11,11,0.067823,0.9331,0.9837
539062.00,500000.00,545468.33,11,11,11,11,11,0.068184,0.9314,0.9793
539062.00,500000.00,524614.33,11,11,11,11,11,0.065577,0.9022,0.9644
539062.00,500000.00,536382.68,11,11,11,11,11,0.067048,0.8516,0.9868
539062.00,500000.00,580068.59,11,11,11,11,11,0.072509,0.8196,0.9128
539062.00,500000.00,629865.65,11,11,12,11,12,0.078733,0.8124,0.8438
539062.00,500000.00,531246.19,11,11,11,11,11,0.066406,0.9763,0.9650
539062.00,500000.00,539314.27,11,11,11,11,11,0.067414,0.9541,0.9841
539062.00,500000.00,558503.15,11,11,11,11,11,0.069813,0.7898,0.9376
539062.00,500000.00,541789.05,11,11,11,11,11,0.067724,0.7410,0.9782
539062.00,500000.00,537231.45,11,11,11,11,11,0.067154,0.9652,0.9879
539062.00,500000.00,538365.36,11,11,11,11,11,0.067296,0.9184,0.9810
539062.00,500000.00,540601.73,11,11,11,11,11,0.067575,0.8780,0.9868
554688.00,500000.00,550351.68,11,11,11,11,11,0.068794,0.9482,0.9820
554688.00,500000.00,553966.52,11,11,11,11,11,0.069246,0.9071,0.9774
554688.00,500000.00,554710.63,11,11,11,11,11,0.069339,0.7109,0.9882
554688.00,725000.00,581043.72,11,12,12,11,11,0.072630,0.7183,0.9118
554688.00,500000.00,553606.03,11,11,11,11,11,0.069201,0.9753,0.9816
554688.00,500000.00,555274.96,11,11,11,11,11,0.069409,0.9055,0.9807
554688.00,500000.00,563204.29,11,11,11,11,11,0.070401,0.8574,0.9735
554688.00,500000.00,558968.07,11,11,11,11,11,0.069871,0.8346,0.9764
554688.00,500000.00,558866.50,11,11,11,11,11,0.069858,0.8303,0.9877
554688.00,725000.00,583197.83,11,12,12,11,11,0.072900,0.8201,0.8814
554688.00,500000.00,556109.07,12,12,12,12,12,0.069514,0.9460,0.9944
554688.00,500000.00,564582.11,12,12,12,12,12,0.070573,0.9404,0.9685
554688.00,500000.00,567890.17,12,12,12,12,12,0.070986,0.9097,0.9665
554688.00,500000.00,579040.53,12,12,12,12,12,0.072380,0.8875,0.9510
554688.00,500000.00,534125.33,12,12,12,12,12,0.066766,0.9329,0.9127
554688.00,500000.00,552623.75,12,12,12,12,12,0.069078,0.9188,0.9771
554688.00,500000.00,533355.71,12,12,12,12,12,0.066669,0.9147,0.9380
554688.00,500000.00,556134.22,12,12,12,12,12,0.069517,0.9047,0.9870
554688.00,500000.00,556434.63,12,12,12,12,12,0.069554,0.9038,0.9687
554688.00,500000.00,541320.80,12,12,12,12,12,0.067665,0.8366,0.8653
554688.00,500000.00,548913.96,12,12,12,12,12,0.068614,0.9294,0.9852
554688.00,500000.00,548359.16,12,12,12,12,12,0.068545,0.8861,0.9562
554688.00,500000.00,588917.73,12,12,12,12,12,0.073615,0.7431,0.9076
554688.00,500000.00,550117.49,12,12,12,12,12,0.068765,0.9560,0.9822
554688.00,500000.00,553840.64,12,12,12,12,12,0.069230,0.9342,0.9888
554688.00,500000.00,545626.10,12,12,12,12,12,0.068203,0.9203,0.9625
554688.00,500000.00,565795.90,12,12,12,12,12,0.070724,0.9125,0.9475
554688.00,500000.00,554401.40,12,12,12,12,12,0.069300,0.9081,0.9830
570312.00,500000.00,571531.30,11,11,11,11,11,0.071441,0.9655,0.9840
570312.00,500000.00,567824.60,11,11,11,11,11,0.070978,0.9631,0.9817
570312.00,500000.00,567677.50,11,11,11,11,11,0.070960,0.9594,0.9861
570312.00,500000.00,572231.29,11,11,11,11,11,0.071529,0.9511,0.9874
570312.00,500000.00,561970.71,11,11,11,11,11,0.070246,0.8961,0.9771
570312.00,500000.00,566077.23,11,11,11,11,11,0.070760,0.8662,0.9863
570312.00,500000.00,574302.67,11,11,11,11,11,0.071788,0.8097,0.9835
570312.00,500000.00,563070.30,11,11,11,11,11,0.070384,0.9136,0.9843
570312.00,500000.00,574764.25,11,11,11,11,11,0.071846,0.8467,0.9839
570312.00,500000.00,565856.93,11,11,11,11,11,0.070732,0.9355,0.9797
570312.00,500000.00,545398.71,11,11,11,11,11,0.068175,0.8528,0.9544
570312.00,500000.00,576967.24,11,11,11,11,11,0.072121,0.8307,0.9151
570312.00,500000.00,606902.72,11,11,12,11,12,0.075863,0.7468,0.9298
570312.00,500000.00,580033.30,12,12,12,12,12,0.072504,0.8103,0.9743
570312.00,500000.00,587913.51,12,12,12,12,12,0.073489,0.7261,0.9641
570312.00,500000.00,575712.20,12,12,12,12,12,0.071964,0.9294,0.9864
570312.00,500000.00,565553.67,12,12,12,12,12,0.070694,0.8903,0.9900
570312.00,500000.00,565754.89,12,12,12,12,12,0.070719,0.8814,0.9838
570312.00,500000.00,566388.61,12,12,12,12,12,0.070799,0.8521,0.9878
570312.00,500000.00,573671.34,12,12,12,12,12,0.071709,0.8924,0.9703
570312.00,500000.00,571796.89,12,12,12,12,12,0.071475,0.8167,0.9647
570312.00,500000.00,574487.92,12,12,12,12,12,0.071811,0.8058,0.9879
570312.00,500000.00,582624.20,12,12,12,12,12,0.072828,0.7916,0.9697
570312.00,500000.00,578889.85,12,12,12,12,12,0.072361,0.7186,0.9841
570312.00,500000.00,539793.25,12,12,12,12,12,0.067474,0.7709,0.8770
570312.00,500000.00,567962.41,12,12,12,12,12,0.070995,0.7441,0.9945
570312.00,500000.00,574547.77,12,12,12,12,12,0.071818,0.7207,0.9903
570312.00,500000.00,575765.61,12,12,12,12,12,0.071971,0.9075,0.9883
570312.00,500000.00,553716.66,12,12,12,12,12,0.069215,0.8771,0.9422
570312.00,500000.00,579392.67,12,12,12,12,12,0.072424,0.8540,0.9464
570312.00,500000.00,599072.93,12,12,13,12,13,0.074884,0.8229,0.9401
570312.00,500000.00,578475.00,12,12,12,12,12,0.072309,0.7964,0.9767
570312.00,500000.00,564275.74,12,12,12,12,12,0.070534,0.9203,0.9864
570312.00,500000.00,547186.85,12,12,12,12,12,0.068398,0.8684,0.9318
570312.00,500000.00,578350.07,12,12,12,12,12,0.072294,0.8432,0.9778
570312.00,500000.00,578208.92,12,12,12,12,12,0.072276,0.8225,0.9806
570312.00,500000.00,568106.65,12,12,12,12,12,0.071013,0.9118,0.9775
570312.00,500000.00,571817.40,12,12,12,12,12,0.071477,0.8955,0.9886
570312.00,500000.00,574083.33,12,12,12,12,12,0.071760,0.8820,0.9926
570312.00,500000.00,574089.29,12,12,12,12,12,0.071761,0.8286,0.9913
570312.00,500000.00,596859.46,12,12,13,12,13,0.074607,0.7888,0.9505
570312.00,500000.00,567117.69,12,12,12,12,12,0.070890,0.9118,0.9889
570312.00,500000.00,568308.59,12,12,12,12,12,0.071039,0.9019,0.9235
570312.00,500000.00,575878.14,12,12,12,12,12,0.071985,0.8473,0.9859
570312.00,500000.00,571354.45,12,12,12,12,12,0.071419,0.7770,0.9900
585938.00,500000.00,582355.50,11,11,11,11,11,0.072794,0.8822,0.9909
585938.00,500000.00,590311.05,11,11,11,11,11,0.073789,0.8355,0.9913
585938.00,500000.00,588529.59,11,11,11,11,11,0.073566,0.7646,0.9889
585938.00,500000.00,584472.18,11,11,11,11,11,0.073059,0.8156,0.9858
585938.00,500000.00,586128.23,12,12,12,12,12,0.073266,0.8924,0.9899
585938.00,500000.00,586519.24,12,12,12,12,12,0.073315,0.8863,0.9803
585938.00,500000.00,585718.15,12,12,12,12,12,0.073215,0.8623,0.9772
585938.00,500000.00,586894.99,12,12,12,12,12,0.073362,0.8243,0.9644
585938.00,500000.00,589845.66,12,12,12,12,12,0.073731,0.9060,0.9851
585938.00,500000.00,602382.66,12,12,13,12,13,0.075298,0.8589,0.9674
585938.00,500000.00,587471.01,12,12,12,12,12,0.073434,0.8582,0.9775
585938.00,500000.00,583641.29,12,12,12,12,12,0.072955,0.8540,0.9661
585938.00,500000.00,590931.89,12,12,12,12,12,0.073866,0.7737,0.9604
585938.00,500000.00,593197.82,12,12,12,12,12,0.074150,0.7474,0.9545
585938.00,500000.00,576995.85,12,12,12,12,12,0.072124,0.8383,0.9485
585938.00,500000.00,578514.10,12,12,12,12,12,0.072314,0.8265,0.9841
585938.00,500000.00,565213.20,12,12,12,12,12,0.070652,0.8102,0.5877
585938.00,500000.00,592044.83,12,12,12,12,12,0.074006,0.7159,0.9836
585938.00,500000.00,585038.19,12,12,12,12,12,0.073130,0.8938,0.9838
585938.00,725000.00,599964.14,11,11,11,10,10,0.074996,0.7806,0.9633
585938.00,725000.00,596554.28,11,11,11,10,10,0.074569,0.7711,0.9812
585938.00,725000.00,598178.86,11,11,11,10,10,0.074772,0.7245,0.9492
585938.00,500000.00,586126.33,11,11,11,11,11,0.073266,0.8413,0.9888
585938.00,500000.00,594114.30,11,11,11,11,11,0.074264,0.7225,0.9799
585938.00,500000.00,590373.93,11,11,11,11,11,0.073797,0.7587,0.9614
601562.00,500000.00,599988.70,12,12,13,12,13,0.074999,0.8133,0.9916
601562.00,500000.00,589089.87,12,12,12,12,12,0.073636,0.7193,0.9790
601562.00,725000.00,608229.64,12,12,12,11,11,0.076029,0.8821,0.9872
617188.00,725000.00,617984.77,11,11,11,11,11,0.077248,0.7102,0.9979
617188.00,725000.00,623121.26,11,11,11,11,11,0.077890,0.7145,0.9905
617188.00,725000.00,624267.58,12,12,12,12,12,0.078033,0.7514,0.9871
617188.00,725000.00,626617.37,12,12,12,12,12,0.078327,0.8456,0.9762
617188.00,725000.00,622900.01,12,12,12,12,12,0.077863,0.8016,0.9882
617188.00,725000.00,623037.34,12,12,12,12,12,0.077880,0.7458,0.9679
617188.00,725000.00,725335.60,12,12,12,12,12,0.090667,0.7392,0.8334
617188.00,725000.00,622991.56,12,12,12,12,12,0.077874,0.7354,0.9853
617188.00,725000.00,614490.87,12,12,12,12,12,0.076811,0.7234,0.9919
617188.00,500000.00,621132.37,12,12,13,12,13,0.077642,0.7883,0.9921
632812.00,725000.00,636043.55,11,11,11,11,11,0.079505,0.9346,0.9913
632812.00,725000.00,640514.37,11,11,11,11,11,0.080064,0.8372,0.9735
632812.00,725000.00,641151.43,11,11,11,11,11,0.080144,0.8044,0.9528
632812.00,725000.00,627931.59,11,11,11,11,11,0.078491,0.9354,0.9884
632812.00,725000.00,628822.33,11,11,11,11,11,0.078603,0.9065,0.9905
632812.00,725000.00,625785.83,11,11,11,11,11,0.078223,0.8729,0.9552
632812.00,725000.00,624999.05,11,11,11,11,11,0.078125,0.8876,0.9730
632812.00,725000.00,623947.14,11,11,11,11,11,0.077993,0.8835,0.8924
632812.00,725000.00,707068.32,11,11,11,11,11,0.088384,0.8522,0.8246
632812.00,725000.00,634387.02,11,11,11,11,11,0.079298,0.8462,0.9824
632812.00,725000.00,668645.86,11,11,11,11,11,0.083581,0.8169,0.8718
632812.00,725000.00,665645.60,11,11,11,11,11,0.083206,0.8111,0.9316
632812.00,725000.00,637974.62,11,11,11,11,11,0.079747,0.9633,0.9810
632812.00,725000.00,644773.48,11,11,11,11,11,0.080597,0.9305,0.9735
632812.00,725000.00,634139.06,11,11,11,11,11,0.079267,0.9131,0.9866
632812.00,725000.00,629879.95,11,11,11,11,11,0.078735,0.7458,0.9878
648438.00,725000.00,656403.54,12,12,12,12,12,0.082050,0.8611,0.9869
648438.00,725000.00,649729.73,12,12,12,12,12,0.081216,0.8541,0.9688
648438.00,725000.00,660771.37,12,12,12,12,12,0.082596,0.8487,0.9794
648438.00,725000.00,631586.31,12,12,12,12,12,0.078948,0.8183,0.8981
648438.00,725000.00,744416.00,12,12,12,12,12,0.093052,0.8049,0.8185
648438.00,725000.00,650620.52,12,12,12,12,12,0.081328,0.8118,0.9324
648438.00,725000.00,657039.64,12,12,12,12,12,0.082130,0.9403,0.9854
648438.00,725000.00,656736.25,12,12,12,12,12,0.082092,0.9039,0.9837
648438.00,725000.00,657003.40,12,12,12,12,12,0.082125,0.8987,0.9837
648438.00,725000.00,644511.70,12,12,12,12,12,0.080564,0.8853,0.9916
648438.00,725000.00,748860.36,12,12,12,12,12,0.093608,0.8845,0.8495
648438.00,725000.00,674615.86,12,12,12,12,12,0.084327,0.8835,0.9578
648438.00,725000.00,639361.38,12,12,12,12,12,0.079920,0.8747,0.9860
648438.00,725000.00,688917.16,12,12,12,12,12,0.086115,0.8390,0.9353
648438.00,725000.00,643165.59,12,12,12,12,12,0.080396,0.7839,0.9550
648438.00,725000.00,646533.01,12,12,12,12,12,0.080817,0.7790,0.9883
664062.00,725000.00,657764.67,11,11,11,11,11,0.082221,0.9578,0.9862
664062.00,725000.00,669401.17,11,11,11,11,11,0.083675,0.9452,0.9776
664062.00,725000.00,660253.52,11,11,11,11,11,0.082532,0.8832,0.9771
664062.00,725000.00,667067.53,11,11,11,11,11,0.083383,0.9500,0.9727
664062.00,725000.00,672117.23,11,11,11,11,11,0.084015,0.9309,0.9737
664062.00,725000.00,678332.33,11,11,11,11,11,0.084792,0.9242,0.9699
664062.00,725000.00,661328.32,11,11,11,11,11,0.082666,0.9123,0.9717
664062.00,725000.00,667819.98,11,11,11,11,11,0.083477,0.9118,0.9737
664062.00,725000.00,660018.80,11,11,11,11,11,0.082502,0.8800,0.9845
664062.00,725000.00,668516.16,11,11,11,11,11,0.083565,0.8640,0.9758
664062.00,725000.00,709121.70,11,11,11,11,11,0.088640,0.8161,0.9108
664062.00,725000.00,695504.67,11,11,11,11,11,0.086938,0.7781,0.8410
664062.00,725000.00,730073.93,11,11,11,11,11,0.091259,0.7419,0.8945
664062.00,725000.00,661995.17,11,11,11,11,11,0.082749,0.9460,0.9927
664062.00,725000.00,679258.35,11,11,11,11,11,0.084907,0.8296,0.9708
664062.00,725000.00,692543.03,11,11,11,11,11,0.086568,0.8005,0.9388
664062.00,725000.00,675256.73,11,11,11,11,11,0.084407,0.9494,0.9578
664062.00,725000.00,663073.54,11,11,11,11,11,0.082884,0.9317,0.9812
664062.00,725000.00,664083.96,11,11,11,11,11,0.083010,0.9194,0.9867
664062.00,725000.00,673976.90,11,11,11,11,11,0.084247,0.8981,0.9824
679688.00,725000.00,683300.02,11,11,11,11,11,0.085413,0.9681,0.9914
679688.00,725000.00,676561.36,11,11,11,11,11,0.084570,0.9568,0.9882
679688.00,725000.00,678289.41,11,11,11,11,11,0.084786,0.9551,0.9693
679688.00,725000.00,675004.96,11,11,11,11,11,0.084376,0.9538,0.9658
679688.00,725000.00,681500.43,11,11,11,11,11,0.085188,0.9518,0.9808
679688.00,725000.00,675240.52,11,11,11,11,11,0.084405,0.9344,0.9782
679688.00,725000.00,695008.87,11,11,11,11,11,0.086876,0.9294,0.9740
679688.00,725000.00,686041.12,11,11,11,11,11,0.085755,0.9665,0.9877
679688.00,725000.00,676297.19,11,11,11,11,11,0.084537,0.9646,0.9732
679688.00,725000.00,679841.52,11,11,11,11,11,0.084980,0.9609,0.9973
679688.00,725000.00,675058.36,11,11,11,11,11,0.084382,0.9597,0.9804
679688.00,725000.00,682351.59,11,11,11,11,11,0.085294,0.9556,0.9829
679688.00,725000.00,670016.77,11,11,11,11,11,0.083752,0.9444,0.9718
679688.00,725000.00,701568.60,11,11,11,11,11,0.087696,0.8952,0.9645
679688.00,725000.00,673589.71,11,11,11,11,11,0.084199,0.9666,0.9831
679688.00,725000.00,673430.68,11,11,11,11,11,0.084179,0.9653,0.9889
679688.00,725000.00,654740.33,11,11,11,11,11,0.081843,0.9534,0.9588
679688.00,725000.00,679682.73,11,11,11,11,11,0.084960,0.9820,0.9871
679688.00,725000.00,679345.61,11,11,11,11,11,0.084918,0.9683,0.9964
679688.00,725000.00,681488.04,11,11,11,11,11,0.085186,0.9586,0.9923
679688.00,725000.00,692066.19,12,12,12,12,12,0.086508,0.9558,0.9722
679688.00,725000.00,695408.11,12,12,12,12,12,0.086926,0.9504,0.9426
679688.00,725000.00,676320.79,12,12,12,12,12,0.084540,0.9184,0.9819
679688.00,725000.00,713335.04,12,12,12,12,12,0.089167,0.9115,0.9399
679688.00,725000.00,681661.61,12,12,12,12,12,0.085208,0.9739,0.9948
679688.00,725000.00,682044.98,12,12,12,12,12,0.085256,0.9493,0.9829
679688.00,725000.00,676298.38,12,12,12,12,12,0.084537,0.9491,0.9905
679688.00,725000.00,658839.70,12,12,12,12,12,0.082355,0.8269,0.9424
679688.00,725000.00,684997.32,12,12,12,12,12,0.085625,0.9671,0.9893
679688.00,725000.00,676174.64,12,12,12,12,12,0.084522,0.9606,0.9827
679688.00,725000.00,682571.53,12,12,12,12,12,0.085321,0.9545,0.9878
679688.00,725000.00,670627.59,12,12,12,12,12,0.083828,0.9544,0.9827
679688.00,725000.00,679338.46,12,12,12,12,12,0.084917,0.9347,0.9829
679688.00,725000.00,675374.98,12,12,12,12,12,0.084422,0.9322,0.9826
679688.00,725000.00,679263.11,12,12,12,12,12,0.084908,0.8768,0.9362
679688.00,725000.00,681309.22,12,12,12,12,12,0.085164,0.9644,0.9785
679688.00,725000.00,670568.47,12,12,12,12,12,0.083821,0.9578,0.9817
679688.00,725000.00,686347.96,12,12,12,12,12,0.085793,0.9544,0.9802
679688.00,725000.00,681951.52,12,12,12,12,12,0.085244,0.9263,0.9679
679688.00,725000.00,681759.83,12,12,12,12,12,0.085220,0.8629,0.9394
679688.00,725000.00,684473.04,12,12,12,12,12,0.085559,0.9675,0.9837
679688.00,725000.00,687277.79,12,12,12,12,12,0.085910,0.9536,0.9822
679688.00,725000.00,728946.69,12,12,12,12,12,0.091118,0.9512,0.9271
679688.00,725000.00,693570.14,12,12,12,12,12,0.086696,0.9266,0.9616
679688.00,725000.00,666925.43,12,12,12,12,12,0.083366,0.9252,0.9703
679688.00,725000.00,687233.69,12,12,12,12,12,0.085904,0.9209,0.9789
679688.00,725000.00,683558.94,12,12,12,12,12,0.085445,0.8314,0.9847
679688.00,725000.00,695984.84,12,12,12,12,12,0.086998,0.9571,0.9734
679688.00,725000.00,683565.62,12,12,12,12,12,0.085446,0.9389,0.9269
679688.00,725000.00,679296.49,12,12,12,12,12,0.084912,0.9372,0.9917
679688.00,725000.00,695338.25,12,12,12,12,12,0.086917,0.9329,0.9703
679688.00,725000.00,679296.49,12,12,12,12,12,0.084912,0.9204,0.9433
679688.00,725000.00,679850.58,12,12,12,12,12,0.084981,0.9755,0.9924
679688.00,725000.00,684208.87,12,12,12,12,12,0.085526,0.9679,0.9768
679688.00,725000.00,683063.51,12,12,12,12,12,0.085383,0.9630,0.9910
679688.00,725000.00,687763.21,12,12,12,12,12,0.085970,0.9624,0.9867
679688.00,725000.00,683645.25,12,12,12,12,12,0.085456,0.9477,0.9914
679688.00,725000.00,673211.10,12,12,12,12,12,0.084151,0.9438,0.9705
679688.00,725000.00,684296.13,12,12,12,12,12,0.085537,0.9495,0.9839
679688.00,725000.00,681440.35,12,12,12,12,12,0.085180,0.9297,0.9858
679688.00,725000.00,679696.08,12,12,12,12,12,0.084962,0.9281,0.9860
679688.00,725000.00,691779.14,11,11,11,11,11,0.086472,0.9286,0.9611
679688.00,725000.00,666227.34,11,11,11,11,11,0.083278,0.9254,0.9758
679688.00,725000.00,688695.91,11,11,11,11,11,0.086087,0.9201,0.9704
679688.00,725000.00,675873.76,11,11,11,11,11,0.084484,0.8697,0.9620
679688.00,725000.00,649728.78,11,11,11,11,11,0.081216,0.8109,0.9285
679688.00,725000.00,683417.20,11,11,11,11,11,0.085427,0.9742,0.9877
679688.00,725000.00,678963.66,11,11,11,11,11,0.084870,0.9651,0.9727
679688.00,725000.00,672678.95,11,11,11,11,11,0.084085,0.9627,0.9795
679688.00,725000.00,662174.22,11,11,11,11,11,0.082772,0.9250,0.9089
679688.00,725000.00,681503.30,11,11,11,11,11,0.085188,0.8825,0.9872
679688.00,725000.00,681159.73,11,11,11,11,11,0.085145,0.8688,0.9714
679688.00,725000.00,673816.68,11,11,11,11,11,0.084227,0.9569,0.9878
679688.00,725000.00,664230.35,11,11,11,11,11,0.083029,0.8587,0.9588
679688.00,725000.00,692771.91,11,11,11,11,11,0.086596,0.9684,0.9738
679688.00,725000.00,681452.75,11,11,11,11,11,0.085182,0.9556,0.8537
679688.00,725000.00,670370.10,11,11,11,11,11,0.083796,0.9464,0.9794
679688.00,725000.00,676485.90,11,11,11,11,11,0.084561,0.9397,0.9908
679688.00,725000.00,687846.18,11,11,11,11,11,0.085981,0.9277,0.9765
679688.00,725000.00,711297.99,11,11,11,11,11,0.088912,0.8870,0.8292
695312.00,725000.00,696621.89,12,12,12,12,12,0.087078,0.9352,0.9876
695312.00,725000.00,704737.19,12,12,12,12,12,0.088092,0.8830,0.9789
695312.00,725000.00,700459.00,12,12,12,12,12,0.087557,0.8566,0.9720
695312.00,725000.00,682426.45,12,12,12,12,12,0.085303,0.7860,0.9768
695312.00,725000.00,692913.06,12,12,12,12,12,0.086614,0.9775,0.9872
695312.00,725000.00,697353.36,12,12,12,12,12,0.087169,0.9697,0.9861
695312.00,725000.00,680172.92,12,12,12,12,12,0.085022,0.9172,0.9599
695312.00,725000.00,683218.96,12,12,12,12,12,0.085402,0.8787,0.9608
695312.00,725000.00,693466.19,12,12,12,12,12,0.086683,0.8071,0.9936
695312.00,725000.00,687874.79,12,12,12,12,12,0.085984,0.9521,0.9728
695312.00,725000.00,700796.13,12,12,12,12,12,0.087600,0.9495,0.9632
695312.00,725000.00,702198.51,12,12,12,12,12,0.087775,0.9355,0.9644
695312.00,725000.00,698354.72,12,12,12,12,12,0.087294,0.9327,0.9786
695312.00,725000.00,693415.64,12,12,12,12,12,0.086677,0.9281,0.9761
695312.00,725000.00,696759.70,12,12,12,12,12,0.087095,0.8370,0.6493
695312.00,725000.00,687213.18,12,12,12,12,12,0.085902,0.7936,0.9589
695312.00,725000.00,701272.96,12,12,12,12,12,0.087659,0.9733,0.9888
695312.00,725000.00,699378.97,12,12,12,12,12,0.087422,0.9680,0.9803
695312.00,725000.00,708282.23,12,12,12,12,12,0.088535,0.9587,0.9774
695312.00,725000.00,687294.96,12,12,12,12,12,0.085912,0.9544,0.9795
695312.00,725000.00,697145.46,12,12,12,12,12,0.087143,0.9536,0.9831
695312.00,725000.00,701449.39,11,11,11,11,11,0.087681,0.9454,0.9904
695312.00,725000.00,694765.09,11,11,11,11,11,0.086846,0.9432,0.9840
695312.00,725000.00,696742.06,11,11,11,11,11,0.087093,0.9389,0.9892
695312.00,725000.00,705515.86,11,11,11,11,11,0.088189,0.9201,0.9819
695312.00,725000.00,668250.08,11,11,11,11,11,0.083531,0.9155,0.9476
695312.00,725000.00,695220.95,11,11,11,11,11,0.086903,0.9695,0.9888
695312.00,725000.00,699448.59,11,11,11,11,11,0.087431,0.9629,0.9852
695312.00,725000.00,679992.20,11,11,11,11,11,0.084999,0.9447,0.9764
695312.00,725000.00,693535.09,11,11,11,11,11,0.086692,0.9689,0.9805
695312.00,725000.00,694635.39,11,11,11,11,11,0.086829,0.9640,0.9834
695312.00,725000.00,696618.08,11,11,11,11,11,0.087077,0.9559,0.9701
695312.00,725000.00,689527.51,11,11,11,11,11,0.086191,0.9093,0.9692
695312.00,725000.00,718074.80,11,11,11,11,11,0.089759,0.8718,0.9186
695312.00,725000.00,797770.50,11,11,11,11,11,0.099721,0.7307,0.7974
695312.00,725000.00,694601.77,11,11,11,11,11,0.086825,0.9736,0.9866
695312.00,725000.00,684917.45,11,11,11,11,11,0.085615,0.9664,0.9692
695312.00,725000.00,681564.33,11,11,11,11,11,0.085196,0.9363,0.9188
695312.00,725000.00,593869.21,11,11,11,10,10,0.074234,0.7429,0.7937
695312.00,725000.00,699069.98,11,11,11,11,11,0.087384,0.9198,0.9844
695312.00,725000.00,733727.46,11,11,11,11,11,0.091716,0.8939,0.5528
695312.00,725000.00,691662.79,11,11,11,11,11,0.086458,0.8742,0.9763
695312.00,725000.00,720102.31,11,11,11,11,11,0.090013,0.8334,0.9509
695312.00,725000.00,671151.40,11,11,11,11,11,0.083894,0.7976,0.9134
695312.00,725000.00,707668.30,11,11,11,11,11,0.088459,0.9579,0.9802
695312.00,725000.00,694311.14,11,11,11,11,11,0.086789,0.9194,0.9653
695312.00,725000.00,705097.20,11,11,11,11,11,0.088137,0.9159,0.9089
695312.00,725000.00,696249.49,11,11,11,11,11,0.087031,0.9060,0.9634
695312.00,725000.00,837097.17,11,11,11,11,11,0.104637,0.8727,0.7565
695312.00,725000.00,699876.79,11,11,11,11,11,0.087485,0.9636,0.9863
695312.00,725000.00,774739.27,11,11,11,11,11,0.096842,0.9447,0.8831
695312.00,725000.00,707573.89,11,11,11,11,11,0.088447,0.8750,0.9734
695312.00,725000.00,691242.87,11,11,11,11,11,0.086405,0.9652,0.9886
726562.00,725000.00,731491.09,12,12,12,12,12,0.091436,0.9595,0.9782
726562.00,725000.00,702936.17,12,12,12,12,12,0.087867,0.9479,0.9655
726562.00,725000.00,727275.37,12,12,12,12,12,0.090909,0.9463,0.9917
726562.00,725000.00,768500.57,12,12,12,12,12,0.096063,0.9345,0.9351
726562.00,725000.00,718837.74,12,12,12,12,12,0.089855,0.9270,0.9384
726562.00,725000.00,707962.04,12,12,12,12,12,0.088495,0.8498,0.9564
726562.00,725000.00,720488.55,12,12,12,12,12,0.090061,0.9661,0.9865
726562.00,725000.00,733721.73,12,12,12,12,12,0.091715,0.9580,0.9844
726562.00,725000.00,709173.20,12,12,12,12,12,0.088647,0.9380,0.9580
726562.00,725000.00,725352.29,12,12,12,12,12,0.090669,0.9246,0.9730
726562.00,725000.00,755595.21,12,12,12,12,12,0.094449,0.9622,0.9496
726562.00,725000.00,721079.95,12,12,12,12,12,0.090135,0.9545,0.9877
726562.00,725000.00,728513.96,12,12,12,12,12,0.091064,0.9404,0.9890
726562.00,725000.00,723425.15,12,12,12,12,12,0.090428,0.9744,0.9888
726562.00,725000.00,736971.86,12,12,12,12,12,0.092121,0.9725,0.9858
726562.00,725000.00,727675.91,12,12,12,12,12,0.090959,0.9699,0.9925
726562.00,725000.00,729965.21,12,12,12,12,12,0.091246,0.9497,0.9806
726562.00,725000.00,720541.00,12,12,12,12,12,0.090068,0.9419,0.9893
726562.00,725000.00,723395.82,12,12,12,12,12,0.090424,0.9413,0.9946
726562.00,725000.00,722296.71,12,12,12,12,12,0.090287,0.9548,0.9785
726562.00,725000.00,728549.96,12,12,12,12,12,0.091069,0.9512,0.9942
726562.00,725000.00,724379.30,12,12,12,12,12,0.090547,0.9481,0.9957
726562.00,725000.00,763410.09,12,12,12,12,12,0.095426,0.9388,0.7851
726562.00,725000.00,720778.47,12,12,12,12,12,0.090097,0.9333,0.9742
726562.00,725000.00,720717.43,12,12,12,12,12,0.090090,0.8972,0.9690
726562.00,725000.00,747329.71,12,12,12,12,12,0.093416,0.9724,0.9684
726562.00,725000.00,719134.33,12,12,12,12,12,0.089892,0.9660,0.9855
726562.00,725000.00,724833.01,12,12,12,12,12,0.090604,0.9643,0.9823
726562.00,725000.00,730503.08,12,12,12,12,12,0.091313,0.9535,0.9833
726562.00,725000.00,792903.90,12,12,12,12,12,0.099113,0.9406,0.9019
726562.00,725000.00,726329.80,12,12,12,12,12,0.090791,0.9393,0.9343
726562.00,725000.00,723216.06,12,12,12,12,12,0.090402,0.9223,0.9513
726562.00,725000.00,741662.98,12,12,12,12,12,0.092708,0.9256,0.9673
726562.00,725000.00,728026.39,12,12,12,12,12,0.091003,0.8855,0.9829
726562.00,725000.00,746900.56,12,12,12,12,12,0.093363,0.8602,0.9533
726562.00,725000.00,726101.88,12,12,12,12,12,0.090763,0.9432,0.9803
726562.00,725000.00,720505.24,12,12,12,12,12,0.090063,0.9362,0.9821
726562.00,725000.00,732655.05,12,12,12,12,12,0.091582,0.9216,0.9484
726562.00,725000.00,719573.97,11,11,11,11,11,0.089947,0.9648,0.9799
726562.00,725000.00,726016.04,11,11,11,11,11,0.090752,0.9587,0.9644
726562.00,725000.00,709812.16,11,11,11,11,11,0.088727,0.9367,0.9660
726562.00,725000.00,655570.98,11,11,11,11,11,0.081946,0.8103,0.7113
726562.00,725000.00,722437.86,11,11,11,11,11,0.090305,0.9742,0.9888
726562.00,725000.00,718015.67,11,11,11,11,11,0.089752,0.9619,0.9655
726562.00,725000.00,720499.04,11,11,11,11,11,0.090062,0.9511,0.9689
726562.00,725000.00,716834.49,11,11,11,11,11,0.089604,0.9488,0.9794
726562.00,725000.00,723796.84,11,11,11,11,11,0.090475,0.9450,0.9883
726562.00,725000.00,736661.91,11,11,11,11,11,0.092083,0.9152,0.9472
726562.00,725000.00,718773.84,11,11,11,11,11,0.089847,0.9629,0.9879
726562.00,725000.00,747562.41,11,11,11,11,11,0.093445,0.9573,0.9630
726562.00,725000.00,720662.12,11,11,11,11,11,0.090083,0.9485,0.9607
726562.00,725000.00,744148.25,11,11,11,11,11,0.093019,0.9321,0.9723
726562.00,725000.00,723193.17,11,11,11,11,11,0.090399,0.9154,0.9253
726562.00,725000.00,719869.61,11,11,11,11,11,0.089984,0.9765,0.9816
726562.00,725000.00,723673.11,11,11,11,11,11,0.090459,0.9614,0.9705
726562.00,725000.00,709860.32,11,11,11,11,11,0.088733,0.9468,0.9729
742188.00,725000.00,742824.55,11,11,11,11,11,0.092853,0.9672,0.9853
742188.00,725000.00,740556.72,11,11,11,11,11,0.092570,0.9670,0.9822
742188.00,725000.00,745614.05,11,11,11,11,11,0.093202,0.9649,0.9836
742188.00,725000.00,748661.52,11,11,11,11,11,0.093583,0.9626,0.9895
742188.00,725000.00,732698.44,11,11,11,11,11,0.091587,0.9603,0.9803
742188.00,725000.00,697813.27,11,11,11,11,11,0.087227,0.9492,0.9373
742188.00,725000.00,735858.14,11,11,11,11,11,0.091982,0.9323,0.9787
742188.00,725000.00,773366.93,11,11,11,11,11,0.096671,0.7222,0.7904
742188.00,725000.00,743559.78,11,11,11,11,11,0.092945,0.9642,0.9864
742188.00,725000.00,749267.58,11,11,11,11,11,0.093658,0.9593,0.9871
742188.00,725000.00,761346.82,11,11,11,11,11,0.095168,0.9498,0.9682
742188.00,725000.00,766633.03,11,11,11,11,11,0.095829,0.9444,0.9590
742188.00,725000.00,727500.80,11,11,11,11,11,0.090938,0.9100,0.9582
742188.00,725000.00,790752.77,11,11,11,11,11,0.098844,0.8559,0.8918
742188.00,725000.00,766617.30,11,11,11,11,11,0.095827,0.9475,0.9388
742188.00,725000.00,746211.05,11,11,11,11,11,0.093276,0.9707,0.9702
742188.00,725000.00,751824.38,11,11,11,11,11,0.093978,0.9665,0.9838
742188.00,725000.00,765314.58,11,11,11,11,11,0.095664,0.8995,0.9527
742188.00,725000.00,598074.91,11,11,11,10,10,0.074759,0.8622,0.7906
742188.00,725000.00,731584.55,11,11,11,11,11,0.091448,0.9596,0.9828
742188.00,725000.00,754202.96,11,11,11,11,11,0.094275,0.9402,0.9827
742188.00,725000.00,697221.76,11,11,11,11,11,0.087153,0.9160,0.8856
742188.00,725000.00,649470.33,11,11,11,11,11,0.081184,0.8612,0.8621
742188.00,725000.00,731485.37,11,11,11,11,11,0.091436,0.9694,0.9847
742188.00,725000.00,758468.63,11,11,11,11,11,0.094809,0.9477,0.9736
742188.00,725000.00,753879.07,11,11,11,11,11,0.094235,0.7815,0.8141
742188.00,725000.00,741716.38,11,11,11,11,11,0.092715,0.9590,0.9920
742188.00,725000.00,748351.10,11,11,11,11,11,0.093544,0.9479,0.9723
742188.00,725000.00,739722.25,11,11,11,11,11,0.092465,0.9467,0.9785
742188.00,725000.00,724639.89,11,11,11,11,11,0.090580,0.9392,0.9750
742188.00,725000.00,729658.60,11,11,11,11,11,0.091207,0.9363,0.9826
742188.00,725000.00,738098.14,11,11,11,11,11,0.092262,0.9653,0.9885
742188.00,725000.00,751313.69,11,11,11,11,11,0.093914,0.9651,0.9841
742188.00,725000.00,741201.88,11,11,11,11,11,0.092650,0.9641,0.9211
742188.00,725000.00,749304.06,11,11,11,11,11,0.093663,0.9433,0.9382
742188.00,725000.00,690489.77,11,11,11,11,11,0.086311,0.9146,0.8898
742188.00,725000.00,702885.63,11,11,11,11,11,0.087861,0.9134,0.9342
742188.00,725000.00,719756.13,11,11,11,11,11,0.089970,0.8350,0.9604
742188.00,725000.00,733003.80,12,12,12,12,12,0.091625,0.9767,0.9647
742188.00,725000.00,734485.63,12,12,12,12,12,0.091811,0.9709,0.9838
742188.00,725000.00,749981.88,12,12,12,12,12,0.093748,0.9628,0.9813
742188.00,725000.00,748161.32,12,12,12,12,12,0.093520,0.9764,0.9882
742188.00,725000.00,745960.24,12,12,12,12,12,0.093245,0.9656,0.9767
742188.00,725000.00,750478.21,12,12,12,12,12,0.093810,0.9574,0.9855
742188.00,725000.00,792387.96,12,12,12,12,12,0.099048,0.9344,0.6323
742188.00,725000.00,736410.14,12,12,12,12,12,0.092051,0.9165,0.9382
742188.00,725000.00,737154.25,12,12,12,12,12,0.092144,0.9455,0.9872
742188.00,725000.00,739255.91,12,12,12,12,12,0.092407,0.9428,0.9935
742188.00,725000.00,751226.43,12,12,12,12,12,0.093903,0.9234,0.9472
742188.00,725000.00,767097.47,12,12,12,12,12,0.095887,0.8916,0.9589
742188.00,725000.00,788599.01,12,12,12,12,12,0.098575,0.8876,0.9059
742188.00,725000.00,750255.58,12,12,12,12,12,0.093782,0.9633,0.9756
742188.00,725000.00,744024.28,12,12,12,12,12,0.093003,0.9557,0.9652
742188.00,725000.00,736852.65,12,12,12,12,12,0.092107,0.9536,0.9788
742188.00,725000.00,755433.08,12,12,12,12,12,0.094429,0.9412,0.9804
742188.00,725000.00,708240.51,12,12,12,12,12,0.088530,0.9244,0.9379
757812.00,725000.00,756943.70,12,12,12,12,12,0.094618,0.9655,0.9935
757812.00,725000.00,758817.67,12,12,12,12,12,0.094852,0.9520,0.9884
757812.00,725000.00,767042.16,12,12,12,12,12,0.095880,0.9502,0.9755
757812.00,725000.00,770673.75,12,12,12,12,12,0.096334,0.9429,0.9581
757812.00,725000.00,763853.07,12,12,12,12,12,0.095482,0.9368,0.9649
757812.00,725000.00,747367.86,12,12,12,12,12,0.093421,0.9309,0.9776
757812.00,725000.00,729486.47,12,12,12,12,12,0.091186,0.8181,0.9482
757812.00,725000.00,755815.03,12,12,12,12,12,0.094477,0.9536,0.9546
757812.00,725000.00,761123.66,12,12,12,12,12,0.095140,0.9473,0.9828
757812.00,725000.00,729250.91,12,12,12,12,12,0.091156,0.8542,0.9562
757812.00,725000.00,758575.68,12,12,12,12,12,0.094822,0.9681,0.9887
757812.00,725000.00,740781.78,12,12,12,12,12,0.092598,0.9665,0.9553
757812.00,725000.00,737316.13,12,12,12,12,12,0.092165,0.9572,0.9700
757812.00,725000.00,763631.82,12,12,12,12,12,0.095454,0.9358,0.9838
757812.00,725000.00,768991.47,12,12,12,12,12,0.096124,0.9699,0.9462
757812.00,725000.00,760058.40,12,12,12,12,12,0.095007,0.9654,0.9926
757812.00,725000.00,758508.68,12,12,12,12,12,0.094814,0.9635,0.9820
757812.00,725000.00,746496.20,12,12,12,12,12,0.093312,0.9558,0.9798
757812.00,725000.00,763606.31,12,12,12,12,12,0.095451,0.9529,0.9809
757812.00,725000.00,752779.01,12,12,12,12,12,0.094097,0.9560,0.9887
757812.00,725000.00,746322.15,12,12,12,12,12,0.093290,0.9268,0.9748
757812.00,725000.00,764467.24,12,12,12,12,12,0.095558,0.8926,0.9849
757812.00,725000.00,680423.74,12,12,12,12,12,0.085053,0.8608,0.8935
757812.00,725000.00,728659.15,12,12,12,12,12,0.091082,0.8585,0.9282
757812.00,725000.00,633686.07,12,12,12,12,12,0.079211,0.7962,0.7502
757812.00,725000.00,764059.07,12,12,12,12,12,0.095507,0.9608,0.9838
757812.00,725000.00,775681.50,12,12,12,12,12,0.096960,0.9451,0.9640
757812.00,725000.00,744655.61,12,12,12,12,12,0.093082,0.9360,0.9692
757812.00,725000.00,731487.27,12,12,12,12,12,0.091436,0.8973,0.9625
757812.00,725000.00,771133.90,12,12,12,12,12,0.096392,0.8970,0.9578
757812.00,725000.00,733411.79,12,12,12,12,12,0.091676,0.8893,0.9502
757812.00,725000.00,762929.92,12,12,12,12,12,0.095366,0.9754,0.9784
757812.00,725000.00,762346.27,12,12,12,12,12,0.095293,0.9519,0.9798
757812.00,725000.00,765026.09,12,12,12,12,12,0.095628,0.9432,0.9759
757812.00,725000.00,789027.69,12,12,12,12,12,0.098628,0.9245,0.9437
757812.00,725000.00,764344.22,12,12,12,12,12,0.095543,0.9088,0.9367
757812.00,725000.00,756097.79,12,12,12,12,12,0.094512,0.9651,0.9836
757812.00,725000.00,743103.50,12,12,12,12,12,0.092888,0.9621,0.9760
757812.00,725000.00,752477.65,12,12,12,12,12,0.094060,0.9574,0.9667
757812.00,725000.00,715599.06,12,12,12,12,12,0.089450,0.8808,0.9280
773438.00,725000.00,752933.50,11,11,11,11,11,0.094117,0.9538,0.9336
773438.00,725000.00,761235.24,11,11,11,11,11,0.095154,0.9431,0.9727
773438.00,725000.00,760361.67,11,11,11,11,11,0.095045,0.9381,0.9664
773438.00,725000.00,773010.25,11,11,11,11,11,0.096626,0.9760,0.9866
773438.00,725000.00,775932.31,11,11,11,11,11,0.096992,0.9697,0.9853
773438.00,725000.00,778384.21,11,11,11,11,11,0.097298,0.9520,0.9823
773438.00,725000.00,783030.51,11,11,11,11,11,0.097879,0.9444,0.9793
773438.00,725000.00,766759.87,11,11,11,11,11,0.095845,0.9363,0.8181
773438.00,725000.00,771991.73,11,11,11,11,11,0.096499,0.9822,0.9960
773438.00,725000.00,775594.23,11,11,11,11,11,0.096949,0.9414,0.9892
773438.00,725000.00,764911.65,11,11,11,11,11,0.095614,0.9646,0.9830
773438.00,725000.00,727994.92,11,11,11,11,11,0.090999,0.8974,0.8936
773438.00,725000.00,781219.48,11,11,11,11,11,0.097652,0.8596,0.9837
773438.00,725000.00,778067.59,12,12,12,12,12,0.097258,0.9685,0.9318
773438.00,725000.00,772991.18,12,12,12,12,12,0.096624,0.9525,0.9919
773438.00,725000.00,774843.22,12,12,12,12,12,0.096855,0.9497,0.9854
773438.00,725000.00,795239.45,12,12,12,12,12,0.099405,0.9487,0.9701
773438.00,725000.00,784292.22,12,12,12,12,12,0.098037,0.9414,0.9845
773438.00,725000.00,771376.61,12,12,12,12,12,0.096422,0.9359,0.9535
773438.00,725000.00,764809.61,12,12,12,12,12,0.095601,0.9280,0.9847
773438.00,725000.00,768551.83,12,12,12,12,12,0.096069,0.8689,0.9877
773438.00,725000.00,725773.81,12,12,12,12,12,0.090722,0.7011,0.8750
773438.00,725000.00,772922.52,12,12,12,12,12,0.096615,0.9519,0.9886
773438.00,725000.00,777904.51,12,12,12,12,12,0.097238,0.9518,0.9872
773438.00,725000.00,774007.80,12,12,12,12,12,0.096751,0.9452,0.9466
773438.00,725000.00,855691.67,12,12,12,12,12,0.106961,0.8453,0.8142
773438.00,725000.00,772208.45,12,12,12,12,12,0.096526,0.9695,0.9907
773438.00,725000.00,780096.53,12,12,12,12,12,0.097512,0.9513,0.9822
773438.00,725000.00,775985.72,12,12,12,12,12,0.096998,0.9446,0.9624
773438.00,725000.00,773509.98,12,12,12,12,12,0.096689,0.9181,0.9521
773438.00,725000.00,775259.97,12,12,12,12,12,0.096907,0.9044,0.9484
773438.00,725000.00,651623.73,12,12,12,12,12,0.081453,0.8853,0.7515
773438.00,725000.00,723316.19,12,12,12,12,12,0.090415,0.8087,0.8464
789062.00,725000.00,780340.19,12,12,12,12,12,0.097543,0.8042,0.9723
789062.00,725000.00,794833.18,12,12,12,12,12,0.099354,0.9455,0.9848
789062.00,725000.00,787424.09,12,12,12,12,12,0.098428,0.9343,0.9590
789062.00,725000.00,775582.31,12,12,12,12,12,0.096948,0.8616,0.9682
789062.00,725000.00,785070.42,12,12,12,12,12,0.098134,0.8514,0.9746
789062.00,725000.00,806427.00,12,12,12,12,12,0.100803,0.7714,0.9671
789062.00,725000.00,776547.43,12,12,12,12,12,0.097068,0.7047,0.9406
789062.00,725000.00,793337.35,12,12,12,12,12,0.099167,0.9364,0.9739
789062.00,725000.00,798555.85,12,12,12,12,12,0.099819,0.9069,0.9703
789062.00,725000.00,765298.84,12,12,12,12,12,0.095662,0.8828,0.9610
789062.00,725000.00,812973.02,12,12,12,12,12,0.101622,0.8157,0.9632
789062.00,725000.00,768775.94,12,12,12,12,12,0.096097,0.7706,0.5565
789062.00,725000.00,796541.21,12,12,12,12,12,0.099568,0.9542,0.9808
789062.00,725000.00,767769.81,12,12,12,12,12,0.095971,0.8707,0.8946
500000.00,500000.00,481956.48,7,7,7,7,7,0.015061,0.9444,1.0000
500000.00,500000.00,462692.26,7,7,7,7,7,0.014459,0.9422,1.0000
500000.00,500000.00,493400.57,7,7,7,7,7,0.015419,0.8799,1.0000
500000.00,500000.00,575634.00,7,7,7,7,7,0.017989,0.8249,1.0000
500000.00,500000.00,498909.00,7,7,7,7,7,0.015591,0.8992,1.0000
500000.00,500000.00,495582.58,7,7,7,7,7,0.015487,0.9472,1.0000
500000.00,500000.00,480945.59,7,7,7,7,7,0.015030,0.9362,1.0000
500000.00,500000.00,488067.63,7,7,7,7,7,0.015252,0.9127,1.0000
500000.00,500000.00,486724.85,7,7,7,7,7,0.015210,0.9499,1.0000
500000.00,500000.00,485080.72,7,7,7,7,7,0.015159,0.9394,1.0000
500000.00,500000.00,487449.65,7,7,7,7,7,0.015233,0.9451,1.0000
500000.00,500000.00,505622.86,7,7,7,7,7,0.015801,0.9398,1.0000
500000.00,500000.00,497970.58,7,7,7,7,7,0.015562,0.9293,1.0000
500000.00,500000.00,491859.44,7,7,7,7,7,0.015371,0.9285,1.0000
500000.00,500000.00,466127.40,7,7,7,7,7,0.014566,0.8763,1.0000
500000.00,500000.00,469409.94,7,7,7,7,7,0.014669,0.8727,1.0000
500000.00,500000.00,492485.05,7,7,7,7,7,0.015390,0.7960,1.0000
500000.00,500000.00,466314.32,7,7,7,7,7,0.014572,0.7045,1.0000
500000.00,500000.00,484388.35,7,7,7,7,7,0.015137,0.8608,1.0000
500000.00,500000.00,490636.83,7,7,7,7,7,0.015332,0.7953,1.0000
500000.00,500000.00,390857.70,7,7,7,6,6,0.012214,0.8973,1.0000
500000.00,500000.00,434728.62,7,7,7,7,7,0.013585,0.8888,1.0000
500000.00,500000.00,547882.08,7,7,7,7,7,0.017121,0.8859,1.0000
500000.00,500000.00,557109.83,7,7,7,7,7,0.017410,0.8713,1.0000
500000.00,500000.00,480146.41,7,7,7,7,7,0.015005,0.9046,1.0000
500000.00,500000.00,490924.84,7,7,7,7,7,0.015341,0.8087,1.0000
500000.00,500000.00,515373.23,7,7,7,7,7,0.016105,0.9428,1.0000
500000.00,500000.00,488239.29,7,7,7,7,7,0.015257,0.9100,1.0000
500000.00,500000.00,486913.68,7,7,7,7,7,0.015216,0.9448,1.0000
500000.00,500000.00,499001.50,7,7,7,7,7,0.015594,0.9438,1.0000
500000.00,500000.00,510503.77,7,7,7,7,7,0.015953,0.7800,1.0000
500000.00,500000.00,484649.66,7,7,7,7,7,0.015145,0.9413,1.0000
500000.00,500000.00,504722.60,7,7,7,7,7,0.015773,0.7052,1.0000
500000.00,500000.00,494579.32,7,7,7,7,7,0.015456,0.8827,1.0000
500000.00,500000.00,514528.27,7,7,7,7,7,0.016079,0.7436,1.0000
500000.00,500000.00,490499.50,7,7,7,7,7,0.015328,0.9399,1.0000
500000.00,500000.00,495475.77,7,7,7,7,7,0.015484,0.9180,1.0000
500000.00,500000.00,467811.58,7,7,7,7,7,0.014619,0.9402,1.0000
500000.00,500000.00,494056.70,7,7,7,7,7,0.015439,0.8441,1.0000
500000.00,500000.00,495719.91,7,7,7,7,7,0.015491,0.9378,1.0000
500000.00,500000.00,489921.57,7,7,7,7,7,0.015310,0.8204,1.0000
500000.00,500000.00,509025.57,7,7,7,7,7,0.015907,0.8797,1.0000
500000.00,500000.00,495384.22,7,7,7,7,7,0.015481,0.7680,1.0000
500000.00,500000.00,495796.20,7,7,7,7,7,0.015494,0.7852,1.0000
500000.00,500000.00,580444.34,7,7,7,7,7,0.018139,0.7537,1.0000
500000.00,500000.00,484992.98,7,7,7,7,7,0.015156,0.9183,1.0000
500000.00,500000.00,494003.30,7,7,7,7,7,0.015438,0.8803,1.0000
500000.00,500000.00,484310.15,7,7,7,7,7,0.015135,0.9128,1.0000
500000.00,500000.00,480436.33,7,7,7,7,7,0.015014,0.9069,1.0000
500000.00,500000.00,495647.43,7,7,7,7,7,0.015489,0.9410,1.0000
500000.00,500000.00,487876.89,7,7,7,7,7,0.015246,0.9392,1.0000
500000.00,500000.00,507942.20,7,7,7,7,7,0.015873,0.9485,1.0000
500000.00,500000.00,495307.92,7,7,7,7,7,0.015478,0.9378,1.0000
500000.00,500000.00,475963.59,7,7,7,7,7,0.014874,0.8754,1.0000
500000.00,500000.00,477695.47,7,7,7,7,7,0.014928,0.8305,1.0000
500000.00,500000.00,480716.71,7,7,7,7,7,0.015022,0.8154,1.0000
500000.00,500000.00,495429.99,7,7,7,7,7,0.015482,0.9133,1.0000
500000.00,500000.00,500045.78,7,7,7,7,7,0.015626,0.9145,1.0000
500000.00,500000.00,491275.79,7,7,7,7,7,0.015352,0.9049,1.0000
500000.00,500000.00,493850.71,7,7,7,7,7,0.015433,0.9390,1.0000
500000.00,500000.00,480850.22,7,7,7,7,7,0.015027,0.9333,1.0000
500000.00,500000.00,490432.74,7,7,7,7,7,0.015326,0.9476,1.0000
500000.00,500000.00,487846.37,7,7,7,7,7,0.015245,0.9301,1.0000
500000.00,750000.00,699970.25,7,7,7,7,7,0.021874,0.7831,1.0000
500000.00,500000.00,488685.61,7,7,7,7,7,0.015271,0.9433,1.0000
500000.00,500000.00,484802.25,7,7,7,7,7,0.015150,0.9429,1.0000
500000.00,500000.00,545555.11,7,7,7,7,7,0.017049,0.7868,1.0000
500000.00,500000.00,506965.64,7,7,7,7,7,0.015843,0.9225,1.0000
500000.00,500000.00,565906.52,7,7,7,7,7,0.017685,0.8649,1.0000
500000.00,500000.00,491653.44,7,7,7,7,7,0.015364,0.8617,1.0000
500000.00,500000.00,487625.12,7,7,7,7,7,0.015238,0.8017,1.0000
500000.00,500000.00,497264.86,7,7,7,7,7,0.015540,0.9440,1.0000
500000.00,500000.00,486053.47,7,7,7,7,7,0.015189,0.7990,1.0000
500000.00,500000.00,615745.54,7,7,8,7,8,0.019242,0.7215,1.0000
500000.00,500000.00,479339.60,7,7,7,7,7,0.014979,0.9665,1.0000
500000.00,500000.00,488761.90,7,7,7,7,7,0.015274,0.9193,1.0000
500000.00,500000.00,431494.47,7,7,7,7,7,0.013484,0.8751,1.0000
500000.00,500000.00,511837.01,7,7,7,7,7,0.015995,0.9397,1.0000
500000.00,500000.00,492881.77,7,7,7,7,7,0.015403,0.8247,1.0000
500000.00,500000.00,474725.72,7,7,7,7,7,0.014835,0.9489,1.0000
500000.00,500000.00,458171.84,7,7,7,7,7,0.014318,0.9469,1.0000
500000.00,500000.00,484043.12,7,7,7,7,7,0.015126,0.9475,1.0000
500000.00,500000.00,492594.72,7,7,7,7,7,0.015394,0.9213,1.0000
500000.00,500000.00,481809.62,7,7,7,7,7,0.015057,0.9062,1.0000
500000.00,500000.00,496212.01,7,7,7,7,7,0.015507,0.8934,1.0000
500000.00,500000.00,512575.15,7,7,7,7,7,0.016018,0.9466,1.0000
500000.00,500000.00,490190.51,7,7,7,7,7,0.015318,0.9377,1.0000
500000.00,500000.00,484134.67,7,7,7,7,7,0.015129,0.9124,1.0000
500000.00,500000.00,492797.85,7,7,7,7,7,0.015400,0.9511,1.0000
500000.00,500000.00,461668.01,7,7,7,7,7,0.014427,0.9358,1.0000
500000.00,500000.00,519321.44,7,7,7,7,7,0.016229,0.8837,1.0000
500000.00,500000.00,522556.30,7,7,7,7,7,0.016330,0.9276,1.0000
500000.00,500000.00,477409.36,7,7,7,7,7,0.014919,0.9434,1.0000
500000.00,500000.00,486698.15,7,7,7,7,7,0.015209,0.9372,1.0000
500000.00,500000.00,487049.10,7,7,7,7,7,0.015220,0.9544,1.0000
500000.00,500000.00,476337.43,7,7,7,7,7,0.014886,0.9440,1.0000
500000.00,500000.00,485870.36,7,7,7,7,7,0.015183,0.9507,1.0000
500000.00,500000.00,483982.09,7,7,7,7,7,0.015124,0.9321,1.0000
500000.00,500000.00,487258.91,7,7,7,7,7,0.015227,0.8467,1.0000
500000.00,500000.00,480533.60,7,7,7,7,7,0.015017,0.9357,1.0000
500000.00,500000.00,490974.43,7,7,7,7,7,0.015343,0.9498,1.0000
500000.00,500000.00,487762.45,7,7,7,7,7,0.015243,0.9468,1.0000
500000.00,500000.00,494041.44,7,7,7,7,7,0.015439,0.9399,1.0000
500000.00,500000.00,475038.53,7,7,7,7,7,0.014845,0.9169,1.0000
500000.00,500000.00,477287.29,7,7,7,7,7,0.014915,0.9475,1.0000
500000.00,500000.00,480287.55,7,7,7,7,7,0.015009,0.9303,1.0000
500000.00,500000.00,502488.14,7,7,7,7,7,0.015703,0.9065,1.0000
500000.00,500000.00,480351.45,7,7,7,7,7,0.015011,0.9256,1.0000
500000.00,500000.00,498908.04,7,7,7,7,7,0.015591,0.9130,1.0000
500000.00,500000.00,528352.74,7,7,7,7,7,0.016511,0.9111,1.0000
500000.00,500000.00,507488.25,7,7,7,7,7,0.015859,0.9107,1.0000
500000.00,500000.00,544317.25,7,7,7,7,7,0.017010,0.8474,1.0000
500000.00,500000.00,515777.59,7,7,7,7,7,0.016118,0.9022,1.0000
500000.00,500000.00,484793.66,7,7,7,7,7,0.015150,0.8173,1.0000
500000.00,500000.00,493934.63,7,7,7,7,7,0.015435,0.9270,1.0000
500000.00,500000.00,494079.59,7,7,7,7,7,0.015440,0.8019,1.0000
500000.00,500000.00,475036.62,7,7,7,7,7,0.014845,0.9581,1.0000
500000.00,500000.00,498737.34,7,7,7,7,7,0.015586,0.9376,1.0000
500000.00,500000.00,499198.91,7,7,7,7,7,0.015600,0.9468,1.0000
500000.00,500000.00,540588.38,7,7,7,7,7,0.016893,0.8219,1.0000
500000.00,500000.00,512672.42,7,7,7,7,7,0.016021,0.7423,1.0000
500000.00,500000.00,517135.62,7,7,7,7,7,0.016160,0.9432,1.0000
500000.00,500000.00,448905.94,7,7,7,7,7,0.014028,0.8973,1.0000
500000.00,500000.00,461586.00,7,7,7,7,7,0.014425,0.9324,1.0000
500000.00,500000.00,491191.86,7,7,7,7,7,0.015350,0.8266,1.0000
500000.00,500000.00,432853.70,7,7,7,7,7,0.013527,0.8694,1.0000
500000.00,500000.00,591079.71,7,7,7,7,7,0.018471,0.7626,1.0000
500000.00,500000.00,527038.57,7,7,7,7,7,0.016470,0.9299,1.0000
500000.00,500000.00,525590.90,7,7,7,7,7,0.016425,0.9145,1.0000
500000.00,500000.00,427749.63,7,7,7,7,7,0.013367,0.8566,1.0000
500000.00,500000.00,446456.91,7,7,7,7,7,0.013952,0.7725,1.0000
500000.00,500000.00,483278.27,7,7,7,7,7,0.015102,0.9385,1.0000
500000.00,500000.00,491093.64,7,7,7,7,7,0.015347,0.9479,1.0000
500000.00,500000.00,487258.91,7,7,7,7,7,0.015227,0.9192,1.0000
500000.00,500000.00,491931.92,7,7,7,7,7,0.015373,0.9453,1.0000
500000.00,500000.00,486129.76,7,7,7,7,7,0.015192,0.9220,1.0000
500000.00,500000.00,494677.54,7,7,7,7,7,0.015459,0.9512,1.0000
500000.00,500000.00,477336.88,7,7,7,7,7,0.014917,0.9274,1.0000
500000.00,500000.00,491735.46,7,7,7,7,7,0.015367,0.9444,1.0000
500000.00,500000.00,519386.29,7,7,7,7,7,0.016231,0.9178,1.0000
500000.00,500000.00,508022.31,7,7,7,7,7,0.015876,0.7638,1.0000
500000.00,500000.00,515060.42,7,7,7,7,7,0.016096,0.8281,1.0000
500000.00,500000.00,503183.36,7,7,7,7,7,0.015724,0.7719,1.0000
500000.00,500000.00,487754.82,7,7,7,7,7,0.015242,0.9348,1.0000
500000.00,500000.00,492370.61,7,7,7,7,7,0.015387,0.8418,1.0000
500000.00,500000.00,503335.95,7,7,7,7,7,0.015729,0.9234,1.0000
500000.00,500000.00,506523.13,7,7,7,7,7,0.015829,0.9198,1.0000
500000.00,500000.00,497581.48,7,7,7,7,7,0.015549,0.9265,1.0000
500000.00,500000.00,505558.01,7,7,7,7,7,0.015799,0.8712,1.0000
500000.00,500000.00,491725.92,7,7,7,7,7,0.015366,0.9212,1.0000
500000.00,500000.00,511146.55,7,7,7,7,7,0.015973,0.8638,1.0000
500000.00,500000.00,499671.94,7,7,7,7,7,0.015615,0.8513,1.0000
500000.00,500000.00,502590.18,7,7,7,7,7,0.015706,0.9449,1.0000
500000.00,500000.00,516242.98,7,7,7,7,7,0.016133,0.7797,1.0000
500000.00,500000.00,490886.69,7,7,7,7,7,0.015340,0.9246,1.0000
500000.00,500000.00,489521.03,7,7,7,7,7,0.015298,0.8207,1.0000
500000.00,500000.00,505912.78,7,7,7,7,7,0.015810,0.9457,1.0000
500000.00,500000.00,505733.49,7,7,7,7,7,0.015804,0.7865,1.0000
500000.00,500000.00,545501.71,7,7,7,7,7,0.017047,0.9246,1.0000
500000.00,500000.00,514904.02,7,7,7,7,7,0.016091,0.7133,1.0000
500000.00,500000.00,517452.24,7,7,7,7,7,0.016170,0.8971,1.0000
500000.00,500000.00,523658.75,7,7,7,7,7,0.016364,0.9308,1.0000
500000.00,500000.00,502450.94,7,7,7,7,7,0.015702,0.9420,1.0000
500000.00,500000.00,516117.10,7,7,7,7,7,0.016129,0.9378,1.0000
500000.00,500000.00,502632.14,7,7,7,7,7,0.015707,0.9261,1.0000
500000.00,500000.00,477310.18,7,7,7,7,7,0.014916,0.9203,1.0000
500000.00,500000.00,496303.56,7,7,7,7,7,0.015509,0.9301,1.0000
500000.00,500000.00,501312.26,7,7,7,7,7,0.015666,0.9160,1.0000
500000.00,500000.00,514183.04,7,7,7,7,7,0.016068,0.9454,1.0000
500000.00,500000.00,511825.56,7,7,7,7,7,0.015995,0.9431,1.0000
500000.00,500000.00,500038.15,7,7,7,7,7,0.015626,0.9402,1.0000
500000.00,500000.00,507972.72,7,7,7,7,7,0.015874,0.8844,1.0000
500000.00,500000.00,499488.83,7,7,7,7,7,0.015609,0.9225,1.0000
500000.00,500000.00,501846.31,7,7,7,7,7,0.015683,0.9175,1.0000
500000.00,500000.00,503944.40,7,7,7,7,7,0.015748,0.9298,1.0000
500000.00,500000.00,487388.61,7,7,7,7,7,0.015231,0.9158,1.0000
500000.00,500000.00,494499.21,7,7,7,7,7,0.015453,0.9283,1.0000
500000.00,500000.00,500724.79,7,7,7,7,7,0.015648,0.9141,1.0000
500000.00,500000.00,487045.29,7,7,7,7,7,0.015220,0.9376,1.0000
500000.00,500000.00,495407.10,7,7,7,7,7,0.015481,0.9404,1.0000
500000.00,500000.00,483772.28,7,7,7,7,7,0.015118,0.9383,1.0000
500000.00,500000.00,493553.16,7,7,7,7,7,0.015424,0.9312,1.0000
500000.00,500000.00,505790.71,7,7,7,7,7,0.015806,0.9253,1.0000
500000.00,500000.00,482536.32,7,7,7,7,7,0.015079,0.9312,1.0000
500000.00,500000.00,506679.53,7,7,7,7,7,0.015834,0.9265,1.0000
500000.00,500000.00,524078.37,7,7,7,7,7,0.016377,0.9283,1.0000
500000.00,500000.00,516803.74,7,7,7,7,7,0.016150,0.9001,1.0000
500000.00,500000.00,515922.55,7,7,7,7,7,0.016123,0.8497,1.0000
500000.00,500000.00,484737.40,7,7,7,7,7,0.015148,0.9491,1.0000
500000.00,500000.00,488235.47,7,7,7,7,7,0.015257,0.9394,1.0000
500000.00,500000.00,493858.34,7,7,7,7,7,0.015433,0.9018,1.0000
500000.00,500000.00,463905.33,7,7,7,7,7,0.014497,0.9405,1.0000
500000.00,500000.00,479106.90,7,7,7,7,7,0.014972,0.9382,1.0000
500000.00,500000.00,489303.59,7,7,7,7,7,0.015291,0.9241,1.0000
500000.00,500000.00,490295.41,7,7,7,7,7,0.015322,0.8716,1.0000
500000.00,500000.00,497032.17,7,7,7,7,7,0.015532,0.9372,1.0000
500000.00,500000.00,496171.00,7,7,7,7,7,0.015505,0.7913,1.0000
500000.00,500000.00,495841.98,7,7,7,7,7,0.015495,0.9396,1.0000
500000.00,500000.00,508289.34,7,7,7,7,7,0.015884,0.7603,1.0000
500000.00,500000.00,499877.93,7,7,7,7,7,0.015621,0.9476,1.0000
500000.00,500000.00,489322.66,7,7,7,7,7,0.015291,0.9292,1.0000
500000.00,500000.00,492187.50,7,7,7,7,7,0.015381,0.9112,1.0000
500000.00,500000.00,502178.19,7,7,7,7,7,0.015693,0.9422,1.0000
500000.00,500000.00,490718.84,7,7,7,7,7,0.015335,0.9402,1.0000
500000.00,500000.00,495393.75,7,7,7,7,7,0.015481,0.9496,1.0000
500000.00,500000.00,479801.18,7,7,7,7,7,0.014994,0.9260,1.0000
500000.00,500000.00,490974.43,7,7,7,7,7,0.015343,0.9345,1.0000
500000.00,500000.00,488859.18,7,7,7,7,7,0.015277,0.9187,1.0000
500000.00,500000.00,505643.84,7,7,7,7,7,0.015801,0.8703,1.0000
500000.00,500000.00,509212.49,7,7,7,7,7,0.015913,0.8590,1.0000
500000.00,500000.00,481246.95,7,7,7,7,7,0.015039,0.9314,1.0000
500000.00,500000.00,457187.65,7,7,7,7,7,0.014287,0.9122,1.0000
500000.00,500000.00,494594.57,7,7,7,7,7,0.015456,0.9394,1.0000
500000.00,500000.00,486148.83,7,7,7,7,7,0.015192,0.9347,1.0000
500000.00,500000.00,488368.99,7,7,7,7,7,0.015262,0.9382,1.0000
500000.00,500000.00,492431.64,7,7,7,7,7,0.015388,0.9311,1.0000
500000.00,500000.00,495681.76,7,7,7,7,7,0.015490,0.9152,1.0000
500000.00,500000.00,496337.89,7,7,7,7,7,0.015511,0.9505,1.0000
500000.00,500000.00,499488.83,7,7,7,7,7,0.015609,0.9420,1.0000
500000.00,500000.00,487819.67,7,7,7,7,7,0.015244,0.9400,1.0000
500000.00,500000.00,485807.42,7,7,7,7,7,0.015181,0.9380,1.0000
500000.00,500000.00,490028.38,7,7,7,7,7,0.015313,0.9366,1.0000
500000.00,500000.00,488597.87,7,7,7,7,7,0.015269,0.9488,1.0000
500000.00,500000.00,480670.93,7,7,7,7,7,0.015021,0.9432,1.0000
500000.00,500000.00,517250.06,7,7,7,7,7,0.016164,0.9528,1.0000
500000.00,500000.00,490901.95,7,7,7,7,7,0.015341,0.9224,1.0000
500000.00,500000.00,491540.91,7,7,7,7,7,0.015361,0.9293,1.0000
500000.00,500000.00,480659.48,7,7,7,7,7,0.015021,0.9061,1.0000
500000.00,500000.00,503313.06,7,7,7,7,7,0.015729,0.7791,1.0000
500000.00,500000.00,479404.93,7,7,7,7,7,0.014981,0.9395,1.0000
500000.00,500000.00,487983.70,7,7,7,7,7,0.015249,0.9458,1.0000
500000.00,500000.00,507961.27,7,7,7,7,7,0.015874,0.8661,1.0000
500000.00,500000.00,483070.37,7,7,7,7,7,0.015096,0.9468,1.0000
500000.00,500000.00,485631.94,7,7,7,7,7,0.015176,0.9301,1.0000
500000.00,500000.00,487585.07,7,7,7,7,7,0.015237,0.9444,1.0000
500000.00,500000.00,490104.20,7,7,7,7,7,0.015316,0.9231,1.0000
500000.00,500000.00,489845.28,7,7,7,7,7,0.015308,0.9451,1.0000
500000.00,500000.00,478322.98,7,7,7,7,7,0.014948,0.9220,1.0000
500000.00,500000.00,486137.39,7,7,7,7,7,0.015192,0.7440,1.0000
500000.00,500000.00,493270.87,7,7,7,7,7,0.015415,0.8041,1.0000
500000.00,500000.00,481601.72,7,7,7,7,7,0.015050,0.7256,1.0000
500000.00,500000.00,493358.61,7,7,7,7,7,0.015417,0.9363,1.0000
500000.00,500000.00,496437.07,7,7,7,7,7,0.015514,0.8936,1.0000
500000.00,500000.00,494079.59,7,7,7,7,7,0.015440,0.8656,1.0000
500000.00,500000.00,485359.19,7,7,7,7,7,0.015167,0.9106,1.0000
500000.00,500000.00,485759.74,7,7,7,7,7,0.015180,0.8527,1.0000
500000.00,500000.00,463539.12,7,7,7,7,7,0.014486,0.8167,1.0000
500000.00,500000.00,491821.29,7,7,7,7,7,0.015369,0.9450,1.0000
500000.00,500000.00,502220.15,7,7,7,7,7,0.015694,0.9368,1.0000
500000.00,500000.00,499740.60,7,7,7,7,7,0.015617,0.9366,1.0000
500000.00,500000.00,489570.62,7,7,7,7,7,0.015299,0.9302,1.0000
500000.00,500000.00,478302.00,7,7,7,7,7,0.014947,0.9178,1.0000
500000.00,500000.00,470993.04,7,7,7,7,7,0.014719,0.8309,1.0000
500000.00,500000.00,497396.47,7,7,7,7,7,0.015544,0.9237,1.0000
500000.00,500000.00,485824.58,7,7,7,7,7,0.015182,0.9045,1.0000
500000.00,500000.00,478494.64,7,7,7,7,7,0.014953,0.9454,1.0000
500000.00,500000.00,492149.35,7,7,7,7,7,0.015380,0.9350,1.0000
500000.00,500000.00,470249.18,7,7,7,7,7,0.014695,0.8906,1.0000
500000.00,500000.00,492427.83,7,7,7,7,7,0.015388,0.7260,1.0000
500000.00,500000.00,505611.42,7,7,7,7,7,0.015800,0.8958,1.0000
500000.00,500000.00,478416.44,7,7,7,7,7,0.014951,0.9492,1.0000
500000.00,500000.00,485973.36,7,7,7,7,7,0.015187,0.7106,1.0000
500000.00,500000.00,410263.06,7,7,7,6,6,0.012821,0.8303,1.0000
500000.00,500000.00,531051.64,7,7,7,7,7,0.016595,0.8775,1.0000
500000.00,500000.00,438957.21,7,7,7,7,7,0.013717,0.7762,1.0000
500000.00,500000.00,488185.88,7,7,7,7,7,0.015256,0.7254,1.0000
500000.00,500000.00,443065.64,7,7,7,7,7,0.013846,0.9348,1.0000
500000.00,500000.00,455039.98,7,7,7,7,7,0.014220,0.7073,1.0000
500000.00,500000.00,497516.63,7,7,7,7,7,0.015547,0.9356,1.0000
500000.00,500000.00,507270.81,7,7,7,7,7,0.015852,0.7385,1.0000
500000.00,500000.00,496490.48,7,7,7,7,7,0.015515,0.9341,1.0000
500000.00,500000.00,474823.00,7,7,7,7,7,0.014838,0.8650,1.0000
500000.00,500000.00,510055.54,7,7,7,7,7,0.015939,0.9420,1.0000
500000.00,500000.00,504768.37,7,7,7,7,7,0.015774,0.9367,1.0000
500000.00,500000.00,526512.15,7,7,7,7,7,0.016454,0.9239,1.0000
500000.00,500000.00,522949.22,7,7,7,7,7,0.016342,0.8795,1.0000
500000.00,500000.00,515686.04,7,7,7,7,7,0.016115,0.9423,1.0000
500000.00,500000.00,500755.31,7,7,7,7,7,0.015649,0.9373,1.0000
500000.00,500000.00,475669.86,7,7,7,7,7,0.014865,0.8185,1.0000
500000.00,500000.00,532165.53,7,7,7,7,7,0.016630,0.9290,1.0000
500000.00,500000.00,509780.88,7,7,7,7,7,0.015931,0.8735,1.0000
500000.00,500000.00,501445.77,7,7,7,7,7,0.015670,0.8395,1.0000
500000.00,500000.00,539318.08,7,7,7,7,7,0.016854,0.8867,1.0000
500000.00,500000.00,529418.95,7,7,7,7,7,0.016544,0.8443,1.0000
500000.00,500000.00,524589.54,7,7,7,7,7,0.016393,0.8990,1.0000
500000.00,500000.00,521903.99,7,7,7,7,7,0.016309,0.8515,1.0000
500000.00,500000.00,493988.04,7,7,7,7,7,0.015437,0.7875,1.0000
500000.00,500000.00,554199.22,7,7,7,7,7,0.017319,0.9041,1.0000
500000.00,500000.00,544906.62,7,7,7,7,7,0.017028,0.8868,1.0000
500000.00,500000.00,491359.71,7,7,7,7,7,0.015355,0.7330,1.0000
500000.00,500000.00,491153.72,7,7,7,7,7,0.015349,0.9272,1.0000
500000.00,500000.00,505146.03,7,7,7,7,7,0.015786,0.8809,1.0000
500000.00,500000.00,469898.22,7,7,7,7,7,0.014684,0.8203,1.0000
500000.00,500000.00,482227.33,7,7,7,7,7,0.015070,0.7134,1.0000
500000.00,500000.00,498218.54,7,7,7,7,7,0.015569,0.9489,1.0000
500000.00,500000.00,493663.79,7,7,7,7,7,0.015427,0.9473,1.0000
500000.00,500000.00,500785.83,7,7,7,7,7,0.015650,0.9351,1.0000
500000.00,500000.00,494277.95,7,7,7,7,7,0.015446,0.8769,1.0000
500000.00,500000.00,499156.95,7,7,7,7,7,0.015599,0.7090,1.0000
500000.00,500000.00,494003.30,7,7,7,7,7,0.015438,0.9407,1.0000
500000.00,500000.00,509347.92,7,7,7,7,7,0.015917,0.9385,1.0000
500000.00,500000.00,482820.51,7,7,7,7,7,0.015088,0.8451,1.0000
500000.00,500000.00,503334.05,7,7,7,7,7,0.015729,0.9447,1.0000
500000.00,500000.00,502899.17,7,7,7,7,7,0.015716,0.8428,1.0000
500000.00,500000.00,499921.80,7,7,7,7,7,0.015623,0.8366,1.0000
500000.00,500000.00,481552.12,7,7,7,7,7,0.015049,0.9441,1.0000
500000.00,500000.00,481948.85,7,7,7,7,7,0.015061,0.9370,1.0000
500000.00,500000.00,475435.26,7,7,7,7,7,0.014857,0.8748,1.0000
500000.00,500000.00,489566.80,7,7,7,7,7,0.015299,0.9321,1.0000
500000.00,500000.00,495506.29,7,7,7,7,7,0.015485,0.8777,1.0000
500000.00,500000.00,500720.98,7,7,7,7,7,0.015648,0.9514,1.0000
500000.00,500000.00,494194.03,7,7,7,7,7,0.015444,0.9149,1.0000
500000.00,500000.00,456314.09,7,7,7,7,7,0.014260,0.7354,1.0000
500000.00,500000.00,490678.79,7,7,7,7,7,0.015334,0.9517,1.0000
500000.00,500000.00,493401.53,7,7,7,7,7,0.015419,0.8274,1.0000
500000.00,500000.00,487241.74,7,7,7,7,7,0.015226,0.9560,1.0000
500000.00,500000.00,489362.72,7,7,7,7,7,0.015293,0.8478,1.0000
500000.00,500000.00,499670.03,7,7,7,7,7,0.015615,0.9098,1.0000
500000.00,500000.00,491886.14,7,7,7,7,7,0.015371,0.8680,1.0000
500000.00,500000.00,487758.64,7,7,7,7,7,0.015242,0.8733,1.0000
500000.00,500000.00,499397.28,7,7,7,7,7,0.015606,0.9371,1.0000
500000.00,500000.00,493755.34,7,7,7,7,7,0.015430,0.9539,1.0000
500000.00,500000.00,482440.95,7,7,7,7,7,0.015076,0.9321,1.0000
500000.00,500000.00,504943.85,7,7,7,7,7,0.015779,0.9698,1.0000
500000.00,500000.00,488124.85,7,7,7,7,7,0.015254,0.9506,1.0000
500000.00,500000.00,491050.72,7,7,7,7,7,0.015345,0.9675,1.0000
500000.00,500000.00,495635.99,7,7,7,7,7,0.015489,0.9453,1.0000
500000.00,500000.00,492649.08,7,7,7,7,7,0.015395,0.9390,1.0000
500000.00,500000.00,504470.83,7,7,7,7,7,0.015765,0.7660,1.0000
500000.00,500000.00,494453.43,7,7,7,7,7,0.015452,0.9385,1.0000
500000.00,500000.00,489601.14,7,7,7,7,7,0.015300,0.8763,1.0000
500000.00,500000.00,483766.56,7,7,7,7,7,0.015118,0.9603,1.0000
500000.00,500000.00,491392.14,7,7,7,7,7,0.015356,0.8787,1.0000
500000.00,500000.00,501510.62,7,7,7,7,7,0.015672,0.9188,1.0000
500000.00,500000.00,497356.41,7,7,7,7,7,0.015542,0.8724,1.0000
500000.00,500000.00,501892.09,7,7,7,7,7,0.015684,0.8565,1.0000
500000.00,500000.00,494216.92,7,7,7,7,7,0.015444,0.8851,1.0000
500000.00,500000.00,484054.57,7,7,7,7,7,0.015127,0.9421,1.0000
500000.00,500000.00,494514.47,7,7,7,7,7,0.015454,0.9049,1.0000
500000.00,500000.00,480175.02,7,7,7,7,7,0.015005,0.9620,1.0000
500000.00,500000.00,496383.67,7,7,7,7,7,0.015512,0.9457,1.0000
500000.00,500000.00,488819.12,7,7,7,7,7,0.015276,0.9511,1.0000
500000.00,500000.00,482574.46,7,7,7,7,7,0.015080,0.7621,1.0000
500000.00,500000.00,486442.57,7,7,7,7,7,0.015201,0.7443,1.0000
500000.00,500000.00,489673.61,7,7,7,7,7,0.015302,0.9347,1.0000
500000.00,500000.00,491901.40,7,7,7,7,7,0.015372,0.9046,1.0000
500000.00,750000.00,817020.42,7,7,7,7,7,0.025532,0.7136,1.0000
500000.00,500000.00,483964.92,7,7,7,7,7,0.015124,0.9452,1.0000
500000.00,500000.00,486419.68,7,7,7,7,7,0.015201,0.9308,1.0000
500000.00,500000.00,485984.80,7,7,7,7,7,0.015187,0.9397,1.0000
500000.00,500000.00,487327.58,7,7,7,7,7,0.015229,0.9343,1.0000
500000.00,500000.00,499446.87,7,7,7,7,7,0.015608,0.9498,1.0000
500000.00,500000.00,488803.86,7,7,7,7,7,0.015275,0.9482,1.0000
500000.00,500000.00,496719.36,7,7,7,7,7,0.015522,0.9131,1.0000
500000.00,500000.00,498283.39,7,7,7,7,7,0.015571,0.9291,1.0000
500000.00,500000.00,486122.13,7,7,7,7,7,0.015191,0.9367,1.0000
500000.00,500000.00,498279.57,7,7,7,7,7,0.015571,0.9274,1.0000
500000.00,500000.00,494873.05,7,7,7,7,7,0.015465,0.9053,1.0000
500000.00,500000.00,480125.43,7,7,7,7,7,0.015004,0.8963,1.0000
500000.00,500000.00,492691.04,7,7,7,7,7,0.015397,0.9355,1.0000
500000.00,500000.00,487091.06,7,7,7,7,7,0.015222,0.8760,1.0000
500000.00,500000.00,489971.16,7,7,7,7,7,0.015312,0.8758,1.0000
500000.00,500000.00,536220.55,7,7,7,7,7,0.016757,0.8721,1.0000
500000.00,500000.00,501110.08,7,7,7,7,7,0.015660,0.9334,1.0000
500000.00,500000.00,501571.66,7,7,7,7,7,0.015674,0.8621,1.0000
500000.00,500000.00,497360.23,7,7,7,7,7,0.015543,0.9343,1.0000
500000.00,500000.00,506671.91,7,7,7,7,7,0.015833,0.8085,1.0000
500000.00,500000.00,480674.74,7,7,7,7,7,0.015021,0.9006,1.0000
500000.00,500000.00,511756.90,7,7,7,7,7,0.015992,0.7335,1.0000
500000.00,500000.00,530441.28,7,7,7,7,7,0.016576,0.9076,1.0000
500000.00,500000.00,520069.12,7,7,7,7,7,0.016252,0.9215,1.0000
500000.00,500000.00,508888.24,7,7,7,7,7,0.015903,0.8929,1.0000
500000.00,500000.00,489588.74,7,7,7,7,7,0.015300,0.9484,1.0000
500000.00,500000.00,482526.78,7,7,7,7,7,0.015079,0.7203,1.0000
500000.00,500000.00,510490.42,7,7,7,7,7,0.015953,0.9293,1.0000
500000.00,500000.00,491081.24,7,7,7,7,7,0.015346,0.9257,1.0000
500000.00,500000.00,516311.65,7,7,7,7,7,0.016135,0.9337,1.0000
500000.00,500000.00,494405.75,7,7,7,7,7,0.015450,0.9144,1.0000
500000.00,500000.00,526353.84,7,7,7,7,7,0.016449,0.9308,1.0000
500000.00,500000.00,516076.09,7,7,7,7,7,0.016127,0.8511,1.0000
500000.00,500000.00,492013.93,7,7,7,7,7,0.015375,0.9431,1.0000
500000.00,500000.00,508573.53,7,7,7,7,7,0.015893,0.9172,1.0000
500000.00,500000.00,503824.23,7,7,7,7,7,0.015745,0.9280,1.0000
500000.00,500000.00,490142.82,7,7,7,7,7,0.015317,0.9153,1.0000
500000.00,500000.00,493392.94,7,7,7,7,7,0.015419,0.9383,1.0000
500000.00,500000.00,509334.56,7,7,7,7,7,0.015917,0.9215,1.0000
500000.00,500000.00,499949.46,7,7,7,7,7,0.015623,0.9359,1.0000
500000.00,500000.00,638664.25,7,7,8,7,8,0.019958,0.7021,1.0000
500000.00,500000.00,500803.95,7,7,7,7,7,0.015650,0.9127,1.0000
500000.00,500000.00,500785.83,7,7,7,7,7,0.015650,0.9300,1.0000
500000.00,500000.00,531650.54,7,7,7,7,7,0.016614,0.8411,1.0000
500000.00,500000.00,498479.84,7,7,7,7,7,0.015577,0.7398,1.0000
500000.00,500000.00,498527.53,7,7,7,7,7,0.015579,0.7726,1.0000
500000.00,500000.00,499584.20,7,7,7,7,7,0.015612,0.8707,1.0000
500000.00,500000.00,494781.49,7,7,7,7,7,0.015462,0.9300,1.0000
500000.00,500000.00,501384.74,7,7,7,7,7,0.015668,0.8261,1.0000
500000.00,500000.00,480434.42,7,7,7,7,7,0.015014,0.9268,1.0000
500000.00,500000.00,510124.21,7,7,7,7,7,0.015941,0.8438,1.0000
500000.00,500000.00,497482.30,7,7,7,7,7,0.015546,0.9347,1.0000
500000.00,500000.00,501174.93,7,7,7,7,7,0.015662,0.9397,1.0000
500000.00,500000.00,495918.27,7,7,7,7,7,0.015497,0.9418,1.0000
500000.00,500000.00,506484.99,7,7,7,7,7,0.015828,0.9183,1.0000
500000.00,500000.00,503448.49,7,7,7,7,7,0.015733,0.9054,1.0000
500000.00,500000.00,523303.99,7,7,7,7,7,0.016353,0.8897,1.0000
500000.00,500000.00,501899.72,7,7,7,7,7,0.015684,0.7320,1.0000
500000.00,500000.00,500511.17,7,7,7,7,7,0.015641,0.8259,1.0000
500000.00,500000.00,496780.40,7,7,7,7,7,0.015524,0.8899,1.0000
500000.00,500000.00,469392.78,7,7,7,7,7,0.014669,0.9455,1.0000
500000.00,500000.00,478176.12,7,7,7,7,7,0.014943,0.9169,1.0000
500000.00,500000.00,493331.91,7,7,7,7,7,0.015417,0.9428,1.0000
500000.00,500000.00,494598.39,7,7,7,7,7,0.015456,0.7157,1.0000
500000.00,500000.00,508296.97,7,7,7,7,7,0.015884,0.9340,1.0000
500000.00,500000.00,508226.39,7,7,7,7,7,0.015882,0.9126,1.0000
500000.00,500000.00,488893.51,7,7,7,7,7,0.015278,0.9210,1.0000
500000.00,500000.00,494974.14,7,7,7,7,7,0.015468,0.7302,1.0000
500000.00,500000.00,503004.07,7,7,7,7,7,0.015719,0.9350,1.0000
500000.00,500000.00,497657.78,7,7,7,7,7,0.015552,0.8377,1.0000
500000.00,500000.00,498551.37,7,7,7,7,7,0.015580,0.9305,1.0000
500000.00,500000.00,514912.61,7,7,7,7,7,0.016091,0.8920,1.0000
500000.00,500000.00,504724.50,7,7,7,7,7,0.015773,0.8621,1.0000
500000.00,500000.00,499717.71,7,7,7,7,7,0.015616,0.9137,1.0000
500000.00,500000.00,506214.14,7,7,7,7,7,0.015819,0.8322,1.0000
500000.00,500000.00,497642.52,7,7,7,7,7,0.015551,0.9279,1.0000
500000.00,500000.00,493560.79,7,7,7,7,7,0.015424,0.9279,1.0000
500000.00,500000.00,484806.06,7,7,7,7,7,0.015150,0.7193,1.0000
500000.00,500000.00,500289.92,7,7,7,7,7,0.015634,0.9194,1.0000
500000.00,500000.00,520149.23,7,7,7,7,7,0.016255,0.9367,1.0000
500000.00,500000.00,505149.84,7,7,7,7,7,0.015786,0.8040,1.0000
500000.00,500000.00,512207.03,7,7,7,7,7,0.016006,0.9322,1.0000
500000.00,500000.00,511665.34,7,7,7,7,7,0.015990,0.9088,1.0000
500000.00,500000.00,490625.38,7,7,7,7,7,0.015332,0.9319,1.0000
500000.00,500000.00,496360.78,7,7,7,7,7,0.015511,0.8876,1.0000
500000.00,500000.00,489830.02,7,7,7,7,7,0.015307,0.9402,1.0000
500000.00,500000.00,493106.84,7,7,7,7,7,0.015410,0.9163,1.0000
500000.00,500000.00,485187.53,7,7,7,7,7,0.015162,0.9508,1.0000
500000.00,500000.00,521797.18,7,7,7,7,7,0.016306,0.9204,1.0000
500000.00,500000.00,513324.74,7,7,7,7,7,0.016041,0.9245,1.0000
500000.00,500000.00,511968.61,7,7,7,7,7,0.015999,0.9372,1.0000
500000.00,500000.00,489475.25,7,7,7,7,7,0.015296,0.7165,1.0000
500000.00,500000.00,498733.52,7,7,7,7,7,0.015585,0.7162,1.0000
500000.00,500000.00,492977.14,7,7,7,7,7,0.015406,0.9447,1.0000
500000.00,500000.00,494098.66,7,7,7,7,7,0.015441,0.8599,1.0000
500000.00,500000.00,504581.45,7,7,7,7,7,0.015768,0.9171,1.0000
500000.00,500000.00,499753.95,7,7,7,7,7,0.015617,0.9362,1.0000
500000.00,500000.00,544593.81,7,7,7,7,7,0.017019,0.8912,1.0000
500000.00,500000.00,475048.07,7,7,7,7,7,0.014845,0.9249,1.0000
500000.00,500000.00,475494.38,7,7,7,7,7,0.014859,0.9080,1.0000
500000.00,500000.00,519680.02,7,7,7,7,7,0.016240,0.9129,1.0000
500000.00,500000.00,486801.15,7,7,7,7,7,0.015213,0.8813,1.0000
500000.00,500000.00,492065.43,7,7,7,7,7,0.015377,0.9198,1.0000
500000.00,500000.00,486911.77,7,7,7,7,7,0.015216,0.9134,1.0000
500000.00,500000.00,501571.66,7,7,7,7,7,0.015674,0.9005,1.0000
500000.00,500000.00,513137.82,7,7,7,7,7,0.016036,0.8857,1.0000
500000.00,500000.00,513893.13,7,7,7,7,7,0.016059,0.9165,1.0000
500000.00,500000.00,512939.45,7,7,7,7,7,0.016029,0.8983,1.0000
500000.00,500000.00,498102.19,7,7,7,7,7,0.015566,0.9260,1.0000
500000.00,500000.00,495826.72,7,7,7,7,7,0.015495,0.9225,1.0000
500000.00,500000.00,489906.31,7,7,7,7,7,0.015310,0.9260,1.0000
500000.00,500000.00,507873.54,7,7,7,7,7,0.015871,0.9227,1.0000
500000.00,500000.00,522882.46,7,7,7,7,7,0.016340,0.9205,1.0000
500000.00,500000.00,531328.20,7,7,7,7,7,0.016604,0.9116,1.0000
500000.00,500000.00,514099.12,7,7,7,7,7,0.016066,0.9435,1.0000
500000.00,500000.00,490707.40,7,7,7,7,7,0.015335,0.9419,1.0000
500000.00,500000.00,503070.83,7,7,7,7,7,0.015721,0.9388,1.0000
500000.00,500000.00,524818.42,7,7,7,7,7,0.016401,0.8422,1.0000
500000.00,500000.00,493854.52,7,7,7,7,7,0.015433,0.9347,1.0000
500000.00,500000.00,493202.21,7,7,7,7,7,0.015413,0.9444,1.0000
500000.00,500000.00,510311.13,7,7,7,7,7,0.015947,0.9235,1.0000
500000.00,500000.00,498996.73,7,7,7,7,7,0.015594,0.9385,1.0000
500000.00,500000.00,490276.34,7,7,7,7,7,0.015321,0.9285,1.0000
500000.00,500000.00,498016.36,7,7,7,7,7,0.015563,0.9554,1.0000
500000.00,500000.00,493301.39,7,7,7,7,7,0.015416,0.9159,1.0000
500000.00,500000.00,501167.30,7,7,7,7,7,0.015661,0.9321,1.0000
500000.00,500000.00,513210.30,7,7,7,7,7,0.016038,0.8882,1.0000
500000.00,500000.00,516719.82,7,7,7,7,7,0.016147,0.9419,1.0000
500000.00,500000.00,524379.73,7,7,7,7,7,0.016387,0.9155,1.0000
500000.00,500000.00,507686.61,7,7,7,7,7,0.015865,0.9326,1.0000
500000.00,500000.00,500820.16,7,7,7,7,7,0.015651,0.9267,1.0000
500000.00,500000.00,515243.53,7,7,7,7,7,0.016101,0.9308,1.0000
500000.00,500000.00,499954.22,7,7,7,7,7,0.015624,0.9181,1.0000
500000.00,500000.00,506845.47,7,7,7,7,7,0.015839,0.8906,1.0000
500000.00,500000.00,509521.48,7,7,7,7,7,0.015923,0.9369,1.0000
500000.00,500000.00,507810.59,7,7,7,7,7,0.015869,0.9120,1.0000
500000.00,500000.00,510494.23,7,7,7,7,7,0.015953,0.7062,1.0000
500000.00,500000.00,490617.75,7,7,7,7,7,0.015332,0.7560,1.0000
500000.00,500000.00,496072.77,7,7,7,7,7,0.015502,0.9247,1.0000
500000.00,500000.00,499647.14,7,7,7,7,7,0.015614,0.8334,1.0000
500000.00,500000.00,498096.47,7,7,7,7,7,0.015566,0.9113,1.0000
500000.00,500000.00,502128.60,7,7,7,7,7,0.015692,0.9112,1.0000
500000.00,500000.00,500766.75,7,7,7,7,7,0.015649,0.9394,1.0000
500000.00,500000.00,493003.85,7,7,7,7,7,0.015406,0.7768,1.0000
500000.00,500000.00,493469.24,7,7,7,7,7,0.015421,0.7859,1.0000
500000.00,500000.00,516475.68,7,7,7,7,7,0.016140,0.8808,1.0000
500000.00,500000.00,519737.24,7,7,7,7,7,0.016242,0.9298,1.0000
500000.00,500000.00,507740.02,7,7,7,7,7,0.015867,0.7376,1.0000
500000.00,500000.00,494381.90,7,7,7,7,7,0.015449,0.9371,1.0000
500000.00,500000.00,478610.99,7,7,7,7,7,0.014957,0.9163,1.0000
500000.00,500000.00,497272.49,7,7,7,7,7,0.015540,0.9439,1.0000
500000.00,500000.00,505943.30,7,7,7,7,7,0.015811,0.8873,1.0000
500000.00,500000.00,525642.40,7,7,7,7,7,0.016426,0.9533,1.0000
500000.00,500000.00,518306.73,7,7,7,7,7,0.016197,0.9134,1.0000
500000.00,500000.00,533592.22,7,7,7,7,7,0.016675,0.8672,1.0000
500000.00,500000.00,538124.08,7,7,7,7,7,0.016816,0.8920,1.0000
500000.00,500000.00,515213.01,7,7,7,7,7,0.016100,0.9277,1.0000
500000.00,500000.00,525615.69,7,7,7,7,7,0.016425,0.8995,1.0000
500000.00,500000.00,533996.58,7,7,7,7,7,0.016687,0.9289,1.0000
500000.00,500000.00,496778.49,7,7,7,7,7,0.015524,0.9413,1.0000
500000.00,500000.00,487058.64,7,7,7,7,7,0.015221,0.9194,1.0000
500000.00,500000.00,497039.79,7,7,7,7,7,0.015532,0.9288,1.0000
500000.00,500000.00,496694.56,7,7,7,7,7,0.015522,0.8982,1.0000
500000.00,500000.00,505439.76,7,7,7,7,7,0.015795,0.9408,1.0000
500000.00,500000.00,505126.95,7,7,7,7,7,0.015785,0.9075,1.0000
500000.00,500000.00,485910.42,7,7,7,7,7,0.015185,0.9059,1.0000
500000.00,500000.00,494922.64,7,7,7,7,7,0.015466,0.9358,1.0000
500000.00,500000.00,488632.20,7,7,7,7,7,0.015270,0.8079,1.0000
500000.00,500000.00,505371.09,7,7,7,7,7,0.015793,0.9405,1.0000
500000.00,500000.00,496944.43,7,7,7,7,7,0.015530,0.8541,1.0000
500000.00,500000.00,490598.68,7,7,7,7,7,0.015331,0.9506,1.0000
500000.00,500000.00,491386.41,7,7,7,7,7,0.015356,0.8215,1.0000
500000.00,500000.00,507066.73,7,7,7,7,7,0.015846,0.9393,1.0000
500000.00,500000.00,485023.50,7,7,7,7,7,0.015157,0.8975,1.0000
500000.00,500000.00,504550.93,7,7,7,7,7,0.015767,0.7751,1.0000
500000.00,500000.00,507308.96,7,7,7,7,7,0.015853,0.9394,1.0000
500000.00,500000.00,493614.20,7,7,7,7,7,0.015425,0.9129,1.0000
500000.00,500000.00,486770.63,7,7,7,7,7,0.015212,0.9257,1.0000
500000.00,500000.00,498016.36,7,7,7,7,7,0.015563,0.9221,1.0000
500000.00,500000.00,508155.82,7,7,7,7,7,0.015880,0.9426,1.0000
500000.00,500000.00,512504.58,7,7,7,7,7,0.016016,0.8093,1.0000
500000.00,500000.00,506225.59,7,7,7,7,7,0.015820,0.8758,1.0000
500000.00,500000.00,537157.06,7,7,7,7,7,0.016786,0.7843,1.0000
500000.00,500000.00,516420.36,7,7,7,7,7,0.016138,0.8827,1.0000
500000.00,500000.00,480957.03,7,7,7,7,7,0.015030,0.9433,1.0000
500000.00,500000.00,495308.88,7,7,7,7,7,0.015478,0.7260,1.0000
500000.00,500000.00,499776.84,7,7,7,7,7,0.015618,0.9330,1.0000
500000.00,500000.00,496094.70,7,7,7,7,7,0.015503,0.8696,1.0000
500000.00,500000.00,511730.19,7,7,7,7,7,0.015992,0.9114,1.0000
500000.00,500000.00,505799.29,7,7,7,7,7,0.015806,0.7169,1.0000
500000.00,500000.00,506282.81,7,7,7,7,7,0.015821,0.9501,1.0000
500000.00,500000.00,491008.76,7,7,7,7,7,0.015344,0.9276,1.0000
500000.00,500000.00,509269.71,7,7,7,7,7,0.015915,0.9069,1.0000
500000.00,500000.00,513698.58,7,7,7,7,7,0.016053,0.9192,1.0000
500000.00,500000.00,499534.61,7,7,7,7,7,0.015610,0.9294,1.0000
500000.00,500000.00,499507.90,7,7,7,7,7,0.015610,0.9140,1.0000
500000.00,500000.00,489803.31,7,7,7,7,7,0.015306,0.9325,1.0000
500000.00,500000.00,473075.87,7,7,7,7,7,0.014784,0.9302,1.0000
500000.00,500000.00,488037.11,7,7,7,7,7,0.015251,0.9338,1.0000
500000.00,500000.00,503234.86,7,7,7,7,7,0.015726,0.9242,1.0000
500000.00,500000.00,532680.51,7,7,7,7,7,0.016646,0.8823,1.0000
500000.00,500000.00,506584.17,7,7,7,7,7,0.015831,0.9283,1.0000
500000.00,500000.00,490268.71,7,7,7,7,7,0.015321,0.7737,1.0000
500000.00,500000.00,481264.11,7,7,7,7,7,0.015040,0.9504,1.0000
500000.00,500000.00,487663.27,7,7,7,7,7,0.015239,0.9047,1.0000
500000.00,500000.00,497774.12,7,7,7,7,7,0.015555,0.9384,1.0000
500000.00,500000.00,491646.77,7,7,7,7,7,0.015364,0.9171,1.0000
500000.00,500000.00,492361.07,7,7,7,7,7,0.015386,0.9338,1.0000
500000.00,500000.00,480733.87,7,7,7,7,7,0.015023,0.9235,1.0000
500000.00,500000.00,493201.26,7,7,7,7,7,0.015413,0.9260,1.0000
500000.00,500000.00,471937.18,7,7,7,7,7,0.014748,0.9013,1.0000
500000.00,500000.00,495306.02,7,7,7,7,7,0.015478,0.9370,1.0000
500000.00,500000.00,481395.72,7,7,7,7,7,0.015044,0.9120,1.0000
500000.00,500000.00,498844.15,7,7,7,7,7,0.015589,0.9036,1.0000
500000.00,500000.00,496392.25,7,7,7,7,7,0.015512,0.9266,1.0000
500000.00,500000.00,494474.41,7,7,7,7,7,0.015452,0.9537,1.0000
500000.00,500000.00,489655.49,7,7,7,7,7,0.015302,0.9337,1.0000
500000.00,500000.00,491676.33,7,7,7,7,7,0.015365,0.9390,1.0000
500000.00,500000.00,496349.33,7,7,7,7,7,0.015511,0.9378,1.0000
500000.00,500000.00,496396.06,7,7,7,7,7,0.015512,0.9267,1.0000
500000.00,500000.00,478753.09,7,7,7,7,7,0.014961,0.8924,1.0000
500000.00,500000.00,499401.09,7,7,7,7,7,0.015606,0.9186,1.0000
500000.00,500000.00,603042.60,7,7,8,7,8,0.018845,0.7806,1.0000
500000.00,500000.00,500093.46,7,7,7,7,7,0.015628,0.8027,1.0000
500000.00,500000.00,494520.19,7,7,7,7,7,0.015454,0.9352,1.0000
500000.00,500000.00,497714.04,7,7,7,7,7,0.015554,0.9264,1.0000
500000.00,500000.00,545623.78,7,7,7,7,7,0.017051,0.8895,1.0000
500000.00,500000.00,519353.87,7,7,7,7,7,0.016230,0.8998,1.0000
500000.00,500000.00,504878.04,7,7,7,7,7,0.015777,0.8270,1.0000
500000.00,500000.00,504907.61,7,7,7,7,7,0.015778,0.7926,1.0000
500000.00,500000.00,505172.73,7,7,7,7,7,0.015787,0.9126,1.0000
500000.00,500000.00,502254.49,7,7,7,7,7,0.015695,0.9133,1.0000
500000.00,500000.00,487167.36,7,7,7,7,7,0.015224,0.8868,1.0000
500000.00,500000.00,493913.65,7,7,7,7,7,0.015435,0.9365,1.0000
500000.00,500000.00,488983.15,7,7,7,7,7,0.015281,0.9160,1.0000
500000.00,500000.00,502300.26,7,7,7,7,7,0.015697,0.9380,1.0000
500000.00,500000.00,498794.56,7,7,7,7,7,0.015587,0.9351,1.0000
500000.00,500000.00,519714.36,7,7,7,7,7,0.016241,0.9255,1.0000
500000.00,500000.00,503543.85,7,7,7,7,7,0.015736,0.9137,1.0000
500000.00,500000.00,501913.07,7,7,7,7,7,0.015685,0.8621,1.0000
500000.00,500000.00,447372.44,7,7,7,7,7,0.013980,0.8555,1.0000
500000.00,500000.00,492408.75,7,7,7,7,7,0.015388,0.8293,1.0000
500000.00,500000.00,506404.88,7,7,7,7,7,0.015825,0.9228,1.0000
500000.00,500000.00,514379.50,7,7,7,7,7,0.016074,0.7870,1.0000
500000.00,500000.00,493221.28,7,7,7,7,7,0.015413,0.9299,1.0000
500000.00,500000.00,498336.79,7,7,7,7,7,0.015573,0.7461,1.0000
500000.00,500000.00,504959.11,7,7,7,7,7,0.015780,0.9151,1.0000
500000.00,500000.00,507911.68,7,7,7,7,7,0.015872,0.9028,1.0000
500000.00,500000.00,493972.78,7,7,7,7,7,0.015437,0.9363,1.0000
500000.00,500000.00,496191.02,7,7,7,7,7,0.015506,0.9056,1.0000
500000.00,500000.00,500700.00,7,7,7,7,7,0.015647,0.9066,1.0000
500000.00,500000.00,496105.19,7,7,7,7,7,0.015503,0.9027,1.0000
500000.00,500000.00,490409.85,7,7,7,7,7,0.015325,0.9146,1.0000
500000.00,500000.00,500741.96,7,7,7,7,7,0.015648,0.7628,1.0000
500000.00,500000.00,522281.65,7,7,7,7,7,0.016321,0.8727,1.0000
500000.00,500000.00,486690.52,7,7,7,7,7,0.015209,0.9182,1.0000
500000.00,500000.00,511905.67,7,7,7,7,7,0.015997,0.9150,1.0000
500000.00,500000.00,515808.11,7,7,7,7,7,0.016119,0.8631,1.0000
500000.00,500000.00,502151.49,7,7,7,7,7,0.015692,0.9265,1.0000
500000.00,500000.00,512386.32,7,7,7,7,7,0.016012,0.9189,1.0000
500000.00,500000.00,525566.10,7,7,7,7,7,0.016424,0.8601,1.0000
500000.00,500000.00,534698.49,7,7,7,7,7,0.016709,0.8604,1.0000
500000.00,500000.00,499088.29,7,7,7,7,7,0.015597,0.9383,1.0000
500000.00,500000.00,524490.36,7,7,7,7,7,0.016390,0.9237,1.0000
500000.00,500000.00,490114.21,7,7,7,7,7,0.015316,0.8897,1.0000
500000.00,500000.00,491460.80,7,7,7,7,7,0.015358,0.7594,1.0000
500000.00,500000.00,532798.77,7,7,7,7,7,0.016650,0.9195,1.0000
500000.00,500000.00,504501.34,7,7,7,7,7,0.015766,0.9107,1.0000
500000.00,500000.00,513908.39,7,7,7,7,7,0.016060,0.9348,1.0000
500000.00,500000.00,512496.95,7,7,7,7,7,0.016016,0.9191,1.0000
500000.00,500000.00,522674.56,7,7,7,7,7,0.016334,0.9163,1.0000
500000.00,500000.00,525054.93,7,7,7,7,7,0.016408,0.8691,1.0000
500000.00,500000.00,537487.03,7,7,7,7,7,0.016796,0.8944,1.0000
500000.00,500000.00,597831.73,7,7,8,7,8,0.018682,0.8558,1.0000
500000.00,500000.00,548728.94,7,7,7,7,7,0.017148,0.7037,1.0000
500000.00,500000.00,484745.03,7,7,7,7,7,0.015148,0.7798,1.0000
500000.00,500000.00,505874.63,7,7,7,7,7,0.015809,0.7635,1.0000
500000.00,500000.00,495330.81,7,7,7,7,7,0.015479,0.9454,1.0000
500000.00,500000.00,491928.10,7,7,7,7,7,0.015373,0.9394,1.0000
500000.00,500000.00,493626.59,7,7,7,7,7,0.015426,0.9415,1.0000
500000.00,500000.00,514076.23,7,7,7,7,7,0.016065,0.7036,1.0000
500000.00,500000.00,500219.35,7,7,7,7,7,0.015632,0.9059,1.0000
500000.00,500000.00,491847.04,7,7,7,7,7,0.015370,0.9365,1.0000
500000.00,500000.00,498597.15,7,7,7,7,7,0.015581,0.9346,1.0000
500000.00,500000.00,484087.94,7,7,7,7,7,0.015128,0.8354,1.0000
500000.00,500000.00,497407.91,7,7,7,7,7,0.015544,0.8877,1.0000
500000.00,500000.00,490909.58,7,7,7,7,7,0.015341,0.7862,1.0000
500000.00,500000.00,505788.80,7,7,7,7,7,0.015806,0.9222,1.0000
500000.00,500000.00,520576.48,7,7,7,7,7,0.016268,0.9122,1.0000
500000.00,500000.00,493488.31,7,7,7,7,7,0.015422,0.8567,1.0000
500000.00,500000.00,507284.16,7,7,7,7,7,0.015853,0.9305,1.0000
500000.00,500000.00,494113.92,7,7,7,7,7,0.015441,0.9387,1.0000
500000.00,500000.00,472610.47,7,7,7,7,7,0.014769,0.9140,1.0000
500000.00,500000.00,491434.10,7,7,7,7,7,0.015357,0.9207,1.0000
500000.00,500000.00,478670.12,7,7,7,7,7,0.014958,0.9154,1.0000
500000.00,500000.00,534652.71,7,7,7,7,7,0.016708,0.9127,1.0000
500000.00,500000.00,502483.37,7,7,7,7,7,0.015703,0.8207,1.0000
500000.00,500000.00,515993.12,7,7,7,7,7,0.016125,0.7993,1.0000
500000.00,500000.00,506050.11,7,7,7,7,7,0.015814,0.8743,1.0000
500000.00,500000.00,495893.48,7,7,7,7,7,0.015497,0.8914,1.0000
500000.00,500000.00,496406.56,7,7,7,7,7,0.015513,0.8827,1.0000
500000.00,500000.00,501327.51,7,7,7,7,7,0.015666,0.9435,1.0000
500000.00,500000.00,519920.35,7,7,7,7,7,0.016248,0.9165,1.0000
500000.00,500000.00,500865.94,7,7,7,7,7,0.015652,0.9255,1.0000
500000.00,500000.00,481016.16,7,7,7,7,7,0.015032,0.9156,1.0000
500000.00,500000.00,503215.79,7,7,7,7,7,0.015725,0.9423,1.0000
500000.00,500000.00,488477.71,7,7,7,7,7,0.015265,0.9360,1.0000
500000.00,500000.00,497985.84,7,7,7,7,7,0.015562,0.9162,1.0000
500000.00,500000.00,496488.57,7,7,7,7,7,0.015515,0.9192,1.0000
500000.00,500000.00,491585.73,7,7,7,7,7,0.015362,0.9233,1.0000
500000.00,500000.00,506172.18,7,7,7,7,7,0.015818,0.8817,1.0000
500000.00,500000.00,507377.62,7,7,7,7,7,0.015856,0.9280,1.0000
500000.00,500000.00,492439.27,7,7,7,7,7,0.015389,0.8411,1.0000
500000.00,500000.00,504844.67,7,7,7,7,7,0.015776,0.9427,1.0000
500000.00,500000.00,494705.20,7,7,7,7,7,0.015460,0.8697,1.0000
500000.00,500000.00,498718.26,7,7,7,7,7,0.015585,0.8962,1.0000
500000.00,500000.00,527599.33,7,7,7,7,7,0.016487,0.8867,1.0000
500000.00,500000.00,508525.85,7,7,7,7,7,0.015891,0.8900,1.0000
500000.00,500000.00,506706.24,7,7,7,7,7,0.015835,0.8711,1.0000
500000.00,500000.00,493610.38,7,7,7,7,7,0.015425,0.8146,1.0000
500000.00,500000.00,497558.59,7,7,7,7,7,0.015549,0.9084,1.0000
500000.00,500000.00,480186.46,7,7,7,7,7,0.015006,0.7364,1.0000
500000.00,500000.00,497985.84,7,7,7,7,7,0.015562,0.9192,1.0000
500000.00,500000.00,485824.58,7,7,7,7,7,0.015182,0.8780,1.0000
500000.00,500000.00,483575.82,7,7,7,7,7,0.015112,0.9188,1.0000
500000.00,500000.00,486631.39,7,7,7,7,7,0.015207,0.8708,1.0000
500000.00,500000.00,490921.02,7,7,7,7,7,0.015341,0.9339,1.0000
500000.00,500000.00,494935.99,7,7,7,7,7,0.015467,0.9090,1.0000
500000.00,500000.00,506088.26,7,7,7,7,7,0.015815,0.9248,1.0000
500000.00,500000.00,486642.84,7,7,7,7,7,0.015208,0.9129,1.0000
500000.00,500000.00,503868.10,7,7,7,7,7,0.015746,0.9434,1.0000
500000.00,500000.00,501535.42,7,7,7,7,7,0.015673,0.9091,1.0000
500000.00,500000.00,498270.03,7,7,7,7,7,0.015571,0.7629,1.0000
500000.00,500000.00,541858.67,7,7,7,7,7,0.016933,0.7740,1.0000
500000.00,500000.00,508193.97,7,7,7,7,7,0.015881,0.8599,1.0000
500000.00,500000.00,499004.36,7,7,7,7,7,0.015594,0.9320,1.0000
500000.00,500000.00,480522.16,7,7,7,7,7,0.015016,0.9467,1.0000
500000.00,500000.00,513065.34,7,7,7,7,7,0.016033,0.9364,1.0000
500000.00,500000.00,519268.04,7,7,7,7,7,0.016227,0.9138,1.0000
500000.00,500000.00,516658.78,7,7,7,7,7,0.016146,0.8562,1.0000
500000.00,500000.00,513107.30,7,7,7,7,7,0.016035,0.9021,1.0000
500000.00,500000.00,512107.85,7,7,7,7,7,0.016003,0.8856,1.0000
500000.00,500000.00,499298.10,7,7,7,7,7,0.015603,0.9345,1.0000
500000.00,500000.00,556312.56,7,7,7,7,7,0.017385,0.9236,1.0000
500000.00,500000.00,494636.54,7,7,7,7,7,0.015457,0.9353,1.0000
500000.00,500000.00,482231.14,7,7,7,7,7,0.015070,0.9128,1.0000
500000.00,500000.00,509986.88,7,7,7,7,7,0.015937,0.9085,1.0000
500000.00,500000.00,539543.15,7,7,7,7,7,0.016861,0.8982,1.0000
500000.00,500000.00,559555.05,7,7,7,7,7,0.017486,0.9213,1.0000
500000.00,500000.00,513206.48,7,7,7,7,7,0.016038,0.8507,1.0000
500000.00,500000.00,563591.00,7,7,7,7,7,0.017612,0.9250,1.0000
500000.00,500000.00,543651.58,7,7,7,7,7,0.016989,0.8271,1.0000
500000.00,500000.00,551666.26,7,7,7,7,7,0.017240,0.9110,1.0000
500000.00,500000.00,499137.88,7,7,7,7,7,0.015598,0.7270,1.0000
500000.00,500000.00,494911.19,7,7,7,7,7,0.015466,0.9296,1.0000
500000.00,500000.00,488563.54,7,7,7,7,7,0.015268,0.8948,1.0000
500000.00,500000.00,497413.64,7,7,7,7,7,0.015544,0.9415,1.0000
500000.00,500000.00,507907.87,7,7,7,7,7,0.015872,0.7705,1.0000
500000.00,500000.00,532859.80,7,7,7,7,7,0.016652,0.8937,1.0000
500000.00,500000.00,531063.08,7,7,7,7,7,0.016596,0.8595,1.0000
500000.00,500000.00,479011.54,7,7,7,7,7,0.014969,0.8496,1.0000
500000.00,500000.00,504985.81,7,7,7,7,7,0.015781,0.9428,1.0000
500000.00,500000.00,477973.94,7,7,7,7,7,0.014937,0.8810,1.0000
500000.00,500000.00,510841.37,7,7,7,7,7,0.015964,0.8955,1.0000
500000.00,500000.00,504344.94,7,7,7,7,7,0.015761,0.8494,1.0000
500000.00,500000.00,517053.60,7,7,7,7,7,0.016158,0.8676,1.0000
500000.00,500000.00,508285.52,7,7,7,7,7,0.015884,0.8070,1.0000
500000.00,500000.00,491775.51,7,7,7,7,7,0.015368,0.8937,1.0000
500000.00,500000.00,487045.29,7,7,7,7,7,0.015220,0.8838,1.0000
500000.00,500000.00,516731.26,7,7,7,7,7,0.016148,0.9084,1.0000
500000.00,500000.00,520933.15,7,7,7,7,7,0.016279,0.8585,1.0000
500000.00,500000.00,499642.37,7,7,7,7,7,0.015614,0.9480,1.0000
500000.00,500000.00,517328.26,7,7,7,7,7,0.016167,0.9238,1.0000
500000.00,500000.00,512586.59,7,7,7,7,7,0.016018,0.9438,1.0000
500000.00,500000.00,501785.28,7,7,7,7,7,0.015681,0.9309,1.0000
500000.00,500000.00,500268.94,7,7,7,7,7,0.015633,0.9121,1.0000
500000.00,500000.00,507606.51,7,7,7,7,7,0.015863,0.8957,1.0000
500000.00,500000.00,494745.25,7,7,7,7,7,0.015461,0.8986,1.0000
500000.00,500000.00,480102.54,7,7,7,7,7,0.015003,0.9244,1.0000
500000.00,500000.00,492946.62,7,7,7,7,7,0.015405,0.7102,1.0000
500000.00,500000.00,501197.81,7,7,7,7,7,0.015662,0.9070,1.0000
500000.00,500000.00,498374.94,7,7,7,7,7,0.015574,0.9251,1.0000
500000.00,500000.00,491130.83,7,7,7,7,7,0.015348,0.9046,1.0000
500000.00,500000.00,499374.39,7,7,7,7,7,0.015605,0.9454,1.0000
500000.00,500000.00,493257.52,7,7,7,7,7,0.015414,0.7777,1.0000
500000.00,500000.00,495363.24,7,7,7,7,7,0.015480,0.8708,1.0000
500000.00,500000.00,501491.55,7,7,7,7,7,0.015672,0.9171,1.0000
500000.00,500000.00,521223.07,7,7,7,7,7,0.016288,0.9260,1.0000
500000.00,500000.00,492763.52,7,7,7,7,7,0.015399,0.9154,1.0000
500000.00,500000.00,491977.69,7,7,7,7,7,0.015374,0.9272,1.0000
500000.00,500000.00,501480.10,7,7,7,7,7,0.015671,0.9246,1.0000
500000.00,500000.00,515598.30,7,7,7,7,7,0.016112,0.9455,1.0000
500000.00,500000.00,500438.69,7,7,7,7,7,0.015639,0.9317,1.0000
500000.00,500000.00,519538.88,7,7,7,7,7,0.016236,0.9211,1.0000
500000.00,500000.00,518751.14,7,7,7,7,7,0.016211,0.8673,1.0000
500000.00,500000.00,512958.53,7,7,7,7,7,0.016030,0.9098,1.0000
500000.00,500000.00,510406.49,7,7,7,7,7,0.015950,0.9007,1.0000
500000.00,500000.00,532491.68,7,7,7,7,7,0.016640,0.8699,1.0000
500000.00,500000.00,518356.32,7,7,7,7,7,0.016199,0.9245,1.0000
500000.00,500000.00,504568.10,7,7,7,7,7,0.015768,0.9090,1.0000
500000.00,500000.00,539081.57,7,7,7,7,7,0.016846,0.9335,1.0000
500000.00,500000.00,514911.65,7,7,7,7,7,0.016091,0.9257,1.0000
500000.00,500000.00,511066.44,7,7,7,7,7,0.015971,0.9420,1.0000
500000.00,500000.00,524271.01,7,7,7,7,7,0.016383,0.9226,1.0000
500000.00,500000.00,517642.97,7,7,7,7,7,0.016176,0.9362,1.0000
500000.00,500000.00,506660.46,7,7,7,7,7,0.015833,0.7241,1.0000
500000.00,500000.00,505174.64,7,7,7,7,7,0.015787,0.9368,1.0000
500000.00,500000.00,489795.68,7,7,7,7,7,0.015306,0.9292,1.0000
500000.00,500000.00,490413.67,7,7,7,7,7,0.015325,0.9519,1.0000
500000.00,500000.00,514453.89,7,7,7,7,7,0.016077,0.7126,1.0000
500000.00,500000.00,511661.53,7,7,7,7,7,0.015989,0.9198,1.0000
500000.00,500000.00,504150.39,7,7,7,7,7,0.015755,0.9362,1.0000
500000.00,500000.00,491729.74,7,7,7,7,7,0.015367,0.9258,1.0000
500000.00,500000.00,508251.19,7,7,7,7,7,0.015883,0.8454,1.0000
500000.00,500000.00,518032.07,7,7,7,7,7,0.016189,0.9213,1.0000
500000.00,500000.00,510734.56,7,7,7,7,7,0.015960,0.9057,1.0000
500000.00,500000.00,485975.27,7,7,7,7,7,0.015187,0.9293,1.0000
500000.00,500000.00,509737.01,7,7,7,7,7,0.015929,0.9251,1.0000
500000.00,500000.00,513343.81,7,7,7,7,7,0.016042,0.9305,1.0000
500000.00,500000.00,513513.57,7,7,7,7,7,0.016047,0.9135,1.0000
500000.00,500000.00,499694.82,7,7,7,7,7,0.015615,0.9175,1.0000
500000.00,500000.00,504335.40,7,7,7,7,7,0.015760,0.9047,1.0000
500000.00,500000.00,516225.81,7,7,7,7,7,0.016132,0.8110,1.0000
500000.00,500000.00,508201.60,7,7,7,7,7,0.015881,0.9492,1.0000
500000.00,500000.00,496231.08,7,7,7,7,7,0.015507,0.7358,1.0000
500000.00,500000.00,496978.76,7,7,7,7,7,0.015531,0.9407,1.0000
500000.00,500000.00,500411.99,7,7,7,7,7,0.015638,0.9414,1.0000
500000.00,500000.00,493869.78,7,7,7,7,7,0.015433,0.9327,1.0000
500000.00,500000.00,493675.23,7,7,7,7,7,0.015427,0.9309,1.0000
500000.00,500000.00,511703.49,7,7,7,7,7,0.015991,0.7808,1.0000
500000.00,500000.00,501914.98,7,7,7,7,7,0.015685,0.9294,1.0000
500000.00,500000.00,480453.49,7,7,7,7,7,0.015014,0.8815,1.0000
500000.00,500000.00,488380.43,7,7,7,7,7,0.015262,0.9501,1.0000
500000.00,500000.00,486732.48,7,7,7,7,7,0.015210,0.7287,1.0000
500000.00,500000.00,492221.83,7,7,7,7,7,0.015382,0.8715,1.0000
500000.00,500000.00,494991.30,7,7,7,7,7,0.015468,0.9331,1.0000
500000.00,500000.00,515640.26,7,7,7,7,7,0.016114,0.9236,1.0000
500000.00,500000.00,496446.61,7,7,7,7,7,0.015514,0.9020,1.0000
500000.00,500000.00,522480.01,7,7,7,7,7,0.016328,0.9279,1.0000
500000.00,500000.00,507501.60,7,7,7,7,7,0.015859,0.7014,1.0000
500000.00,500000.00,490688.32,7,7,7,7,7,0.015334,0.9405,1.0000
500000.00,500000.00,505973.82,7,7,7,7,7,0.015812,0.9272,1.0000
500000.00,500000.00,518920.90,7,7,7,7,7,0.016216,0.9188,1.0000
500000.00,500000.00,505443.57,7,7,7,7,7,0.015795,0.8949,1.0000
500000.00,500000.00,508810.04,7,7,7,7,7,0.015900,0.9295,1.0000
500000.00,500000.00,527439.12,7,7,7,7,7,0.016482,0.8122,1.0000
500000.00,500000.00,519580.84,7,7,7,7,7,0.016237,0.8289,1.0000
500000.00,500000.00,510423.66,7,7,7,7,7,0.015951,0.8566,1.0000
500000.00,500000.00,493255.62,7,7,7,7,7,0.015414,0.9373,1.0000
500000.00,500000.00,506471.63,7,7,7,7,7,0.015827,0.8618,1.0000
500000.00,500000.00,491024.02,7,7,7,7,7,0.015345,0.9304,1.0000
500000.00,500000.00,514076.23,7,7,7,7,7,0.016065,0.8768,1.0000
500000.00,500000.00,499107.36,7,7,7,7,7,0.015597,0.9442,1.0000
500000.00,500000.00,509712.22,7,7,7,7,7,0.015929,0.7959,1.0000
500000.00,500000.00,512849.81,7,7,7,7,7,0.016027,0.9241,1.0000
500000.00,500000.00,516670.23,7,7,7,7,7,0.016146,0.9041,1.0000
500000.00,500000.00,506767.27,7,7,7,7,7,0.015836,0.8798,1.0000
500000.00,500000.00,612895.97,7,7,8,7,8,0.019153,0.9134,1.0000
500000.00,500000.00,493427.28,7,7,7,7,7,0.015420,0.9277,1.0000
500000.00,500000.00,528747.56,7,7,7,7,7,0.016523,0.7828,1.0000
500000.00,500000.00,509502.41,7,7,7,7,7,0.015922,0.9257,1.0000
500000.00,500000.00,492019.65,7,7,7,7,7,0.015376,0.8636,1.0000
500000.00,500000.00,525306.70,7,7,7,7,7,0.016416,0.9147,1.0000
500000.00,500000.00,548931.12,7,7,7,7,7,0.017154,0.9151,1.0000
500000.00,500000.00,508071.90,7,7,7,7,7,0.015877,0.9421,1.0000
500000.00,500000.00,487861.63,7,7,7,7,7,0.015246,0.9307,1.0000
500000.00,500000.00,497535.71,7,7,7,7,7,0.015548,0.9460,1.0000
500000.00,500000.00,488952.64,7,7,7,7,7,0.015280,0.9374,1.0000
500000.00,500000.00,520668.03,7,7,7,7,7,0.016271,0.9332,1.0000
500000.00,500000.00,507621.77,7,7,7,7,7,0.015863,0.9262,1.0000
500000.00,500000.00,520080.57,7,7,7,7,7,0.016253,0.8687,1.0000
500000.00,500000.00,514034.27,7,7,7,7,7,0.016064,0.8747,1.0000
500000.00,500000.00,495910.64,7,7,7,7,7,0.015497,0.9460,1.0000
500000.00,500000.00,496433.26,7,7,7,7,7,0.015514,0.7692,1.0000
500000.00,500000.00,482048.03,7,7,7,7,7,0.015064,0.9312,1.0000
500000.00,500000.00,472061.16,7,7,7,7,7,0.014752,0.9064,1.0000
500000.00,500000.00,494678.50,7,7,7,7,7,0.015459,0.9438,1.0000
500000.00,500000.00,500843.05,7,7,7,7,7,0.015651,0.7609,1.0000
500000.00,500000.00,508775.71,7,7,7,7,7,0.015899,0.8542,1.0000
500000.00,500000.00,493829.73,7,7,7,7,7,0.015432,0.9186,1.0000
500000.00,500000.00,522983.55,7,7,7,7,7,0.016343,0.9365,1.0000
500000.00,500000.00,487285.61,7,7,7,7,7,0.015228,0.8910,1.0000
500000.00,500000.00,477817.54,7,7,7,7,7,0.014932,0.9247,1.0000
500000.00,500000.00,496156.69,7,7,7,7,7,0.015505,0.9201,1.0000
500000.00,500000.00,527950.29,7,7,7,7,7,0.016498,0.9132,1.0000
500000.00,500000.00,503643.04,7,7,7,7,7,0.015739,0.9548,1.0000
500000.00,500000.00,496845.25,7,7,7,7,7,0.015526,0.9330,1.0000
500000.00,500000.00,486999.51,7,7,7,7,7,0.015219,0.9250,1.0000
500000.00,500000.00,503540.04,7,7,7,7,7,0.015736,0.7677,1.0000
500000.00,500000.00,482818.60,7,7,7,7,7,0.015088,0.9295,1.0000
500000.00,500000.00,496185.30,7,7,7,7,7,0.015506,0.8613,1.0000
500000.00,500000.00,493705.75,7,7,7,7,7,0.015428,0.9437,1.0000
500000.00,500000.00,500785.83,7,7,7,7,7,0.015650,0.7430,1.0000
500000.00,500000.00,519245.15,7,7,7,7,7,0.016226,0.9376,1.0000
500000.00,500000.00,492712.02,7,7,7,7,7,0.015397,0.7341,1.0000
500000.00,500000.00,486793.52,7,7,7,7,7,0.015212,0.9188,1.0000
500000.00,500000.00,487529.75,7,7,7,7,7,0.015235,0.7598,1.0000
500000.00,500000.00,493026.73,7,7,7,7,7,0.015407,0.9174,1.0000
500000.00,500000.00,501819.61,7,7,7,7,7,0.015682,0.8826,1.0000
500000.00,500000.00,502506.26,7,7,7,7,7,0.015703,0.9349,1.0000
500000.00,500000.00,502086.64,7,7,7,7,7,0.015690,0.8948,1.0000
500000.00,500000.00,501426.70,7,7,7,7,7,0.015670,0.9270,1.0000
500000.00,500000.00,495437.62,7,7,7,7,7,0.015482,0.9026,1.0000
500000.00,500000.00,489223.48,7,7,7,7,7,0.015288,0.9310,1.0000
500000.00,500000.00,505817.41,7,7,7,7,7,0.015807,0.8528,1.0000
500000.00,500000.00,503082.28,7,7,7,7,7,0.015721,0.9384,1.0000
500000.00,500000.00,507762.91,7,7,7,7,7,0.015868,0.8707,1.0000
500000.00,500000.00,490066.53,7,7,7,7,7,0.015315,0.9271,1.0000
500000.00,500000.00,510814.67,7,7,7,7,7,0.015963,0.8971,1.0000
500000.00,500000.00,494194.03,7,7,7,7,7,0.015444,0.8881,1.0000
500000.00,500000.00,485179.90,7,7,7,7,7,0.015162,0.8286,1.0000
500000.00,500000.00,533025.74,7,7,7,7,7,0.016657,0.8738,1.0000
500000.00,500000.00,488803.86,7,7,7,7,7,0.015275,0.8482,1.0000
500000.00,500000.00,520149.23,7,7,7,7,7,0.016255,0.9315,1.0000
500000.00,500000.00,483837.13,7,7,7,7,7,0.015120,0.8423,1.0000
500000.00,500000.00,526218.41,7,7,7,7,7,0.016444,0.8840,1.0000
500000.00,500000.00,501159.67,7,7,7,7,7,0.015661,0.8792,1.0000
500000.00,500000.00,496139.53,7,7,7,7,7,0.015504,0.8849,1.0000
500000.00,500000.00,489955.90,7,7,7,7,7,0.015311,0.8151,1.0000
500000.00,500000.00,517391.20,7,7,7,7,7,0.016168,0.9307,1.0000
500000.00,500000.00,528450.01,7,7,7,7,7,0.016514,0.8935,1.0000
500000.00,500000.00,529098.51,7,7,7,7,7,0.016534,0.9210,1.0000
500000.00,500000.00,542480.47,7,7,7,7,7,0.016953,0.8678,1.0000
500000.00,500000.00,554859.16,7,7,7,7,7,0.017339,0.9209,1.0000
500000.00,500000.00,494155.88,7,7,7,7,7,0.015442,0.9314,1.0000
500000.00,500000.00,508651.73,7,7,7,7,7,0.015895,0.7823,1.0000
500000.00,500000.00,498310.09,7,7,7,7,7,0.015572,0.9367,1.0000
500000.00,500000.00,477333.07,7,7,7,7,7,0.014917,0.7932,1.0000
500000.00,500000.00,516220.09,7,7,7,7,7,0.016132,0.9417,1.0000
500000.00,500000.00,510894.78,7,7,7,7,7,0.015965,0.7268,1.0000
500000.00,500000.00,518512.73,7,7,7,7,7,0.016204,0.8583,1.0000
500000.00,500000.00,494602.20,7,7,7,7,7,0.015456,0.8781,1.0000
500000.00,500000.00,472782.14,7,7,7,7,7,0.014774,0.8586,1.0000
500000.00,500000.00,497024.54,7,7,7,7,7,0.015532,0.9361,1.0000
500000.00,500000.00,498363.49,7,7,7,7,7,0.015574,0.8876,1.0000
500000.00,500000.00,493099.21,7,7,7,7,7,0.015409,0.9124,1.0000
500000.00,500000.00,483066.56,7,7,7,7,7,0.015096,0.9025,1.0000
500000.00,500000.00,537181.85,7,7,7,7,7,0.016787,0.9201,1.0000
500000.00,500000.00,493675.23,7,7,7,7,7,0.015427,0.8808,1.0000
500000.00,500000.00,501550.67,7,7,7,7,7,0.015673,0.9012,1.0000
500000.00,500000.00,647571.56,7,7,8,7,8,0.020237,0.8868,1.0000
500000.00,500000.00,586999.89,7,7,7,7,7,0.018344,0.8936,1.0000
500000.00,500000.00,507688.52,7,7,7,7,7,0.015865,0.9231,1.0000
500000.00,500000.00,480754.85,7,7,7,7,7,0.015024,0.7273,1.0000
500000.00,500000.00,515747.07,7,7,7,7,7,0.016117,0.9327,1.0000
500000.00,500000.00,507289.89,7,7,7,7,7,0.015853,0.8696,1.0000
500000.00,500000.00,513702.39,7,7,7,7,7,0.016053,0.9344,1.0000
500000.00,500000.00,504638.67,7,7,7,7,7,0.015770,0.7380,1.0000
500000.00,500000.00,505859.38,7,7,7,7,7,0.015808,0.7817,1.0000
500000.00,500000.00,530498.50,7,7,7,7,7,0.016578,0.7756,1.0000
500000.00,500000.00,494586.94,7,7,7,7,7,0.015456,0.8859,1.0000
500000.00,500000.00,487918.85,7,7,7,7,7,0.015247,0.7613,1.0000
500000.00,500000.00,499342.92,7,7,7,7,7,0.015604,0.9274,1.0000
500000.00,500000.00,517776.49,7,7,7,7,7,0.016181,0.8001,1.0000
500000.00,500000.00,496454.24,7,7,7,7,7,0.015514,0.9405,1.0000
500000.00,500000.00,492522.24,7,7,7,7,7,0.015391,0.9311,1.0000
500000.00,500000.00,508121.49,7,7,7,7,7,0.015879,0.8750,1.0000
500000.00,500000.00,496870.04,7,7,7,7,7,0.015527,0.9067,1.0000
500000.00,500000.00,496026.04,7,7,7,7,7,0.015501,0.9469,1.0000
500000.00,500000.00,488594.06,7,7,7,7,7,0.015269,0.9245,1.0000
500000.00,500000.00,497161.87,7,7,7,7,7,0.015536,0.9251,1.0000
500000.00,500000.00,488931.66,7,7,7,7,7,0.015279,0.9075,1.0000
500000.00,500000.00,492549.90,7,7,7,7,7,0.015392,0.8670,1.0000
500000.00,500000.00,502597.81,7,7,7,7,7,0.015706,0.7788,1.0000
500000.00,500000.00,500473.02,7,7,7,7,7,0.015640,0.7977,1.0000
500000.00,500000.00,484700.20,7,7,7,7,7,0.015147,0.9304,1.0000
500000.00,500000.00,507830.62,7,7,7,7,7,0.015870,0.7606,1.0000
500000.00,500000.00,491747.86,7,7,7,7,7,0.015367,0.9327,1.0000
500000.00,500000.00,490325.93,7,7,7,7,7,0.015323,0.9199,1.0000
500000.00,500000.00,490196.23,7,7,7,7,7,0.015319,0.9333,1.0000
500000.00,500000.00,500385.28,7,7,7,7,7,0.015637,0.7207,1.0000
500000.00,500000.00,536310.20,7,7,7,7,7,0.016760,0.9137,1.0000
500000.00,500000.00,491903.31,7,7,7,7,7,0.015372,0.9447,1.0000
500000.00,500000.00,491887.09,7,7,7,7,7,0.015371,0.7057,1.0000
500000.00,500000.00,491407.39,7,7,7,7,7,0.015356,0.9444,1.0000
500000.00,500000.00,492959.98,7,7,7,7,7,0.015405,0.9272,1.0000
500000.00,500000.00,487902.64,7,7,7,7,7,0.015247,0.9390,1.0000
500000.00,500000.00,491640.09,7,7,7,7,7,0.015364,0.9302,1.0000
500000.00,500000.00,478975.30,7,7,7,7,7,0.014968,0.9236,1.0000
500000.00,500000.00,488178.25,7,7,7,7,7,0.015256,0.8564,1.0000
500000.00,500000.00,525901.79,7,7,7,7,7,0.016434,0.7121,1.0000
500000.00,500000.00,486953.74,7,7,7,7,7,0.015217,0.9293,1.0000
500000.00,500000.00,498115.54,7,7,7,7,7,0.015566,0.9239,1.0000
500000.00,500000.00,504620.55,7,7,7,7,7,0.015769,0.8792,1.0000
500000.00,500000.00,486267.09,7,7,7,7,7,0.015196,0.9412,1.0000
500000.00,500000.00,478275.30,7,7,7,7,7,0.014946,0.9364,1.0000
500000.00,500000.00,492650.99,7,7,7,7,7,0.015395,0.9436,1.0000
500000.00,500000.00,505453.11,7,7,7,7,7,0.015795,0.9378,1.0000
500000.00,500000.00,494222.64,7,7,7,7,7,0.015444,0.9462,1.0000
500000.00,500000.00,500924.11,7,7,7,7,7,0.015654,0.9394,1.0000
500000.00,500000.00,497253.42,7,7,7,7,7,0.015539,0.9413,1.0000
500000.00,500000.00,477087.02,7,7,7,7,7,0.014909,0.9338,1.0000
500000.00,500000.00,515350.82,7,7,7,7,7,0.016105,0.7335,1.0000
500000.00,500000.00,505680.08,7,7,7,7,7,0.015803,0.9390,1.0000
500000.00,500000.00,495379.92,7,7,7,7,7,0.015481,0.9116,1.0000
500000.00,500000.00,507312.77,7,7,7,7,7,0.015854,0.9169,1.0000
500000.00,500000.00,495243.07,7,7,7,7,7,0.015476,0.8967,1.0000
500000.00,500000.00,497955.32,7,7,7,7,7,0.015561,0.9413,1.0000
500000.00,500000.00,492717.74,7,7,7,7,7,0.015397,0.9194,1.0000
500000.00,500000.00,501659.39,7,7,7,7,7,0.015677,0.9143,1.0000
500000.00,500000.00,513656.62,7,7,7,7,7,0.016052,0.8262,1.0000
500000.00,500000.00,512540.82,7,7,7,7,7,0.016017,0.9211,1.0000
500000.00,500000.00,504768.37,7,7,7,7,7,0.015774,0.9164,1.0000
500000.00,500000.00,483806.61,7,7,7,7,7,0.015119,0.8743,1.0000
500000.00,500000.00,489540.10,7,7,7,7,7,0.015298,0.8608,1.0000
500000.00,500000.00,486236.57,7,7,7,7,7,0.015195,0.8737,1.0000
500000.00,500000.00,509353.64,7,7,7,7,7,0.015917,0.8431,1.0000
500000.00,500000.00,492340.09,7,7,7,7,7,0.015386,0.9060,1.0000
500000.00,500000.00,505184.17,7,7,7,7,7,0.015787,0.8708,1.0000
500000.00,500000.00,514411.93,7,7,7,7,7,0.016075,0.8989,1.0000
500000.00,500000.00,496295.93,7,7,7,7,7,0.015509,0.8570,1.0000
500000.00,500000.00,529106.14,7,7,7,7,7,0.016535,0.9218,1.0000
500000.00,500000.00,469367.98,7,7,7,7,7,0.014668,0.9063,1.0000
500000.00,500000.00,487361.91,7,7,7,7,7,0.015230,0.8706,1.0000
500000.00,500000.00,497612.00,7,7,7,7,7,0.015550,0.9465,1.0000
500000.00,500000.00,480777.74,7,7,7,7,7,0.015024,0.9382,1.0000
500000.00,500000.00,477365.49,7,7,7,7,7,0.014918,0.9318,1.0000
500000.00,500000.00,541057.59,7,7,7,7,7,0.016908,0.8348,1.0000
500000.00,500000.00,537223.82,7,7,7,7,7,0.016788,0.8952,1.0000
500000.00,500000.00,513324.74,7,7,7,7,7,0.016041,0.8630,1.0000
500000.00,500000.00,499962.81,7,7,7,7,7,0.015624,0.9405,1.0000
500000.00,500000.00,516323.09,7,7,7,7,7,0.016135,0.9118,1.0000
500000.00,500000.00,530954.36,7,7,7,7,7,0.016592,0.9219,1.0000
500000.00,500000.00,513707.16,7,7,7,7,7,0.016053,0.9209,1.0000
500000.00,500000.00,526640.89,7,7,7,7,7,0.016458,0.8285,1.0000
500000.00,500000.00,512137.41,7,7,7,7,7,0.016004,0.9110,1.0000
500000.00,500000.00,507767.68,7,7,7,7,7,0.015868,0.9337,1.0000
500000.00,500000.00,478268.62,7,7,7,7,7,0.014946,0.9168,1.0000
500000.00,500000.00,511051.18,7,7,7,7,7,0.015970,0.9009,1.0000
500000.00,500000.00,503381.73,7,7,7,7,7,0.015731,0.8928,1.0000
500000.00,500000.00,491203.31,7,7,7,7,7,0.015350,0.9224,1.0000
500000.00,500000.00,539749.15,7,7,7,7,7,0.016867,0.7902,1.0000
500000.00,500000.00,477020.26,7,7,7,7,7,0.014907,0.8832,1.0000
500000.00,500000.00,479934.69,7,7,7,7,7,0.014998,0.8719,1.0000
500000.00,500000.00,498313.90,7,7,7,7,7,0.015572,0.9395,1.0000
500000.00,500000.00,508049.01,7,7,7,7,7,0.015877,0.9377,1.0000
500000.00,500000.00,484874.73,7,7,7,7,7,0.015152,0.8767,1.0000
500000.00,500000.00,465217.59,7,7,7,7,7,0.014538,0.8737,1.0000
500000.00,500000.00,443809.51,7,7,7,7,7,0.013869,0.8991,1.0000
500000.00,500000.00,435256.96,7,7,7,7,7,0.013602,0.9155,1.0000
500000.00,500000.00,483367.92,7,7,7,7,7,0.015105,0.8811,1.0000
500000.00,500000.00,492839.81,7,7,7,7,7,0.015401,0.9321,1.0000
500000.00,500000.00,493545.53,7,7,7,7,7,0.015423,0.9185,1.0000
500000.00,500000.00,462589.26,7,7,7,7,7,0.014456,0.9357,1.0000
500000.00,500000.00,502861.02,7,7,7,7,7,0.015714,0.7978,1.0000
500000.00,500000.00,471538.54,7,7,7,7,7,0.014736,0.9241,1.0000
500000.00,500000.00,504640.58,7,7,7,7,7,0.015770,0.9183,1.0000
500000.00,500000.00,496105.19,7,7,7,7,7,0.015503,0.8386,1.0000
500000.00,500000.00,474235.53,7,7,7,7,7,0.014820,0.9290,1.0000
500000.00,500000.00,476268.77,7,7,7,7,7,0.014883,0.8812,1.0000
500000.00,500000.00,457942.96,7,7,7,7,7,0.014311,0.8002,1.0000
500000.00,500000.00,483802.80,7,7,7,7,7,0.015119,0.9529,1.0000
500000.00,500000.00,503208.16,7,7,7,7,7,0.015725,0.8195,1.0000
500000.00,500000.00,502830.51,7,7,7,7,7,0.015713,0.9397,1.0000
500000.00,500000.00,489234.92,7,7,7,7,7,0.015289,0.9169,1.0000
500000.00,500000.00,492172.24,7,7,7,7,7,0.015380,0.9594,1.0000
500000.00,500000.00,506755.83,7,7,7,7,7,0.015836,0.7707,1.0000
500000.00,500000.00,503013.61,7,7,7,7,7,0.015719,0.8935,1.0000
500000.00,500000.00,588600.16,7,7,7,7,7,0.018394,0.9003,1.0000
500000.00,500000.00,498580.93,7,7,7,7,7,0.015581,0.7021,1.0000
500000.00,500000.00,490299.22,7,7,7,7,7,0.015322,0.9468,1.0000
500000.00,500000.00,499328.61,7,7,7,7,7,0.015604,0.7847,1.0000
500000.00,500000.00,559177.40,7,7,7,7,7,0.017474,0.9161,1.0000
500000.00,500000.00,485336.30,7,7,7,7,7,0.015167,0.8619,1.0000
500000.00,500000.00,547016.14,7,7,7,7,7,0.017094,0.9193,1.0000
500000.00,500000.00,591102.60,7,7,7,7,7,0.018472,0.7543,1.0000
500000.00,500000.00,496521.00,7,7,7,7,7,0.015516,0.8423,1.0000
500000.00,500000.00,475288.39,7,7,7,7,7,0.014853,0.8605,1.0000
500000.00,500000.00,509368.90,7,7,7,7,7,0.015918,0.8886,1.0000
500000.00,500000.00,499273.30,7,7,7,7,7,0.015602,0.9213,1.0000
500000.00,500000.00,510948.18,7,7,7,7,7,0.015967,0.9148,1.0000
500000.00,500000.00,501239.78,7,7,7,7,7,0.015664,0.9376,1.0000
500000.00,500000.00,505859.38,7,7,7,7,7,0.015808,0.9263,1.0000
500000.00,500000.00,534622.19,7,7,7,7,7,0.016707,0.8312,1.0000
500000.00,500000.00,489879.61,7,7,7,7,7,0.015309,0.9150,1.0000
500000.00,500000.00,494773.86,7,7,7,7,7,0.015462,0.9455,1.0000
500000.00,500000.00,492103.58,7,7,7,7,7,0.015378,0.9551,1.0000
500000.00,500000.00,485336.30,7,7,7,7,7,0.015167,0.9248,1.0000
500000.00,500000.00,481399.54,7,7,7,7,7,0.015044,0.9441,1.0000
500000.00,500000.00,488079.07,7,7,7,7,7,0.015252,0.9331,1.0000
500000.00,500000.00,498039.25,7,7,7,7,7,0.015564,0.9418,1.0000
500000.00,500000.00,504989.62,7,7,7,7,7,0.015781,0.7819,1.0000
500000.00,500000.00,585678.10,7,7,7,7,7,0.018302,0.8741,1.0000
500000.00,500000.00,520702.36,7,7,7,7,7,0.016272,0.9399,1.0000
500000.00,500000.00,500415.80,7,7,7,7,7,0.015638,0.7304,1.0000
500000.00,500000.00,496910.10,7,7,7,7,7,0.015528,0.9497,1.0000
500000.00,500000.00,483274.46,7,7,7,7,7,0.015102,0.8031,1.0000
500000.00,500000.00,480129.24,7,7,7,7,7,0.015004,0.9574,1.0000
500000.00,500000.00,483774.19,7,7,7,7,7,0.015118,0.9004,1.0000
500000.00,500000.00,500846.86,7,7,7,7,7,0.015651,0.9386,1.0000
500000.00,500000.00,527675.63,7,7,7,7,7,0.016490,0.9039,1.0000
500000.00,500000.00,503377.91,7,7,7,7,7,0.015731,0.9506,1.0000
500000.00,500000.00,498177.53,7,7,7,7,7,0.015568,0.7674,1.0000
500000.00,500000.00,509843.83,7,7,7,7,7,0.015933,0.8354,1.0000
500000.00,500000.00,488600.73,7,7,7,7,7,0.015269,0.9271,1.0000
500000.00,500000.00,487394.33,7,7,7,7,7,0.015231,0.9246,1.0000
500000.00,500000.00,482119.56,7,7,7,7,7,0.015066,0.9482,1.0000
500000.00,500000.00,486923.22,7,7,7,7,7,0.015216,0.9177,1.0000
500000.00,500000.00,512471.20,7,7,7,7,7,0.016015,0.9458,1.0000
500000.00,500000.00,494897.84,7,7,7,7,7,0.015466,0.9047,1.0000
500000.00,500000.00,484914.78,7,7,7,7,7,0.015154,0.9371,1.0000
500000.00,500000.00,515829.09,7,7,7,7,7,0.016120,0.8911,1.0000
500000.00,500000.00,481122.97,7,7,7,7,7,0.015035,0.9294,1.0000
500000.00,500000.00,467292.79,7,7,7,7,7,0.014603,0.9053,1.0000
500000.00,500000.00,474972.72,7,7,7,7,7,0.014843,0.8989,1.0000
500000.00,500000.00,495914.46,7,7,7,7,7,0.015497,0.9352,1.0000
500000.00,500000.00,488971.71,7,7,7,7,7,0.015280,0.8392,1.0000
500000.00,500000.00,493480.68,7,7,7,7,7,0.015421,0.9383,1.0000
500000.00,500000.00,484201.43,7,7,7,7,7,0.015131,0.9288,1.0000
500000.00,500000.00,513999.94,7,7,7,7,7,0.016062,0.8174,1.0000
500000.00,500000.00,489204.41,7,7,7,7,7,0.015288,0.7694,1.0000
500000.00,500000.00,492399.22,7,7,7,7,7,0.015387,0.9319,1.0000
500000.00,500000.00,517377.85,7,7,7,7,7,0.016168,0.9126,1.0000
500000.00,500000.00,489561.08,7,7,7,7,7,0.015299,0.9517,1.0000
500000.00,500000.00,481442.45,7,7,7,7,7,0.015045,0.9316,1.0000
500000.00,500000.00,493480.68,7,7,7,7,7,0.015421,0.9373,1.0000
500000.00,500000.00,477840.42,7,7,7,7,7,0.014933,0.9139,1.0000
500000.00,500000.00,504934.31,7,7,7,7,7,0.015779,0.8534,1.0000
500000.00,500000.00,473989.49,7,7,7,7,7,0.014812,0.9444,1.0000
500000.00,500000.00,476608.28,7,7,7,7,7,0.014894,0.9528,1.0000
500000.00,500000.00,474575.04,7,7,7,7,7,0.014830,0.9111,1.0000
500000.00,500000.00,491029.74,7,7,7,7,7,0.015345,0.9445,1.0000
500000.00,500000.00,475097.66,7,7,7,7,7,0.014847,0.9355,1.0000
500000.00,500000.00,505184.17,7,7,7,7,7,0.015787,0.9421,1.0000
500000.00,500000.00,474559.78,7,7,7,7,7,0.014830,0.8760,1.0000
500000.00,500000.00,503273.01,7,7,7,7,7,0.015727,0.9136,1.0000
500000.00,500000.00,508155.82,7,7,7,7,7,0.015880,0.9097,1.0000
500000.00,500000.00,551773.07,7,7,7,7,7,0.017243,0.9302,1.0000
500000.00,500000.00,497688.29,7,7,7,7,7,0.015553,0.9136,1.0000
500000.00,500000.00,489227.29,7,7,7,7,7,0.015288,0.9524,1.0000
500000.00,500000.00,486930.85,7,7,7,7,7,0.015217,0.8483,1.0000
500000.00,500000.00,507579.80,7,7,7,7,7,0.015862,0.9483,1.0000
500000.00,500000.00,493839.26,7,7,7,7,7,0.015432,0.8926,1.0000
500000.00,500000.00,492004.39,7,7,7,7,7,0.015375,0.9494,1.0000
500000.00,500000.00,490234.38,7,7,7,7,7,0.015320,0.8424,1.0000
500000.00,500000.00,497207.64,7,7,7,7,7,0.015538,0.7639,1.0000
500000.00,500000.00,502815.25,7,7,7,7,7,0.015713,0.9245,1.0000
500000.00,500000.00,511817.93,7,7,7,7,7,0.015994,0.8503,1.0000
500000.00,500000.00,488525.39,7,7,7,7,7,0.015266,0.8616,1.0000
500000.00,500000.00,493766.78,7,7,7,7,7,0.015430,0.8899,1.0000
500000.00,500000.00,493190.77,7,7,7,7,7,0.015412,0.8885,1.0000
500000.00,500000.00,493068.70,7,7,7,7,7,0.015408,0.9349,1.0000
500000.00,500000.00,501346.59,7,7,7,7,7,0.015667,0.9261,1.0000
500000.00,500000.00,491180.42,7,7,7,7,7,0.015349,0.9415,1.0000
500000.00,500000.00,494804.38,7,7,7,7,7,0.015463,0.8709,1.0000
500000.00,500000.00,491416.93,7,7,7,7,7,0.015357,0.9646,1.0000
500000.00,500000.00,478946.69,7,7,7,7,7,0.014967,0.9337,1.0000
500000.00,500000.00,488372.80,7,7,7,7,7,0.015262,0.9260,1.0000
500000.00,500000.00,532531.74,7,7,7,7,7,0.016642,0.8590,1.0000
500000.00,500000.00,493003.85,7,7,7,7,7,0.015406,0.9254,1.0000
500000.00,500000.00,492694.85,7,7,7,7,7,0.015397,0.9411,1.0000
500000.00,500000.00,483657.84,7,7,7,7,7,0.015114,0.9190,1.0000
500000.00,500000.00,484809.88,7,7,7,7,7,0.015150,0.9289,1.0000
500000.00,500000.00,480319.98,7,7,7,7,7,0.015010,0.8336,1.0000
500000.00,500000.00,496944.43,7,7,7,7,7,0.015530,0.9584,1.0000
500000.00,500000.00,497016.91,7,7,7,7,7,0.015532,0.7815,1.0000
500000.00,500000.00,505531.31,7,7,7,7,7,0.015798,0.9280,1.0000
500000.00,500000.00,506324.77,7,7,7,7,7,0.015823,0.7147,1.0000
500000.00,500000.00,484771.73,7,7,7,7,7,0.015149,0.9387,1.0000
500000.00,500000.00,495208.74,7,7,7,7,7,0.015475,0.8174,1.0000
500000.00,500000.00,470855.71,7,7,7,7,7,0.014714,0.9573,1.0000
500000.00,500000.00,489101.41,7,7,7,7,7,0.015284,0.9508,1.0000
500000.00,500000.00,484718.32,7,7,7,7,7,0.015147,0.9580,1.0000
500000.00,500000.00,490333.56,7,7,7,7,7,0.015323,0.8151,1.0000
500000.00,500000.00,466344.83,7,7,7,7,7,0.014573,0.9405,1.0000
500000.00,500000.00,496124.27,7,7,7,7,7,0.015504,0.9034,1.0000
500000.00,500000.00,506942.75,7,7,7,7,7,0.015842,0.7004,1.0000
500000.00,500000.00,489189.15,7,7,7,7,7,0.015287,0.9544,1.0000
500000.00,500000.00,485794.07,7,7,7,7,7,0.015181,0.9417,1.0000
500000.00,500000.00,502891.54,7,7,7,7,7,0.015715,0.9482,1.0000
500000.00,500000.00,494384.77,7,7,7,7,7,0.015450,0.9402,1.0000
500000.00,500000.00,484859.47,7,7,7,7,7,0.015152,0.9540,1.0000
500000.00,500000.00,492126.46,7,7,7,7,7,0.015379,0.9509,1.0000
500000.00,500000.00,490753.17,7,7,7,7,7,0.015336,0.9432,1.0000
500000.00,500000.00,490386.96,7,7,7,7,7,0.015325,0.9409,1.0000
500000.00,500000.00,495613.10,7,7,7,7,7,0.015488,0.8977,1.0000
500000.00,500000.00,666522.98,7,7,8,7,8,0.020829,0.7380,1.0000
500000.00,500000.00,495773.32,7,7,7,7,7,0.015493,0.9480,1.0000
500000.00,500000.00,468093.87,7,7,7,7,7,0.014628,0.9455,1.0000
500000.00,500000.00,487800.60,7,7,7,7,7,0.015244,0.9305,1.0000
500000.00,500000.00,494514.47,7,7,7,7,7,0.015454,0.9383,1.0000
500000.00,500000.00,503860.47,7,7,7,7,7,0.015746,0.9379,1.0000
500000.00,500000.00,550407.41,7,7,7,7,7,0.017200,0.9302,1.0000
500000.00,500000.00,508022.31,7,7,7,7,7,0.015876,0.7765,1.0000
500000.00,500000.00,507022.86,7,7,7,7,7,0.015844,0.9027,1.0000
500000.00,500000.00,476682.66,7,7,7,7,7,0.014896,0.8902,1.0000
500000.00,500000.00,492467.88,7,7,7,7,7,0.015390,0.9480,1.0000
500000.00,500000.00,500518.80,7,7,7,7,7,0.015641,0.8672,1.0000
500000.00,500000.00,503067.02,7,7,7,7,7,0.015721,0.9411,1.0000
500000.00,500000.00,497522.35,7,7,7,7,7,0.015548,0.8418,1.0000
500000.00,500000.00,499107.36,7,7,7,7,7,0.015597,0.9363,1.0000
500000.00,500000.00,502059.94,7,7,7,7,7,0.015689,0.9323,1.0000
500000.00,500000.00,488786.70,7,7,7,7,7,0.015275,0.9181,1.0000
500000.00,500000.00,510833.74,7,7,7,7,7,0.015964,0.9158,1.0000
500000.00,500000.00,501144.41,7,7,7,7,7,0.015661,0.9297,1.0000
500000.00,500000.00,489669.80,7,7,7,7,7,0.015302,0.9053,1.0000
500000.00,500000.00,500053.41,7,7,7,7,7,0.015627,0.9439,1.0000
500000.00,500000.00,510345.46,7,7,7,7,7,0.015948,0.7461,1.0000
500000.00,500000.00,502013.21,7,7,7,7,7,0.015688,0.9337,1.0000
500000.00,500000.00,505023.96,7,7,7,7,7,0.015782,0.9121,1.0000
500000.00,500000.00,497676.85,7,7,7,7,7,0.015552,0.7450,1.0000
500000.00,500000.00,501296.04,7,7,7,7,7,0.015666,0.9402,1.0000
500000.00,500000.00,503034.59,7,7,7,7,7,0.015720,0.8737,1.0000
500000.00,500000.00,485290.53,7,7,7,7,7,0.015165,0.9188,1.0000
500000.00,500000.00,500530.24,7,7,7,7,7,0.015642,0.7426,1.0000
500000.00,500000.00,490417.48,7,7,7,7,7,0.015326,0.9334,1.0000
500000.00,500000.00,499076.84,7,7,7,7,7,0.015596,0.8900,1.0000
500000.00,500000.00,498279.57,7,7,7,7,7,0.015571,0.9313,1.0000
500000.00,500000.00,491964.34,7,7,7,7,7,0.015374,0.9263,1.0000
500000.00,500000.00,502579.69,7,7,7,7,7,0.015706,0.9426,1.0000
500000.00,500000.00,499826.43,7,7,7,7,7,0.015620,0.7847,1.0000
500000.00,500000.00,505348.21,7,7,7,7,7,0.015792,0.9464,1.0000
500000.00,500000.00,502899.17,7,7,7,7,7,0.015716,0.8844,1.0000
500000.00,500000.00,502983.09,7,7,7,7,7,0.015718,0.9460,1.0000
500000.00,500000.00,508062.36,7,7,7,7,7,0.015877,0.7652,1.0000
500000.00,500000.00,502436.64,7,7,7,7,7,0.015701,0.9461,1.0000
500000.00,500000.00,505229.95,7,7,7,7,7,0.015788,0.9393,1.0000
500000.00,500000.00,489780.43,7,7,7,7,7,0.015306,0.9497,1.0000
500000.00,500000.00,490274.43,7,7,7,7,7,0.015321,0.9118,1.0000
500000.00,500000.00,495634.08,7,7,7,7,7,0.015489,0.9293,1.0000
500000.00,500000.00,496662.14,7,7,7,7,7,0.015521,0.9188,1.0000
500000.00,500000.00,501712.80,7,7,7,7,7,0.015679,0.9444,1.0000
500000.00,500000.00,493225.10,7,7,7,7,7,0.015413,0.9236,1.0000
500000.00,500000.00,494781.49,7,7,7,7,7,0.015462,0.9319,1.0000
500000.00,500000.00,510417.94,7,7,7,7,7,0.015951,0.8536,1.0000
500000.00,500000.00,510797.50,7,7,7,7,7,0.015962,0.9253,1.0000
500000.00,500000.00,511489.87,7,7,7,7,7,0.015984,0.9002,1.0000
500000.00,500000.00,514366.15,7,7,7,7,7,0.016074,0.7310,1.0000
500000.00,500000.00,503835.68,7,7,7,7,7,0.015745,0.9333,1.0000
500000.00,500000.00,503665.92,7,7,7,7,7,0.015740,0.9143,1.0000
500000.00,500000.00,506320.95,7,7,7,7,7,0.015823,0.9428,1.0000
500000.00,500000.00,492927.55,7,7,7,7,7,0.015404,0.8267,1.0000
500000.00,500000.00,504989.62,7,7,7,7,7,0.015781,0.9307,1.0000
500000.00,500000.00,496341.71,7,7,7,7,7,0.015511,0.8893,1.0000
500000.00,500000.00,513847.35,7,7,7,7,7,0.016058,0.9260,1.0000
500000.00,500000.00,491371.15,7,7,7,7,7,0.015355,0.9115,1.0000
500000.00,500000.00,513195.04,7,7,7,7,7,0.016037,0.8679,1.0000
500000.00,500000.00,490834.24,7,7,7,7,7,0.015339,0.9312,1.0000
500000.00,500000.00,499858.86,7,7,7,7,7,0.015621,0.7508,1.0000
500000.00,500000.00,480648.04,7,7,7,7,7,0.015020,0.9575,1.0000
500000.00,500000.00,494464.87,7,7,7,7,7,0.015452,0.9268,1.0000
500000.00,500000.00,496339.80,7,7,7,7,7,0.015511,0.9429,1.0000
500000.00,500000.00,549018.86,7,7,7,7,7,0.017157,0.9002,1.0000
500000.00,500000.00,499862.67,7,7,7,7,7,0.015621,0.9403,1.0000
500000.00,500000.00,487915.04,7,7,7,7,7,0.015247,0.7177,1.0000
500000.00,500000.00,478858.95,7,7,7,7,7,0.014964,0.9346,1.0000
500000.00,500000.00,492568.97,7,7,7,7,7,0.015393,0.8931,1.0000
500000.00,500000.00,502866.74,7,7,7,7,7,0.015715,0.9397,1.0000
500000.00,500000.00,500930.79,7,7,7,7,7,0.015654,0.9412,1.0000
500000.00,500000.00,505977.63,7,7,7,7,7,0.015812,0.7571,1.0000
500000.00,500000.00,501394.27,7,7,7,7,7,0.015669,0.9443,1.0000
500000.00,500000.00,488534.93,7,7,7,7,7,0.015267,0.8760,1.0000
500000.00,500000.00,501075.74,7,7,7,7,7,0.015659,0.9487,1.0000
500000.00,500000.00,489797.59,7,7,7,7,7,0.015306,0.7607,1.0000
500000.00,500000.00,518489.84,7,7,7,7,7,0.016203,0.9007,1.0000
500000.00,500000.00,508388.52,7,7,7,7,7,0.015887,0.8901,1.0000
500000.00,500000.00,504432.68,7,7,7,7,7,0.015764,0.7622,1.0000
500000.00,500000.00,504699.71,7,7,7,7,7,0.015772,0.9018,1.0000
500000.00,500000.00,494609.83,7,7,7,7,7,0.015457,0.9271,1.0000
500000.00,500000.00,496002.20,7,7,7,7,7,0.015500,0.8691,1.0000
500000.00,500000.00,486846.92,7,7,7,7,7,0.015214,0.9308,1.0000
500000.00,500000.00,500858.31,7,7,7,7,7,0.015652,0.8742,1.0000
500000.00,500000.00,498268.13,7,7,7,7,7,0.015571,0.9563,1.0000
500000.00,500000.00,488021.85,7,7,7,7,7,0.015251,0.9320,1.0000
500000.00,500000.00,498546.60,7,7,7,7,7,0.015580,0.9228,1.0000
500000.00,500000.00,502792.36,7,7,7,7,7,0.015712,0.9196,1.0000
500000.00,500000.00,494258.88,7,7,7,7,7,0.015446,0.9253,1.0000
500000.00,500000.00,481101.99,7,7,7,7,7,0.015034,0.8944,1.0000
500000.00,500000.00,501159.67,7,7,7,7,7,0.015661,0.8805,1.0000
500000.00,500000.00,499076.84,7,7,7,7,7,0.015596,0.8253,1.0000
500000.00,500000.00,514480.59,7,7,7,7,7,0.016078,0.8669,1.0000
500000.00,500000.00,505790.71,7,7,7,7,7,0.015806,0.9324,1.0000
500000.00,500000.00,495170.59,7,7,7,7,7,0.015474,0.9308,1.0000
500000.00,500000.00,496660.23,7,7,7,7,7,0.015521,0.7756,1.0000
500000.00,500000.00,484907.15,7,7,7,7,7,0.015153,0.9335,1.0000
500000.00,500000.00,477998.73,7,7,7,7,7,0.014937,0.9250,1.0000
500000.00,500000.00,485175.13,7,7,7,7,7,0.015162,0.9504,1.0000
500000.00,500000.00,493690.49,7,7,7,7,7,0.015428,0.7877,1.0000
500000.00,500000.00,562931.06,7,7,7,7,7,0.017592,0.9355,1.0000
500000.00,500000.00,513725.28,7,7,7,7,7,0.016054,0.9193,1.0000
500000.00,500000.00,522809.98,7,7,7,7,7,0.016338,0.8367,1.0000
500000.00,500000.00,496803.28,7,7,7,7,7,0.015525,0.9226,1.0000
500000.00,500000.00,503822.33,7,7,7,7,7,0.015744,0.8847,1.0000
500000.00,500000.00,500961.30,7,7,7,7,7,0.015655,0.9201,1.0000
500000.00,500000.00,487125.40,7,7,7,7,7,0.015223,0.7663,1.0000
500000.00,500000.00,500015.26,7,7,7,7,7,0.015625,0.9384,1.0000
500000.00,500000.00,506698.61,7,7,7,7,7,0.015834,0.8649,1.0000
500000.00,500000.00,501960.75,7,7,7,7,7,0.015686,0.8598,1.0000
500000.00,500000.00,498641.97,7,7,7,7,7,0.015583,0.9203,1.0000
500000.00,500000.00,494079.59,7,7,7,7,7,0.015440,0.9373,1.0000
500000.00,500000.00,488479.61,7,7,7,7,7,0.015265,0.9282,1.0000
500000.00,500000.00,484161.38,7,7,7,7,7,0.015130,0.9377,1.0000
500000.00,500000.00,476043.70,7,7,7,7,7,0.014876,0.9369,1.0000
500000.00,500000.00,508476.26,7,7,7,7,7,0.015890,0.9262,1.0000
500000.00,500000.00,489463.81,7,7,7,7,7,0.015296,0.9034,1.0000
500000.00,500000.00,498382.57,7,7,7,7,7,0.015574,0.9435,1.0000
500000.00,500000.00,482950.21,7,7,7,7,7,0.015092,0.9164,1.0000
500000.00,500000.00,501911.16,7,7,7,7,7,0.015685,0.9186,1.0000
500000.00,500000.00,504444.12,7,7,7,7,7,0.015764,0.9280,1.0000
500000.00,500000.00,498141.77,7,7,7,7,7,0.015567,0.9225,1.0000
500000.00,500000.00,493918.90,7,7,7,7,7,0.015435,0.8991,1.0000
500000.00,500000.00,490303.04,7,7,7,7,7,0.015322,0.9459,1.0000
500000.00,500000.00,498935.70,7,7,7,7,7,0.015592,0.7391,1.0000
500000.00,500000.00,506706.24,7,7,7,7,7,0.015835,0.8227,1.0000
500000.00,500000.00,514465.33,7,7,7,7,7,0.016077,0.8414,1.0000
500000.00,500000.00,502510.07,7,7,7,7,7,0.015703,0.9135,1.0000
500000.00,500000.00,496101.38,7,7,7,7,7,0.015503,0.8863,1.0000
500000.00,500000.00,494049.07,7,7,7,7,7,0.015439,0.9515,1.0000
500000.00,500000.00,504745.48,7,7,7,7,7,0.015773,0.8994,1.0000
500000.00,500000.00,485672.00,7,7,7,7,7,0.015177,0.9438,1.0000
500000.00,500000.00,499954.22,7,7,7,7,7,0.015624,0.8828,1.0000
500000.00,500000.00,492189.41,7,7,7,7,7,0.015381,0.9292,1.0000
500000.00,500000.00,503719.33,7,7,7,7,7,0.015741,0.9328,1.0000
500000.00,500000.00,497058.87,7,7,7,7,7,0.015533,0.8719,1.0000
500000.00,500000.00,548954.01,7,7,7,7,7,0.017155,0.8960,1.0000
500000.00,500000.00,493797.30,7,7,7,7,7,0.015431,0.9478,1.0000
500000.00,500000.00,500701.90,7,7,7,7,7,0.015647,0.9284,1.0000
500000.00,500000.00,500061.04,7,7,7,7,7,0.015627,0.9228,1.0000
500000.00,500000.00,503749.85,7,7,7,7,7,0.015742,0.9331,1.0000
500000.00,500000.00,493377.69,7,7,7,7,7,0.015418,0.9272,1.0000
500000.00,500000.00,516365.05,7,7,7,7,7,0.016136,0.9128,1.0000
500000.00,500000.00,514797.21,7,7,7,7,7,0.016087,0.9116,1.0000
500000.00,500000.00,487976.07,7,7,7,7,7,0.015249,0.9363,1.0000
500000.00,500000.00,484451.29,7,7,7,7,7,0.015139,0.9161,1.0000
500000.00,500000.00,483047.49,7,7,7,7,7,0.015095,0.9433,1.0000
500000.00,500000.00,484252.93,7,7,7,7,7,0.015133,0.9333,1.0000
500000.00,500000.00,507713.32,7,7,7,7,7,0.015866,0.9506,1.0000
500000.00,500000.00,478965.76,7,7,7,7,7,0.014968,0.9111,1.0000
500000.00,500000.00,492130.28,7,7,7,7,7,0.015379,0.9037,1.0000
500000.00,500000.00,509349.82,7,7,7,7,7,0.015917,0.8677,1.0000
500000.00,500000.00,504905.70,7,7,7,7,7,0.015778,0.8307,1.0000
500000.00,500000.00,490734.10,7,7,7,7,7,0.015335,0.9355,1.0000
500000.00,500000.00,475486.76,7,7,7,7,7,0.014859,0.9414,1.0000
500000.00,500000.00,486427.31,7,7,7,7,7,0.015201,0.9053,1.0000
500000.00,500000.00,488540.65,7,7,7,7,7,0.015267,0.9314,1.0000
500000.00,500000.00,489456.18,7,7,7,7,7,0.015296,0.7075,1.0000
500000.00,500000.00,499792.10,7,7,7,7,7,0.015619,0.8996,1.0000
500000.00,500000.00,492010.12,7,7,7,7,7,0.015375,0.9387,1.0000
500000.00,500000.00,476020.81,7,7,7,7,7,0.014876,0.9235,1.0000
500000.00,500000.00,491296.77,7,7,7,7,7,0.015353,0.9503,1.0000
500000.00,500000.00,511856.08,7,7,7,7,7,0.015996,0.9467,1.0000
500000.00,500000.00,495014.19,7,7,7,7,7,0.015469,0.9125,1.0000
500000.00,500000.00,487335.21,7,7,7,7,7,0.015229,0.8931,1.0000
500000.00,500000.00,496376.04,7,7,7,7,7,0.015512,0.9422,1.0000
500000.00,500000.00,494747.16,7,7,7,7,7,0.015461,0.9285,1.0000
500000.00,500000.00,507820.13,7,7,7,7,7,0.015869,0.8207,1.0000
500000.00,500000.00,498878.48,7,7,7,7,7,0.015590,0.9347,1.0000
500000.00,500000.00,485225.68,7,7,7,7,7,0.015163,0.9243,1.0000
500000.00,500000.00,500999.45,7,7,7,7,7,0.015656,0.9211,1.0000
500000.00,500000.00,489158.63,7,7,7,7,7,0.015286,0.9454,1.0000
500000.00,500000.00,514572.14,7,7,7,7,7,0.016080,0.7233,1.0000
500000.00,500000.00,511501.31,7,7,7,7,7,0.015984,0.9280,1.0000
500000.00,500000.00,517112.73,7,7,7,7,7,0.016160,0.8558,1.0000
500000.00,500000.00,509498.60,7,7,7,7,7,0.015922,0.9230,1.0000
500000.00,500000.00,505664.83,7,7,7,7,7,0.015802,0.8930,1.0000
500000.00,500000.00,488857.27,7,7,7,7,7,0.015277,0.9357,1.0000
500000.00,500000.00,505229.95,7,7,7,7,7,0.015788,0.9184,1.0000
500000.00,500000.00,478771.21,7,7,7,7,7,0.014962,0.9429,1.0000
500000.00,500000.00,503955.84,7,7,7,7,7,0.015749,0.9332,1.0000
500000.00,500000.00,520168.30,7,7,7,7,7,0.016255,0.9177,1.0000
500000.00,500000.00,510124.21,7,7,7,7,7,0.015941,0.8316,1.0000
500000.00,500000.00,496620.18,7,7,7,7,7,0.015519,0.9329,1.0000
500000.00,500000.00,493652.34,7,7,7,7,7,0.015427,0.7083,1.0000
500000.00,500000.00,485774.99,7,7,7,7,7,0.015180,0.9368,1.0000
500000.00,500000.00,501800.54,7,7,7,7,7,0.015681,0.9190,1.0000
500000.00,500000.00,498504.64,7,7,7,7,7,0.015578,0.8798,1.0000
500000.00,500000.00,494941.71,7,7,7,7,7,0.015467,0.9178,1.0000
500000.00,500000.00,485725.40,7,7,7,7,7,0.015179,0.9306,1.0000
500000.00,500000.00,507194.52,7,7,7,7,7,0.015850,0.9064,1.0000
500000.00,500000.00,504486.08,7,7,7,7,7,0.015765,0.9274,1.0000
500000.00,500000.00,499794.01,7,7,7,7,7,0.015619,0.8795,1.0000
500000.00,500000.00,518997.19,7,7,7,7,7,0.016219,0.9376,1.0000
500000.00,500000.00,499219.89,7,7,7,7,7,0.015601,0.9148,1.0000
500000.00,500000.00,507743.84,7,7,7,7,7,0.015867,0.9137,1.0000
500000.00,500000.00,485019.68,7,7,7,7,7,0.015157,0.9362,1.0000
500000.00,500000.00,496006.01,7,7,7,7,7,0.015500,0.9215,1.0000
500000.00,500000.00,501613.62,7,7,7,7,7,0.015675,0.7911,1.0000
500000.00,500000.00,486862.18,7,7,7,7,7,0.015214,0.9089,1.0000
500000.00,500000.00,501518.25,7,7,7,7,7,0.015672,0.9357,1.0000
500000.00,500000.00,485080.72,7,7,7,7,7,0.015159,0.9122,1.0000
500000.00,500000.00,496707.92,7,7,7,7,7,0.015522,0.9471,1.0000
500000.00,500000.00,481674.19,7,7,7,7,7,0.015052,0.9334,1.0000
500000.00,500000.00,503528.59,7,7,7,7,7,0.015735,0.9396,1.0000
500000.00,500000.00,489849.09,7,7,7,7,7,0.015308,0.9051,1.0000
500000.00,500000.00,498596.19,7,7,7,7,7,0.015581,0.9301,1.0000
500000.00,500000.00,547504.43,7,7,7,7,7,0.017110,0.9370,1.0000
500000.00,500000.00,482601.17,7,7,7,7,7,0.015081,0.9272,1.0000
500000.00,500000.00,485551.83,7,7,7,7,7,0.015173,0.7438,1.0000
500000.00,500000.00,487995.15,7,7,7,7,7,0.015250,0.9438,1.0000
500000.00,500000.00,490837.10,7,7,7,7,7,0.015339,0.8273,1.0000
500000.00,500000.00,476745.61,7,7,7,7,7,0.014898,0.9364,1.0000
500000.00,500000.00,509366.99,7,7,7,7,7,0.015918,0.9337,1.0000
500000.00,500000.00,495064.74,7,7,7,7,7,0.015471,0.7859,1.0000
500000.00,500000.00,513134.00,7,7,7,7,7,0.016035,0.8584,1.0000
500000.00,500000.00,488873.48,7,7,7,7,7,0.015277,0.9118,1.0000
500000.00,500000.00,499474.53,7,7,7,7,7,0.015609,0.7926,1.0000
500000.00,500000.00,486564.64,7,7,7,7,7,0.015205,0.9358,1.0000
500000.00,500000.00,502818.11,7,7,7,7,7,0.015713,0.8143,1.0000
500000.00,500000.00,492019.65,7,7,7,7,7,0.015376,0.9476,1.0000
500000.00,500000.00,500611.31,7,7,7,7,7,0.015644,0.8458,1.0000
500000.00,500000.00,516654.97,7,7,7,7,7,0.016145,0.8869,1.0000
500000.00,500000.00,506084.44,7,7,7,7,7,0.015815,0.8750,1.0000
500000.00,500000.00,510021.21,7,7,7,7,7,0.015938,0.9139,1.0000
500000.00,500000.00,496856.69,7,7,7,7,7,0.015527,0.9513,1.0000
500000.00,500000.00,502311.71,7,7,7,7,7,0.015697,0.8933,1.0000
500000.00,500000.00,509540.56,7,7,7,7,7,0.015923,0.8967,1.0000
500000.00,500000.00,501335.14,7,7,7,7,7,0.015667,0.8881,1.0000
500000.00,500000.00,496994.02,7,7,7,7,7,0.015531,0.9180,1.0000
500000.00,500000.00,499191.28,7,7,7,7,7,0.015600,0.7631,1.0000
500000.00,500000.00,512233.73,7,7,7,7,7,0.016007,0.9250,1.0000
500000.00,500000.00,516809.46,7,7,7,7,7,0.016150,0.9325,1.0000
500000.00,500000.00,487815.86,7,7,7,7,7,0.015244,0.9076,1.0000
500000.00,500000.00,499279.02,7,7,7,7,7,0.015602,0.9373,1.0000
500000.00,500000.00,507316.59,7,7,7,7,7,0.015854,0.9365,1.0000
500000.00,500000.00,498264.31,7,7,7,7,7,0.015571,0.9458,1.0000
500000.00,500000.00,502870.56,7,7,7,7,7,0.015715,0.9253,1.0000
500000.00,500000.00,513111.11,7,7,7,7,7,0.016035,0.9316,1.0000
500000.00,500000.00,518672.94,7,7,7,7,7,0.016209,0.8575,1.0000
500000.00,500000.00,504692.08,7,7,7,7,7,0.015772,0.7706,1.0000
500000.00,500000.00,511135.10,7,7,7,7,7,0.015973,0.9318,1.0000
500000.00,500000.00,499908.45,7,7,7,7,7,0.015622,0.8326,1.0000
500000.00,500000.00,494396.21,7,7,7,7,7,0.015450,0.9237,1.0000
500000.00,500000.00,500312.81,7,7,7,7,7,0.015635,0.9039,1.0000
500000.00,500000.00,499679.57,7,7,7,7,7,0.015615,0.9373,1.0000
500000.00,500000.00,498741.15,7,7,7,7,7,0.015586,0.7987,1.0000
500000.00,500000.00,493286.13,7,7,7,7,7,0.015415,0.9458,1.0000
500000.00,500000.00,501785.28,7,7,7,7,7,0.015681,0.8794,1.0000
500000.00,500000.00,490581.51,7,7,7,7,7,0.015331,0.9303,1.0000
500000.00,500000.00,506256.10,7,7,7,7,7,0.015821,0.7786,1.0000
500000.00,500000.00,485610.96,7,7,7,7,7,0.015175,0.9368,1.0000
500000.00,500000.00,486999.51,7,7,7,7,7,0.015219,0.8408,1.0000
500000.00,500000.00,484889.98,7,7,7,7,7,0.015153,0.9285,1.0000
500000.00,500000.00,493667.60,7,7,7,7,7,0.015427,0.8220,1.0000
500000.00,500000.00,502885.82,7,7,7,7,7,0.015715,0.9295,1.0000
500000.00,500000.00,513113.02,7,7,7,7,7,0.016035,0.9031,1.0000
500000.00,500000.00,520660.40,7,7,7,7,7,0.016271,0.8841,1.0000
500000.00,500000.00,488498.69,7,7,7,7,7,0.015266,0.9320,1.0000
500000.00,500000.00,512275.70,7,7,7,7,7,0.016009,0.7399,1.0000
500000.00,500000.00,519022.94,7,7,7,7,7,0.016219,0.9101,1.0000
500000.00,500000.00,515659.33,7,7,7,7,7,0.016114,0.9415,1.0000
500000.00,500000.00,482849.12,7,7,7,7,7,0.015089,0.9160,1.0000
500000.00,500000.00,488208.77,7,7,7,7,7,0.015257,0.9407,1.0000
500000.00,500000.00,494882.58,7,7,7,7,7,0.015465,0.9225,1.0000
500000.00,500000.00,484241.49,7,7,7,7,7,0.015133,0.9302,1.0000
500000.00,500000.00,486946.11,7,7,7,7,7,0.015217,0.9202,1.0000
500000.00,500000.00,488731.38,7,7,7,7,7,0.015273,0.9415,1.0000
500000.00,500000.00,497886.66,7,7,7,7,7,0.015559,0.8703,1.0000
500000.00,500000.00,497859.95,7,7,7,7,7,0.015558,0.8997,1.0000
500000.00,500000.00,504119.87,7,7,7,7,7,0.015754,0.8158,1.0000
500000.00,500000.00,512001.04,7,7,7,7,7,0.016000,0.9215,1.0000
500000.00,500000.00,507625.58,7,7,7,7,7,0.015863,0.8921,1.0000
500000.00,500000.00,484214.78,7,7,7,7,7,0.015132,0.9294,1.0000
500000.00,500000.00,498111.72,7,7,7,7,7,0.015566,0.9111,1.0000
500000.00,500000.00,501846.31,7,7,7,7,7,0.015683,0.8183,1.0000
500000.00,500000.00,509796.14,7,7,7,7,7,0.015931,0.9301,1.0000
500000.00,500000.00,492630.00,7,7,7,7,7,0.015395,0.9213,1.0000
500000.00,500000.00,510845.18,7,7,7,7,7,0.015964,0.9098,1.0000
500000.00,500000.00,484607.70,7,7,7,7,7,0.015144,0.9303,1.0000
500000.00,500000.00,518680.57,7,7,7,7,7,0.016209,0.9246,1.0000
500000.00,500000.00,487777.71,7,7,7,7,7,0.015243,0.9200,1.0000
500000.00,500000.00,495468.14,7,7,7,7,7,0.015483,0.8619,1.0000
500000.00,500000.00,504436.49,7,7,7,7,7,0.015764,0.9307,1.0000
500000.00,500000.00,496551.51,7,7,7,7,7,0.015517,0.8323,1.0000
500000.00,500000.00,488388.06,7,7,7,7,7,0.015262,0.9236,1.0000
500000.00,500000.00,514205.93,7,7,7,7,7,0.016069,0.8972,1.0000
500000.00,500000.00,502243.04,7,7,7,7,7,0.015695,0.8335,1.0000
500000.00,500000.00,508506.77,7,7,7,7,7,0.015891,0.9209,1.0000
500000.00,500000.00,498519.90,7,7,7,7,7,0.015579,0.9644,1.0000
500000.00,500000.00,497550.96,7,7,7,7,7,0.015548,0.9447,1.0000
500000.00,500000.00,501152.04,7,7,7,7,7,0.015661,0.9436,1.0000
500000.00,500000.00,505249.02,7,7,7,7,7,0.015789,0.9242,1.0000
500000.00,500000.00,495826.72,7,7,7,7,7,0.015495,0.9196,1.0000
500000.00,500000.00,494079.59,7,7,7,7,7,0.015440,0.7681,1.0000
500000.00,500000.00,492614.75,7,7,7,7,7,0.015394,0.9290,1.0000
500000.00,500000.00,497596.74,7,7,7,7,7,0.015550,0.9255,1.0000
500000.00,500000.00,506874.08,7,7,7,7,7,0.015840,0.9195,1.0000
500000.00,500000.00,484664.92,7,7,7,7,7,0.015146,0.8820,1.0000
500000.00,500000.00,495071.41,7,7,7,7,7,0.015471,0.9337,1.0000
500000.00,500000.00,504714.97,7,7,7,7,7,0.015772,0.8757,1.0000
500000.00,500000.00,513774.87,7,7,7,7,7,0.016055,0.9016,1.0000
500000.00,500000.00,551147.46,7,7,7,7,7,0.017223,0.8546,1.0000
500000.00,500000.00,497650.15,7,7,7,7,7,0.015552,0.9270,1.0000
500000.00,500000.00,503936.77,7,7,7,7,7,0.015748,0.9219,1.0000
500000.00,500000.00,496852.87,7,7,7,7,7,0.015527,0.9373,1.0000
500000.00,500000.00,505561.83,7,7,7,7,7,0.015799,0.9266,1.0000
500000.00,500000.00,484649.66,7,7,7,7,7,0.015145,0.9479,1.0000
500000.00,500000.00,517402.65,7,7,7,7,7,0.016169,0.9386,1.0000
500000.00,500000.00,521850.59,7,7,7,7,7,0.016308,0.8774,1.0000
500000.00,500000.00,501163.48,7,7,7,7,7,0.015661,0.9371,1.0000
500000.00,500000.00,504879.00,7,7,7,7,7,0.015777,0.8942,1.0000
500000.00,500000.00,489494.32,7,7,7,7,7,0.015297,0.9001,1.0000
500000.00,500000.00,508094.79,7,7,7,7,7,0.015878,0.9358,1.0000
500000.00,500000.00,503227.23,7,7,7,7,7,0.015726,0.8274,1.0000
500000.00,500000.00,501335.14,7,7,7,7,7,0.015667,0.9276,1.0000
500000.00,500000.00,504570.01,7,7,7,7,7,0.015768,0.9235,1.0000
500000.00,500000.00,497922.90,7,7,7,7,7,0.015560,0.9210,1.0000
500000.00,500000.00,496213.91,7,7,7,7,7,0.015507,0.7537,1.0000
500000.00,500000.00,482719.42,7,7,7,7,7,0.015085,0.9431,1.0000
500000.00,500000.00,478511.81,7,7,7,7,7,0.014953,0.9272,1.0000
500000.00,500000.00,489673.61,7,7,7,7,7,0.015302,0.9348,1.0000
500000.00,500000.00,500726.70,7,7,7,7,7,0.015648,0.7065,1.0000
500000.00,500000.00,505386.35,7,7,7,7,7,0.015793,0.8583,1.0000
500000.00,500000.00,509452.82,7,7,7,7,7,0.015920,0.8512,1.0000
500000.00,500000.00,503089.90,7,7,7,7,7,0.015722,0.8145,1.0000
500000.00,500000.00,515098.57,7,7,7,7,7,0.016097,0.9136,1.0000
500000.00,500000.00,488723.75,7,7,7,7,7,0.015273,0.8918,1.0000
500000.00,500000.00,506778.72,7,7,7,7,7,0.015837,0.9513,1.0000
500000.00,500000.00,493116.38,7,7,7,7,7,0.015410,0.9359,1.0000
500000.00,500000.00,486934.66,7,7,7,7,7,0.015217,0.9181,1.0000
500000.00,500000.00,511291.50,7,7,7,7,7,0.015978,0.9098,1.0000
500000.00,500000.00,493408.20,7,7,7,7,7,0.015419,0.9409,1.0000
500000.00,500000.00,492958.07,7,7,7,7,7,0.015405,0.9065,1.0000
500000.00,500000.00,471504.21,7,7,7,7,7,0.014735,0.9251,1.0000
500000.00,500000.00,494915.01,7,7,7,7,7,0.015466,0.9173,1.0000
500000.00,500000.00,500518.80,7,7,7,7,7,0.015641,0.9580,1.0000
500000.00,750000.00,753952.03,7,7,7,7,7,0.023561,0.8312,1.0000
500000.00,500000.00,487598.42,7,7,7,7,7,0.015237,0.7903,1.0000
500000.00,750000.00,739158.63,7,7,7,7,7,0.023099,0.7668,1.0000
500000.00,500000.00,591487.88,7,7,7,7,7,0.018484,0.8069,1.0000
500000.00,500000.00,491451.26,7,7,7,7,7,0.015358,0.7684,1.0000
500000.00,500000.00,508232.12,7,7,7,7,7,0.015882,0.8432,1.0000
500000.00,500000.00,528446.20,7,7,7,7,7,0.016514,0.8350,1.0000
500000.00,500000.00,495502.47,7,7,7,7,7,0.015484,0.9186,1.0000
500000.00,500000.00,500764.85,7,7,7,7,7,0.015649,0.9494,1.0000
500000.00,500000.00,500732.42,7,7,7,7,7,0.015648,0.9423,1.0000
500000.00,500000.00,496681.21,7,7,7,7,7,0.015521,0.9459,1.0000
500000.00,500000.00,490932.46,7,7,7,7,7,0.015342,0.9326,1.0000
500000.00,500000.00,495460.51,7,7,7,7,7,0.015483,0.9578,1.0000
500000.00,500000.00,496288.30,7,7,7,7,7,0.015509,0.9362,1.0000
500000.00,500000.00,442181.59,7,7,7,7,7,0.013818,0.7180,1.0000
500000.00,500000.00,489776.61,7,7,7,7,7,0.015306,0.9447,1.0000
500000.00,500000.00,495204.93,7,7,7,7,7,0.015475,0.9415,1.0000
500000.00,500000.00,489856.72,7,7,7,7,7,0.015308,0.9514,1.0000
500000.00,500000.00,498973.85,7,7,7,7,7,0.015593,0.9266,1.0000
500000.00,500000.00,498054.50,7,7,7,7,7,0.015564,0.9435,1.0000
500000.00,500000.00,490325.93,7,7,7,7,7,0.015323,0.9274,1.0000
500000.00,500000.00,600257.87,7,7,8,7,8,0.018758,0.7017,1.0000
500000.00,500000.00,492332.46,7,7,7,7,7,0.015385,0.9491,1.0000
500000.00,500000.00,486282.35,7,7,7,7,7,0.015196,0.9438,1.0000
500000.00,500000.00,493034.36,7,7,7,7,7,0.015407,0.9410,1.0000
500000.00,500000.00,516788.48,7,7,7,7,7,0.016150,0.9097,1.0000
500000.00,500000.00,498611.45,7,7,7,7,7,0.015582,0.8795,1.0000
500000.00,500000.00,518218.99,7,7,7,7,7,0.016194,0.9510,1.0000
500000.00,500000.00,490356.45,7,7,7,7,7,0.015324,0.9209,1.0000
500000.00,500000.00,484809.88,7,7,7,7,7,0.015150,0.9415,1.0000
500000.00,750000.00,860045.43,7,7,7,7,7,0.026876,0.8365,1.0000
500000.00,500000.00,499778.75,7,7,7,7,7,0.015618,0.7696,1.0000
500000.00,500000.00,487281.80,7,7,7,7,7,0.015228,0.9436,1.0000
500000.00,500000.00,488952.64,7,7,7,7,7,0.015280,0.9350,1.0000
500000.00,500000.00,499576.57,7,7,7,7,7,0.015612,0.9459,1.0000
500000.00,500000.00,491481.78,7,7,7,7,7,0.015359,0.7586,1.0000
500000.00,500000.00,494510.65,7,7,7,7,7,0.015453,0.9340,1.0000
500000.00,500000.00,500560.76,7,7,7,7,7,0.015643,0.7388,1.0000
500000.00,500000.00,489643.10,7,7,7,7,7,0.015301,0.9451,1.0000
500000.00,500000.00,486007.69,7,7,7,7,7,0.015188,0.8631,1.0000
500000.00,500000.00,475074.77,7,7,7,7,7,0.014846,0.9581,1.0000
500000.00,500000.00,487768.17,7,7,7,7,7,0.015243,0.8990,1.0000
500000.00,500000.00,495147.71,7,7,7,7,7,0.015473,0.9498,1.0000
500000.00,500000.00,496593.48,7,7,7,7,7,0.015519,0.7568,1.0000
500000.00,500000.00,552280.43,7,7,7,7,7,0.017259,0.7294,1.0000
500000.00,500000.00,508262.63,7,7,7,7,7,0.015883,0.9439,1.0000
500000.00,500000.00,500595.09,7,7,7,7,7,0.015644,0.9365,1.0000
500000.00,500000.00,492370.61,7,7,7,7,7,0.015387,0.9145,1.0000
500000.00,750000.00,756561.28,7,7,7,7,7,0.023643,0.7464,1.0000
500000.00,500000.00,493476.87,7,7,7,7,7,0.015421,0.9587,1.0000
500000.00,500000.00,503421.78,7,7,7,7,7,0.015732,0.9528,1.0000
500000.00,500000.00,492630.00,7,7,7,7,7,0.015395,0.9467,1.0000
500000.00,500000.00,508129.12,7,7,7,7,7,0.015879,0.9502,1.0000
500000.00,500000.00,473800.66,7,7,7,7,7,0.014806,0.7679,1.0000
500000.00,500000.00,512580.87,7,7,7,7,7,0.016018,0.7296,1.0000
500000.00,500000.00,507972.72,7,7,7,7,7,0.015874,0.9512,1.0000
500000.00,500000.00,497819.90,7,7,7,7,7,0.015557,0.7220,1.0000
500000.00,500000.00,491937.64,7,7,7,7,7,0.015373,0.9404,1.0000
500000.00,500000.00,489547.73,7,7,7,7,7,0.015298,0.9133,1.0000
500000.00,500000.00,498044.97,7,7,7,7,7,0.015564,0.9561,1.0000
500000.00,500000.00,518031.12,7,7,7,7,7,0.016188,0.8024,1.0000
500000.00,500000.00,498420.72,7,7,7,7,7,0.015576,0.7318,1.0000
500000.00,500000.00,479650.50,7,7,7,7,7,0.014989,0.8881,1.0000
500000.00,500000.00,537042.62,7,7,7,7,7,0.016783,0.8800,1.0000
500000.00,500000.00,502750.40,7,7,7,7,7,0.015711,0.8710,1.0000
500000.00,500000.00,498435.97,7,7,7,7,7,0.015576,0.9320,1.0000
500000.00,500000.00,514938.35,7,7,7,7,7,0.016092,0.9287,1.0000
500000.00,500000.00,504768.37,7,7,7,7,7,0.015774,0.7718,1.0000
500000.00,500000.00,523307.80,7,7,7,7,7,0.016353,0.9346,1.0000
500000.00,500000.00,486618.04,7,7,7,7,7,0.015207,0.9233,1.0000
500000.00,500000.00,472709.66,7,7,7,7,7,0.014772,0.8790,1.0000
500000.00,500000.00,499658.58,7,7,7,7,7,0.015614,0.9438,1.0000
500000.00,500000.00,486749.65,7,7,7,7,7,0.015211,0.9385,1.0000
500000.00,500000.00,489839.55,7,7,7,7,7,0.015307,0.9416,1.0000
500000.00,500000.00,490421.30,7,7,7,7,7,0.015326,0.9349,1.0000
500000.00,500000.00,489393.23,7,7,7,7,7,0.015294,0.9556,1.0000
500000.00,500000.00,491231.92,7,7,7,7,7,0.015351,0.8991,1.0000
500000.00,500000.00,494243.62,7,7,7,7,7,0.015445,0.8903,1.0000
500000.00,500000.00,498474.12,7,7,7,7,7,0.015577,0.9442,1.0000
500000.00,500000.00,500732.42,7,7,7,7,7,0.015648,0.7228,1.0000
500000.00,500000.00,494544.98,7,7,7,7,7,0.015455,0.9571,1.0000
500000.00,500000.00,485931.40,7,7,7,7,7,0.015185,0.8728,1.0000
500000.00,500000.00,489303.59,7,7,7,7,7,0.015291,0.9649,1.0000
500000.00,500000.00,496910.10,7,7,7,7,7,0.015528,0.8244,1.0000
500000.00,500000.00,520339.97,7,7,7,7,7,0.016261,0.9300,1.0000
500000.00,500000.00,586059.57,7,7,7,7,7,0.018314,0.8739,1.0000
500000.00,500000.00,496280.67,7,7,7,7,7,0.015509,0.9460,1.0000
500000.00,500000.00,483001.71,7,7,7,7,7,0.015094,0.9341,1.0000
500000.00,500000.00,487724.30,7,7,7,7,7,0.015241,0.7940,1.0000
500000.00,500000.00,483657.84,7,7,7,7,7,0.015114,0.9549,1.0000
500000.00,500000.00,482635.50,7,7,7,7,7,0.015082,0.9547,1.0000
500000.00,500000.00,486152.65,7,7,7,7,7,0.015192,0.9545,1.0000
500000.00,500000.00,491996.77,7,7,7,7,7,0.015375,0.8004,1.0000
500000.00,500000.00,491378.78,7,7,7,7,7,0.015356,0.9443,1.0000
500000.00,500000.00,493885.04,7,7,7,7,7,0.015434,0.8962,1.0000
500000.00,750000.00,748718.26,7,7,7,7,7,0.023397,0.8083,1.0000
500000.00,500000.00,504745.48,7,7,7,7,7,0.015773,0.9349,1.0000
500000.00,500000.00,507690.43,7,7,7,7,7,0.015865,0.9341,1.0000
500000.00,500000.00,486267.09,7,7,7,7,7,0.015196,0.9493,1.0000
500000.00,500000.00,486785.89,7,7,7,7,7,0.015212,0.9080,1.0000
500000.00,500000.00,529529.57,7,7,7,7,7,0.016548,0.8186,1.0000
500000.00,500000.00,478885.65,7,7,7,7,7,0.014965,0.9437,1.0000
500000.00,500000.00,477752.69,7,7,7,7,7,0.014930,0.9152,1.0000
500000.00,500000.00,484821.32,7,7,7,7,7,0.015151,0.9391,1.0000
500000.00,500000.00,490018.84,7,7,7,7,7,0.015313,0.9163,1.0000
500000.00,500000.00,482566.83,7,7,7,7,7,0.015080,0.9477,1.0000
500000.00,500000.00,475675.58,7,7,7,7,7,0.014865,0.9158,1.0000
500000.00,500000.00,463500.98,7,7,7,7,7,0.014484,0.8050,1.0000
500000.00,500000.00,468750.00,7,7,7,7,7,0.014648,0.7233,1.0000
500000.00,500000.00,472894.67,7,7,7,7,7,0.014778,0.9112,1.0000
500000.00,500000.00,461579.32,7,7,7,7,7,0.014424,0.8704,1.0000
500000.00,500000.00,484462.74,7,7,7,7,7,0.015139,0.8619,1.0000
500000.00,500000.00,471359.25,7,7,7,7,7,0.014730,0.7699,1.0000
500000.00,500000.00,509559.63,7,7,7,7,7,0.015924,0.9250,1.0000
500000.00,500000.00,509632.11,7,7,7,7,7,0.015926,0.7380,1.0000
500000.00,500000.00,514133.45,7,7,7,7,7,0.016067,0.8286,1.0000
500000.00,500000.00,492166.52,7,7,7,7,7,0.015380,0.7587,1.0000
500000.00,500000.00,514659.88,7,7,7,7,7,0.016083,0.9465,1.0000
500000.00,500000.00,499183.65,7,7,7,7,7,0.015599,0.7047,1.0000
500000.00,500000.00,498001.10,7,7,7,7,7,0.015563,0.9489,1.0000
500000.00,500000.00,518417.36,7,7,7,7,7,0.016201,0.9294,1.0000
500000.00,500000.00,500103.00,7,7,7,7,7,0.015628,0.9149,1.0000
500000.00,500000.00,495153.43,7,7,7,7,7,0.015474,0.9049,1.0000
500000.00,500000.00,486000.06,7,7,7,7,7,0.015188,0.7347,1.0000
500000.00,500000.00,484073.64,7,7,7,7,7,0.015127,0.8998,1.0000
500000.00,500000.00,539916.99,7,7,7,7,7,0.016872,0.9507,1.0000
500000.00,500000.00,521354.68,7,7,7,7,7,0.016292,0.7669,1.0000
500000.00,500000.00,473838.81,7,7,7,7,7,0.014807,0.8845,1.0000
500000.00,500000.00,566604.61,7,7,7,7,7,0.017706,0.7979,1.0000
500000.00,500000.00,496784.21,7,7,7,7,7,0.015525,0.7052,1.0000
500000.00,500000.00,487609.86,7,7,7,7,7,0.015238,0.9455,1.0000
500000.00,500000.00,495761.87,7,7,7,7,7,0.015493,0.9339,1.0000
500000.00,500000.00,485872.27,7,7,7,7,7,0.015184,0.8723,1.0000
500000.00,500000.00,477474.21,7,7,7,7,7,0.014921,0.8401,1.0000
500000.00,500000.00,417007.45,7,7,7,6,6,0.013031,0.7899,1.0000
500000.00,500000.00,493106.84,7,7,7,7,7,0.015410,0.7260,1.0000
500000.00,500000.00,477085.11,7,7,7,7,7,0.014909,0.9242,1.0000
500000.00,500000.00,515417.10,7,7,7,7,7,0.016107,0.8717,1.0000
500000.00,500000.00,469509.12,7,7,7,7,7,0.014672,0.9502,1.0000
500000.00,500000.00,480178.83,7,7,7,7,7,0.015006,0.9451,1.0000
500000.00,500000.00,488868.71,7,7,7,7,7,0.015277,0.9407,1.0000
500000.00,500000.00,488754.27,7,7,7,7,7,0.015274,0.9375,1.0000
500000.00,500000.00,484619.14,7,7,7,7,7,0.015144,0.9313,1.0000
500000.00,500000.00,472661.97,7,7,7,7,7,0.014771,0.7032,1.0000
500000.00,500000.00,500053.41,7,7,7,7,7,0.015627,0.8417,1.0000
500000.00,500000.00,509758.00,7,7,7,7,7,0.015930,0.9127,1.0000
500000.00,500000.00,503616.33,7,7,7,7,7,0.015738,0.8811,1.0000
500000.00,500000.00,488580.70,7,7,7,7,7,0.015268,0.9478,1.0000
500000.00,500000.00,483833.31,7,7,7,7,7,0.015120,0.9379,1.0000
500000.00,500000.00,472854.61,7,7,7,7,7,0.014777,0.9292,1.0000
500000.00,500000.00,511028.29,7,7,7,7,7,0.015970,0.9126,1.0000
500000.00,500000.00,488010.41,7,7,7,7,7,0.015250,0.9542,1.0000
500000.00,500000.00,496429.44,7,7,7,7,7,0.015513,0.8964,1.0000
500000.00,500000.00,498931.88,7,7,7,7,7,0.015592,0.9518,1.0000
500000.00,500000.00,496643.07,7,7,7,7,7,0.015520,0.7670,1.0000
500000.00,500000.00,483127.59,7,7,7,7,7,0.015098,0.9477,1.0000
500000.00,500000.00,503963.47,7,7,7,7,7,0.015749,0.7382,1.0000
500000.00,500000.00,495910.64,7,7,7,7,7,0.015497,0.9438,1.0000
500000.00,500000.00,494586.94,7,7,7,7,7,0.015456,0.8881,1.0000
500000.00,500000.00,495172.50,7,7,7,7,7,0.015474,0.9590,1.0000
500000.00,500000.00,512063.98,7,7,7,7,7,0.016002,0.8006,1.0000
500000.00,500000.00,489303.59,7,7,7,7,7,0.015291,0.8970,1.0000
500000.00,500000.00,580064.77,7,7,7,7,7,0.018127,0.8052,1.0000
500000.00,500000.00,510957.72,7,7,7,7,7,0.015967,0.7204,1.0000
500000.00,500000.00,487899.78,7,7,7,7,7,0.015247,0.8386,1.0000
500000.00,500000.00,489913.94,7,7,7,7,7,0.015310,0.8819,1.0000
500000.00,500000.00,517059.33,7,7,7,7,7,0.016158,0.9342,1.0000
500000.00,500000.00,495147.71,7,7,7,7,7,0.015473,0.9386,1.0000
500000.00,500000.00,481666.56,7,7,7,7,7,0.015052,0.9378,1.0000
500000.00,500000.00,494712.83,7,7,7,7,7,0.015460,0.9491,1.0000
500000.00,500000.00,487949.37,7,7,7,7,7,0.015248,0.8982,1.0000
500000.00,500000.00,494266.99,7,7,7,7,7,0.015446,0.9478,1.0000
500000.00,500000.00,482864.38,7,7,7,7,7,0.015090,0.9260,1.0000
500000.00,750000.00,695262.91,7,7,7,7,7,0.021727,0.7910,1.0000
500000.00,500000.00,519641.88,7,7,7,7,7,0.016239,0.7042,1.0000
500000.00,500000.00,491336.82,7,7,7,7,7,0.015354,0.8652,1.0000
500000.00,500000.00,483211.99,7,7,7,7,7,0.015100,0.7216,1.0000
500000.00,500000.00,493557.45,7,7,7,7,7,0.015424,0.9482,1.0000
500000.00,500000.00,511516.57,7,7,7,7,7,0.015985,0.8824,1.0000
500000.00,500000.00,486682.42,7,7,7,7,7,0.015209,0.9316,1.0000
500000.00,500000.00,490629.20,7,7,7,7,7,0.015332,0.7796,1.0000
500000.00,500000.00,483474.73,7,7,7,7,7,0.015109,0.9468,1.0000
500000.00,500000.00,500444.41,7,7,7,7,7,0.015639,0.8905,1.0000
500000.00,500000.00,499464.04,7,7,7,7,7,0.015608,0.8287,1.0000
500000.00,500000.00,491516.11,7,7,7,7,7,0.015360,0.9503,1.0000
500000.00,500000.00,488815.31,7,7,7,7,7,0.015275,0.9305,1.0000
500000.00,500000.00,500827.79,7,7,7,7,7,0.015651,0.9050,1.0000
500000.00,500000.00,498336.79,7,7,7,7,7,0.015573,0.9412,1.0000
500000.00,500000.00,476154.33,7,7,7,7,7,0.014880,0.9494,1.0000
500000.00,500000.00,485313.42,7,7,7,7,7,0.015166,0.9304,1.0000
500000.00,500000.00,475959.78,7,7,7,7,7,0.014874,0.9575,1.0000
500000.00,500000.00,481590.27,7,7,7,7,7,0.015050,0.9307,1.0000
500000.00,500000.00,481857.30,7,7,7,7,7,0.015058,0.9519,1.0000
500000.00,500000.00,497047.42,7,7,7,7,7,0.015533,0.7887,1.0000
500000.00,500000.00,564716.34,7,7,7,7,7,0.017647,0.7710,1.0000
500000.00,500000.00,494064.33,7,7,7,7,7,0.015440,0.9302,1.0000
500000.00,500000.00,502548.22,7,7,7,7,7,0.015705,0.7275,1.0000
500000.00,500000.00,481826.78,7,7,7,7,7,0.015057,0.9662,1.0000
500000.00,500000.00,497265.82,7,7,7,7,7,0.015540,0.9167,1.0000
500000.00,500000.00,485316.28,7,7,7,7,7,0.015166,0.9518,1.0000
500000.00,500000.00,490713.12,7,7,7,7,7,0.015335,0.8850,1.0000
500000.00,500000.00,505439.76,7,7,7,7,7,0.015795,0.9499,1.0000
500000.00,500000.00,491913.80,7,7,7,7,7,0.015372,0.8787,1.0000
500000.00,500000.00,502319.34,7,7,7,7,7,0.015697,0.8951,1.0000
500000.00,500000.00,500949.86,7,7,7,7,7,0.015655,0.8190,1.0000
500000.00,500000.00,502389.91,7,7,7,7,7,0.015700,0.8384,1.0000
500000.00,500000.00,490889.55,7,7,7,7,7,0.015340,0.9445,1.0000
500000.00,500000.00,496780.40,7,7,7,7,7,0.015524,0.7115,1.0000
500000.00,500000.00,485260.01,7,7,7,7,7,0.015164,0.7045,1.0000
500000.00,500000.00,491813.66,7,7,7,7,7,0.015369,0.9419,1.0000
500000.00,500000.00,496986.39,7,7,7,7,7,0.015531,0.8938,1.0000
500000.00,500000.00,494377.14,7,7,7,7,7,0.015449,0.9452,1.0000
500000.00,500000.00,510704.04,7,7,7,7,7,0.015960,0.9415,1.0000
500000.00,500000.00,482118.61,7,7,7,7,7,0.015066,0.7510,1.0000
500000.00,500000.00,488563.54,7,7,7,7,7,0.015268,0.7214,1.0000
500000.00,500000.00,477001.19,7,7,7,7,7,0.014906,0.9240,1.0000
500000.00,500000.00,504724.50,7,7,7,7,7,0.015773,0.8885,1.0000
500000.00,500000.00,494239.81,7,7,7,7,7,0.015445,0.9214,1.0000
500000.00,500000.00,467617.03,7,7,7,7,7,0.014613,0.8956,1.0000
500000.00,500000.00,486862.18,7,7,7,7,7,0.015214,0.9455,1.0000
500000.00,500000.00,508586.88,7,7,7,7,7,0.015893,0.8878,1.0000
500000.00,500000.00,473270.42,7,7,7,7,7,0.014790,0.7375,1.0000
500000.00,500000.00,481468.20,7,7,7,7,7,0.015046,0.9581,1.0000
500000.00,500000.00,496217.73,7,7,7,7,7,0.015507,0.9169,1.0000
500000.00,500000.00,506378.17,7,7,7,7,7,0.015824,0.9629,1.0000
500000.00,500000.00,508079.53,7,7,7,7,7,0.015877,0.8594,1.0000
500000.00,500000.00,489480.97,7,7,7,7,7,0.015296,0.9252,1.0000
500000.00,500000.00,523866.65,7,7,7,7,7,0.016371,0.9083,1.0000
500000.00,500000.00,500377.66,7,7,7,7,7,0.015637,0.9219,1.0000
500000.00,500000.00,497085.57,7,7,7,7,7,0.015534,0.8208,1.0000
500000.00,500000.00,500389.10,7,7,7,7,7,0.015637,0.9313,1.0000
500000.00,500000.00,467544.56,7,7,7,7,7,0.014611,0.9312,1.0000
500000.00,500000.00,487789.15,7,7,7,7,7,0.015243,0.9439,1.0000
500000.00,500000.00,509422.30,7,7,7,7,7,0.015919,0.9334,1.0000
500000.00,500000.00,492668.15,7,7,7,7,7,0.015396,0.9454,1.0000
500000.00,500000.00,481033.33,7,7,7,7,7,0.015032,0.9170,1.0000
500000.00,500000.00,483146.67,7,7,7,7,7,0.015098,0.9420,1.0000
500000.00,500000.00,488975.52,7,7,7,7,7,0.015280,0.9308,1.0000
500000.00,500000.00,497886.66,7,7,7,7,7,0.015559,0.9124,1.0000
500000.00,500000.00,493034.36,7,7,7,7,7,0.015407,0.9347,1.0000
500000.00,500000.00,481567.38,7,7,7,7,7,0.015049,0.9401,1.0000
500000.00,500000.00,494949.34,7,7,7,7,7,0.015467,0.9359,1.0000
500000.00,500000.00,478996.28,7,7,7,7,7,0.014969,0.9288,1.0000
500000.00,500000.00,490959.17,7,7,7,7,7,0.015342,0.9287,1.0000
500000.00,500000.00,501424.79,7,7,7,7,7,0.015670,0.9268,1.0000
500000.00,500000.00,474182.13,7,7,7,7,7,0.014818,0.9106,1.0000
500000.00,500000.00,486736.30,7,7,7,7,7,0.015211,0.9599,1.0000
500000.00,500000.00,478816.99,7,7,7,7,7,0.014963,0.9348,1.0000
500000.00,500000.00,494457.24,7,7,7,7,7,0.015452,0.9421,1.0000
500000.00,500000.00,520210.27,7,7,7,7,7,0.016257,0.9359,1.0000
500000.00,500000.00,514694.21,7,7,7,7,7,0.016084,0.8965,1.0000
500000.00,500000.00,491401.67,7,7,7,7,7,0.015356,0.9338,1.0000
500000.00,500000.00,492240.91,7,7,7,7,7,0.015383,0.9380,1.0000
500000.00,500000.00,464286.80,7,7,7,7,7,0.014509,0.9218,1.0000
500000.00,500000.00,498222.35,7,7,7,7,7,0.015569,0.9520,1.0000
500000.00,500000.00,482486.72,7,7,7,7,7,0.015078,0.9518,1.0000
500000.00,750000.00,717735.29,7,7,7,7,7,0.022429,0.8368,1.0000
500000.00,750000.00,726165.77,7,7,7,7,7,0.022693,0.7533,1.0000
500000.00,500000.00,492477.42,7,7,7,7,7,0.015390,0.9688,1.0000
500000.00,500000.00,481975.56,7,7,7,7,7,0.015062,0.9421,1.0000
500000.00,500000.00,491531.37,7,7,7,7,7,0.015360,0.9493,1.0000
500000.00,500000.00,539108.28,7,7,7,7,7,0.016847,0.8192,1.0000
500000.00,500000.00,475997.92,7,7,7,7,7,0.014875,0.9482,1.0000
500000.00,500000.00,498477.94,7,7,7,7,7,0.015577,0.7440,1.0000
500000.00,500000.00,513933.18,7,7,7,7,7,0.016060,0.9330,1.0000
500000.00,500000.00,485160.83,7,7,7,7,7,0.015161,0.8730,1.0000
500000.00,500000.00,486740.11,7,7,7,7,7,0.015211,0.9540,1.0000
500000.00,500000.00,490364.07,7,7,7,7,7,0.015324,0.8525,1.0000
500000.00,500000.00,493389.13,7,7,7,7,7,0.015418,0.9606,1.0000
500000.00,500000.00,497768.40,7,7,7,7,7,0.015555,0.8295,1.0000
500000.00,500000.00,499160.77,7,7,7,7,7,0.015599,0.9496,1.0000
500000.00,500000.00,659881.59,7,7,8,7,8,0.020621,0.9015,1.0000
500000.00,500000.00,503280.64,7,7,7,7,7,0.015728,0.7030,1.0000
500000.00,500000.00,503383.64,7,7,7,7,7,0.015731,0.7395,1.0000
500000.00,500000.00,494998.93,7,7,7,7,7,0.015469,0.7082,1.0000
500000.00,500000.00,487236.02,7,7,7,7,7,0.015226,0.9562,1.0000
500000.00,500000.00,484283.45,7,7,7,7,7,0.015134,0.7837,1.0000
500000.00,500000.00,481086.73,7,7,7,7,7,0.015034,0.9559,1.0000
500000.00,500000.00,486377.72,7,7,7,7,7,0.015199,0.9387,1.0000
500000.00,500000.00,487049.10,7,7,7,7,7,0.015220,0.9620,1.0000
500000.00,500000.00,512634.28,7,7,7,7,7,0.016020,0.7652,1.0000
500000.00,500000.00,492691.04,7,7,7,7,7,0.015397,0.8044,1.0000
500000.00,500000.00,492744.45,7,7,7,7,7,0.015398,0.8289,1.0000
500000.00,500000.00,485363.01,7,7,7,7,7,0.015168,0.9600,1.0000
500000.00,500000.00,487354.28,7,7,7,7,7,0.015230,0.9358,1.0000
500000.00,500000.00,505313.87,7,7,7,7,7,0.015791,0.8926,1.0000
500000.00,500000.00,507108.69,7,7,7,7,7,0.015847,0.9204,1.0000
500000.00,500000.00,536193.85,7,7,7,7,7,0.016756,0.8757,1.0000
500000.00,500000.00,493179.32,7,7,7,7,7,0.015412,0.9538,1.0000
500000.00,500000.00,485750.20,7,7,7,7,7,0.015180,0.9285,1.0000
500000.00,500000.00,494525.91,7,7,7,7,7,0.015454,0.9493,1.0000
500000.00,500000.00,495935.44,7,7,7,7,7,0.015498,0.8256,1.0000
500000.00,500000.00,492908.48,7,7,7,7,7,0.015403,0.9483,1.0000
500000.00,500000.00,496292.11,7,7,7,7,7,0.015509,0.7796,1.0000
500000.00,500000.00,499217.99,7,7,7,7,7,0.015601,0.7941,1.0000
500000.00,500000.00,475940.70,7,7,7,7,7,0.014873,0.7519,1.0000
500000.00,500000.00,496711.73,7,7,7,7,7,0.015522,0.9395,1.0000
500000.00,500000.00,507442.47,7,7,7,7,7,0.015858,0.7439,1.0000
500000.00,500000.00,493690.49,7,7,7,7,7,0.015428,0.9411,1.0000
500000.00,500000.00,491218.57,7,7,7,7,7,0.015351,0.8977,1.0000
500000.00,500000.00,497688.29,7,7,7,7,7,0.015553,0.9504,1.0000
500000.00,500000.00,498199.46,7,7,7,7,7,0.015569,0.8101,1.0000
500000.00,500000.00,507823.94,7,7,7,7,7,0.015869,0.8999,1.0000
500000.00,500000.00,500250.82,7,7,7,7,7,0.015633,0.8467,1.0000
500000.00,500000.00,594009.40,7,7,7,7,7,0.018563,0.8360,1.0000
500000.00,500000.00,480262.76,7,7,7,7,7,0.015008,0.9396,1.0000
500000.00,500000.00,485733.03,7,7,7,7,7,0.015179,0.9493,1.0000
500000.00,500000.00,491018.30,7,7,7,7,7,0.015344,0.9022,1.0000
500000.00,500000.00,495376.59,7,7,7,7,7,0.015481,0.9463,1.0000
500000.00,500000.00,495991.71,7,7,7,7,7,0.015500,0.9185,1.0000
500000.00,500000.00,491628.65,7,7,7,7,7,0.015363,0.9564,1.0000
500000.00,500000.00,487780.57,7,7,7,7,7,0.015243,0.8876,1.0000
500000.00,500000.00,494646.07,7,7,7,7,7,0.015458,0.8995,1.0000
500000.00,500000.00,488704.68,7,7,7,7,7,0.015272,0.8644,1.0000
500000.00,500000.00,496253.97,7,7,7,7,7,0.015508,0.9372,1.0000
500000.00,500000.00,499732.02,7,7,7,7,7,0.015617,0.7473,1.0000
500000.00,500000.00,506395.34,7,7,7,7,7,0.015825,0.9020,1.0000
500000.00,500000.00,464328.77,7,7,7,7,7,0.014510,0.8844,1.0000
500000.00,500000.00,500772.48,7,7,7,7,7,0.015649,0.9480,1.0000
500000.00,500000.00,499259.00,7,7,7,7,7,0.015602,0.9075,1.0000
500000.00,500000.00,479856.49,7,7,7,7,7,0.014996,0.7771,1.0000
500000.00,500000.00,481414.79,7,7,7,7,7,0.015044,0.9156,1.0000
500000.00,500000.00,499380.11,7,7,7,7,7,0.015606,0.8145,1.0000
500000.00,500000.00,474555.97,7,7,7,7,7,0.014830,0.9356,1.0000
500000.00,500000.00,483448.03,7,7,7,7,7,0.015108,0.9234,1.0000
500000.00,500000.00,494003.30,8,8,8,8,8,0.015438,0.7859,1.0000
500000.00,500000.00,503875.73,8,8,8,8,8,0.015746,0.9352,1.0000
500000.00,500000.00,487129.21,8,8,8,8,8,0.015223,0.9163,1.0000
500000.00,500000.00,515731.81,8,8,8,8,8,0.016117,0.7041,1.0000
500000.00,500000.00,518844.60,8,8,8,8,8,0.016214,0.8840,1.0000
500000.00,500000.00,504924.77,8,8,8,8,8,0.015779,0.8648,1.0000
500000.00,500000.00,516719.82,8,8,8,8,8,0.016147,0.8432,1.0000
500000.00,500000.00,508792.88,8,8,8,8,8,0.015900,0.8628,1.0000
500000.00,500000.00,508178.71,8,8,8,8,8,0.015881,0.8046,1.0000
500000.00,500000.00,541351.32,8,8,8,8,8,0.016917,0.7043,1.0000
500000.00,500000.00,508049.01,8,8,8,8,8,0.015877,0.9070,1.0000
500000.00,500000.00,500396.73,8,8,8,8,8,0.015637,0.8448,1.0000
500000.00,500000.00,517421.72,8,8,8,8,8,0.016169,0.8936,1.0000
500000.00,500000.00,516376.50,8,8,8,8,8,0.016137,0.8018,1.0000
500000.00,500000.00,478866.58,8,8,8,8,8,0.014965,0.9415,1.0000
500000.00,500000.00,497241.97,8,8,8,8,8,0.015539,0.8924,1.0000
500000.00,500000.00,491737.37,8,8,8,8,8,0.015367,0.8948,1.0000
500000.00,500000.00,490119.93,8,8,8,8,8,0.015316,0.9410,1.0000
500000.00,500000.00,477699.28,8,8,8,8,8,0.014928,0.8988,1.0000
500000.00,500000.00,497886.66,8,8,8,8,8,0.015559,0.9419,1.0000
500000.00,500000.00,491134.64,8,8,8,8,8,0.015348,0.9278,1.0000
500000.00,500000.00,477569.58,8,8,8,8,8,0.014924,0.8755,1.0000
500000.00,500000.00,483276.37,8,8,8,8,8,0.015102,0.8542,1.0000
500000.00,500000.00,489559.17,8,8,8,8,8,0.015299,0.9510,1.0000
500000.00,500000.00,490718.84,8,8,8,8,8,0.015335,0.9460,1.0000
500000.00,500000.00,523307.80,8,8,8,8,8,0.016353,0.8675,1.0000
500000.00,500000.00,503673.55,8,8,8,8,8,0.015740,0.9205,1.0000
500000.00,500000.00,508773.80,8,8,8,8,8,0.015899,0.7477,1.0000
500000.00,500000.00,497062.68,8,8,8,8,8,0.015533,0.9428,1.0000
500000.00,500000.00,496368.41,8,8,8,8,8,0.015512,0.9410,1.0000
500000.00,500000.00,490440.37,8,8,8,8,8,0.015326,0.9035,1.0000
500000.00,500000.00,514923.10,8,8,8,8,8,0.016091,0.8235,1.0000
500000.00,500000.00,504589.08,8,8,8,8,8,0.015768,0.9298,1.0000
500000.00,500000.00,503459.93,8,8,8,8,8,0.015733,0.7313,1.0000
500000.00,500000.00,511341.09,8,8,8,8,8,0.015979,0.9178,1.0000
500000.00,500000.00,494911.19,8,8,8,8,8,0.015466,0.9118,1.0000
500000.00,500000.00,518903.73,8,8,8,8,8,0.016216,0.9412,1.0000
500000.00,500000.00,519723.89,8,8,8,8,8,0.016241,0.9115,1.0000
500000.00,500000.00,512233.73,8,8,8,8,8,0.016007,0.7789,1.0000
500000.00,500000.00,498306.27,8,8,8,8,8,0.015572,0.8434,1.0000
500000.00,500000.00,499755.86,8,8,8,8,8,0.015617,0.7228,1.0000
500000.00,500000.00,493240.36,8,8,8,8,8,0.015414,0.9083,1.0000
500000.00,500000.00,491470.34,8,8,8,8,8,0.015358,0.8819,1.0000
500000.00,500000.00,492240.91,8,8,8,8,8,0.015383,0.8385,1.0000
500000.00,500000.00,501373.29,8,8,8,8,8,0.015668,0.7783,1.0000
500000.00,500000.00,505226.14,8,8,8,8,8,0.015788,0.8350,1.0000
500000.00,500000.00,494590.76,8,8,8,8,8,0.015456,0.8776,1.0000
500000.00,500000.00,487541.20,8,8,8,8,8,0.015236,0.8882,1.0000
500000.00,500000.00,496482.85,8,8,8,8,8,0.015515,0.8553,1.0000
500000.00,500000.00,495552.06,8,8,8,8,8,0.015486,0.9228,1.0000
500000.00,500000.00,498039.25,8,8,8,8,8,0.015564,0.7225,1.0000
500000.00,500000.00,509685.52,8,8,8,8,8,0.015928,0.8844,1.0000
500000.00,500000.00,508407.59,8,8,8,8,8,0.015888,0.8281,1.0000
500000.00,500000.00,496730.80,8,8,8,8,8,0.015523,0.9373,1.0000
500000.00,500000.00,501729.97,8,8,8,8,8,0.015679,0.7203,1.0000
500000.00,500000.00,491310.12,8,8,8,8,8,0.015353,0.8499,1.0000
500000.00,500000.00,496055.60,8,8,8,8,8,0.015502,0.9180,1.0000
500000.00,500000.00,494239.81,8,8,8,8,8,0.015445,0.7718,1.0000
500000.00,500000.00,483071.33,8,8,8,8,8,0.015096,0.9301,1.0000
500000.00,500000.00,498157.50,8,8,8,8,8,0.015567,0.9102,1.0000
500000.00,500000.00,502799.99,8,8,8,8,8,0.015712,0.8565,1.0000
500000.00,500000.00,502450.94,8,8,8,8,8,0.015702,0.9319,1.0000
500000.00,500000.00,506679.53,8,8,8,8,8,0.015834,0.8187,1.0000
500000.00,500000.00,520307.54,8,8,8,8,8,0.016260,0.9448,1.0000
500000.00,500000.00,508393.29,8,8,8,8,8,0.015887,0.7114,1.0000
500000.00,500000.00,510539.05,8,8,8,8,8,0.015954,0.9472,1.0000
500000.00,500000.00,502389.91,8,8,8,8,8,0.015700,0.9194,1.0000
500000.00,500000.00,495107.65,8,8,8,8,8,0.015472,0.8648,1.0000
500000.00,500000.00,503271.10,8,8,8,8,8,0.015727,0.9484,1.0000
500000.00,500000.00,499459.27,8,8,8,8,8,0.015608,0.9329,1.0000
500000.00,500000.00,504836.08,8,8,8,8,8,0.015776,0.8197,1.0000
500000.00,500000.00,506677.63,8,8,8,8,8,0.015834,0.8703,1.0000
500000.00,500000.00,493598.94,8,8,8,8,8,0.015425,0.9191,1.0000
500000.00,500000.00,491889.95,8,8,8,8,8,0.015372,0.9064,1.0000
500000.00,500000.00,518682.48,8,8,8,8,8,0.016209,0.9388,1.0000
500000.00,500000.00,503591.54,8,8,8,8,8,0.015737,0.9200,1.0000
500000.00,500000.00,503732.68,8,8,8,8,8,0.015742,0.8905,1.0000
500000.00,500000.00,501192.09,8,8,8,8,8,0.015662,0.9361,1.0000
500000.00,500000.00,490449.91,8,8,8,8,8,0.015327,0.9026,1.0000
500000.00,500000.00,503098.49,8,8,8,8,8,0.015722,0.8580,1.0000
500000.00,500000.00,512615.20,8,8,8,8,8,0.016019,0.8463,1.0000
500000.00,500000.00,500381.47,8,8,8,8,8,0.015637,0.8468,1.0000
500000.00,500000.00,498167.04,8,8,8,8,8,0.015568,0.8093,1.0000
500000.00,500000.00,503694.53,8,8,8,8,8,0.015740,0.8959,1.0000
500000.00,500000.00,518926.62,8,8,8,8,8,0.016216,0.8670,1.0000
500000.00,500000.00,560155.87,8,8,8,8,8,0.017505,0.7374,1.0000
500000.00,500000.00,500770.57,8,8,8,8,8,0.015649,0.8640,1.0000
500000.00,500000.00,499753.95,8,8,8,8,8,0.015617,0.9178,1.0000
500000.00,500000.00,491683.96,8,8,8,8,8,0.015365,0.9131,1.0000
500000.00,500000.00,504562.38,8,8,8,8,8,0.015768,0.9017,1.0000
500000.00,500000.00,505088.81,8,8,8,8,8,0.015784,0.8876,1.0000
500000.00,500000.00,502708.44,8,8,8,8,8,0.015710,0.9409,1.0000
500000.00,500000.00,496181.49,8,8,8,8,8,0.015506,0.9078,1.0000
500000.00,500000.00,500946.04,8,8,8,8,8,0.015655,0.8536,1.0000
500000.00,500000.00,503459.93,8,8,8,8,8,0.015733,0.9456,1.0000
500000.00,500000.00,497444.15,8,8,8,8,8,0.015545,0.9264,1.0000
500000.00,500000.00,506042.48,8,8,8,8,8,0.015814,0.7482,1.0000
500000.00,500000.00,507745.74,8,8,8,8,8,0.015867,0.8434,1.0000
500000.00,500000.00,494106.29,8,8,8,8,8,0.015441,0.8785,1.0000
500000.00,500000.00,506694.79,8,8,8,8,8,0.015834,0.9281,1.0000
500000.00,500000.00,510156.63,8,8,8,8,8,0.015942,0.9043,1.0000
500000.00,500000.00,485515.59,8,8,8,8,8,0.015172,0.9449,1.0000
500000.00,500000.00,492477.42,8,8,8,8,8,0.015390,0.9200,1.0000
500000.00,500000.00,501628.88,8,8,8,8,8,0.015676,0.8649,1.0000
500000.00,500000.00,498046.88,8,8,8,8,8,0.015564,0.9239,1.0000
500000.00,500000.00,505729.68,8,8,8,8,8,0.015804,0.9166,1.0000
500000.00,500000.00,502151.49,8,8,8,8,8,0.015692,0.8738,1.0000
500000.00,500000.00,505981.45,8,8,8,8,8,0.015812,0.9177,1.0000
500000.00,500000.00,487182.62,8,8,8,8,8,0.015224,0.9154,1.0000
500000.00,500000.00,507213.59,8,8,8,8,8,0.015850,0.7324,1.0000
500000.00,500000.00,500572.20,8,8,8,8,8,0.015643,0.8900,1.0000
500000.00,500000.00,500679.02,8,8,8,8,8,0.015646,0.9316,1.0000
500000.00,500000.00,503952.03,8,8,8,8,8,0.015749,0.8703,1.0000
500000.00,500000.00,498367.31,8,8,8,8,8,0.015574,0.8994,1.0000
500000.00,500000.00,504005.43,8,8,8,8,8,0.015750,0.8800,1.0000
500000.00,500000.00,493606.57,8,8,8,8,8,0.015425,0.9335,1.0000
500000.00,500000.00,495189.67,8,8,8,8,8,0.015475,0.9202,1.0000
500000.00,500000.00,495716.09,8,8,8,8,8,0.015491,0.8759,1.0000
500000.00,500000.00,503017.43,8,8,8,8,8,0.015719,0.8012,1.0000
500000.00,500000.00,504421.23,8,8,8,8,8,0.015763,0.7991,1.0000
500000.00,500000.00,498161.32,8,8,8,8,8,0.015568,0.9227,1.0000
500000.00,500000.00,498964.31,8,8,8,8,8,0.015593,0.8652,1.0000
500000.00,500000.00,502687.45,8,8,8,8,8,0.015709,0.8741,1.0000
500000.00,500000.00,533039.09,8,8,8,8,8,0.016657,0.8263,1.0000
500000.00,500000.00,515296.94,8,8,8,8,8,0.016103,0.9160,1.0000
500000.00,500000.00,488643.65,8,8,8,8,8,0.015270,0.9001,1.0000
500000.00,500000.00,521533.97,8,8,8,8,8,0.016298,0.8844,1.0000
500000.00,500000.00,489700.32,8,8,8,8,8,0.015303,0.9254,1.0000
500000.00,500000.00,498489.38,8,8,8,8,8,0.015578,0.9130,1.0000
500000.00,500000.00,513587.95,8,8,8,8,8,0.016050,0.8689,1.0000
500000.00,500000.00,510198.59,8,8,8,8,8,0.015944,0.9480,1.0000
500000.00,500000.00,503059.39,8,8,8,8,8,0.015721,0.9299,1.0000
500000.00,500000.00,502120.97,8,8,8,8,8,0.015691,0.7598,1.0000
500000.00,500000.00,508449.55,8,8,8,8,8,0.015889,0.8877,1.0000
500000.00,500000.00,503067.02,8,8,8,8,8,0.015721,0.7843,1.0000
500000.00,500000.00,487747.19,8,8,8,8,8,0.015242,0.9098,1.0000
500000.00,500000.00,482910.16,8,8,8,8,8,0.015091,0.8267,1.0000
500000.00,500000.00,494361.88,8,8,8,8,8,0.015449,0.9276,1.0000
500000.00,500000.00,501632.69,8,8,8,8,8,0.015676,0.8201,1.0000
500000.00,500000.00,496345.52,8,8,8,8,8,0.015511,0.9261,1.0000
500000.00,500000.00,489711.76,8,8,8,8,8,0.015303,0.7838,1.0000
500000.00,500000.00,499126.43,8,8,8,8,8,0.015598,0.8786,1.0000
500000.00,500000.00,497211.46,8,8,8,8,8,0.015538,0.9059,1.0000
500000.00,500000.00,501228.33,8,8,8,8,8,0.015663,0.9366,1.0000
500000.00,500000.00,528312.68,8,8,8,8,8,0.016510,0.9061,1.0000
500000.00,500000.00,492458.34,8,8,8,8,8,0.015389,0.8825,1.0000
500000.00,500000.00,493080.14,8,8,8,8,8,0.015409,0.9546,1.0000
500000.00,500000.00,491996.77,8,8,8,8,8,0.015375,0.9512,1.0000
500000.00,500000.00,504600.52,8,8,8,8,8,0.015769,0.9060,1.0000
500000.00,500000.00,478889.47,8,8,8,8,8,0.014965,0.9002,1.0000
500000.00,500000.00,501665.12,8,8,8,8,8,0.015677,0.8567,1.0000
500000.00,500000.00,496650.70,8,8,8,8,8,0.015520,0.9463,1.0000
500000.00,500000.00,504276.28,8,8,8,8,8,0.015759,0.9257,1.0000
500000.00,500000.00,501518.25,8,8,8,8,8,0.015672,0.8864,1.0000
500000.00,500000.00,490268.71,8,8,8,8,8,0.015321,0.9650,1.0000
500000.00,500000.00,505661.01,8,8,8,8,8,0.015802,0.9405,1.0000
500000.00,500000.00,520759.58,8,8,8,8,8,0.016274,0.7736,1.0000
500000.00,500000.00,503349.30,8,8,8,8,8,0.015730,0.8967,1.0000
500000.00,500000.00,499107.36,8,8,8,8,8,0.015597,0.7483,1.0000
500000.00,500000.00,526287.08,8,8,8,8,8,0.016446,0.8137,1.0000
500000.00,500000.00,531326.29,8,8,8,8,8,0.016604,0.7979,1.0000
500000.00,500000.00,509429.93,8,8,8,8,8,0.015920,0.9177,1.0000
500000.00,500000.00,505615.23,8,8,8,8,8,0.015800,0.8992,1.0000
500000.00,500000.00,529148.10,8,8,8,8,8,0.016536,0.8193,1.0000
500000.00,500000.00,506574.63,8,8,8,8,8,0.015830,0.9077,1.0000
500000.00,500000.00,492790.22,8,8,8,8,8,0.015400,0.8824,1.0000
500000.00,500000.00,486879.35,8,8,8,8,8,0.015215,0.7812,1.0000
500000.00,500000.00,499237.06,8,8,8,8,8,0.015601,0.9114,1.0000
500000.00,500000.00,497772.22,8,8,8,8,8,0.015555,0.9103,1.0000
500000.00,500000.00,525787.35,8,8,8,8,8,0.016431,0.8044,1.0000
500000.00,500000.00,508609.77,8,8,8,8,8,0.015894,0.8801,1.0000
500000.00,500000.00,499382.02,8,8,8,8,8,0.015606,0.9344,1.0000
500000.00,500000.00,508369.45,8,8,8,8,8,0.015887,0.8037,1.0000
500000.00,500000.00,498088.84,8,8,8,8,8,0.015565,0.9300,1.0000
500000.00,500000.00,502395.63,8,8,8,8,8,0.015700,0.9147,1.0000
500000.00,500000.00,497268.68,8,8,8,8,8,0.015540,0.9061,1.0000
500000.00,500000.00,508888.24,8,8,8,8,8,0.015903,0.9425,1.0000
500000.00,500000.00,499559.40,8,8,8,8,8,0.015611,0.7678,1.0000
500000.00,500000.00,502262.12,8,8,8,8,8,0.015696,0.7033,1.0000
500000.00,500000.00,506015.78,8,8,8,8,8,0.015813,0.9160,1.0000
500000.00,500000.00,486579.90,8,8,8,8,8,0.015206,0.9164,1.0000
500000.00,500000.00,504646.30,8,8,8,8,8,0.015770,0.9231,1.0000
500000.00,500000.00,504140.85,8,8,8,8,8,0.015754,0.8200,1.0000
500000.00,500000.00,498809.81,8,8,8,8,8,0.015588,0.9049,1.0000
500000.00,500000.00,488590.24,8,8,8,8,8,0.015268,0.8936,1.0000
500000.00,500000.00,507678.99,8,8,8,8,8,0.015865,0.7163,1.0000
500000.00,500000.00,485599.52,8,8,8,8,8,0.015175,0.9094,1.0000
500000.00,500000.00,494268.42,8,8,8,8,8,0.015446,0.9038,1.0000
500000.00,500000.00,493669.51,8,8,8,8,8,0.015427,0.7992,1.0000
500000.00,500000.00,495437.62,8,8,8,8,8,0.015482,0.8126,1.0000
500000.00,500000.00,490671.16,8,8,8,8,8,0.015333,0.9160,1.0000
500000.00,500000.00,498302.46,8,8,8,8,8,0.015572,0.8326,1.0000
500000.00,500000.00,526199.34,8,8,8,8,8,0.016444,0.9090,1.0000
500000.00,500000.00,492145.54,8,8,8,8,8,0.015380,0.9351,1.0000
500000.00,500000.00,509689.33,8,8,8,8,8,0.015928,0.7245,1.0000
500000.00,500000.00,506370.54,8,8,8,8,8,0.015824,0.9409,1.0000
500000.00,500000.00,498657.23,8,8,8,8,8,0.015583,0.7500,1.0000
500000.00,500000.00,491976.74,8,8,8,8,8,0.015374,0.9367,1.0000
500000.00,500000.00,491609.57,8,8,8,8,8,0.015363,0.7617,1.0000
500000.00,500000.00,493139.27,8,8,8,8,8,0.015411,0.7381,1.0000
500000.00,500000.00,527793.88,8,8,8,8,8,0.016494,0.7584,1.0000
500000.00,500000.00,502536.77,8,8,8,8,8,0.015704,0.7480,1.0000
500000.00,500000.00,500946.04,8,8,8,8,8,0.015655,0.9049,1.0000
500000.00,500000.00,502826.69,8,8,8,8,8,0.015713,0.8327,1.0000
500000.00,500000.00,506908.42,8,8,8,8,8,0.015841,0.8106,1.0000
500000.00,500000.00,501327.04,8,8,8,8,8,0.015666,0.9232,1.0000
500000.00,500000.00,497674.94,8,8,8,8,8,0.015552,0.9575,1.0000
500000.00,500000.00,467918.40,8,8,8,8,8,0.014622,0.8827,1.0000
500000.00,500000.00,487756.73,8,8,8,8,8,0.015242,0.7293,1.0000
500000.00,500000.00,493560.79,8,8,8,8,8,0.015424,0.9426,1.0000
500000.00,500000.00,500549.32,8,8,8,8,8,0.015642,0.8704,1.0000
500000.00,500000.00,493225.10,8,8,8,8,8,0.015413,0.9139,1.0000
500000.00,500000.00,500408.17,8,8,8,8,8,0.015638,0.9055,1.0000
500000.00,500000.00,510013.58,8,8,8,8,8,0.015938,0.9637,1.0000
500000.00,500000.00,483238.22,8,8,8,8,8,0.015101,0.9280,1.0000
500000.00,500000.00,504062.65,8,8,8,8,8,0.015752,0.9413,1.0000
500000.00,500000.00,498622.89,8,8,8,8,8,0.015582,0.7489,1.0000
500000.00,500000.00,496040.34,8,8,8,8,8,0.015501,0.9123,1.0000
500000.00,500000.00,507827.76,8,8,8,8,8,0.015870,0.9453,1.0000
500000.00,500000.00,513237.00,8,8,8,8,8,0.016039,0.7057,1.0000
500000.00,500000.00,506912.23,8,8,8,8,8,0.015841,0.9292,1.0000
500000.00,500000.00,498619.08,8,8,8,8,8,0.015582,0.8357,1.0000
500000.00,500000.00,491745.00,8,8,8,8,8,0.015367,0.9449,1.0000
500000.00,500000.00,488166.81,8,8,8,8,8,0.015255,0.9408,1.0000
500000.00,500000.00,498443.60,8,8,8,8,8,0.015576,0.9230,1.0000
500000.00,500000.00,489791.87,8,8,8,8,8,0.015306,0.9108,1.0000
500000.00,500000.00,501159.67,8,8,8,8,8,0.015661,0.9342,1.0000
500000.00,500000.00,504497.53,8,8,8,8,8,0.015766,0.9460,1.0000
500000.00,500000.00,508876.80,8,8,8,8,8,0.015902,0.9311,1.0000
500000.00,500000.00,509613.04,8,8,8,8,8,0.015925,0.8392,1.0000
500000.00,500000.00,500350.95,8,8,8,8,8,0.015636,0.9479,1.0000
500000.00,500000.00,497795.10,8,8,8,8,8,0.015556,0.9378,1.0000
500000.00,500000.00,499114.99,8,8,8,8,8,0.015597,0.8970,1.0000
500000.00,500000.00,478912.35,8,8,8,8,8,0.014966,0.8481,1.0000
500000.00,500000.00,503593.44,8,8,8,8,8,0.015737,0.9207,1.0000
500000.00,500000.00,501419.07,8,8,8,8,8,0.015669,0.9214,1.0000
500000.00,500000.00,496963.50,8,8,8,8,8,0.015530,0.8829,1.0000
500000.00,500000.00,483741.76,8,8,8,8,8,0.015117,0.9633,1.0000
500000.00,500000.00,498519.90,8,8,8,8,8,0.015579,0.9367,1.0000
500000.00,500000.00,498123.17,8,8,8,8,8,0.015566,0.9175,1.0000
500000.00,500000.00,496517.18,8,8,8,8,8,0.015516,0.9248,1.0000
500000.00,500000.00,570121.77,8,8,8,8,8,0.017816,0.7367,1.0000
500000.00,500000.00,517829.90,8,8,8,8,8,0.016182,0.8723,1.0000
500000.00,500000.00,524169.92,8,8,8,8,8,0.016380,0.8574,1.0000
500000.00,500000.00,511528.02,8,8,8,8,8,0.015985,0.9425,1.0000
500000.00,500000.00,504764.56,8,8,8,8,8,0.015774,0.9262,1.0000
500000.00,500000.00,516750.34,8,8,8,8,8,0.016148,0.8898,1.0000
500000.00,500000.00,502174.38,8,8,8,8,8,0.015693,0.9228,1.0000
500000.00,500000.00,502578.74,8,8,8,8,8,0.015706,0.9226,1.0000
500000.00,500000.00,524757.39,8,8,8,8,8,0.016399,0.8472,1.0000
500000.00,500000.00,522239.69,8,8,8,8,8,0.016320,0.8446,1.0000
500000.00,500000.00,516799.93,8,8,8,8,8,0.016150,0.9390,1.0000
500000.00,500000.00,505107.88,8,8,8,8,8,0.015785,0.9077,1.0000
500000.00,500000.00,519039.15,8,8,8,8,8,0.016220,0.8569,1.0000
500000.00,500000.00,506755.83,8,8,8,8,8,0.015836,0.9299,1.0000
500000.00,500000.00,507255.55,8,8,8,8,8,0.015852,0.9229,1.0000
500000.00,500000.00,502080.92,8,8,8,8,8,0.015690,0.9107,1.0000
500000.00,500000.00,506050.11,8,8,8,8,8,0.015814,0.8981,1.0000
500000.00,500000.00,487861.63,8,8,8,8,8,0.015246,0.9056,1.0000
500000.00,500000.00,492252.35,8,8,8,8,8,0.015383,0.9003,1.0000
500000.00,500000.00,478576.66,8,8,8,8,8,0.014956,0.8901,1.0000
500000.00,500000.00,498851.78,8,8,8,8,8,0.015589,0.9114,1.0000
500000.00,500000.00,491039.28,8,8,8,8,8,0.015345,0.9019,1.0000
500000.00,500000.00,492992.40,8,8,8,8,8,0.015406,0.9230,1.0000
500000.00,500000.00,496433.26,8,8,8,8,8,0.015514,0.7474,1.0000
500000.00,500000.00,500728.61,8,8,8,8,8,0.015648,0.8768,1.0000
500000.00,500000.00,492420.20,8,8,8,8,8,0.015388,0.7296,1.0000
500000.00,500000.00,484243.39,8,8,8,8,8,0.015133,0.9156,1.0000
500000.00,500000.00,504373.55,8,8,8,8,8,0.015762,0.8460,1.0000
500000.00,500000.00,500915.53,8,8,8,8,8,0.015654,0.7397,1.0000
500000.00,500000.00,493652.34,8,8,8,8,8,0.015427,0.9321,1.0000
500000.00,500000.00,513381.96,8,8,8,8,8,0.016043,0.7589,1.0000
500000.00,500000.00,503959.66,8,8,8,8,8,0.015749,0.7350,1.0000
500000.00,500000.00,498760.22,8,8,8,8,8,0.015586,0.9439,1.0000
500000.00,500000.00,503173.83,8,8,8,8,8,0.015724,0.9331,1.0000
500000.00,500000.00,496704.10,8,8,8,8,8,0.015522,0.7420,1.0000
500000.00,500000.00,504661.56,8,8,8,8,8,0.015771,0.7825,1.0000
500000.00,500000.00,482742.31,8,8,8,8,8,0.015086,0.9463,1.0000
500000.00,500000.00,476211.55,8,8,8,8,8,0.014882,0.9370,1.0000
500000.00,500000.00,494331.36,8,8,8,8,8,0.015448,0.8974,1.0000
500000.00,500000.00,485148.43,8,8,8,8,8,0.015161,0.8094,1.0000
500000.00,500000.00,531627.66,8,8,8,8,8,0.016613,0.9641,1.0000
500000.00,500000.00,517419.82,8,8,8,8,8,0.016169,0.9220,1.0000
500000.00,500000.00,508768.08,8,8,8,8,8,0.015899,0.9251,1.0000
500000.00,500000.00,486455.92,8,8,8,8,8,0.015202,0.8990,1.0000
500000.00,500000.00,511840.82,8,8,8,8,8,0.015995,0.8663,1.0000
500000.00,500000.00,511602.40,8,8,8,8,8,0.015988,0.9267,1.0000
500000.00,500000.00,511892.32,8,8,8,8,8,0.015997,0.8884,1.0000
500000.00,500000.00,527742.39,8,8,8,8,8,0.016492,0.7891,1.0000
500000.00,500000.00,488201.14,8,8,8,8,8,0.015256,0.9360,1.0000
500000.00,500000.00,489929.20,8,8,8,8,8,0.015310,0.8490,1.0000
500000.00,500000.00,521749.50,8,8,8,8,8,0.016305,0.8622,1.0000
500000.00,500000.00,499584.20,8,8,8,8,8,0.015612,0.9275,1.0000
500000.00,500000.00,515872.96,8,8,8,8,8,0.016121,0.9147,1.0000
500000.00,500000.00,524702.07,8,8,8,8,8,0.016397,0.8201,1.0000
500000.00,500000.00,507724.76,8,8,8,8,8,0.015866,0.9309,1.0000
500000.00,500000.00,505083.08,8,8,8,8,8,0.015784,0.9196,1.0000
500000.00,500000.00,517799.38,8,8,8,8,8,0.016181,0.8438,1.0000
500000.00,500000.00,515848.16,8,8,8,8,8,0.016120,0.8471,1.0000
500000.00,500000.00,491474.15,8,8,8,8,8,0.015359,0.9178,1.0000
500000.00,500000.00,483001.71,8,8,8,8,8,0.015094,0.8919,1.0000
500000.00,500000.00,502212.52,8,8,8,8,8,0.015694,0.9596,1.0000
500000.00,500000.00,500255.58,8,8,8,8,8,0.015633,0.9579,1.0000
500000.00,500000.00,500373.84,8,8,8,8,8,0.015637,0.9056,1.0000
500000.00,500000.00,499824.52,8,8,8,8,8,0.015620,0.8427,1.0000
500000.00,500000.00,589111.33,8,8,8,8,8,0.018410,0.8658,1.0000
500000.00,500000.00,508422.85,8,8,8,8,8,0.015888,0.9275,1.0000
500000.00,500000.00,498344.42,8,8,8,8,8,0.015573,0.9424,1.0000
500000.00,500000.00,508838.65,8,8,8,8,8,0.015901,0.9241,1.0000
500000.00,500000.00,509593.96,8,8,8,8,8,0.015925,0.7031,1.0000
500000.00,500000.00,522644.04,8,8,8,8,8,0.016333,0.9284,1.0000
500000.00,500000.00,505638.12,8,8,8,8,8,0.015801,0.9349,1.0000
500000.00,500000.00,491939.54,8,8,8,8,8,0.015373,0.8047,1.0000
500000.00,500000.00,499298.10,8,8,8,8,8,0.015603,0.9560,1.0000
500000.00,500000.00,473526.00,8,8,8,8,8,0.014798,0.9417,1.0000
500000.00,500000.00,512893.68,8,8,8,8,8,0.016028,0.9279,1.0000
500000.00,500000.00,517177.58,8,8,8,8,8,0.016162,0.8527,1.0000
500000.00,500000.00,519992.83,8,8,8,8,8,0.016250,0.8477,1.0000
500000.00,500000.00,507614.14,8,8,8,8,8,0.015863,0.9442,1.0000
500000.00,500000.00,496192.93,8,8,8,8,8,0.015506,0.9258,1.0000
500000.00,500000.00,496383.67,8,8,8,8,8,0.015512,0.8960,1.0000
500000.00,500000.00,501979.83,8,8,8,8,8,0.015687,0.7277,1.0000
500000.00,500000.00,486358.64,8,8,8,8,8,0.015199,0.9660,1.0000
500000.00,500000.00,562835.69,8,8,8,8,8,0.017589,0.7805,1.0000
500000.00,500000.00,518978.12,8,8,8,8,8,0.016218,0.8411,1.0000
500000.00,500000.00,501724.24,8,8,8,8,8,0.015679,0.9218,1.0000
500000.00,500000.00,510765.08,8,8,8,8,8,0.015961,0.8966,1.0000
500000.00,500000.00,532726.29,8,8,8,8,8,0.016648,0.7930,1.0000
500000.00,500000.00,527748.11,8,8,8,8,8,0.016492,0.7733,1.0000
500000.00,500000.00,523887.63,8,8,8,8,8,0.016371,0.8560,1.0000
500000.00,500000.00,531116.49,8,8,8,8,8,0.016597,0.8010,1.0000
500000.00,500000.00,529331.21,8,8,8,8,8,0.016542,0.8294,1.0000
500000.00,500000.00,496295.93,8,8,8,8,8,0.015509,0.9242,1.0000
500000.00,500000.00,493801.12,8,8,8,8,8,0.015431,0.8934,1.0000
500000.00,500000.00,536369.32,8,8,8,8,8,0.016762,0.8292,1.0000
500000.00,500000.00,510509.49,8,8,8,8,8,0.015953,0.9049,1.0000
500000.00,500000.00,520336.15,8,8,8,8,8,0.016261,0.7519,1.0000
500000.00,500000.00,499343.87,8,8,8,8,8,0.015604,0.9350,1.0000
500000.00,500000.00,526229.86,8,8,8,8,8,0.016445,0.7842,1.0000
500000.00,500000.00,497825.62,8,8,8,8,8,0.015557,0.9475,1.0000
500000.00,500000.00,501224.52,8,8,8,8,8,0.015663,0.9310,1.0000
500000.00,500000.00,517780.30,8,8,8,8,8,0.016181,0.8438,1.0000
500000.00,500000.00,501205.44,8,8,8,8,8,0.015663,0.9289,1.0000
500000.00,500000.00,562644.96,8,8,8,8,8,0.017583,0.8348,1.0000
500000.00,500000.00,509521.48,8,8,8,8,8,0.015923,0.8110,1.0000
500000.00,500000.00,511871.34,8,8,8,8,8,0.015996,0.8545,1.0000
500000.00,500000.00,497924.80,8,8,8,8,8,0.015560,0.9456,1.0000
500000.00,500000.00,503898.62,8,8,8,8,8,0.015747,0.9135,1.0000
500000.00,500000.00,519447.33,8,8,8,8,8,0.016233,0.8579,1.0000
500000.00,500000.00,501079.56,8,8,8,8,8,0.015659,0.9181,1.0000
500000.00,500000.00,498840.33,8,8,8,8,8,0.015589,0.9136,1.0000
500000.00,500000.00,512031.56,8,8,8,8,8,0.016001,0.8587,1.0000
500000.00,500000.00,508304.60,8,8,8,8,8,0.015885,0.8784,1.0000
500000.00,500000.00,507984.16,8,8,8,8,8,0.015875,0.8675,1.0000
500000.00,500000.00,498371.12,8,8,8,8,8,0.015574,0.9517,1.0000
500000.00,500000.00,507583.62,8,8,8,8,8,0.015862,0.8942,1.0000
500000.00,500000.00,490325.93,8,8,8,8,8,0.015323,0.9192,1.0000
500000.00,500000.00,506572.72,8,8,8,8,8,0.015830,0.7809,1.0000
500000.00,500000.00,509353.64,8,8,8,8,8,0.015917,0.7900,1.0000
500000.00,500000.00,483877.18,8,8,8,8,8,0.015121,0.8885,1.0000
500000.00,500000.00,505365.37,8,8,8,8,8,0.015793,0.8292,1.0000
500000.00,500000.00,492412.57,8,8,8,8,8,0.015388,0.9546,1.0000
500000.00,500000.00,484729.77,8,8,8,8,8,0.015148,0.9258,1.0000
500000.00,500000.00,511732.10,8,8,8,8,8,0.015992,0.9268,1.0000
500000.00,500000.00,500461.58,8,8,8,8,8,0.015639,0.7555,1.0000
500000.00,500000.00,514741.90,8,8,8,8,8,0.016086,0.7384,1.0000
500000.00,500000.00,501838.68,8,8,8,8,8,0.015682,0.9211,1.0000
500000.00,500000.00,508724.21,8,8,8,8,8,0.015898,0.8995,1.0000
500000.00,500000.00,497520.45,8,8,8,8,8,0.015548,0.9009,1.0000
500000.00,500000.00,509908.68,8,8,8,8,8,0.015935,0.8982,1.0000
500000.00,500000.00,528316.50,8,8,8,8,8,0.016510,0.7791,1.0000
500000.00,500000.00,514202.12,8,8,8,8,8,0.016069,0.9041,1.0000
500000.00,500000.00,504608.15,8,8,8,8,8,0.015769,0.9037,1.0000
500000.00,500000.00,500553.13,8,8,8,8,8,0.015642,0.9294,1.0000
500000.00,500000.00,483970.64,8,8,8,8,8,0.015124,0.9519,1.0000
500000.00,500000.00,491462.71,8,8,8,8,8,0.015358,0.8886,1.0000
500000.00,500000.00,536802.29,8,8,8,8,8,0.016775,0.7279,1.0000
500000.00,500000.00,511859.89,8,8,8,8,8,0.015996,0.8863,1.0000
500000.00,500000.00,489768.98,8,8,8,8,8,0.015305,0.8844,1.0000
500000.00,500000.00,514022.83,8,8,8,8,8,0.016063,0.9090,1.0000
500000.00,500000.00,505588.53,8,8,8,8,8,0.015800,0.8792,1.0000
500000.00,500000.00,503952.03,8,8,8,8,8,0.015749,0.8526,1.0000
500000.00,500000.00,480293.27,8,8,8,8,8,0.015009,0.9194,1.0000
500000.00,500000.00,486930.85,8,8,8,8,8,0.015217,0.9024,1.0000
500000.00,500000.00,495635.99,8,8,8,8,8,0.015489,0.8979,1.0000
500000.00,500000.00,502132.42,8,8,8,8,8,0.015692,0.9003,1.0000
500000.00,500000.00,514289.86,8,8,8,8,8,0.016072,0.7761,1.0000
500000.00,500000.00,518791.20,8,8,8,8,8,0.016212,0.9067,1.0000
500000.00,500000.00,500053.41,8,8,8,8,8,0.015627,0.9164,1.0000
500000.00,500000.00,502758.03,8,8,8,8,8,0.015711,0.9107,1.0000
500000.00,500000.00,498268.13,8,8,8,8,8,0.015571,0.9355,1.0000
500000.00,500000.00,507057.19,8,8,8,8,8,0.015846,0.7533,1.0000
500000.00,500000.00,494293.21,8,8,8,8,8,0.015447,0.9282,1.0000
500000.00,500000.00,502620.70,8,8,8,8,8,0.015707,0.9117,1.0000
500000.00,500000.00,472854.61,8,8,8,8,8,0.014777,0.9191,1.0000
500000.00,500000.00,501754.76,8,8,8,8,8,0.015680,0.9177,1.0000
500000.00,500000.00,494213.10,8,8,8,8,8,0.015444,0.9098,1.0000
500000.00,500000.00,533002.85,8,8,8,8,8,0.016656,0.8797,1.0000
500000.00,500000.00,520877.36,8,8,8,8,8,0.016277,0.9197,1.0000
500000.00,500000.00,499725.34,8,8,8,8,8,0.015616,0.9253,1.0000
500000.00,500000.00,491356.37,8,8,8,8,8,0.015355,0.9162,1.0000
500000.00,500000.00,495870.59,8,8,8,8,8,0.015496,0.8526,1.0000
500000.00,500000.00,494659.42,8,8,8,8,8,0.015458,0.9160,1.0000
500000.00,500000.00,506494.52,8,8,8,8,8,0.015828,0.8356,1.0000
500000.00,500000.00,524326.32,8,8,8,8,8,0.016385,0.8570,1.0000
500000.00,500000.00,507808.69,8,8,8,8,8,0.015869,0.9093,1.0000
500000.00,500000.00,539546.97,8,8,8,8,8,0.016861,0.8897,1.0000
500000.00,500000.00,465690.61,8,8,8,8,8,0.014553,0.8755,1.0000
500000.00,500000.00,482368.47,8,8,8,8,8,0.015074,0.7418,1.0000
500000.00,500000.00,490074.16,8,8,8,8,8,0.015315,0.7662,1.0000
500000.00,500000.00,484819.41,8,8,8,8,8,0.015151,0.9284,1.0000
500000.00,500000.00,492523.19,8,8,8,8,8,0.015391,0.8122,1.0000
500000.00,500000.00,509094.24,8,8,8,8,8,0.015909,0.8982,1.0000
500000.00,500000.00,505355.83,8,8,8,8,8,0.015792,0.7885,1.0000
500000.00,500000.00,495422.36,8,8,8,8,8,0.015482,0.7599,1.0000
500000.00,500000.00,480377.20,8,8,8,8,8,0.015012,0.7435,1.0000
500000.00,500000.00,545169.83,8,8,8,8,8,0.017037,0.8941,1.0000
500000.00,500000.00,500518.80,8,8,8,8,8,0.015641,0.7956,1.0000
500000.00,500000.00,517333.98,8,8,8,8,8,0.016167,0.7201,1.0000
500000.00,500000.00,493339.54,8,8,8,8,8,0.015417,0.7232,1.0000
500000.00,500000.00,508186.34,8,8,8,8,8,0.015881,0.7871,1.0000
500000.00,500000.00,563369.75,8,8,8,8,8,0.017605,0.8387,1.0000
500000.00,500000.00,514564.51,8,8,8,8,8,0.016080,0.7793,1.0000
500000.00,500000.00,514396.67,8,8,8,8,8,0.016075,0.8421,1.0000
500000.00,500000.00,486370.09,8,8,8,8,8,0.015199,0.8204,1.0000
500000.00,500000.00,506104.47,8,8,8,8,8,0.015816,0.9241,1.0000
500000.00,500000.00,507801.06,8,8,8,8,8,0.015869,0.8935,1.0000
500000.00,500000.00,490451.81,8,8,8,8,8,0.015327,0.9243,1.0000
500000.00,500000.00,484848.02,8,8,8,8,8,0.015152,0.8766,1.0000
500000.00,500000.00,512893.68,8,8,8,8,8,0.016028,0.8528,1.0000
500000.00,500000.00,512470.25,8,8,8,8,8,0.016015,0.8465,1.0000
500000.00,500000.00,493827.82,8,8,8,8,8,0.015432,0.9247,1.0000
500000.00,500000.00,522821.43,8,8,8,8,8,0.016338,0.8865,1.0000
500000.00,500000.00,505035.40,8,8,8,8,8,0.015782,0.8096,1.0000
500000.00,500000.00,534898.76,8,8,8,8,8,0.016716,0.8197,1.0000
500000.00,500000.00,504584.31,8,8,8,8,8,0.015768,0.9281,1.0000
500000.00,500000.00,508819.58,8,8,8,8,8,0.015901,0.9260,1.0000
500000.00,500000.00,519584.66,8,8,8,8,8,0.016237,0.8253,1.0000
500000.00,500000.00,512231.83,8,8,8,8,8,0.016007,0.9236,1.0000
500000.00,500000.00,504027.37,8,8,8,8,8,0.015751,0.8996,1.0000
500000.00,500000.00,523139.95,8,8,8,8,8,0.016348,0.8882,1.0000
500000.00,500000.00,522171.02,8,8,8,8,8,0.016318,0.8315,1.0000
500000.00,500000.00,521323.20,8,8,8,8,8,0.016291,0.9205,1.0000
500000.00,500000.00,503204.35,8,8,8,8,8,0.015725,0.8754,1.0000
500000.00,500000.00,500873.57,8,8,8,8,8,0.015652,0.8895,1.0000
500000.00,500000.00,513321.88,8,8,8,8,8,0.016041,0.8285,1.0000
500000.00,500000.00,492996.22,8,8,8,8,8,0.015406,0.9253,1.0000
500000.00,500000.00,502891.54,8,8,8,8,8,0.015715,0.7767,1.0000
500000.00,500000.00,500419.62,8,8,8,8,8,0.015638,0.8207,1.0000
500000.00,500000.00,509304.05,8,8,8,8,8,0.015916,0.7910,1.0000
500000.00,500000.00,500064.85,8,8,8,8,8,0.015627,0.9087,1.0000
500000.00,500000.00,529907.23,8,8,8,8,8,0.016560,0.7570,1.0000
500000.00,500000.00,499130.25,8,8,8,8,8,0.015598,0.9258,1.0000
500000.00,500000.00,504219.06,8,8,8,8,8,0.015757,0.8007,1.0000
500000.00,500000.00,486072.54,8,8,8,8,8,0.015190,0.8851,1.0000
500000.00,500000.00,506206.51,8,8,8,8,8,0.015819,0.8214,1.0000
500000.00,500000.00,508216.86,8,8,8,8,8,0.015882,0.9409,1.0000
500000.00,500000.00,496936.80,8,8,8,8,8,0.015529,0.8996,1.0000
500000.00,500000.00,489902.50,8,8,8,8,8,0.015309,0.9347,1.0000
500000.00,500000.00,483814.24,8,8,8,8,8,0.015119,0.9214,1.0000
500000.00,500000.00,496395.11,8,8,8,8,8,0.015512,0.8047,1.0000
500000.00,500000.00,503860.47,8,8,8,8,8,0.015746,0.9260,1.0000
500000.00,500000.00,514091.49,8,8,8,8,8,0.016065,0.9173,1.0000
500000.00,500000.00,509109.50,8,8,8,8,8,0.015910,0.8560,1.0000
500000.00,500000.00,510967.25,8,8,8,8,8,0.015968,0.8975,1.0000
500000.00,500000.00,492538.45,8,8,8,8,8,0.015392,0.8964,1.0000
500000.00,500000.00,513195.04,8,8,8,8,8,0.016037,0.8317,1.0000
500000.00,500000.00,492557.53,8,8,8,8,8,0.015392,0.8530,1.0000
500000.00,500000.00,523658.75,8,8,8,8,8,0.016364,0.7901,1.0000
500000.00,500000.00,545593.26,8,8,8,8,8,0.017050,0.8883,1.0000
500000.00,500000.00,540748.60,8,8,8,8,8,0.016898,0.7433,1.0000
500000.00,500000.00,510128.02,8,8,8,8,8,0.015942,0.9420,1.0000
500000.00,500000.00,503723.14,8,8,8,8,8,0.015741,0.8572,1.0000
500000.00,500000.00,500488.28,8,8,8,8,8,0.015640,0.8538,1.0000
500000.00,500000.00,496513.37,8,8,8,8,8,0.015516,0.9355,1.0000
500000.00,500000.00,504211.43,8,8,8,8,8,0.015757,0.9557,1.0000
500000.00,500000.00,497585.30,8,8,8,8,8,0.015550,0.8873,1.0000
500000.00,500000.00,506950.38,8,8,8,8,8,0.015842,0.8913,1.0000
500000.00,500000.00,492637.63,8,8,8,8,8,0.015395,0.9204,1.0000
500000.00,500000.00,509346.01,8,8,8,8,8,0.015917,0.9179,1.0000
500000.00,500000.00,499656.68,8,8,8,8,8,0.015614,0.8820,1.0000
500000.00,500000.00,494148.25,8,8,8,8,8,0.015442,0.9307,1.0000
500000.00,500000.00,521831.51,8,8,8,8,8,0.016307,0.8678,1.0000
500000.00,500000.00,509872.44,8,8,8,8,8,0.015934,0.9123,1.0000
500000.00,500000.00,509941.10,8,8,8,8,8,0.015936,0.9196,1.0000
500000.00,500000.00,496788.02,8,8,8,8,8,0.015525,0.9053,1.0000
500000.00,500000.00,518573.76,8,8,8,8,8,0.016205,0.9280,1.0000
500000.00,500000.00,510498.05,8,8,8,8,8,0.015953,0.9287,1.0000
500000.00,500000.00,494009.97,8,8,8,8,8,0.015438,0.8888,1.0000
500000.00,500000.00,491092.68,8,8,8,8,8,0.015347,0.8713,1.0000
500000.00,500000.00,505393.98,8,8,8,8,8,0.015794,0.8187,1.0000
500000.00,500000.00,509117.13,8,8,8,8,8,0.015910,0.8155,1.0000
500000.00,500000.00,513137.82,8,8,8,8,8,0.016036,0.9194,1.0000
500000.00,500000.00,519484.52,8,8,8,8,8,0.016234,0.8978,1.0000
500000.00,500000.00,492543.22,8,8,8,8,8,0.015392,0.8367,1.0000
500000.00,500000.00,525466.92,8,8,8,8,8,0.016421,0.9169,1.0000
500000.00,500000.00,493099.21,8,8,8,8,8,0.015409,0.9316,1.0000
500000.00,500000.00,503028.87,8,8,8,8,8,0.015720,0.8025,1.0000
500000.00,500000.00,501176.83,8,8,8,8,8,0.015662,0.9366,1.0000
500000.00,500000.00,507522.58,8,8,8,8,8,0.015860,0.8072,1.0000
500000.00,500000.00,499244.69,8,8,8,8,8,0.015601,0.8924,1.0000
500000.00,500000.00,497488.02,8,8,8,8,8,0.015547,0.8578,1.0000
500000.00,500000.00,501012.80,8,8,8,8,8,0.015657,0.8270,1.0000
500000.00,500000.00,494323.73,8,8,8,8,8,0.015448,0.8936,1.0000
500000.00,500000.00,514106.75,8,8,8,8,8,0.016066,0.8901,1.0000
500000.00,500000.00,497253.42,8,8,8,8,8,0.015539,0.7207,1.0000
500000.00,500000.00,494842.53,8,8,8,8,8,0.015464,0.9209,1.0000
500000.00,500000.00,515075.68,8,8,8,8,8,0.016096,0.8451,1.0000
500000.00,500000.00,511917.11,8,8,8,8,8,0.015997,0.8891,1.0000
500000.00,500000.00,501903.53,8,8,8,8,8,0.015684,0.9114,1.0000
500000.00,500000.00,513858.80,8,8,8,8,8,0.016058,0.8459,1.0000
500000.00,500000.00,494640.35,8,8,8,8,8,0.015458,0.9362,1.0000
500000.00,500000.00,494354.25,8,8,8,8,8,0.015449,0.9359,1.0000
500000.00,500000.00,512977.60,8,8,8,8,8,0.016031,0.8857,1.0000
500000.00,500000.00,501853.94,8,8,8,8,8,0.015683,0.9347,1.0000
500000.00,500000.00,508182.53,8,8,8,8,8,0.015881,0.9246,1.0000
500000.00,500000.00,505874.63,8,8,8,8,8,0.015809,0.9447,1.0000
500000.00,500000.00,498909.00,8,8,8,8,8,0.015591,0.8636,1.0000
500000.00,500000.00,517288.21,8,8,8,8,8,0.016165,0.9213,1.0000
500000.00,500000.00,520439.15,8,8,8,8,8,0.016264,0.7746,1.0000
500000.00,500000.00,468040.47,8,8,8,8,8,0.014626,0.9229,1.0000
500000.00,500000.00,504963.87,8,8,8,8,8,0.015780,0.8475,1.0000
500000.00,500000.00,500745.77,8,8,8,8,8,0.015648,0.9082,1.0000
500000.00,500000.00,488111.50,8,8,8,8,8,0.015253,0.9422,1.0000
500000.00,500000.00,512170.79,8,8,8,8,8,0.016005,0.7551,1.0000
500000.00,500000.00,497398.38,8,8,8,8,8,0.015544,0.9080,1.0000
500000.00,500000.00,494443.89,8,8,8,8,8,0.015451,0.8023,1.0000
500000.00,500000.00,494085.31,8,8,8,8,8,0.015440,0.8977,1.0000
500000.00,500000.00,510402.68,8,8,8,8,8,0.015950,0.7781,1.0000
500000.00,500000.00,489875.79,8,8,8,8,8,0.015309,0.9242,1.0000
500000.00,500000.00,505142.21,8,8,8,8,8,0.015786,0.8023,1.0000
500000.00,500000.00,526088.71,8,8,8,8,8,0.016440,0.9687,1.0000
500000.00,500000.00,504102.71,8,8,8,8,8,0.015753,0.9469,1.0000
500000.00,500000.00,509101.87,8,8,8,8,8,0.015909,0.9277,1.0000
500000.00,500000.00,507278.44,8,8,8,8,8,0.015852,0.8769,1.0000
500000.00,500000.00,520225.52,8,8,8,8,8,0.016257,0.9403,1.0000
500000.00,500000.00,501096.73,8,8,8,8,8,0.015659,0.9340,1.0000
500000.00,500000.00,497753.14,8,8,8,8,8,0.015555,0.9300,1.0000
500000.00,500000.00,529529.57,8,8,8,8,8,0.016548,0.7735,1.0000
500000.00,500000.00,514078.14,8,8,8,8,8,0.016065,0.7507,1.0000
500000.00,500000.00,504463.20,8,8,8,8,8,0.015764,0.8924,1.0000
500000.00,500000.00,507838.25,8,8,8,8,8,0.015870,0.8340,1.0000
500000.00,500000.00,500047.68,8,8,8,8,8,0.015626,0.9302,1.0000
500000.00,500000.00,527210.24,8,8,8,8,8,0.016475,0.9144,1.0000
500000.00,500000.00,502202.03,8,8,8,8,8,0.015694,0.8604,1.0000
500000.00,500000.00,494234.09,8,8,8,8,8,0.015445,0.9526,1.0000
500000.00,500000.00,511774.06,8,8,8,8,8,0.015993,0.9409,1.0000
500000.00,500000.00,502065.66,8,8,8,8,8,0.015690,0.8664,1.0000
500000.00,500000.00,497512.82,8,8,8,8,8,0.015547,0.9299,1.0000
500000.00,500000.00,504121.78,8,8,8,8,8,0.015754,0.9084,1.0000
500000.00,500000.00,484409.33,8,8,8,8,8,0.015138,0.9149,1.0000
500000.00,500000.00,511930.47,8,8,8,8,8,0.015998,0.8015,1.0000
500000.00,500000.00,505249.02,8,8,8,8,8,0.015789,0.7613,1.0000
500000.00,500000.00,501577.38,8,8,8,8,8,0.015674,0.8325,1.0000
500000.00,500000.00,504611.97,8,8,8,8,8,0.015769,0.7514,1.0000
500000.00,500000.00,496402.74,8,8,8,8,8,0.015513,0.9359,1.0000
500000.00,500000.00,501075.74,8,8,8,8,8,0.015659,0.8121,1.0000
500000.00,500000.00,498634.34,8,8,8,8,8,0.015582,0.9200,1.0000
500000.00,500000.00,513035.77,8,8,8,8,8,0.016032,0.7456,1.0000
500000.00,500000.00,502967.83,8,8,8,8,8,0.015718,0.8182,1.0000
500000.00,500000.00,514022.83,8,8,8,8,8,0.016063,0.8310,1.0000
500000.00,500000.00,494117.74,8,8,8,8,8,0.015441,0.9554,1.0000
500000.00,500000.00,495502.47,8,8,8,8,8,0.015484,0.9218,1.0000
500000.00,500000.00,507198.33,8,8,8,8,8,0.015850,0.8827,1.0000
500000.00,500000.00,494293.21,8,8,8,8,8,0.015447,0.8061,1.0000
500000.00,500000.00,581069.95,8,8,8,8,8,0.018158,0.7103,1.0000
500000.00,500000.00,592437.74,8,8,8,8,8,0.018514,0.8501,1.0000
500000.00,500000.00,567665.10,8,8,8,8,8,0.017740,0.7943,1.0000
500000.00,500000.00,581512.45,8,8,8,8,8,0.018172,0.7667,1.0000
500000.00,500000.00,500648.50,8,8,8,8,8,0.015645,0.9366,1.0000
500000.00,500000.00,516803.74,8,8,8,8,8,0.016150,0.7712,1.0000
500000.00,500000.00,551433.56,8,8,8,8,8,0.017232,0.8582,1.0000
500000.00,500000.00,548446.66,8,8,8,8,8,0.017139,0.7953,1.0000
500000.00,500000.00,516838.07,8,8,8,8,8,0.016151,0.9250,1.0000
500000.00,500000.00,522254.94,8,8,8,8,8,0.016320,0.8835,1.0000
500000.00,500000.00,513084.41,8,8,8,8,8,0.016034,0.8572,1.0000
500000.00,500000.00,530105.59,8,8,8,8,8,0.016566,0.8924,1.0000
500000.00,500000.00,537944.79,8,8,8,8,8,0.016811,0.8843,1.0000
500000.00,500000.00,520454.41,8,8,8,8,8,0.016264,0.7775,1.0000
500000.00,500000.00,509864.81,8,8,8,8,8,0.015933,0.9113,1.0000
500000.00,500000.00,511703.49,8,8,8,8,8,0.015991,0.8909,1.0000
500000.00,500000.00,513355.26,8,8,8,8,8,0.016042,0.8081,1.0000
500000.00,500000.00,496856.69,8,8,8,8,8,0.015527,0.9089,1.0000
500000.00,500000.00,509841.92,8,8,8,8,8,0.015933,0.7985,1.0000
500000.00,500000.00,549568.18,8,8,8,8,8,0.017174,0.8821,1.0000
500000.00,500000.00,542739.87,8,8,8,8,8,0.016961,0.7987,1.0000
500000.00,500000.00,513519.29,8,8,8,8,8,0.016047,0.9197,1.0000
500000.00,500000.00,493560.79,8,8,8,8,8,0.015424,0.9062,1.0000
500000.00,500000.00,502109.53,8,8,8,8,8,0.015691,0.8462,1.0000
500000.00,500000.00,504135.13,8,8,8,8,8,0.015754,0.9006,1.0000
500000.00,500000.00,495788.57,8,8,8,8,8,0.015493,0.8769,1.0000
500000.00,500000.00,470123.29,8,8,8,8,8,0.014691,0.7699,1.0000
500000.00,500000.00,514720.92,8,8,8,8,8,0.016085,0.7230,1.0000
500000.00,500000.00,497322.08,8,8,8,8,8,0.015541,0.8626,1.0000
500000.00,500000.00,545890.81,8,8,8,8,8,0.017059,0.7976,1.0000
500000.00,500000.00,474071.50,8,8,8,8,8,0.014815,0.8850,1.0000
500000.00,500000.00,491626.74,8,8,8,8,8,0.015363,0.8674,1.0000
500000.00,500000.00,493621.83,8,8,8,8,8,0.015426,0.8222,1.0000
500000.00,500000.00,497900.01,8,8,8,8,8,0.015559,0.7947,1.0000
500000.00,500000.00,521766.66,8,8,8,8,8,0.016305,0.9097,1.0000
500000.00,500000.00,604835.51,8,8,9,8,9,0.018901,0.7773,1.0000
500000.00,500000.00,502117.16,8,8,8,8,8,0.015691,0.9473,1.0000
500000.00,500000.00,510288.24,8,8,8,8,8,0.015947,0.8062,1.0000
500000.00,500000.00,514633.18,8,8,8,8,8,0.016082,0.8296,1.0000
500000.00,500000.00,512088.78,8,8,8,8,8,0.016003,0.9310,1.0000
500000.00,500000.00,487247.47,8,8,8,8,8,0.015226,0.8839,1.0000
500000.00,500000.00,490125.66,8,8,8,8,8,0.015316,0.8907,1.0000
500000.00,500000.00,508085.25,8,8,8,8,8,0.015878,0.8382,1.0000
500000.00,500000.00,505353.93,8,8,8,8,8,0.015792,0.8595,1.0000
500000.00,500000.00,516115.19,8,8,8,8,8,0.016129,0.9483,1.0000
500000.00,500000.00,501110.08,8,8,8,8,8,0.015660,0.9067,1.0000
500000.00,500000.00,504701.61,8,8,8,8,8,0.015772,0.8641,1.0000
500000.00,500000.00,498008.73,8,8,8,8,8,0.015563,0.9580,1.0000
500000.00,500000.00,498733.52,8,8,8,8,8,0.015585,0.9483,1.0000
500000.00,500000.00,511438.37,8,8,8,8,8,0.015982,0.8241,1.0000
500000.00,500000.00,500644.68,8,8,8,8,8,0.015645,0.9003,1.0000
500000.00,500000.00,522499.08,8,8,8,8,8,0.016328,0.7113,1.0000
500000.00,500000.00,526733.40,8,8,8,8,8,0.016460,0.8747,1.0000
500000.00,500000.00,528205.87,8,8,8,8,8,0.016506,0.8404,1.0000
500000.00,500000.00,490400.31,8,8,8,8,8,0.015325,0.8239,1.0000
500000.00,500000.00,494297.03,8,8,8,8,8,0.015447,0.7686,1.0000
500000.00,500000.00,489898.68,8,8,8,8,8,0.015309,0.7436,1.0000
500000.00,500000.00,529804.23,8,8,8,8,8,0.016556,0.8696,1.0000
500000.00,500000.00,533782.96,8,8,8,8,8,0.016681,0.8683,1.0000
500000.00,500000.00,518516.54,8,8,8,8,8,0.016204,0.8339,1.0000
500000.00,500000.00,510459.90,8,8,8,8,8,0.015952,0.9427,1.0000
500000.00,500000.00,534927.37,8,8,8,8,8,0.016716,0.9006,1.0000
500000.00,500000.00,501792.91,8,8,8,8,8,0.015681,0.9333,1.0000
500000.00,500000.00,497453.69,8,8,8,8,8,0.015545,0.9261,1.0000
500000.00,500000.00,476654.05,8,8,8,8,8,0.014895,0.9017,1.0000
500000.00,500000.00,509471.89,8,8,8,8,8,0.015921,0.8568,1.0000
500000.00,500000.00,500205.99,8,8,8,8,8,0.015631,0.9332,1.0000
500000.00,500000.00,506179.81,8,8,8,8,8,0.015818,0.8154,1.0000
500000.00,500000.00,509700.78,8,8,8,8,8,0.015928,0.9005,1.0000
500000.00,500000.00,501024.25,8,8,8,8,8,0.015657,0.7342,1.0000
500000.00,500000.00,496753.69,8,8,8,8,8,0.015524,0.8916,1.0000
500000.00,500000.00,527570.72,8,8,8,8,8,0.016487,0.8310,1.0000
500000.00,500000.00,501726.15,8,8,8,8,8,0.015679,0.8491,1.0000
500000.00,500000.00,478885.65,8,8,8,8,8,0.014965,0.8586,1.0000
500000.00,500000.00,507713.32,8,8,8,8,8,0.015866,0.8278,1.0000
500000.00,500000.00,520748.14,8,8,8,8,8,0.016273,0.7863,1.0000
500000.00,500000.00,508634.57,8,8,8,8,8,0.015895,0.9118,1.0000
500000.00,500000.00,489585.88,8,8,8,8,8,0.015300,0.9046,1.0000
500000.00,500000.00,512735.37,8,8,8,8,8,0.016023,0.9558,1.0000
500000.00,500000.00,514678.96,8,8,8,8,8,0.016084,0.7498,1.0000
500000.00,500000.00,519138.34,8,8,8,8,8,0.016223,0.8945,1.0000
500000.00,500000.00,507904.05,8,8,8,8,8,0.015872,0.8742,1.0000
500000.00,500000.00,507267.00,8,8,8,8,8,0.015852,0.9283,1.0000
500000.00,500000.00,507289.89,8,8,8,8,8,0.015853,0.9224,1.0000
500000.00,500000.00,491794.59,8,8,8,8,8,0.015369,0.7989,1.0000
500000.00,500000.00,506076.81,8,8,8,8,8,0.015815,0.7687,1.0000
500000.00,500000.00,497945.79,8,8,8,8,8,0.015561,0.9118,1.0000
500000.00,500000.00,501932.14,8,8,8,8,8,0.015685,0.7556,1.0000
500000.00,500000.00,499961.85,8,8,8,8,8,0.015624,0.7589,1.0000
500000.00,500000.00,492004.39,8,8,8,8,8,0.015375,0.8926,1.0000
500000.00,500000.00,493434.91,8,8,8,8,8,0.015420,0.8813,1.0000
500000.00,500000.00,502790.45,8,8,8,8,8,0.015712,0.9204,1.0000
500000.00,500000.00,506427.76,8,8,8,8,8,0.015826,0.9002,1.0000
500000.00,500000.00,498790.74,8,8,8,8,8,0.015587,0.9286,1.0000
500000.00,500000.00,504276.28,8,8,8,8,8,0.015759,0.8820,1.0000
500000.00,500000.00,517963.41,8,8,8,8,8,0.016186,0.8897,1.0000
500000.00,500000.00,518304.82,8,8,8,8,8,0.016197,0.8950,1.0000
500000.00,500000.00,506187.44,8,8,8,8,8,0.015818,0.9053,1.0000
500000.00,500000.00,502530.10,8,8,8,8,8,0.015704,0.8157,1.0000
500000.00,500000.00,495099.07,8,8,8,8,8,0.015472,0.9202,1.0000
500000.00,500000.00,504325.87,8,8,8,8,8,0.015760,0.9081,1.0000
500000.00,500000.00,512525.56,8,8,8,8,8,0.016016,0.8889,1.0000
500000.00,500000.00,520729.06,8,8,8,8,8,0.016273,0.8974,1.0000
500000.00,500000.00,508022.31,8,8,8,8,8,0.015876,0.8384,1.0000
500000.00,500000.00,559551.24,8,8,8,8,8,0.017486,0.9259,1.0000
500000.00,500000.00,494026.18,8,8,8,8,8,0.015438,0.9111,1.0000
500000.00,500000.00,486282.35,8,8,8,8,8,0.015196,0.8252,1.0000
500000.00,500000.00,531433.11,8,8,8,8,8,0.016607,0.8166,1.0000
500000.00,500000.00,550735.47,8,8,8,8,8,0.017210,0.7776,1.0000
500000.00,500000.00,482437.13,8,8,8,8,8,0.015076,0.8218,1.0000
500000.00,500000.00,497615.81,8,8,8,8,8,0.015550,0.8151,1.0000
500000.00,500000.00,475585.94,8,8,8,8,8,0.014862,0.8879,1.0000
500000.00,500000.00,564483.64,8,8,8,8,8,0.017640,0.8400,1.0000
500000.00,500000.00,473289.49,8,8,8,8,8,0.014790,0.7007,1.0000
500000.00,500000.00,508613.59,8,8,8,8,8,0.015894,0.8464,1.0000
500000.00,500000.00,491397.86,8,8,8,8,8,0.015356,0.8333,1.0000
500000.00,500000.00,515525.82,8,8,8,8,8,0.016110,0.8394,1.0000
500000.00,500000.00,481300.35,8,8,8,8,8,0.015041,0.9015,1.0000
500000.00,500000.00,496465.68,8,8,8,8,8,0.015515,0.8820,1.0000
500000.00,500000.00,498140.34,8,8,8,8,8,0.015567,0.8876,1.0000
500000.00,500000.00,481462.48,8,8,8,8,8,0.015046,0.9240,1.0000
500000.00,500000.00,502764.70,8,8,8,8,8,0.015711,0.9094,1.0000
500000.00,500000.00,502302.17,8,8,8,8,8,0.015697,0.8364,1.0000
500000.00,500000.00,499405.86,8,8,8,8,8,0.015606,0.8863,1.0000
500000.00,500000.00,503755.57,8,8,8,8,8,0.015742,0.9020,1.0000
500000.00,500000.00,501344.68,8,8,8,8,8,0.015667,0.9075,1.0000
500000.00,500000.00,515916.82,8,8,8,8,8,0.016122,0.7243,1.0000
500000.00,500000.00,530193.33,8,8,8,8,8,0.016569,0.9343,1.0000
500000.00,500000.00,486709.59,8,8,8,8,8,0.015210,0.8973,1.0000
500000.00,500000.00,483284.00,8,8,8,8,8,0.015103,0.9468,1.0000
500000.00,500000.00,494022.37,8,8,8,8,8,0.015438,0.9429,1.0000
500000.00,500000.00,497953.41,8,8,8,8,8,0.015561,0.8256,1.0000
500000.00,500000.00,514331.82,8,8,8,8,8,0.016073,0.9195,1.0000
500000.00,500000.00,519123.08,8,8,8,8,8,0.016223,0.8607,1.0000
500000.00,500000.00,488033.29,8,8,8,8,8,0.015251,0.9003,1.0000
500000.00,500000.00,502101.90,8,8,8,8,8,0.015691,0.8918,1.0000
500000.00,500000.00,521600.72,8,8,8,8,8,0.016300,0.8222,1.0000
500000.00,500000.00,495407.10,8,8,8,8,8,0.015481,0.9190,1.0000
500000.00,500000.00,509452.82,8,8,8,8,8,0.015920,0.8890,1.0000
500000.00,500000.00,511615.75,8,8,8,8,8,0.015988,0.7921,1.0000
500000.00,500000.00,515766.14,8,8,8,8,8,0.016118,0.9084,1.0000
500000.00,500000.00,485778.81,8,8,8,8,8,0.015181,0.9122,1.0000
500000.00,500000.00,492393.49,8,8,8,8,8,0.015387,0.8867,1.0000
500000.00,500000.00,493019.10,8,8,8,8,8,0.015407,0.9138,1.0000
500000.00,500000.00,500320.43,8,8,8,8,8,0.015635,0.9044,1.0000
500000.00,500000.00,488018.04,8,8,8,8,8,0.015251,0.8676,1.0000
500000.00,500000.00,466678.62,8,8,8,8,8,0.014584,0.7447,1.0000
500000.00,500000.00,558483.12,8,8,8,8,8,0.017453,0.9129,1.0000
500000.00,500000.00,567428.59,8,8,8,8,8,0.017732,0.7267,1.0000
500000.00,500000.00,486732.48,8,8,8,8,8,0.015210,0.9449,1.0000
500000.00,500000.00,499473.57,8,8,8,8,8,0.015609,0.9097,1.0000
500000.00,500000.00,515806.20,8,8,8,8,8,0.016119,0.9094,1.0000
500000.00,500000.00,512582.78,8,8,8,8,8,0.016018,0.8151,1.0000
500000.00,500000.00,508127.21,8,8,8,8,8,0.015879,0.9159,1.0000
500000.00,500000.00,551418.30,8,8,8,8,8,0.017232,0.9067,1.0000
500000.00,500000.00,529624.94,8,8,8,8,8,0.016551,0.8458,1.0000
500000.00,500000.00,531009.67,8,8,8,8,8,0.016594,0.8371,1.0000
500000.00,500000.00,516067.50,8,8,8,8,8,0.016127,0.9401,1.0000
500000.00,500000.00,515300.75,8,8,8,8,8,0.016103,0.8188,1.0000
500000.00,500000.00,514057.16,8,8,8,8,8,0.016064,0.8949,1.0000
500000.00,500000.00,515487.67,8,8,8,8,8,0.016109,0.8936,1.0000
500000.00,500000.00,494300.84,8,8,8,8,8,0.015447,0.9171,1.0000
500000.00,500000.00,528785.71,8,8,8,8,8,0.016525,0.8079,1.0000
500000.00,500000.00,504043.58,8,8,8,8,8,0.015751,0.8838,1.0000
500000.00,500000.00,523685.46,8,8,8,8,8,0.016365,0.8157,1.0000
500000.00,500000.00,538055.42,8,8,8,8,8,0.016814,0.8242,1.0000
500000.00,500000.00,526626.59,8,8,8,8,8,0.016457,0.9195,1.0000
500000.00,500000.00,515106.20,8,8,8,8,8,0.016097,0.8657,1.0000
500000.00,500000.00,544563.29,8,8,8,8,8,0.017018,0.8359,1.0000
500000.00,500000.00,522575.38,8,8,8,8,8,0.016330,0.8989,1.0000
500000.00,500000.00,526393.89,8,8,8,8,8,0.016450,0.7952,1.0000
500000.00,500000.00,533435.82,8,8,8,8,8,0.016670,0.8564,1.0000
500000.00,500000.00,517555.24,8,8,8,8,8,0.016174,0.7959,1.0000
500000.00,500000.00,498458.86,8,8,8,8,8,0.015577,0.8961,1.0000
500000.00,500000.00,498443.60,8,8,8,8,8,0.015576,0.9047,1.0000
500000.00,500000.00,503601.07,8,8,8,8,8,0.015738,0.9378,1.0000
500000.00,500000.00,509979.25,8,8,8,8,8,0.015937,0.7444,1.0000
500000.00,500000.00,498821.26,8,8,8,8,8,0.015588,0.9277,1.0000
500000.00,500000.00,488388.06,8,8,8,8,8,0.015262,0.9063,1.0000
500000.00,500000.00,508834.84,8,8,8,8,8,0.015901,0.9381,1.0000
500000.00,500000.00,494777.68,8,8,8,8,8,0.015462,0.9496,1.0000
500000.00,500000.00,489147.19,8,8,8,8,8,0.015286,0.9246,1.0000
500000.00,500000.00,505638.12,8,8,8,8,8,0.015801,0.8211,1.0000
500000.00,500000.00,499553.68,8,8,8,8,8,0.015611,0.9267,1.0000
500000.00,500000.00,487976.07,8,8,8,8,8,0.015249,0.9199,1.0000
500000.00,500000.00,503875.73,8,8,8,8,8,0.015746,0.9348,1.0000
500000.00,500000.00,505729.68,8,8,8,8,8,0.015804,0.8617,1.0000
500000.00,500000.00,471405.03,8,8,8,8,8,0.014731,0.8528,1.0000
500000.00,500000.00,479007.72,8,8,8,8,8,0.014969,0.7446,1.0000
500000.00,500000.00,515441.89,8,8,8,8,8,0.016108,0.7803,1.0000
500000.00,500000.00,495811.46,8,8,8,8,8,0.015494,0.9399,1.0000
500000.00,500000.00,479091.64,8,8,8,8,8,0.014972,0.8870,1.0000
500000.00,500000.00,507263.18,8,8,8,8,8,0.015852,0.7838,1.0000
500000.00,500000.00,522481.92,8,8,8,8,8,0.016328,0.9291,1.0000
500000.00,500000.00,517015.46,8,8,8,8,8,0.016157,0.9100,1.0000
500000.00,500000.00,515220.64,8,8,8,8,8,0.016101,0.8793,1.0000
500000.00,500000.00,516372.68,8,8,8,8,8,0.016137,0.8633,1.0000
500000.00,500000.00,510955.81,8,8,8,8,8,0.015967,0.9133,1.0000
500000.00,500000.00,500652.31,8,8,8,8,8,0.015645,0.9233,1.0000
500000.00,500000.00,503328.32,8,8,8,8,8,0.015729,0.8456,1.0000
500000.00,500000.00,501338.96,8,8,8,8,8,0.015667,0.9335,1.0000
500000.00,500000.00,489851.00,8,8,8,8,8,0.015308,0.9027,1.0000
500000.00,500000.00,514108.66,8,8,8,8,8,0.016066,0.8402,1.0000
500000.00,500000.00,509204.86,8,8,8,8,8,0.015913,0.9219,1.0000
500000.00,500000.00,504219.06,8,8,8,8,8,0.015757,0.7915,1.0000
500000.00,500000.00,510070.80,8,8,8,8,8,0.015940,0.9401,1.0000
500000.00,500000.00,504241.94,8,8,8,8,8,0.015758,0.9164,1.0000
500000.00,500000.00,517940.52,8,8,8,8,8,0.016186,0.7546,1.0000
500000.00,500000.00,507713.32,8,8,8,8,8,0.015866,0.9262,1.0000
500000.00,500000.00,494483.95,8,8,8,8,8,0.015453,0.9146,1.0000
500000.00,500000.00,499053.96,8,8,8,8,8,0.015595,0.9098,1.0000
500000.00,500000.00,505355.83,8,8,8,8,8,0.015792,0.7507,1.0000
500000.00,500000.00,502365.11,8,8,8,8,8,0.015699,0.9322,1.0000
500000.00,500000.00,500434.88,8,8,8,8,8,0.015639,0.7941,1.0000
500000.00,500000.00,512077.33,8,8,8,8,8,0.016002,0.8385,1.0000
500000.00,500000.00,491798.40,8,8,8,8,8,0.015369,0.8890,1.0000
500000.00,500000.00,502937.32,8,8,8,8,8,0.015717,0.9113,1.0000
500000.00,500000.00,508689.88,8,8,8,8,8,0.015897,0.8908,1.0000
500000.00,500000.00,507240.30,8,8,8,8,8,0.015851,0.9323,1.0000
500000.00,500000.00,511253.36,8,8,8,8,8,0.015977,0.9261,1.0000
500000.00,500000.00,477882.39,8,8,8,8,8,0.014934,0.9531,1.0000
500000.00,500000.00,487983.70,8,8,8,8,8,0.015249,0.9278,1.0000
500000.00,500000.00,504417.42,8,8,8,8,8,0.015763,0.8689,1.0000
500000.00,500000.00,494441.99,8,8,8,8,8,0.015451,0.8938,1.0000
500000.00,500000.00,504264.83,8,8,8,8,8,0.015758,0.9010,1.0000
500000.00,500000.00,518623.35,8,8,8,8,8,0.016207,0.7685,1.0000
500000.00,500000.00,534706.12,8,8,8,8,8,0.016710,0.7584,1.0000
500000.00,500000.00,514038.09,8,8,8,8,8,0.016064,0.9201,1.0000
500000.00,500000.00,505210.88,8,8,8,8,8,0.015788,0.8865,1.0000
500000.00,500000.00,527076.72,8,8,8,8,8,0.016471,0.7282,1.0000
500000.00,500000.00,506698.61,8,8,8,8,8,0.015834,0.9023,1.0000
500000.00,500000.00,532867.43,8,8,8,8,8,0.016652,0.7234,1.0000
500000.00,500000.00,518028.26,8,8,8,8,8,0.016188,0.9036,1.0000
500000.00,500000.00,513328.55,8,8,8,8,8,0.016042,0.9301,1.0000
500000.00,500000.00,494281.77,8,8,8,8,8,0.015446,0.8709,1.0000
500000.00,500000.00,514663.70,8,8,8,8,8,0.016083,0.8045,1.0000
500000.00,500000.00,493247.99,8,8,8,8,8,0.015414,0.8898,1.0000
500000.00,500000.00,512624.74,8,8,8,8,8,0.016020,0.8430,1.0000
500000.00,500000.00,516790.39,8,8,8,8,8,0.016150,0.7890,1.0000
500000.00,500000.00,525802.61,8,8,8,8,8,0.016431,0.8588,1.0000
500000.00,500000.00,548078.54,8,8,8,8,8,0.017127,0.9337,1.0000
500000.00,500000.00,517307.28,8,8,8,8,8,0.016166,0.9203,1.0000
500000.00,500000.00,522380.83,8,8,8,8,8,0.016324,0.8455,1.0000
500000.00,500000.00,499935.15,8,8,8,8,8,0.015623,0.9286,1.0000
500000.00,500000.00,506179.81,8,8,8,8,8,0.015818,0.8852,1.0000
500000.00,500000.00,512966.16,8,8,8,8,8,0.016030,0.8483,1.0000
500000.00,500000.00,523887.63,8,8,8,8,8,0.016371,0.8698,1.0000
500000.00,500000.00,507360.46,8,8,8,8,8,0.015855,0.9436,1.0000
500000.00,500000.00,498472.21,8,8,8,8,8,0.015577,0.9004,1.0000
500000.00,500000.00,496885.30,8,8,8,8,8,0.015528,0.9112,1.0000
500000.00,500000.00,500062.94,8,8,8,8,8,0.015627,0.8110,1.0000
500000.00,500000.00,516029.36,8,8,8,8,8,0.016126,0.9493,1.0000
500000.00,500000.00,512783.05,8,8,8,8,8,0.016024,0.7859,1.0000
500000.00,500000.00,502784.73,8,8,8,8,8,0.015712,0.9204,1.0000
500000.00,500000.00,507884.98,8,8,8,8,8,0.015871,0.7432,1.0000
500000.00,500000.00,497280.12,8,8,8,8,8,0.015540,0.8839,1.0000
500000.00,500000.00,497943.88,8,8,8,8,8,0.015561,0.7220,1.0000
500000.00,500000.00,495918.27,8,8,8,8,8,0.015497,0.9321,1.0000
500000.00,500000.00,504764.56,8,8,8,8,8,0.015774,0.8315,1.0000
500000.00,500000.00,491369.25,8,8,8,8,8,0.015355,0.9073,1.0000
500000.00,500000.00,493793.49,8,8,8,8,8,0.015431,0.8968,1.0000
500000.00,500000.00,497131.35,8,8,8,8,8,0.015535,0.8652,1.0000
500000.00,500000.00,493450.16,8,8,8,8,8,0.015420,0.9173,1.0000
500000.00,500000.00,491266.25,8,8,8,8,8,0.015352,0.7333,1.0000
500000.00,500000.00,509278.30,8,8,8,8,8,0.015915,0.7877,1.0000
500000.00,500000.00,492256.16,8,8,8,8,8,0.015383,0.9203,1.0000
500000.00,500000.00,504192.35,8,8,8,8,8,0.015756,0.8672,1.0000
500000.00,500000.00,561187.74,8,8,8,8,8,0.017537,0.7826,1.0000
500000.00,500000.00,573669.43,8,8,8,8,8,0.017927,0.8379,1.0000
500000.00,500000.00,617958.07,8,8,9,8,9,0.019311,0.7582,1.0000
500000.00,500000.00,505821.23,8,8,8,8,8,0.015807,0.7026,1.0000
500000.00,500000.00,521812.44,8,8,8,8,8,0.016307,0.8296,1.0000
500000.00,500000.00,527271.27,8,8,8,8,8,0.016477,0.8557,1.0000
500000.00,500000.00,524658.20,8,8,8,8,8,0.016396,0.9206,1.0000
500000.00,500000.00,509086.61,8,8,8,8,8,0.015909,0.9090,1.0000
500000.00,500000.00,536315.92,8,8,8,8,8,0.016760,0.7202,1.0000
500000.00,500000.00,489418.03,8,8,8,8,8,0.015294,0.8943,1.0000
500000.00,500000.00,520401.00,8,8,8,8,8,0.016263,0.8489,1.0000
500000.00,500000.00,511619.57,8,8,8,8,8,0.015988,0.8233,1.0000
500000.00,500000.00,524677.28,8,8,8,8,8,0.016396,0.8831,1.0000
500000.00,500000.00,538665.77,8,8,8,8,8,0.016833,0.8649,1.0000
500000.00,500000.00,521953.58,8,8,8,8,8,0.016311,0.8085,1.0000
500000.00,500000.00,518066.41,8,8,8,8,8,0.016190,0.9252,1.0000
500000.00,500000.00,505088.81,8,8,8,8,8,0.015784,0.7858,1.0000
500000.00,500000.00,505439.76,8,8,8,8,8,0.015795,0.9107,1.0000
500000.00,500000.00,501396.18,8,8,8,8,8,0.015669,0.8177,1.0000
500000.00,500000.00,515956.88,8,8,8,8,8,0.016124,0.8871,1.0000
500000.00,500000.00,525619.51,8,8,8,8,8,0.016426,0.8181,1.0000
500000.00,500000.00,536567.69,8,8,8,8,8,0.016768,0.9043,1.0000
500000.00,500000.00,524398.80,8,8,8,8,8,0.016387,0.8269,1.0000
500000.00,500000.00,517654.42,8,8,8,8,8,0.016177,0.7611,1.0000
500000.00,500000.00,515676.50,8,8,8,8,8,0.016115,0.7582,1.0000
500000.00,500000.00,522216.80,8,8,8,8,8,0.016319,0.8601,1.0000
500000.00,500000.00,503463.75,8,8,8,8,8,0.015733,0.9122,1.0000
500000.00,500000.00,504810.33,8,8,8,8,8,0.015775,0.8884,1.0000
500000.00,500000.00,500514.98,8,8,8,8,8,0.015641,0.8293,1.0000
500000.00,500000.00,520530.70,8,8,8,8,8,0.016267,0.7222,1.0000
500000.00,500000.00,584909.44,8,8,8,8,8,0.018278,0.8700,1.0000
500000.00,500000.00,495666.50,8,8,8,8,8,0.015490,0.9071,1.0000
500000.00,500000.00,504207.61,8,8,8,8,8,0.015756,0.8978,1.0000
500000.00,500000.00,504783.63,8,8,8,8,8,0.015774,0.7044,1.0000
500000.00,500000.00,500030.52,8,8,8,8,8,0.015626,0.9046,1.0000
500000.00,500000.00,494926.45,8,8,8,8,8,0.015466,0.8549,1.0000
500000.00,500000.00,517728.81,8,8,8,8,8,0.016179,0.9352,1.0000
500000.00,500000.00,527561.19,8,8,8,8,8,0.016486,0.8957,1.0000
500000.00,500000.00,507659.91,8,8,8,8,8,0.015864,0.9249,1.0000
500000.00,500000.00,478788.38,8,8,8,8,8,0.014962,0.7635,1.0000
500000.00,500000.00,496820.45,8,8,8,8,8,0.015526,0.7513,1.0000
500000.00,500000.00,501262.66,8,8,8,8,8,0.015664,0.8976,1.0000
500000.00,500000.00,497447.97,8,8,8,8,8,0.015545,0.9078,1.0000
500000.00,500000.00,512466.43,8,8,8,8,8,0.016015,0.8660,1.0000
500000.00,500000.00,536796.57,8,8,8,8,8,0.016775,0.8739,1.0000
500000.00,500000.00,495853.42,8,8,8,8,8,0.015495,0.9295,1.0000
500000.00,500000.00,513530.73,8,8,8,8,8,0.016048,0.9054,1.0000
500000.00,500000.00,503551.48,8,8,8,8,8,0.015736,0.9305,1.0000
500000.00,500000.00,514144.90,8,8,8,8,8,0.016067,0.9078,1.0000
500000.00,500000.00,516986.85,8,8,8,8,8,0.016156,0.7382,1.0000
500000.00,500000.00,520061.49,8,8,8,8,8,0.016252,0.8460,1.0000
500000.00,500000.00,497764.59,8,8,8,8,8,0.015555,0.9141,1.0000
500000.00,500000.00,520460.13,8,8,8,8,8,0.016264,0.8786,1.0000
500000.00,500000.00,510374.07,8,8,8,8,8,0.015949,0.9112,1.0000
500000.00,500000.00,515892.03,8,8,8,8,8,0.016122,0.8474,1.0000
500000.00,500000.00,498256.68,8,8,8,8,8,0.015571,0.9129,1.0000
500000.00,500000.00,498001.10,8,8,8,8,8,0.015563,0.8965,1.0000
500000.00,500000.00,512083.05,8,8,8,8,8,0.016003,0.9475,1.0000
500000.00,500000.00,521774.29,8,8,8,8,8,0.016305,0.9412,1.0000
500000.00,500000.00,506763.46,8,8,8,8,8,0.015836,0.7121,1.0000
500000.00,500000.00,503704.07,8,8,8,8,8,0.015741,0.7365,1.0000
500000.00,500000.00,505100.25,8,8,8,8,8,0.015784,0.8127,1.0000
500000.00,500000.00,475460.05,8,8,8,8,8,0.014858,0.7650,1.0000
500000.00,500000.00,478321.08,8,8,8,8,8,0.014948,0.9151,1.0000
500000.00,500000.00,484977.72,8,8,8,8,8,0.015156,0.7644,1.0000
500000.00,500000.00,535270.69,8,8,8,8,8,0.016727,0.7942,1.0000
500000.00,500000.00,510076.52,8,8,8,8,8,0.015940,0.9113,1.0000
500000.00,500000.00,493453.98,8,8,8,8,8,0.015420,0.9459,1.0000
500000.00,500000.00,483489.99,8,8,8,8,8,0.015109,0.9262,1.0000
500000.00,500000.00,514511.11,8,8,8,8,8,0.016078,0.9126,1.0000
500000.00,500000.00,512359.62,8,8,8,8,8,0.016011,0.9017,1.0000
500000.00,500000.00,523063.66,8,8,8,8,8,0.016346,0.8911,1.0000
500000.00,500000.00,530284.88,8,8,8,8,8,0.016571,0.8042,1.0000
500000.00,500000.00,547351.84,8,8,8,8,8,0.017105,0.7957,1.0000
500000.00,500000.00,508483.89,8,8,8,8,8,0.015890,0.8414,1.0000
500000.00,500000.00,488071.44,8,8,8,8,8,0.015252,0.7095,1.0000
500000.00,500000.00,522972.11,8,8,8,8,8,0.016343,0.8796,1.0000
812000.00,750000.00,809585.57,7,7,7,7,7,0.025300,0.9276,1.0000
812000.00,750000.00,826721.19,7,7,7,7,7,0.025835,0.9240,1.0000
812000.00,750000.00,824577.33,7,7,7,7,7,0.025768,0.9587,1.0000
812000.00,750000.00,803276.06,7,7,7,7,7,0.025102,0.8526,1.0000
812000.00,750000.00,814498.90,7,7,7,7,7,0.025453,0.9455,1.0000
812000.00,750000.00,814712.52,7,7,7,7,7,0.025460,0.8925,1.0000
812000.00,750000.00,818359.38,7,7,7,7,7,0.025574,0.9326,1.0000
812000.00,750000.00,796836.85,7,7,7,7,7,0.024901,0.9217,1.0000
812000.00,750000.00,825218.20,7,7,7,7,7,0.025788,0.8998,1.0000
812000.00,750000.00,808372.50,7,7,7,7,7,0.025262,0.9236,1.0000
812000.00,750000.00,799594.88,7,7,7,7,7,0.024987,0.9140,1.0000
812000.00,750000.00,821205.14,7,7,7,7,7,0.025663,0.9437,1.0000
812000.00,750000.00,825775.15,7,7,7,7,7,0.025805,0.9070,1.0000
812000.00,750000.00,809139.25,7,7,7,7,7,0.025286,0.9200,1.0000
812000.00,750000.00,600261.75,7,7,7,6,6,0.018758,0.8494,1.0000
812000.00,750000.00,465989.02,7,7,7,6,6,0.014562,0.7200,1.0000
812000.00,750000.00,811462.40,7,7,7,7,7,0.025358,0.9354,1.0000
812000.00,750000.00,810817.72,7,7,7,7,7,0.025338,0.9376,1.0000
812000.00,750000.00,810607.91,7,7,7,7,7,0.025331,0.9098,1.0000
812000.00,750000.00,828357.70,7,7,7,7,7,0.025886,0.9429,1.0000
812000.00,750000.00,787597.66,7,7,7,7,7,0.024612,0.9325,1.0000
812000.00,750000.00,807945.25,7,7,7,7,7,0.025248,0.9420,1.0000
812000.00,750000.00,783252.72,7,7,7,7,7,0.024477,0.9281,1.0000
812000.00,750000.00,795452.12,7,7,7,7,7,0.024858,0.9425,1.0000
812000.00,750000.00,790180.21,7,7,7,7,7,0.024693,0.8754,1.0000
812000.00,750000.00,837169.65,7,7,7,7,7,0.026162,0.9443,1.0000
812000.00,750000.00,798892.97,7,7,7,7,7,0.024965,0.9432,1.0000
812000.00,750000.00,777439.12,7,7,7,7,7,0.024295,0.8465,1.0000
812000.00,750000.00,789241.79,7,7,7,7,7,0.024664,0.7879,1.0000
812000.00,750000.00,796295.17,7,7,7,7,7,0.024884,0.7712,1.0000
812000.00,750000.00,791328.43,7,7,7,7,7,0.024729,0.9159,1.0000
812000.00,750000.00,808441.16,7,7,7,7,7,0.025264,0.9084,1.0000
812000.00,750000.00,827209.47,7,7,7,7,7,0.025850,0.8195,1.0000
812000.00,750000.00,807186.13,7,7,7,7,7,0.025225,0.9387,1.0000
812000.00,750000.00,738263.13,7,7,7,7,7,0.023071,0.8927,1.0000
812000.00,750000.00,958396.91,7,7,8,7,8,0.029950,0.7343,1.0000
812000.00,750000.00,803138.73,7,7,7,7,7,0.025098,0.9455,1.0000
812000.00,750000.00,860939.98,7,7,7,7,7,0.026904,0.9258,1.0000
812000.00,750000.00,823066.71,7,7,7,7,7,0.025721,0.8942,1.0000
812000.00,750000.00,814788.82,7,7,7,7,7,0.025462,0.9554,1.0000
812000.00,750000.00,805740.36,7,7,7,7,7,0.025179,0.9186,1.0000
812000.00,750000.00,834785.46,7,7,7,7,7,0.026087,0.9240,1.0000
812000.00,750000.00,845405.58,7,7,7,7,7,0.026419,0.9204,1.0000
812000.00,750000.00,821815.49,7,7,7,7,7,0.025682,0.9338,1.0000
812000.00,750000.00,811904.91,7,7,7,7,7,0.025372,0.9261,1.0000
812000.00,750000.00,771514.89,7,7,7,7,7,0.024110,0.8576,1.0000
812000.00,750000.00,750591.28,7,7,7,7,7,0.023456,0.7783,1.0000
812000.00,750000.00,806842.80,7,7,7,7,7,0.025214,0.9554,1.0000
812000.00,750000.00,805419.92,7,7,7,7,7,0.025169,0.9254,1.0000
812000.00,750000.00,791213.99,7,7,7,7,7,0.024725,0.8291,1.0000
812000.00,750000.00,792884.83,7,7,7,7,7,0.024778,0.9308,1.0000
812000.00,750000.00,801521.30,7,7,7,7,7,0.025048,0.8774,1.0000
812000.00,750000.00,794338.23,7,7,7,7,7,0.024823,0.9581,1.0000
812000.00,750000.00,799224.85,7,7,7,7,7,0.024976,0.9249,1.0000
812000.00,750000.00,801506.04,7,7,7,7,7,0.025047,0.8943,1.0000
812000.00,750000.00,814723.97,7,7,7,7,7,0.025460,0.9346,1.0000
812000.00,750000.00,811943.05,7,7,7,7,7,0.025373,0.9564,1.0000
812000.00,750000.00,829246.52,7,7,7,7,7,0.025914,0.8914,1.0000
812000.00,750000.00,800350.19,7,7,7,7,7,0.025011,0.9436,1.0000
812000.00,750000.00,816627.50,7,7,7,7,7,0.025520,0.9152,1.0000
812000.00,750000.00,798561.10,7,7,7,7,7,0.024955,0.9430,1.0000
812000.00,750000.00,807975.77,7,7,7,7,7,0.025249,0.9082,1.0000
812000.00,750000.00,799644.47,7,7,7,7,7,0.024989,0.9349,1.0000
812000.00,750000.00,796943.66,7,7,7,7,7,0.024904,0.9435,1.0000
812000.00,750000.00,812625.89,7,7,7,7,7,0.025395,0.9204,1.0000
812000.00,750000.00,763034.82,7,7,7,7,7,0.023845,0.8895,1.0000
812000.00,750000.00,806808.47,7,7,7,7,7,0.025213,0.8939,1.0000
812000.00,750000.00,849586.49,7,7,7,7,7,0.026550,0.8750,1.0000
812000.00,750000.00,824272.16,7,7,7,7,7,0.025759,0.8938,1.0000
812000.00,750000.00,824810.03,7,7,7,7,7,0.025775,0.8550,1.0000
812000.00,750000.00,812973.02,7,7,7,7,7,0.025405,0.8019,1.0000
812000.00,750000.00,824920.65,7,7,7,7,7,0.025779,0.8592,1.0000
812000.00,750000.00,818954.47,7,7,7,7,7,0.025592,0.9323,1.0000
812000.00,750000.00,819854.74,7,7,7,7,7,0.025620,0.8939,1.0000
812000.00,750000.00,823623.66,7,7,7,7,7,0.025738,0.9427,1.0000
812000.00,750000.00,813411.71,7,7,7,7,7,0.025419,0.8838,1.0000
812000.00,750000.00,757339.48,7,7,7,7,7,0.023667,0.8489,1.0000
812000.00,750000.00,820846.56,7,7,7,7,7,0.025651,0.9472,1.0000
812000.00,750000.00,817695.62,7,7,7,7,7,0.025553,0.9404,1.0000
812000.00,750000.00,811386.11,7,7,7,7,7,0.025356,0.9566,1.0000
812000.00,750000.00,250040.77,7,7,7,4,4,0.007814,0.7770,1.0000
812000.00,750000.00,814308.17,7,7,7,7,7,0.025447,0.8492,1.0000
812000.00,750000.00,789752.96,7,7,7,7,7,0.024680,0.9080,1.0000
812000.00,750000.00,787143.71,7,7,7,7,7,0.024598,0.9070,1.0000
812000.00,750000.00,772796.63,7,7,7,7,7,0.024150,0.9257,1.0000
812000.00,750000.00,842971.80,7,7,7,7,7,0.026343,0.8584,1.0000
812000.00,750000.00,788299.56,7,7,7,7,7,0.024634,0.9323,1.0000
812000.00,750000.00,811401.37,7,7,7,7,7,0.025356,0.8992,1.0000
812000.00,750000.00,810653.69,7,7,7,7,7,0.025333,0.9461,1.0000
812000.00,750000.00,793022.16,7,7,7,7,7,0.024782,0.9315,1.0000
812000.00,750000.00,801895.14,7,7,7,7,7,0.025059,0.9097,1.0000
812000.00,750000.00,788063.05,7,7,7,7,7,0.024627,0.8876,1.0000
812000.00,750000.00,823631.29,7,7,7,7,7,0.025738,0.9205,1.0000
812000.00,750000.00,801269.53,7,7,7,7,7,0.025040,0.9151,1.0000
812000.00,750000.00,829841.61,7,7,7,7,7,0.025933,0.9159,1.0000
812000.00,750000.00,813213.35,7,7,7,7,7,0.025413,0.9492,1.0000
812000.00,750000.00,796653.75,7,7,7,7,7,0.024895,0.9430,1.0000
812000.00,750000.00,791885.38,7,7,7,7,7,0.024746,0.8172,1.0000
812000.00,750000.00,824234.01,7,7,7,7,7,0.025757,0.9113,1.0000
812000.00,750000.00,813636.78,7,7,7,7,7,0.025426,0.9066,1.0000
812000.00,750000.00,817459.11,7,7,7,7,7,0.025546,0.9484,1.0000
812000.00,750000.00,810287.48,7,7,7,7,7,0.025321,0.9111,1.0000
812000.00,750000.00,819217.68,7,7,7,7,7,0.025601,0.9429,1.0000
812000.00,750000.00,827720.64,7,7,7,7,7,0.025866,0.9171,1.0000
812000.00,750000.00,829868.32,7,7,7,7,7,0.025933,0.8701,1.0000
812000.00,750000.00,794044.49,7,7,7,7,7,0.024814,0.9449,1.0000
812000.00,750000.00,812477.11,7,7,7,7,7,0.025390,0.8685,1.0000
812000.00,750000.00,804206.85,7,7,7,7,7,0.025131,0.9378,1.0000
812000.00,750000.00,788726.81,7,7,7,7,7,0.024648,0.9293,1.0000
812000.00,750000.00,810325.62,7,7,7,7,7,0.025323,0.9024,1.0000
812000.00,750000.00,807655.33,7,7,7,7,7,0.025239,0.9493,1.0000
812000.00,750000.00,828865.05,7,7,7,7,7,0.025902,0.7710,1.0000
812000.00,750000.00,800437.93,7,7,7,7,7,0.025014,0.9092,1.0000
812000.00,750000.00,802932.74,7,7,7,7,7,0.025092,0.8979,1.0000
812000.00,750000.00,812999.73,7,7,7,7,7,0.025406,0.8374,1.0000
812000.00,750000.00,804637.91,7,7,7,7,7,0.025145,0.9400,1.0000
812000.00,750000.00,819107.06,7,7,7,7,7,0.025597,0.8828,1.0000
812000.00,750000.00,781558.99,7,7,7,7,7,0.024424,0.8837,1.0000
812000.00,750000.00,814025.88,7,7,7,7,7,0.025438,0.9322,1.0000
812000.00,750000.00,827140.81,7,7,7,7,7,0.025848,0.8995,1.0000
812000.00,750000.00,807701.11,7,7,7,7,7,0.025241,0.9426,1.0000
812000.00,750000.00,816501.62,7,7,7,7,7,0.025516,0.9295,1.0000
812000.00,750000.00,805107.12,7,7,7,7,7,0.025160,0.9387,1.0000
812000.00,750000.00,816688.54,7,7,7,7,7,0.025522,0.9379,1.0000
812000.00,750000.00,781646.73,7,7,7,7,7,0.024426,0.9399,1.0000
812000.00,750000.00,829559.33,7,7,7,7,7,0.025924,0.8946,1.0000
812000.00,750000.00,784229.28,7,7,7,7,7,0.024507,0.8838,1.0000
812000.00,750000.00,801155.09,7,7,7,7,7,0.025036,0.9523,1.0000
812000.00,750000.00,806030.27,7,7,7,7,7,0.025188,0.8963,1.0000
812000.00,750000.00,815975.19,7,7,7,7,7,0.025499,0.9426,1.0000
812000.00,750000.00,803749.08,7,7,7,7,7,0.025117,0.9484,1.0000
812000.00,750000.00,794708.25,7,7,7,7,7,0.024835,0.9306,1.0000
812000.00,750000.00,632453.92,7,7,7,7,7,0.019764,0.7726,1.0000
812000.00,750000.00,818878.17,7,7,7,7,7,0.025590,0.9404,1.0000
812000.00,750000.00,813186.65,7,7,7,7,7,0.025412,0.9119,1.0000
812000.00,750000.00,788154.60,7,7,7,7,7,0.024630,0.9362,1.0000
812000.00,750000.00,810104.37,7,7,7,7,7,0.025316,0.9310,1.0000
812000.00,750000.00,803371.43,7,7,7,7,7,0.025105,0.9403,1.0000
812000.00,750000.00,816596.98,7,7,7,7,7,0.025519,0.9053,1.0000
812000.00,750000.00,794052.12,7,7,7,7,7,0.024814,0.9452,1.0000
812000.00,750000.00,807868.96,7,7,7,7,7,0.025246,0.9084,1.0000
812000.00,750000.00,807777.40,7,7,7,7,7,0.025243,0.9406,1.0000
812000.00,750000.00,821762.08,7,7,7,7,7,0.025680,0.8789,1.0000
812000.00,750000.00,808055.88,7,7,7,7,7,0.025252,0.9589,1.0000
812000.00,750000.00,812450.41,7,7,7,7,7,0.025389,0.8791,1.0000
812000.00,750000.00,799125.67,7,7,7,7,7,0.024973,0.9474,1.0000
812000.00,750000.00,808219.91,7,7,7,7,7,0.025257,0.7202,1.0000
812000.00,750000.00,685317.99,7,7,7,7,7,0.021416,0.7023,1.0000
812000.00,750000.00,812709.81,7,7,7,7,7,0.025397,0.9058,1.0000
812000.00,750000.00,812591.55,7,7,7,7,7,0.025393,0.9438,1.0000
812000.00,750000.00,784599.30,7,7,7,7,7,0.024519,0.8765,1.0000
812000.00,750000.00,802177.43,7,7,7,7,7,0.025068,0.9431,1.0000
812000.00,750000.00,811836.24,7,7,7,7,7,0.025370,0.8738,1.0000
812000.00,750000.00,814567.57,7,7,7,7,7,0.025455,0.9351,1.0000
812000.00,750000.00,827770.23,7,7,7,7,7,0.025868,0.8675,1.0000
812000.00,750000.00,820468.90,7,7,7,7,7,0.025640,0.9351,1.0000
812000.00,750000.00,808948.52,7,7,7,7,7,0.025280,0.9278,1.0000
812000.00,750000.00,815345.76,7,7,7,7,7,0.025480,0.9462,1.0000
812000.00,750000.00,824600.22,7,7,7,7,7,0.025769,0.9324,1.0000
812000.00,750000.00,824684.14,7,7,7,7,7,0.025771,0.9658,1.0000
812000.00,750000.00,806846.62,7,7,7,7,7,0.025214,0.9122,1.0000
812000.00,750000.00,816654.21,7,7,7,7,7,0.025520,0.8725,1.0000
812000.00,750000.00,799041.75,7,7,7,7,7,0.024970,0.9392,1.0000
812000.00,750000.00,815643.31,7,7,7,7,7,0.025489,0.9207,1.0000
812000.00,750000.00,806732.18,7,7,7,7,7,0.025210,0.8977,1.0000
812000.00,750000.00,827751.16,7,7,7,7,7,0.025867,0.9567,1.0000
812000.00,750000.00,811691.28,7,7,7,7,7,0.025365,0.9372,1.0000
812000.00,750000.00,797119.14,7,7,7,7,7,0.024910,0.9512,1.0000
812000.00,750000.00,803184.51,7,7,7,7,7,0.025100,0.9176,1.0000
812000.00,750000.00,810966.49,7,7,7,7,7,0.025343,0.9471,1.0000
812000.00,750000.00,811645.51,7,7,7,7,7,0.025364,0.9105,1.0000
812000.00,750000.00,813293.46,7,7,7,7,7,0.025415,0.8446,1.0000
812000.00,750000.00,816822.05,7,7,7,7,7,0.025526,0.9494,1.0000
812000.00,750000.00,809333.80,7,7,7,7,7,0.025292,0.9369,1.0000
812000.00,750000.00,811218.26,7,7,7,7,7,0.025351,0.9401,1.0000
812000.00,750000.00,821342.47,7,7,7,7,7,0.025667,0.9227,1.0000
812000.00,750000.00,798812.87,7,7,7,7,7,0.024963,0.9451,1.0000
812000.00,750000.00,825897.22,7,7,7,7,7,0.025809,0.9001,1.0000
812000.00,750000.00,795558.93,7,7,7,7,7,0.024861,0.8534,1.0000
812000.00,750000.00,800403.59,7,7,7,7,7,0.025013,0.9310,1.0000
812000.00,750000.00,820129.39,7,7,7,7,7,0.025629,0.8960,1.0000
812000.00,750000.00,822761.54,7,7,7,7,7,0.025711,0.9622,1.0000
812000.00,750000.00,827606.20,7,7,7,7,7,0.025863,0.9517,1.0000
812000.00,750000.00,818618.77,7,7,7,7,7,0.025582,0.9178,1.0000
812000.00,750000.00,819458.01,7,7,7,7,7,0.025608,0.9171,1.0000
812000.00,750000.00,810844.42,7,7,7,7,7,0.025339,0.9546,1.0000
812000.00,750000.00,821922.30,7,7,7,7,7,0.025685,0.8983,1.0000
812000.00,750000.00,816276.55,7,7,7,7,7,0.025509,0.9313,1.0000
812000.00,750000.00,796337.13,7,7,7,7,7,0.024886,0.9379,1.0000
812000.00,750000.00,811973.57,7,7,7,7,7,0.025374,0.9056,1.0000
812000.00,750000.00,795547.49,7,7,7,7,7,0.024861,0.9064,1.0000
812000.00,750000.00,828235.63,7,7,7,7,7,0.025882,0.8917,1.0000
812000.00,750000.00,785026.55,7,7,7,7,7,0.024532,0.9446,1.0000
812000.00,750000.00,808151.25,7,7,7,7,7,0.025255,0.9189,1.0000
812000.00,750000.00,797992.71,7,7,7,7,7,0.024937,0.9523,1.0000
812000.00,750000.00,802986.15,7,7,7,7,7,0.025093,0.9398,1.0000
812000.00,750000.00,817413.33,7,7,7,7,7,0.025544,0.9430,1.0000
812000.00,750000.00,802478.79,7,7,7,7,7,0.025077,0.9344,1.0000
812000.00,750000.00,809532.17,7,7,7,7,7,0.025298,0.9108,1.0000
812000.00,750000.00,824996.95,7,7,7,7,7,0.025781,0.7821,1.0000
812000.00,750000.00,788856.51,7,7,7,7,7,0.024652,0.8894,1.0000
812000.00,750000.00,759368.90,7,7,7,7,7,0.023730,0.8730,1.0000
812000.00,750000.00,797363.28,7,7,7,7,7,0.024918,0.8646,1.0000
812000.00,750000.00,805984.50,7,7,7,7,7,0.025187,0.8757,1.0000
812000.00,750000.00,806148.53,7,7,7,7,7,0.025192,0.9337,1.0000
812000.00,750000.00,779155.73,7,7,7,7,7,0.024349,0.9284,1.0000
812000.00,750000.00,808291.44,7,7,7,7,7,0.025259,0.7002,1.0000
812000.00,750000.00,823261.26,7,7,7,7,7,0.025727,0.8952,1.0000
812000.00,750000.00,820800.78,7,7,7,7,7,0.025650,0.8818,1.0000
812000.00,750000.00,811927.80,8,8,8,8,8,0.025373,0.9346,1.0000
812000.00,750000.00,814094.54,8,8,8,8,8,0.025440,0.8597,1.0000
812000.00,750000.00,826126.10,8,8,8,8,8,0.025816,0.8649,1.0000
812000.00,750000.00,800121.31,8,8,8,8,8,0.025004,0.9279,1.0000
812000.00,750000.00,803619.38,8,8,8,8,8,0.025113,0.8221,1.0000
812000.00,750000.00,799625.40,8,8,8,8,8,0.024988,0.8756,1.0000
812000.00,750000.00,804855.35,8,8,8,8,8,0.025152,0.8996,1.0000
812000.00,750000.00,821540.83,8,8,8,8,8,0.025673,0.8983,1.0000
812000.00,750000.00,818286.90,8,8,8,8,8,0.025571,0.9398,1.0000
812000.00,750000.00,808403.02,8,8,8,8,8,0.025263,0.8333,1.0000
812000.00,750000.00,803913.12,8,8,8,8,8,0.025122,0.9114,1.0000
812000.00,750000.00,809226.99,8,8,8,8,8,0.025288,0.8870,1.0000
812000.00,750000.00,801940.92,8,8,8,8,8,0.025061,0.9142,1.0000
812000.00,750000.00,815277.10,8,8,8,8,8,0.025477,0.8835,1.0000
812000.00,750000.00,818672.18,8,8,8,8,8,0.025584,0.9531,1.0000
812000.00,750000.00,795364.38,8,8,8,8,8,0.024855,0.9206,1.0000
812000.00,750000.00,827178.96,8,8,8,8,8,0.025849,0.8772,1.0000
812000.00,750000.00,828964.23,8,8,8,8,8,0.025905,0.7320,1.0000
812000.00,750000.00,805297.85,8,8,8,8,8,0.025166,0.8925,1.0000
812000.00,750000.00,810028.08,8,8,8,8,8,0.025313,0.7979,1.0000
812000.00,750000.00,810745.24,8,8,8,8,8,0.025336,0.8508,1.0000
812000.00,750000.00,808464.05,8,8,8,8,8,0.025265,0.7388,1.0000
812000.00,750000.00,800487.52,8,8,8,8,8,0.025015,0.9352,1.0000
812000.00,750000.00,793991.09,8,8,8,8,8,0.024812,0.8702,1.0000
812000.00,750000.00,821998.60,8,8,8,8,8,0.025687,0.9408,1.0000
812000.00,750000.00,821266.17,8,8,8,8,8,0.025665,0.9226,1.0000
812000.00,750000.00,801658.63,8,8,8,8,8,0.025052,0.8729,1.0000
812000.00,750000.00,833709.72,8,8,8,8,8,0.026053,0.9407,1.0000
812000.00,750000.00,801925.66,8,8,8,8,8,0.025060,0.8704,1.0000
812000.00,750000.00,813598.63,8,8,8,8,8,0.025425,0.9526,1.0000
812000.00,750000.00,811027.53,8,8,8,8,8,0.025345,0.9398,1.0000
812000.00,750000.00,809391.02,8,8,8,8,8,0.025293,0.7805,1.0000
812000.00,750000.00,821571.35,8,8,8,8,8,0.025674,0.8913,1.0000
812000.00,750000.00,812755.58,8,8,8,8,8,0.025399,0.8359,1.0000
812000.00,750000.00,820362.09,8,8,8,8,8,0.025636,0.9285,1.0000
812000.00,750000.00,810264.59,8,8,8,8,8,0.025321,0.7775,1.0000
812000.00,750000.00,805114.75,8,8,8,8,8,0.025160,0.8942,1.0000
812000.00,750000.00,830596.92,8,8,8,8,8,0.025956,0.8611,1.0000
812000.00,750000.00,815776.82,8,8,8,8,8,0.025493,0.8309,1.0000
812000.00,750000.00,814579.01,8,8,8,8,8,0.025456,0.9140,1.0000
812000.00,750000.00,808860.78,8,8,8,8,8,0.025277,0.8666,1.0000
812000.00,750000.00,798377.99,8,8,8,8,8,0.024949,0.8853,1.0000
812000.00,750000.00,803413.39,8,8,8,8,8,0.025107,0.8819,1.0000
812000.00,750000.00,821659.09,8,8,8,8,8,0.025677,0.9310,1.0000
812000.00,750000.00,796604.16,8,8,8,8,8,0.024894,0.7415,1.0000
812000.00,750000.00,813671.11,8,8,8,8,8,0.025427,0.9116,1.0000
812000.00,750000.00,802513.12,8,8,8,8,8,0.025079,0.9345,1.0000
812000.00,750000.00,812347.41,8,8,8,8,8,0.025386,0.8046,1.0000
812000.00,750000.00,828712.46,8,8,8,8,8,0.025897,0.9404,1.0000
812000.00,750000.00,816379.55,8,8,8,8,8,0.025512,0.7875,1.0000
812000.00,750000.00,791648.86,8,8,8,8,8,0.024739,0.9128,1.0000
812000.00,750000.00,807174.68,8,8,8,8,8,0.025224,0.9014,1.0000
812000.00,750000.00,813789.37,8,8,8,8,8,0.025431,0.9395,1.0000
812000.00,750000.00,813011.17,8,8,8,8,8,0.025407,0.9126,1.0000
812000.00,750000.00,799255.37,8,8,8,8,8,0.024977,0.8410,1.0000
812000.00,750000.00,825630.19,8,8,8,8,8,0.025801,0.9053,1.0000
812000.00,750000.00,800712.59,8,8,8,8,8,0.025022,0.8819,1.0000
812000.00,750000.00,817638.40,8,8,8,8,8,0.025551,0.8711,1.0000
812000.00,750000.00,809471.13,8,8,8,8,8,0.025296,0.9255,1.0000
812000.00,750000.00,817001.34,8,8,8,8,8,0.025531,0.9287,1.0000
812000.00,750000.00,826622.01,8,8,8,8,8,0.025832,0.9525,1.0000
812000.00,750000.00,822978.97,8,8,8,8,8,0.025718,0.9403,1.0000
812000.00,750000.00,816730.50,8,8,8,8,8,0.025523,0.9347,1.0000
812000.00,750000.00,806457.52,8,8,8,8,8,0.025202,0.8952,1.0000
812000.00,750000.00,808662.41,8,8,8,8,8,0.025271,0.8866,1.0000
812000.00,750000.00,816825.87,8,8,8,8,8,0.025526,0.9577,1.0000
812000.00,750000.00,810691.83,8,8,8,8,8,0.025334,0.9289,1.0000
812000.00,750000.00,859165.19,8,8,8,8,8,0.026849,0.7919,1.0000
812000.00,750000.00,799755.10,8,8,8,8,8,0.024992,0.8929,1.0000
812000.00,750000.00,811367.03,8,8,8,8,8,0.025355,0.9397,1.0000
812000.00,750000.00,810523.99,8,8,8,8,8,0.025329,0.8950,1.0000
812000.00,750000.00,809196.47,8,8,8,8,8,0.025287,0.8594,1.0000
812000.00,750000.00,825168.61,8,8,8,8,8,0.025787,0.9312,1.0000
812000.00,750000.00,830635.07,8,8,8,8,8,0.025957,0.8323,1.0000
812000.00,750000.00,807952.88,8,8,8,8,8,0.025249,0.7155,1.0000
812000.00,750000.00,812721.25,8,8,8,8,8,0.025398,0.9555,1.0000
812000.00,750000.00,805755.62,8,8,8,8,8,0.025180,0.9332,1.0000
812000.00,750000.00,812000.27,8,8,8,8,8,0.025375,0.8250,1.0000
812000.00,750000.00,803615.57,8,8,8,8,8,0.025113,0.9414,1.0000
812000.00,750000.00,817993.16,8,8,8,8,8,0.025562,0.8354,1.0000
812000.00,750000.00,826156.62,8,8,8,8,8,0.025817,0.9099,1.0000
812000.00,750000.00,828834.53,8,8,8,8,8,0.025901,0.9080,1.0000
812000.00,750000.00,800121.31,8,8,8,8,8,0.025004,0.9609,1.0000
812000.00,750000.00,796768.19,8,8,8,8,8,0.024899,0.9220,1.0000
812000.00,750000.00,776004.79,8,8,8,8,8,0.024250,0.9291,1.0000
812000.00,750000.00,854991.91,8,8,8,8,8,0.026718,0.8697,1.0000
812000.00,750000.00,791240.69,8,8,8,8,8,0.024726,0.8948,1.0000
812000.00,750000.00,773757.93,8,8,8,8,8,0.024180,0.8809,1.0000
812000.00,750000.00,811584.47,8,8,8,8,8,0.025362,0.9284,1.0000
812000.00,750000.00,788887.02,8,8,8,8,8,0.024653,0.8020,1.0000
812000.00,750000.00,494877.76,8,8,8,7,7,0.015465,0.8686,1.0000
812000.00,750000.00,808273.32,8,8,8,8,8,0.025259,0.9245,1.0000
812000.00,750000.00,821681.98,8,8,8,8,8,0.025678,0.8724,1.0000
812000.00,750000.00,824115.75,8,8,8,8,8,0.025754,0.8605,1.0000
812000.00,750000.00,852554.32,8,8,8,8,8,0.026642,0.9040,1.0000
812000.00,750000.00,814605.71,8,8,8,8,8,0.025456,0.9144,1.0000
812000.00,750000.00,794738.77,8,8,8,8,8,0.024836,0.9034,1.0000
812000.00,750000.00,822380.07,8,8,8,8,8,0.025699,0.8915,1.0000
812000.00,750000.00,799568.18,8,8,8,8,8,0.024987,0.7305,1.0000
812000.00,750000.00,808830.26,8,8,8,8,8,0.025276,0.9520,1.0000
812000.00,750000.00,805549.62,8,8,8,8,8,0.025173,0.7088,1.0000
812000.00,750000.00,803947.45,8,8,8,8,8,0.025123,0.9534,1.0000
812000.00,750000.00,812053.68,8,8,8,8,8,0.025377,0.8227,1.0000
812000.00,750000.00,800109.86,8,8,8,8,8,0.025003,0.9126,1.0000
812000.00,750000.00,800544.74,8,8,8,8,8,0.025017,0.9173,1.0000
812000.00,750000.00,728387.83,8,7,7,7,7,0.022762,0.7130,1.0000
812000.00,750000.00,838279.72,8,8,8,8,8,0.026196,0.9356,1.0000
812000.00,750000.00,827705.38,8,8,8,8,8,0.025866,0.7055,1.0000
812000.00,750000.00,816917.42,8,8,8,8,8,0.025529,0.9101,1.0000
812000.00,750000.00,821411.13,8,8,8,8,8,0.025669,0.9257,1.0000
812000.00,750000.00,822517.40,8,8,8,8,8,0.025704,0.7938,1.0000
812000.00,750000.00,857654.57,8,8,8,8,8,0.026802,0.7839,1.0000
812000.00,750000.00,809021.00,8,8,8,8,8,0.025282,0.8718,1.0000
812000.00,750000.00,806449.89,8,8,8,8,8,0.025202,0.7861,1.0000
812000.00,750000.00,816020.97,8,8,8,8,8,0.025501,0.9255,1.0000
812000.00,750000.00,817573.55,8,8,8,8,8,0.025549,0.9254,1.0000
812000.00,750000.00,814994.81,8,8,8,8,8,0.025469,0.9177,1.0000
812000.00,750000.00,786605.83,8,8,8,8,8,0.024581,0.9065,1.0000
812000.00,750000.00,803474.43,8,8,8,8,8,0.025109,0.9695,1.0000
812000.00,750000.00,796073.91,8,8,8,8,8,0.024877,0.8668,1.0000
812000.00,750000.00,810287.48,8,8,8,8,8,0.025321,0.8795,1.0000
812000.00,750000.00,805034.64,8,8,8,8,8,0.025157,0.9117,1.0000
812000.00,750000.00,805732.73,8,8,8,8,8,0.025179,0.8927,1.0000
812000.00,750000.00,802570.34,8,8,8,8,8,0.025080,0.7355,1.0000
812000.00,750000.00,822353.36,8,8,8,8,8,0.025699,0.8850,1.0000
812000.00,750000.00,830551.15,8,8,8,8,8,0.025955,0.8924,1.0000
812000.00,750000.00,808620.45,8,8,8,8,8,0.025269,0.9257,1.0000
812000.00,750000.00,807899.48,8,8,8,8,8,0.025247,0.9213,1.0000
812000.00,750000.00,815742.49,8,8,8,8,8,0.025492,0.9731,1.0000
812000.00,750000.00,810531.62,8,8,8,8,8,0.025329,0.8739,1.0000
812000.00,750000.00,799964.90,8,8,8,8,8,0.024999,0.9135,1.0000
812000.00,750000.00,810108.18,8,8,8,8,8,0.025316,0.8546,1.0000
812000.00,750000.00,819320.68,8,8,8,8,8,0.025604,0.8478,1.0000
812000.00,750000.00,805915.83,8,8,8,8,8,0.025185,0.8977,1.0000
812000.00,750000.00,825065.61,8,8,8,8,8,0.025783,0.9413,1.0000
812000.00,750000.00,805473.33,8,8,8,8,8,0.025171,0.8399,1.0000
812000.00,750000.00,817665.10,8,8,8,8,8,0.025552,0.9333,1.0000
812000.00,750000.00,801834.11,8,8,8,8,8,0.025057,0.8825,1.0000
812000.00,750000.00,790679.93,8,8,8,8,8,0.024709,0.9372,1.0000
812000.00,750000.00,808403.02,8,8,8,8,8,0.025263,0.7968,1.0000
812000.00,750000.00,807998.66,8,8,8,8,8,0.025250,0.9254,1.0000
812000.00,750000.00,781074.52,8,8,8,8,8,0.024409,0.8541,1.0000
812000.00,750000.00,806503.30,8,8,8,8,8,0.025203,0.7829,1.0000
812000.00,750000.00,829223.63,8,8,8,8,8,0.025913,0.9328,1.0000
812000.00,750000.00,798377.99,8,8,8,8,8,0.024949,0.8608,1.0000
812000.00,750000.00,825996.40,8,8,8,8,8,0.025812,0.9302,1.0000
812000.00,750000.00,818382.26,8,8,8,8,8,0.025574,0.9293,1.0000
812000.00,750000.00,799560.55,8,8,8,8,8,0.024986,0.9346,1.0000
812000.00,750000.00,816406.25,8,8,8,8,8,0.025513,0.7275,1.0000
812000.00,750000.00,749034.88,8,8,8,8,8,0.023407,0.9017,1.0000
812000.00,750000.00,804706.57,8,8,8,8,8,0.025147,0.8816,1.0000
812000.00,750000.00,795566.56,8,8,8,8,8,0.024861,0.8639,1.0000
812000.00,750000.00,798072.81,8,8,8,8,8,0.024940,0.9467,1.0000
812000.00,750000.00,798652.65,8,8,8,8,8,0.024958,0.9161,1.0000
812000.00,750000.00,804534.91,8,8,8,8,8,0.025142,0.8678,1.0000
812000.00,750000.00,825664.52,8,8,8,8,8,0.025802,0.9321,1.0000
812000.00,750000.00,818748.47,8,8,8,8,8,0.025586,0.7902,1.0000
812000.00,750000.00,803470.61,8,8,8,8,8,0.025108,0.9268,1.0000
812000.00,750000.00,802772.52,8,8,8,8,8,0.025087,0.7455,1.0000
812000.00,750000.00,804428.10,8,8,8,8,8,0.025138,0.9404,1.0000
812000.00,750000.00,803726.20,8,8,8,8,8,0.025116,0.8744,1.0000
812000.00,750000.00,827331.54,8,8,8,8,8,0.025854,0.9048,1.0000
812000.00,750000.00,807289.12,8,8,8,8,8,0.025228,0.9446,1.0000
812000.00,750000.00,798690.80,8,8,8,8,8,0.024959,0.8964,1.0000
812000.00,750000.00,813568.12,8,8,8,8,8,0.025424,0.8604,1.0000
812000.00,750000.00,820007.32,8,8,8,8,8,0.025625,0.9490,1.0000
812000.00,750000.00,797843.93,8,8,8,8,8,0.024933,0.8915,1.0000
812000.00,750000.00,828460.69,8,8,8,8,8,0.025889,0.9128,1.0000
812000.00,750000.00,809753.42,8,8,8,8,8,0.025305,0.8569,1.0000
812000.00,750000.00,809478.76,8,8,8,8,8,0.025296,0.8061,1.0000
812000.00,750000.00,812210.08,8,8,8,8,8,0.025382,0.8628,1.0000
812000.00,750000.00,824775.70,8,8,8,8,8,0.025774,0.8294,1.0000
812000.00,750000.00,803409.58,8,8,8,8,8,0.025107,0.9153,1.0000
812000.00,750000.00,816360.47,8,8,8,8,8,0.025511,0.9265,1.0000
812000.00,750000.00,792579.65,8,8,8,8,8,0.024768,0.7565,1.0000
812000.00,750000.00,852783.20,8,8,8,8,8,0.026649,0.9401,1.0000
812000.00,750000.00,804706.57,8,8,8,8,8,0.025147,0.7023,1.0000
812000.00,750000.00,822212.22,8,8,8,8,8,0.025694,0.9179,1.0000
812000.00,750000.00,800033.57,8,8,8,8,8,0.025001,0.9230,1.0000
812000.00,750000.00,805450.44,8,8,8,8,8,0.025170,0.9439,1.0000
812000.00,750000.00,808303.83,8,8,8,8,8,0.025259,0.8334,1.0000
812000.00,750000.00,807960.51,8,8,8,8,8,0.025249,0.8235,1.0000
812000.00,750000.00,818840.03,8,8,8,8,8,0.025589,0.9262,1.0000
812000.00,750000.00,797977.45,8,8,8,8,8,0.024937,0.9265,1.0000
812000.00,750000.00,814888.00,8,8,8,8,8,0.025465,0.8259,1.0000
812000.00,750000.00,803955.08,8,8,8,8,8,0.025124,0.9123,1.0000
812000.00,750000.00,837173.46,8,8,8,8,8,0.026162,0.8088,1.0000
812000.00,750000.00,814502.72,8,8,8,8,8,0.025453,0.8434,1.0000
812000.00,750000.00,811740.88,8,8,8,8,8,0.025367,0.8862,1.0000
812000.00,750000.00,796291.35,8,8,8,8,8,0.024884,0.8789,1.0000
812000.00,750000.00,808296.20,8,8,8,8,8,0.025259,0.9405,1.0000
812000.00,750000.00,813514.71,8,8,8,8,8,0.025422,0.8887,1.0000
812000.00,750000.00,813179.02,8,8,8,8,8,0.025412,0.9274,1.0000
812000.00,750000.00,818862.92,8,8,8,8,8,0.025589,0.9130,1.0000
812000.00,750000.00,795349.12,8,8,8,8,8,0.024855,0.8988,1.0000
812000.00,750000.00,809753.42,8,8,8,8,8,0.025305,0.8300,1.0000
812000.00,750000.00,832054.14,8,8,8,8,8,0.026002,0.9514,1.0000
812000.00,750000.00,815429.69,8,8,8,8,8,0.025482,0.9231,1.0000
812000.00,750000.00,806991.58,8,8,8,8,8,0.025218,0.9193,1.0000
812000.00,750000.00,806159.97,8,8,8,8,8,0.025192,0.8283,1.0000
812000.00,750000.00,806526.18,8,8,8,8,8,0.025204,0.7152,1.0000
812000.00,750000.00,815719.60,8,8,8,8,8,0.025491,0.8821,1.0000
812000.00,750000.00,810543.06,8,8,8,8,8,0.025329,0.9496,1.0000
812000.00,750000.00,824928.28,8,8,8,8,8,0.025779,0.8481,1.0000
812000.00,750000.00,821956.63,8,8,8,8,8,0.025686,0.9443,1.0000
812000.00,750000.00,802040.10,8,8,8,8,8,0.025064,0.8789,1.0000
812000.00,750000.00,804336.55,8,8,8,8,8,0.025136,0.9015,1.0000
812000.00,750000.00,824943.54,8,8,8,8,8,0.025779,0.8727,1.0000
812000.00,750000.00,825454.71,8,8,8,8,8,0.025795,0.9530,1.0000
812000.00,750000.00,806377.41,8,8,8,8,8,0.025199,0.7697,1.0000
812000.00,750000.00,816139.22,8,8,8,8,8,0.025504,0.9427,1.0000
812000.00,750000.00,804412.84,8,8,8,8,8,0.025138,0.9218,1.0000
812000.00,750000.00,818111.42,8,8,8,8,8,0.025566,0.9127,1.0000
812000.00,750000.00,790695.19,8,8,8,8,8,0.024709,0.8156,1.0000
812000.00,750000.00,818977.36,8,8,8,8,8,0.025593,0.9297,1.0000
812000.00,750000.00,820755.00,8,8,8,8,8,0.025649,0.9318,1.0000
812000.00,750000.00,820747.38,8,8,8,8,8,0.025648,0.8770,1.0000
812000.00,750000.00,818977.36,8,8,8,8,8,0.025593,0.8477,1.0000
812000.00,750000.00,822284.70,8,8,8,8,8,0.025696,0.9423,1.0000
812000.00,750000.00,811614.99,8,8,8,8,8,0.025363,0.9475,1.0000
812000.00,750000.00,803565.98,8,8,8,8,8,0.025111,0.8495,1.0000
812000.00,750000.00,809619.90,8,8,8,8,8,0.025301,0.8198,1.0000
812000.00,750000.00,833946.23,8,8,8,8,8,0.026061,0.9405,1.0000
812000.00,750000.00,812370.30,8,8,8,8,8,0.025387,0.8595,1.0000
812000.00,750000.00,806007.39,8,8,8,8,8,0.025188,0.9052,1.0000
812000.00,750000.00,786720.28,8,8,8,8,8,0.024585,0.9424,1.0000
812000.00,750000.00,801788.33,8,8,8,8,8,0.025056,0.8818,1.0000
812000.00,750000.00,810653.69,8,8,8,8,8,0.025333,0.7965,1.0000
812000.00,750000.00,823875.43,8,8,8,8,8,0.025746,0.7669,1.0000
812000.00,750000.00,885040.28,8,8,8,8,8,0.027658,0.9331,1.0000
812000.00,750000.00,799148.56,8,8,8,8,8,0.024973,0.7244,1.0000
812000.00,750000.00,830223.08,8,8,8,8,8,0.025944,0.9048,1.0000
812000.00,750000.00,806434.63,8,8,8,8,8,0.025201,0.9203,1.0000
812000.00,750000.00,803215.03,8,8,8,8,8,0.025100,0.8933,1.0000
812000.00,750000.00,803916.93,8,8,8,8,8,0.025122,0.9102,1.0000
812000.00,750000.00,814788.82,8,8,8,8,8,0.025462,0.9230,1.0000
812000.00,750000.00,799858.09,8,8,8,8,8,0.024996,0.8215,1.0000
812000.00,750000.00,815910.34,8,8,8,8,8,0.025497,0.8024,1.0000
812000.00,750000.00,814365.39,8,8,8,8,8,0.025449,0.9386,1.0000
812000.00,750000.00,813201.90,8,8,8,8,8,0.025413,0.8502,1.0000
812000.00,750000.00,892402.65,8,7,8,7,8,0.027888,0.7074,1.0000
812000.00,750000.00,804550.17,8,8,8,8,8,0.025142,0.9509,1.0000
812000.00,750000.00,788063.05,8,8,8,8,8,0.024627,0.9281,1.0000
812000.00,750000.00,830184.94,8,8,8,8,8,0.025943,0.9220,1.0000
812000.00,750000.00,840896.61,8,8,8,8,8,0.026278,0.8471,1.0000
812000.00,750000.00,774951.93,8,8,8,8,8,0.024217,0.9095,1.0000
812000.00,750000.00,794513.70,8,8,8,8,8,0.024829,0.8973,1.0000
812000.00,750000.00,814563.75,8,8,8,8,8,0.025455,0.9531,1.0000
812000.00,750000.00,798210.14,8,8,8,8,8,0.024944,0.7210,1.0000
812000.00,750000.00,811725.62,8,8,8,8,8,0.025366,0.9214,1.0000
812000.00,750000.00,810714.72,8,8,8,8,8,0.025335,0.9276,1.0000
812000.00,750000.00,809703.83,8,8,8,8,8,0.025303,0.8051,1.0000
812000.00,750000.00,807914.73,8,8,8,8,8,0.025247,0.9255,1.0000
812000.00,750000.00,826251.98,8,8,8,8,8,0.025820,0.9271,1.0000
812000.00,750000.00,793991.09,8,8,8,8,8,0.024812,0.7573,1.0000
812000.00,750000.00,814651.49,8,8,8,8,8,0.025458,0.9614,1.0000
812000.00,750000.00,808551.79,8,8,8,8,8,0.025267,0.9519,1.0000
812000.00,750000.00,816028.59,8,8,8,8,8,0.025501,0.9120,1.0000
812000.00,750000.00,859958.65,8,8,8,8,8,0.026874,0.9565,1.0000
812000.00,750000.00,820274.35,8,8,8,8,8,0.025634,0.7811,1.0000
812000.00,750000.00,800315.86,8,8,8,8,8,0.025010,0.9192,1.0000
812000.00,750000.00,807510.38,8,8,8,8,8,0.025235,0.9349,1.0000
812000.00,750000.00,801094.06,8,8,8,8,8,0.025034,0.8557,1.0000
812000.00,750000.00,813709.26,8,8,8,8,8,0.025428,0.9215,1.0000
812000.00,750000.00,817707.06,8,8,8,8,8,0.025553,0.7015,1.0000
812000.00,750000.00,808036.80,8,8,8,8,8,0.025251,0.9139,1.0000
812000.00,750000.00,811538.70,8,8,8,8,8,0.025361,0.8086,1.0000
812000.00,750000.00,843379.97,8,8,8,8,8,0.026356,0.8402,1.0000
812000.00,750000.00,818504.33,8,8,8,8,8,0.025578,0.9230,1.0000
812000.00,750000.00,819622.04,8,8,8,8,8,0.025613,0.9453,1.0000
812000.00,750000.00,797637.94,8,8,8,8,8,0.024926,0.7872,1.0000
812000.00,750000.00,819286.35,8,8,8,8,8,0.025603,0.9538,1.0000
812000.00,750000.00,800762.18,8,8,8,8,8,0.025024,0.9178,1.0000
812000.00,750000.00,816551.21,8,8,8,8,8,0.025517,0.8226,1.0000
812000.00,750000.00,807907.10,8,8,8,8,8,0.025247,0.8640,1.0000
812000.00,750000.00,808021.55,8,8,8,8,8,0.025251,0.9264,1.0000
812000.00,750000.00,817245.48,8,8,8,8,8,0.025539,0.9034,1.0000
812000.00,750000.00,824913.02,8,8,8,8,8,0.025779,0.9434,1.0000
812000.00,750000.00,808925.63,8,8,8,8,8,0.025279,0.8888,1.0000
812000.00,750000.00,819496.15,8,8,8,8,8,0.025609,0.9538,1.0000
812000.00,750000.00,827205.66,8,8,8,8,8,0.025850,0.8136,1.0000
812000.00,750000.00,827461.24,8,8,8,8,8,0.025858,0.9356,1.0000
812000.00,750000.00,801433.56,8,8,8,8,8,0.025045,0.9445,1.0000
812000.00,750000.00,822196.96,8,8,8,8,8,0.025694,0.8456,1.0000
125000.00,125000.00,125283.24,9,9,9,9,9,0.015660,0.9534,0.9499
125000.00,125000.00,128950.12,9,9,9,9,9,0.016119,0.9246,0.9641
125000.00,125000.00,126295.09,12,12,12,12,12,0.015787,0.8996,0.9284
125000.00,125000.00,98522.43,10,10,10,9,9,0.012315,0.8380,0.7815
125000.00,125000.00,129732.61,10,10,10,10,10,0.016217,0.9543,0.9243
125000.00,125000.00,128753.66,9,9,9,9,9,0.016094,0.9312,0.9579
125000.00,125000.00,129762.65,9,9,9,9,9,0.016220,0.9220,0.9486
125000.00,125000.00,122864.48,11,11,11,11,11,0.015358,0.9076,0.9611
125000.00,125000.00,127092.36,11,11,11,11,11,0.015887,0.8901,0.9501
125000.00,125000.00,131294.25,9,9,9,9,9,0.016412,0.8578,0.8807
125000.00,125000.00,129129.41,11,11,11,11,11,0.016141,0.7629,0.7337
125000.00,125000.00,125083.92,11,11,11,11,11,0.015635,0.9346,0.9968
125000.00,125000.00,123937.61,12,12,12,12,12,0.015492,0.9068,0.9318
125000.00,125000.00,127456.67,11,11,11,11,11,0.015932,0.7648,0.6533
125000.00,125000.00,125943.18,10,10,10,10,10,0.015743,0.9601,0.9685
125000.00,125000.00,123355.87,10,10,10,10,10,0.015419,0.9468,0.9569
125000.00,125000.00,134746.61,9,9,9,9,9,0.016843,0.8478,0.9256
125000.00,125000.00,124366.76,9,9,9,9,9,0.015546,0.7669,0.9775
125000.00,125000.00,124208.45,12,12,12,12,12,0.015526,0.9097,0.9905
125000.00,125000.00,125198.36,11,11,11,11,11,0.015650,0.8951,0.9168
125000.00,125000.00,129176.97,10,10,10,10,10,0.016147,0.8838,0.8154
125000.00,125000.00,127447.13,9,9,9,9,9,0.015931,0.8662,0.9608
125000.00,125000.00,125885.01,12,12,12,12,12,0.015736,0.9125,0.9438
125000.00,125000.00,135766.67,11,11,11,11,11,0.016971,0.8608,0.8154
125000.00,125000.00,123167.99,9,9,9,9,9,0.015396,0.9523,0.9666
125000.00,125000.00,136366.49,10,10,10,10,10,0.017046,0.9442,0.8877
125000.00,125000.00,124646.19,9,9,9,9,9,0.015581,0.9437,0.9568
125000.00,125000.00,126283.65,10,10,10,10,10,0.015785,0.9373,0.9198
125000.00,125000.00,130353.93,11,11,11,11,11,0.016294,0.8514,0.9025
125000.00,125000.00,124828.34,9,9,9,9,9,0.015604,0.8321,0.9863
125000.00,125000.00,129634.86,10,10,10,10,10,0.016204,0.7785,0.6836
125000.00,125000.00,117088.32,10,10,10,10,10,0.014636,0.9371,0.9274
125000.00,125000.00,130948.07,12,12,12,12,12,0.016369,0.9100,0.8999
125000.00,125000.00,116317.75,10,10,10,10,10,0.014540,0.7488,0.9155
125000.00,125000.00,132287.03,10,10,10,10,10,0.016536,0.9648,0.9371
125000.00,125000.00,128104.21,9,9,9,9,9,0.016013,0.9299,0.9715
125000.00,125000.00,126476.29,9,9,9,9,9,0.015810,0.9185,0.9778
125000.00,125000.00,133577.35,12,12,12,12,12,0.016697,0.8235,0.8985
125000.00,125000.00,128478.05,10,10,10,10,10,0.016060,0.7432,0.6969
125000.00,125000.00,123889.33,9,9,9,9,9,0.015486,0.8833,0.9587
125000.00,125000.00,118870.74,10,10,10,10,10,0.014859,0.8693,0.9408
125000.00,125000.00,125893.12,10,10,10,10,10,0.015737,0.9409,0.9460
125000.00,125000.00,126330.38,9,9,9,9,9,0.015791,0.9190,0.9439
125000.00,125000.00,127943.04,9,9,9,9,9,0.015993,0.9115,0.9508
125000.00,125000.00,124661.45,9,9,9,9,9,0.015583,0.9602,0.9095
125000.00,125000.00,120874.88,10,10,10,10,10,0.015109,0.9567,0.9193
125000.00,125000.00,125249.39,9,9,9,9,9,0.015656,0.9462,0.9404
125000.00,125000.00,125839.23,9,9,9,9,9,0.015730,0.8979,0.9463
125000.00,125000.00,127298.36,12,12,12,12,12,0.015912,0.8685,0.9733
125000.00,125000.00,128998.28,12,12,12,12,12,0.016125,0.8447,0.9495
125000.00,125000.00,124826.43,9,9,9,9,9,0.015603,0.9039,0.9875
125000.00,125000.00,126681.33,12,12,12,12,12,0.015835,0.8598,0.9746
125000.00,125000.00,123503.68,10,10,10,10,10,0.015438,0.9546,0.9592
125000.00,125000.00,129068.37,9,9,9,9,9,0.016134,0.9331,0.9481
125000.00,125000.00,112539.77,9,9,9,9,9,0.014067,0.8581,0.8868
125000.00,125000.00,121751.79,10,10,10,10,10,0.015219,0.9464,0.9733
125000.00,125000.00,130707.74,9,9,9,9,9,0.016338,0.9393,0.9458
125000.00,125000.00,129674.91,11,11,11,11,11,0.016209,0.9364,0.9400
125000.00,125000.00,128226.28,10,10,10,10,10,0.016028,0.9146,0.9448
125000.00,125000.00,124891.28,10,10,10,10,10,0.015611,0.9114,0.9331
125000.00,125000.00,128907.20,10,10,10,10,10,0.016113,0.8808,0.9334
125000.00,125000.00,123621.94,9,9,9,9,9,0.015453,0.9051,0.9779
125000.00,125000.00,128122.81,11,11,11,11,11,0.016015,0.7584,0.8462
125000.00,125000.00,122618.68,9,9,9,9,9,0.015327,0.9051,0.9781
125000.00,125000.00,124345.78,10,10,10,10,10,0.015543,0.7823,0.9322
125000.00,125000.00,121773.72,11,11,11,11,11,0.015222,0.7238,0.8640
125000.00,125000.00,122431.76,9,9,9,9,9,0.015304,0.9299,0.9771
125000.00,125000.00,128769.87,11,11,11,11,11,0.016096,0.8775,0.9509
125000.00,125000.00,122181.65,12,12,12,12,12,0.015273,0.7622,0.9016
125000.00,125000.00,124859.33,10,10,10,10,10,0.015607,0.9386,0.9245
125000.00,125000.00,127137.90,10,10,10,10,10,0.015892,0.9340,0.9807
125000.00,125000.00,124375.64,9,9,9,9,9,0.015547,0.9212,0.9948
125000.00,125000.00,127236.84,12,12,12,12,12,0.015905,0.8233,0.8748
125000.00,125000.00,126598.36,12,12,12,12,12,0.015825,0.8007,0.8784
125000.00,125000.00,125850.68,11,11,11,11,11,0.015731,0.7105,0.8960
125000.00,125000.00,125623.70,9,9,9,9,9,0.015703,0.9613,0.9713
125000.00,125000.00,125088.69,9,9,9,9,9,0.015636,0.9398,0.9605
125000.00,125000.00,128498.08,9,9,9,9,9,0.016062,0.9384,0.9690
125000.00,125000.00,117088.32,10,10,10,10,10,0.014636,0.9198,0.9065
125000.00,125000.00,128182.41,11,11,11,11,11,0.016023,0.8811,0.9637
125000.00,125000.00,126466.75,12,12,12,12,12,0.015808,0.8786,0.9671
125000.00,125000.00,124427.80,12,12,12,12,12,0.015553,0.8375,0.9755
125000.00,125000.00,128072.74,9,9,9,9,9,0.016009,0.8552,0.8614
125000.00,187500.00,144898.89,9,10,10,9,9,0.018112,0.8276,0.6838
125000.00,125000.00,123123.17,10,10,10,10,10,0.015390,0.9497,0.9167
125000.00,125000.00,129745.01,11,11,11,11,11,0.016218,0.9246,0.9629
125000.00,125000.00,135244.97,12,12,12,12,12,0.016906,0.8896,0.9159
125000.00,125000.00,125428.20,11,11,11,11,11,0.015679,0.8895,0.9079
125000.00,125000.00,125654.22,9,9,9,9,9,0.015707,0.8340,0.9562
125000.00,125000.00,124593.73,10,10,10,10,10,0.015574,0.9597,0.9451
125000.00,125000.00,123393.06,10,10,10,10,10,0.015424,0.9400,0.9679
125000.00,125000.00,125041.96,10,10,10,10,10,0.015630,0.8893,0.9721
125000.00,125000.00,136105.00,9,9,9,9,9,0.017013,0.7657,0.6054
125000.00,125000.00,127989.77,11,11,11,11,11,0.015999,0.7335,0.7454
125000.00,125000.00,122806.55,10,10,10,10,10,0.015351,0.9444,0.9106
125000.00,125000.00,129238.61,9,9,9,9,9,0.016155,0.8967,0.9362
125000.00,125000.00,130455.02,9,9,9,9,9,0.016307,0.8912,0.9571
125000.00,125000.00,132410.05,9,9,9,9,9,0.016551,0.8373,0.8927
125000.00,125000.00,122853.49,11,11,11,11,11,0.015357,0.7006,0.8796
125000.00,125000.00,125335.69,11,11,11,11,11,0.015667,0.9314,0.9739
125000.00,125000.00,128558.64,9,9,9,9,9,0.016070,0.9119,0.9187
125000.00,125000.00,126094.58,10,10,10,10,10,0.015762,0.7533,0.9434
125000.00,125000.00,126091.96,9,9,9,9,9,0.015761,0.9389,0.9407
125000.00,125000.00,125970.84,9,9,9,9,9,0.015746,0.8926,0.9245
125000.00,125000.00,114966.27,9,9,9,9,9,0.014371,0.7428,0.6781
125000.00,125000.00,122765.54,10,10,10,10,10,0.015346,0.8895,0.9542
125000.00,125000.00,121580.48,10,10,10,10,10,0.015198,0.8794,0.9476
125000.00,125000.00,126432.18,9,9,9,9,9,0.015804,0.9514,0.9685
125000.00,125000.00,124573.71,10,10,10,10,10,0.015572,0.9484,0.9697
125000.00,125000.00,127712.25,11,11,11,11,11,0.015964,0.9318,0.9008
125000.00,125000.00,129361.15,9,9,9,9,9,0.016170,0.9260,0.9434
125000.00,125000.00,130059.72,11,11,11,11,11,0.016257,0.9253,0.9217
125000.00,125000.00,122453.69,9,9,9,9,9,0.015307,0.9046,0.9742
125000.00,125000.00,82633.09,10,10,10,9,9,0.010329,0.8987,0.7736
125000.00,125000.00,128254.65,11,11,11,11,11,0.016032,0.9385,0.9675
125000.00,125000.00,123427.39,9,9,9,9,9,0.015428,0.9108,0.9663
125000.00,125000.00,127105.71,10,10,10,10,10,0.015888,0.7088,0.6879
125000.00,125000.00,125392.91,10,10,10,10,10,0.015674,0.9598,0.9464
125000.00,125000.00,122802.73,11,11,11,11,11,0.015350,0.9547,0.7879
125000.00,125000.00,128259.66,9,9,9,9,9,0.016032,0.9472,0.9144
125000.00,125000.00,122991.56,11,11,11,11,11,0.015374,0.9321,0.9807
125000.00,125000.00,128322.12,11,11,11,11,11,0.016040,0.9220,0.9205
125000.00,125000.00,129902.84,12,12,12,12,12,0.016238,0.8769,0.9537
125000.00,125000.00,128869.06,11,11,11,11,11,0.016109,0.7847,0.9089
125000.00,125000.00,128020.29,11,11,11,11,11,0.016003,0.7087,0.8382
125000.00,125000.00,113809.59,10,10,10,10,10,0.014226,0.9782,0.8931
125000.00,125000.00,127871.04,11,11,11,11,11,0.015984,0.9360,0.9745
125000.00,125000.00,121451.38,10,10,10,10,10,0.015181,0.9243,0.9699
125000.00,125000.00,117776.87,10,10,10,10,10,0.014722,0.9086,0.9396
125000.00,125000.00,123546.60,12,12,12,12,12,0.015443,0.8652,0.9199
125000.00,125000.00,123905.18,11,11,11,11,11,0.015488,0.9299,0.9608
125000.00,125000.00,125957.49,10,10,10,10,10,0.015745,0.9224,0.9582
125000.00,125000.00,126182.56,9,9,9,9,9,0.015773,0.8924,0.9654
125000.00,125000.00,126958.85,12,12,12,12,12,0.015870,0.8842,0.9022
125000.00,125000.00,129027.37,11,11,11,11,11,0.016128,0.9353,0.9331
125000.00,125000.00,130600.93,9,9,9,9,9,0.016325,0.9251,0.9548
125000.00,125000.00,123901.37,10,10,10,10,10,0.015488,0.9186,0.9545
125000.00,125000.00,127227.07,12,12,12,12,12,0.015903,0.8857,0.9809
125000.00,125000.00,126197.81,12,12,12,12,12,0.015775,0.8793,0.9579
125000.00,125000.00,128154.75,10,11,11,11,11,0.016019,0.7538,0.9513
125000.00,125000.00,126261.71,11,11,11,11,11,0.015783,0.9331,0.9726
125000.00,125000.00,140041.35,9,9,9,9,9,0.017505,0.9245,0.8679
125000.00,125000.00,135112.88,9,9,9,9,9,0.016889,0.7733,0.9103
125000.00,125000.00,121177.67,10,10,10,10,10,0.015147,0.9308,0.9588
125000.00,125000.00,127706.05,10,10,10,10,10,0.015963,0.8730,0.5417
125000.00,125000.00,128901.96,10,10,10,10,10,0.016113,0.7016,0.8791
125000.00,125000.00,122421.26,11,11,11,11,11,0.015303,0.9280,0.8746
125000.00,125000.00,133759.56,9,9,9,9,9,0.016720,0.8357,0.8665
125000.00,125000.00,124405.86,11,11,11,11,11,0.015551,0.9489,0.9749
125000.00,125000.00,128749.85,9,9,9,9,9,0.016094,0.9412,0.9355
125000.00,125000.00,127412.80,9,9,9,9,9,0.015927,0.9048,0.9528
125000.00,125000.00,131869.32,12,12,12,12,12,0.016484,0.7508,0.7612
125000.00,125000.00,125420.57,9,9,9,9,9,0.015678,0.9012,0.9665
125000.00,125000.00,125751.50,10,10,10,10,10,0.015719,0.8723,0.9862
125000.00,125000.00,118970.87,12,12,12,12,12,0.014871,0.8686,0.9458
125000.00,125000.00,106588.36,11,12,12,12,12,0.013324,0.8069,0.8431
125000.00,125000.00,120059.97,9,9,9,9,9,0.015007,0.9459,0.9491
125000.00,125000.00,121688.84,9,9,9,9,9,0.015211,0.9177,0.9614
125000.00,125000.00,126246.93,12,12,12,12,12,0.015781,0.8876,0.9251
125000.00,125000.00,126288.41,11,11,11,11,11,0.015786,0.7611,0.8671
125000.00,125000.00,124461.17,11,11,11,11,11,0.015558,0.7518,0.8664
125000.00,125000.00,114514.35,10,10,10,10,10,0.014314,0.9281,0.9094
125000.00,125000.00,119065.28,10,10,10,10,10,0.014883,0.9244,0.9143
125000.00,125000.00,129865.65,12,12,12,12,12,0.016233,0.9004,0.9520
125000.00,125000.00,126665.12,12,12,12,12,12,0.015833,0.8742,0.9524
125000.00,125000.00,131870.27,9,9,9,9,9,0.016484,0.8798,0.9320
125000.00,125000.00,126164.44,11,11,11,11,11,0.015771,0.9568,0.9522
125000.00,125000.00,122520.45,9,9,9,9,9,0.015315,0.9314,0.9481
125000.00,125000.00,126875.88,11,11,11,11,11,0.015859,0.8599,0.8987
125000.00,125000.00,122510.19,12,12,12,12,12,0.015314,0.8495,0.9553
125000.00,125000.00,129657.51,11,11,11,11,11,0.016207,0.7586,0.8981
125000.00,125000.00,123047.83,9,9,9,9,9,0.015381,0.9424,0.9410
125000.00,125000.00,128496.17,9,9,9,9,9,0.016062,0.9327,0.9613
125000.00,125000.00,126445.77,10,10,10,10,10,0.015806,0.8937,0.9566
125000.00,125000.00,126615.52,10,10,10,10,10,0.015827,0.7610,0.8213
125000.00,125000.00,123800.28,9,9,9,9,9,0.015475,0.7458,0.9550
125000.00,125000.00,127757.07,10,10,10,10,10,0.015970,0.9407,0.9620
125000.00,125000.00,124313.35,10,10,10,10,10,0.015539,0.9002,0.8715
125000.00,125000.00,127170.56,12,12,12,12,12,0.015896,0.8916,0.9573
125000.00,125000.00,126559.26,12,12,12,12,12,0.015820,0.8696,0.9514
125000.00,125000.00,125692.37,11,11,11,11,11,0.015712,0.8529,0.9252
125000.00,125000.00,125896.45,10,10,10,10,10,0.015737,0.8037,0.9730
125000.00,125000.00,126552.58,11,11,11,11,11,0.015819,0.9297,0.9403
125000.00,125000.00,151674.27,12,12,13,12,13,0.018959,0.8141,0.8158
125000.00,125000.00,123884.20,10,10,10,10,10,0.015486,0.7254,0.6218
125000.00,125000.00,128116.13,10,10,10,10,10,0.016015,0.9433,0.9723
125000.00,125000.00,126069.55,9,9,9,9,9,0.015759,0.9315,0.9432
125000.00,125000.00,123343.47,10,10,10,10,10,0.015418,0.9288,0.9851
125000.00,125000.00,128223.42,10,10,10,10,10,0.016028,0.9228,0.8799
125000.00,125000.00,125924.11,12,12,12,12,12,0.015741,0.8929,0.9385
125000.00,125000.00,126655.58,9,9,9,9,9,0.015832,0.8780,0.8956
125000.00,125000.00,126347.06,10,10,10,10,10,0.015793,0.8013,0.6944
125000.00,125000.00,124937.06,9,9,9,9,9,0.015617,0.9365,0.9468
125000.00,125000.00,128517.76,12,12,12,12,12,0.016065,0.9271,0.9195
125000.00,125000.00,132843.49,11,11,11,11,11,0.016605,0.9060,0.9371
125000.00,125000.00,133611.68,10,10,10,10,10,0.016701,0.8566,0.9334
125000.00,125000.00,119955.06,10,10,10,10,10,0.014994,0.9611,0.9586
125000.00,125000.00,127664.57,10,10,10,10,10,0.015958,0.9217,0.9761
125000.00,125000.00,126762.39,11,11,11,11,11,0.015845,0.9178,0.9710
125000.00,125000.00,123196.66,9,9,9,9,9,0.015400,0.9051,0.9393
125000.00,125000.00,125905.04,9,9,9,9,9,0.015738,0.9495,0.9771
125000.00,125000.00,124176.98,9,9,9,9,9,0.015522,0.8712,0.9625
125000.00,125000.00,119356.16,12,12,12,12,12,0.014920,0.9200,0.9102
125000.00,125000.00,127213.48,12,12,12,12,12,0.015902,0.9182,0.9064
125000.00,125000.00,130609.51,9,9,9,9,9,0.016326,0.8943,0.9554
125000.00,125000.00,115631.10,12,12,12,12,12,0.014454,0.8335,0.9246
125000.00,125000.00,124949.22,12,12,12,12,12,0.015619,0.9106,0.7099
125000.00,125000.00,126283.41,11,11,11,11,11,0.015785,0.9329,0.9775
125000.00,125000.00,126664.16,11,11,11,11,11,0.015833,0.9170,0.9132
125000.00,125000.00,125642.78,9,9,9,9,9,0.015705,0.9357,0.9907
125000.00,125000.00,127617.84,10,10,10,10,10,0.015952,0.8904,0.9334
125000.00,125000.00,128147.13,11,11,11,11,11,0.016018,0.8511,0.9226
125000.00,125000.00,126182.56,10,10,10,10,10,0.015773,0.8356,0.8866
125000.00,125000.00,123977.66,10,10,10,10,10,0.015497,0.9555,0.9189
125000.00,125000.00,136144.64,9,9,9,9,9,0.017018,0.8962,0.9022
125000.00,125000.00,125105.37,9,9,9,9,9,0.015638,0.8897,0.9732
125000.00,125000.00,128344.06,9,9,9,9,9,0.016043,0.8168,0.9039
125000.00,125000.00,129409.79,12,12,12,12,12,0.016176,0.7133,0.9642
125000.00,125000.00,110626.22,9,9,9,9,9,0.013828,0.9401,0.7717
125000.00,125000.00,119800.57,11,11,11,11,11,0.014975,0.9370,0.8958
125000.00,125000.00,118516.92,9,9,9,9,9,0.014815,0.9087,0.9324
125000.00,125000.00,122591.02,9,9,9,9,9,0.015324,0.8420,0.9615
125000.00,125000.00,124455.45,10,10,10,10,10,0.015557,0.9671,0.9399
125000.00,125000.00,125482.56,10,10,10,10,10,0.015685,0.9664,0.9685
125000.00,125000.00,128650.67,11,11,11,11,11,0.016081,0.9534,0.9686
125000.00,125000.00,130253.79,9,9,9,9,9,0.016282,0.9315,0.8110
125000.00,125000.00,125979.19,11,11,11,11,11,0.015747,0.9064,0.8841
125000.00,125000.00,125618.93,9,9,9,9,9,0.015702,0.9359,0.9449
125000.00,125000.00,125649.45,9,9,9,9,9,0.015706,0.9631,0.9711
125000.00,125000.00,127984.05,10,10,10,10,10,0.015998,0.9556,0.9537
125000.00,125000.00,124380.11,9,9,9,9,9,0.015548,0.9394,0.9938
125000.00,125000.00,130014.42,10,10,10,10,10,0.016252,0.9361,0.8808
125000.00,125000.00,125524.52,11,11,11,11,11,0.015691,0.9335,0.9528
125000.00,125000.00,130807.10,9,9,9,9,9,0.016351,0.9299,0.9451
125000.00,125000.00,122030.26,10,10,10,10,10,0.015254,0.9148,0.9586
125000.00,125000.00,118245.12,9,9,9,9,9,0.014781,0.9591,0.9092
125000.00,125000.00,125952.48,9,9,9,9,9,0.015744,0.9582,0.9580
125000.00,125000.00,121362.69,10,10,10,10,10,0.015170,0.9483,0.9615
125000.00,125000.00,128297.81,9,9,9,9,9,0.016037,0.9097,0.9619
125000.00,125000.00,118140.22,12,12,12,12,12,0.014768,0.9072,0.8021
125000.00,125000.00,124237.06,9,9,9,9,9,0.015530,0.8957,0.9452
125000.00,125000.00,126795.05,9,9,9,9,9,0.015849,0.9687,0.9845
125000.00,125000.00,121857.64,10,10,10,10,10,0.015232,0.9551,0.9660
125000.00,125000.00,128030.78,9,9,9,9,9,0.016004,0.9429,0.9661
125000.00,125000.00,126358.03,9,9,9,9,9,0.015795,0.9336,0.9398
125000.00,125000.00,129564.29,9,9,9,9,9,0.016196,0.9066,0.9219
125000.00,125000.00,128966.81,11,11,11,11,11,0.016121,0.7452,0.9621
125000.00,125000.00,120374.68,12,12,12,12,12,0.015047,0.9132,0.9609
125000.00,125000.00,120486.97,11,11,11,11,11,0.015061,0.8839,0.9243
125000.00,125000.00,124724.39,11,11,11,11,11,0.015591,0.8814,0.9528
125000.00,125000.00,127298.59,10,10,10,10,10,0.015912,0.8262,0.7943
125000.00,125000.00,120120.05,10,10,10,10,10,0.015015,0.8643,0.5025
125000.00,125000.00,122942.92,10,10,10,10,10,0.015368,0.8335,0.9110
125000.00,125000.00,127476.99,12,12,12,12,12,0.015935,0.7416,0.8908
125000.00,125000.00,126098.63,11,11,11,11,11,0.015762,0.9116,0.9101
125000.00,125000.00,126123.07,12,12,12,12,12,0.015765,0.8840,0.9295
125000.00,125000.00,127134.56,10,10,10,10,10,0.015892,0.9308,0.9696
125000.00,125000.00,127612.11,9,9,9,9,9,0.015952,0.8500,0.9232
125000.00,125000.00,126714.41,9,9,9,9,9,0.015839,0.8355,0.9291
125000.00,125000.00,120419.37,12,12,12,12,12,0.015052,0.9105,0.9618
125000.00,125000.00,125881.20,9,9,9,9,9,0.015735,0.8777,0.9515
125000.00,125000.00,128610.61,10,10,10,10,10,0.016076,0.8462,0.9456
125000.00,125000.00,130878.45,11,11,11,11,11,0.016360,0.9447,0.8856
125000.00,125000.00,123666.76,9,9,9,9,9,0.015458,0.8763,0.9621
125000.00,125000.00,136690.14,10,10,10,10,10,0.017086,0.8729,0.8771
125000.00,125000.00,126127.24,9,9,9,9,9,0.015766,0.8697,0.9569
125000.00,125000.00,144623.04,10,10,10,10,10,0.018078,0.7630,0.8426
125000.00,125000.00,119850.16,10,10,10,10,10,0.014981,0.9508,0.9455
125000.00,125000.00,116033.55,10,10,10,10,10,0.014504,0.9245,0.9206
125000.00,125000.00,121404.65,9,9,9,9,9,0.015176,0.8925,0.9115
125000.00,125000.00,122636.80,10,10,10,10,10,0.015330,0.8450,0.8759
125000.00,125000.00,127679.82,9,9,9,9,9,0.015960,0.7916,0.5951
125000.00,125000.00,127916.81,9,9,9,9,9,0.015990,0.9340,0.9374
125000.00,125000.00,126508.47,9,9,9,9,9,0.015814,0.9194,0.9073
125000.00,125000.00,144435.88,11,11,11,11,11,0.018054,0.8890,0.8621
125000.00,187500.00,128007.02,11,12,12,11,11,0.016001,0.8291,0.8949
125000.00,125000.00,128652.57,12,12,12,12,12,0.016082,0.7970,0.6339
125000.00,125000.00,120599.75,9,9,9,9,9,0.015075,0.9327,0.9483
125000.00,125000.00,125730.51,9,9,9,9,9,0.015716,0.9130,0.9051
125000.00,125000.00,127909.66,12,12,12,12,12,0.015989,0.9049,0.9474
125000.00,125000.00,128450.87,12,12,12,12,12,0.016056,0.8307,0.9625
125000.00,125000.00,108831.41,9,9,9,9,9,0.013604,0.9188,0.8443
125000.00,125000.00,121049.88,12,12,12,12,12,0.015131,0.7823,0.5686
125000.00,125000.00,122385.98,10,10,10,10,10,0.015298,0.9331,0.9697
125000.00,125000.00,127568.24,9,9,9,9,9,0.015946,0.9201,0.9282
125000.00,125000.00,126453.16,9,9,9,9,9,0.015807,0.9122,0.9438
125000.00,125000.00,131965.64,12,12,12,12,12,0.016496,0.9049,0.8912
125000.00,125000.00,128198.62,9,9,9,9,9,0.016025,0.8800,0.9336
125000.00,125000.00,132692.34,11,11,11,11,11,0.016587,0.8750,0.9341
125000.00,125000.00,127012.25,11,11,11,11,11,0.015877,0.9476,0.9239
125000.00,125000.00,128311.16,9,9,9,9,9,0.016039,0.9393,0.9578
125000.00,125000.00,124332.43,11,11,11,11,11,0.015542,0.9257,0.9279
125000.00,125000.00,132772.45,11,11,11,11,11,0.016597,0.8909,0.8032
125000.00,125000.00,127530.10,9,9,9,9,9,0.015941,0.9434,0.9714
125000.00,125000.00,126792.91,9,9,9,9,9,0.015849,0.9106,0.9489
125000.00,125000.00,126198.77,12,12,12,12,12,0.015775,0.8962,0.9241
125000.00,125000.00,137018.20,12,12,12,12,12,0.017127,0.8272,0.9061
125000.00,125000.00,123358.25,12,12,12,12,12,0.015420,0.8014,0.8148
125000.00,125000.00,125854.49,10,10,10,10,10,0.015732,0.7792,0.9205
125000.00,125000.00,126966.00,9,9,9,9,9,0.015871,0.7067,0.9164
125000.00,125000.00,127304.08,11,11,11,11,11,0.015913,0.9299,0.9768
125000.00,125000.00,131351.47,12,12,12,12,12,0.016419,0.9158,0.9353
125000.00,125000.00,130912.78,11,11,11,11,11,0.016364,0.8881,0.9432
125000.00,125000.00,133180.62,9,9,9,9,9,0.016648,0.8489,0.9256
125000.00,125000.00,122570.04,11,11,11,11,11,0.015321,0.9505,0.9691
125000.00,125000.00,125698.09,10,10,10,10,10,0.015712,0.9347,0.9555
125000.00,125000.00,122457.50,10,10,10,10,10,0.015307,0.9439,0.9753
125000.00,125000.00,127844.81,9,9,9,9,9,0.015981,0.9017,0.9289
125000.00,125000.00,139090.54,12,12,12,12,12,0.017386,0.7614,0.5679
125000.00,125000.00,128337.38,10,10,10,10,10,0.016042,0.9578,0.9423
125000.00,125000.00,125238.42,9,9,9,9,9,0.015655,0.9455,0.9553
125000.00,125000.00,124201.30,12,12,12,12,12,0.015525,0.9324,0.9535
125000.00,125000.00,127357.96,9,9,9,9,9,0.015920,0.7592,0.8698
125000.00,125000.00,127973.56,11,11,11,11,11,0.015997,0.7301,0.7254
125000.00,125000.00,125740.05,11,11,11,11,11,0.015718,0.9266,0.9652
125000.00,125000.00,125860.21,10,10,10,10,10,0.015733,0.9228,0.9254
125000.00,125000.00,127546.55,10,10,10,10,10,0.015943,0.9210,0.9743
125000.00,125000.00,121332.65,9,9,9,9,9,0.015167,0.9159,0.9675
125000.00,125000.00,125194.55,9,9,9,9,9,0.015649,0.9012,0.9943
125000.00,125000.00,128526.69,10,10,10,10,10,0.016066,0.9538,0.9724
125000.00,125000.00,132224.08,11,11,11,11,11,0.016528,0.9352,0.9400
125000.00,125000.00,128675.46,12,12,12,12,12,0.016084,0.9309,0.9698
125000.00,125000.00,127969.50,11,11,11,11,11,0.015996,0.9210,0.9714
125000.00,125000.00,126021.39,11,11,11,11,11,0.015753,0.9097,0.9491
125000.00,125000.00,131642.34,9,9,9,9,9,0.016455,0.8989,0.9454
125000.00,125000.00,127250.67,10,10,10,10,10,0.015906,0.8836,0.9765
125000.00,125000.00,130263.57,9,9,9,9,9,0.016283,0.7552,0.6892
125000.00,125000.00,123265.27,10,10,10,10,10,0.015408,0.9556,0.9337
125000.00,125000.00,125387.19,10,10,10,10,10,0.015673,0.9528,0.9392
125000.00,125000.00,126034.74,10,10,10,10,10,0.015754,0.9503,0.9525
125000.00,125000.00,130705.83,11,11,11,11,11,0.016338,0.9390,0.9132
125000.00,125000.00,127281.19,10,10,10,10,10,0.015910,0.9203,0.9800
125000.00,125000.00,124643.80,12,12,12,12,12,0.015580,0.8997,0.9949
125000.00,125000.00,123514.18,9,9,9,9,9,0.015439,0.9561,0.9671
125000.00,125000.00,125921.01,9,9,9,9,9,0.015740,0.9232,0.9856
125000.00,125000.00,130310.06,9,9,9,9,9,0.016289,0.8951,0.9548
125000.00,125000.00,128808.98,12,12,12,12,12,0.016101,0.8843,0.9073
125000.00,125000.00,126089.10,10,10,10,10,10,0.015761,0.7633,0.8882
125000.00,125000.00,130576.13,12,12,12,12,12,0.016322,0.7548,0.9159
125000.00,125000.00,127950.67,9,9,9,9,9,0.015994,0.9280,0.9696
125000.00,125000.00,130922.32,12,12,12,12,12,0.016365,0.9019,0.8977
125000.00,125000.00,124090.19,9,9,9,9,9,0.015511,0.8982,0.9796
125000.00,125000.00,148788.45,11,11,12,11,12,0.018599,0.8324,0.8337
125000.00,125000.00,134736.06,12,12,12,12,12,0.016842,0.8284,0.8932
125000.00,125000.00,125777.96,12,12,12,12,12,0.015722,0.8246,0.8777
125000.00,125000.00,122680.19,9,9,9,9,9,0.015335,0.9510,0.9474
125000.00,125000.00,122028.35,10,10,10,10,10,0.015254,0.9256,0.9741
125000.00,125000.00,125559.81,11,11,11,11,11,0.015695,0.9121,0.9219
125000.00,125000.00,127797.60,11,11,11,11,11,0.015975,0.7935,0.7280
125000.00,125000.00,125319.00,9,9,9,9,9,0.015665,0.9188,0.9388
125000.00,125000.00,126869.20,12,12,12,12,12,0.015859,0.8854,0.9351
125000.00,125000.00,127498.63,12,12,12,12,12,0.015937,0.8458,0.8605
125000.00,125000.00,140720.37,12,12,12,12,12,0.017590,0.7777,0.8760
125000.00,187500.00,125270.84,11,12,12,11,11,0.015659,0.8239,0.9149
125000.00,125000.00,129316.33,9,9,9,9,9,0.016165,0.9290,0.9159
125000.00,125000.00,128754.62,11,11,11,11,11,0.016094,0.9071,0.9667
125000.00,125000.00,126280.67,10,10,10,10,10,0.015785,0.8737,0.9598
125000.00,125000.00,130264.28,11,11,11,11,11,0.016283,0.8477,0.7394
125000.00,125000.00,129812.84,12,12,12,12,12,0.016227,0.7212,0.9050
125000.00,125000.00,124633.79,11,11,11,11,11,0.015579,0.9454,0.9431
125000.00,125000.00,125396.73,9,9,9,9,9,0.015675,0.9247,0.9533
125000.00,125000.00,118501.66,9,9,9,9,9,0.014813,0.9495,0.9440
125000.00,125000.00,120700.84,9,9,9,9,9,0.015088,0.9411,0.9170
125000.00,125000.00,111348.15,9,9,9,9,9,0.013919,0.8738,0.8835
125000.00,125000.00,134519.58,9,9,9,9,9,0.016815,0.9609,0.9013
125000.00,125000.00,121887.21,11,11,11,11,11,0.015236,0.9302,0.9726
125000.00,125000.00,137528.42,10,10,10,10,10,0.017191,0.8319,0.9031
125000.00,125000.00,128182.65,10,10,10,10,10,0.016023,0.7628,0.6679
125000.00,125000.00,126014.71,9,9,9,9,9,0.015752,0.9701,0.9600
125000.00,125000.00,129057.88,11,11,11,11,11,0.016132,0.9293,0.9654
125000.00,125000.00,126085.52,9,9,9,9,9,0.015761,0.9081,0.9521
125000.00,125000.00,129978.06,12,12,12,12,12,0.016247,0.8699,0.9568
125000.00,125000.00,139806.75,10,10,10,10,10,0.017476,0.7621,0.8805
125000.00,125000.00,124617.58,10,10,10,10,10,0.015577,0.9467,0.9199
125000.00,125000.00,125625.61,9,9,9,9,9,0.015703,0.9418,0.8947
125000.00,125000.00,122283.94,9,9,9,9,9,0.015285,0.9416,0.9740
125000.00,125000.00,120834.35,12,12,12,12,12,0.015104,0.9093,0.9410
125000.00,125000.00,124685.29,12,12,12,12,12,0.015586,0.8792,0.9161
125000.00,125000.00,128069.88,10,10,10,10,10,0.016009,0.9434,0.8991
125000.00,125000.00,124788.28,9,9,9,9,9,0.015599,0.9243,0.9973
125000.00,125000.00,129188.54,12,12,12,12,12,0.016149,0.8910,0.9554
125000.00,125000.00,124387.95,11,11,11,11,11,0.015548,0.8759,0.9361
125000.00,125000.00,125247.96,10,10,10,10,10,0.015656,0.9615,0.9665
125000.00,125000.00,128960.37,10,10,10,10,10,0.016120,0.9485,0.9648
125000.00,125000.00,130407.33,9,9,9,9,9,0.016301,0.9213,0.9466
125000.00,125000.00,120596.89,10,10,10,10,10,0.015075,0.9449,0.9420
125000.00,125000.00,122450.35,10,10,10,10,10,0.015306,0.9395,0.9614
125000.00,125000.00,125308.99,9,9,9,9,9,0.015664,0.8989,0.9941
125000.00,125000.00,122851.13,12,12,12,12,12,0.015356,0.8761,0.9059
125000.00,125000.00,121391.53,9,9,9,9,9,0.015174,0.9490,0.9445
125000.00,125000.00,126685.14,10,10,10,10,10,0.015836,0.9215,0.9527
125000.00,125000.00,127449.04,10,10,10,10,10,0.015931,0.8900,0.9010
125000.00,125000.00,123589.52,9,9,9,9,9,0.015449,0.8393,0.8812
125000.00,125000.00,126220.23,10,10,10,10,10,0.015778,0.9485,0.9677
125000.00,125000.00,128288.87,10,10,10,10,10,0.016036,0.9431,0.9676
125000.00,125000.00,123980.28,10,10,10,10,10,0.015498,0.9152,0.9161
125000.00,125000.00,123842.60,10,10,10,10,10,0.015480,0.9636,0.9500
125000.00,125000.00,125772.95,11,11,11,11,11,0.015722,0.9406,0.9367
125000.00,125000.00,132671.36,10,10,10,10,10,0.016584,0.8971,0.9373
125000.00,125000.00,130238.53,12,12,12,12,12,0.016280,0.7875,0.9020
125000.00,125000.00,128236.77,9,9,9,9,9,0.016030,0.7161,0.7808
125000.00,125000.00,128819.47,9,9,9,9,9,0.016102,0.9666,0.9406
125000.00,125000.00,127590.18,11,11,11,11,11,0.015949,0.9313,0.9718
125000.00,125000.00,125810.62,9,9,9,9,9,0.015726,0.9193,0.9891
125000.00,125000.00,126044.03,12,12,12,12,12,0.015756,0.8555,0.9388
125000.00,125000.00,115480.42,12,12,12,12,12,0.014435,0.9136,0.9217
125000.00,125000.00,120867.73,12,12,12,12,12,0.015108,0.9047,0.9067
125000.00,125000.00,129778.86,11,11,11,11,11,0.016222,0.9016,0.9482
125000.00,125000.00,127827.64,9,9,9,9,9,0.015978,0.8676,0.8791
125000.00,125000.00,122032.17,12,12,12,12,12,0.015254,0.8639,0.6346
125000.00,125000.00,119720.46,9,9,9,9,9,0.014965,0.8389,0.9236
125000.00,125000.00,118775.37,9,9,9,9,9,0.014847,0.8939,0.8784
125000.00,125000.00,119258.88,12,12,12,12,12,0.014907,0.7920,0.5991
125000.00,125000.00,126965.52,10,10,10,10,10,0.015871,0.9674,0.9786
125000.00,125000.00,129926.68,11,11,11,11,11,0.016241,0.9449,0.9037
125000.00,125000.00,123956.68,9,9,9,9,9,0.015495,0.9373,0.9721
125000.00,125000.00,126857.76,9,9,9,9,9,0.015857,0.9325,0.9592
125000.00,125000.00,124197.96,10,10,10,10,10,0.015525,0.9291,0.9695
125000.00,125000.00,125335.69,9,9,9,9,9,0.015667,0.9109,0.9563
125000.00,125000.00,126944.54,11,11,11,11,11,0.015868,0.9075,0.9793
125000.00,125000.00,126630.78,10,10,10,10,10,0.015829,0.9009,0.9753
125000.00,125000.00,122599.12,12,12,12,12,12,0.015325,0.7924,0.8975
125000.00,125000.00,128232.24,12,12,12,12,12,0.016029,0.9531,0.9546
125000.00,125000.00,126810.07,9,9,9,9,9,0.015851,0.9195,0.9737
125000.00,125000.00,128531.46,11,11,11,11,11,0.016066,0.9723,0.9688
125000.00,125000.00,120105.74,10,10,10,10,10,0.015013,0.9132,0.9507
125000.00,125000.00,123724.46,9,9,9,9,9,0.015466,0.8666,0.9415
125000.00,125000.00,123506.55,9,9,9,9,9,0.015438,0.8663,0.9275
125000.00,125000.00,129795.07,10,10,10,10,10,0.016224,0.8392,0.8916
125000.00,125000.00,126021.86,11,11,11,11,11,0.015753,0.7382,0.9330
125000.00,125000.00,118844.99,10,10,10,10,10,0.014856,0.9530,0.9226
125000.00,125000.00,126437.19,9,9,9,9,9,0.015805,0.9469,0.9805
125000.00,125000.00,124840.26,10,10,10,10,10,0.015605,0.9310,0.9842
125000.00,125000.00,123594.76,11,11,11,11,11,0.015449,0.9102,0.9640
125000.00,125000.00,125465.39,11,11,11,11,11,0.015683,0.9044,0.8952
125000.00,125000.00,123660.09,12,12,12,12,12,0.015458,0.8239,0.9452
125000.00,125000.00,126369.95,10,10,10,10,10,0.015796,0.9447,0.9878
125000.00,125000.00,126075.74,9,9,9,9,9,0.015759,0.9441,0.9748
125000.00,125000.00,122858.05,9,9,9,9,9,0.015357,0.9370,0.9747
125000.00,125000.00,122588.63,11,11,11,11,11,0.015324,0.9222,0.9530
125000.00,125000.00,123786.93,9,9,9,9,9,0.015473,0.8532,0.9391
125000.00,125000.00,126807.21,9,9,9,9,9,0.015851,0.9103,0.9337
125000.00,125000.00,125239.37,9,9,9,9,9,0.015655,0.8556,0.9819
125000.00,125000.00,129285.81,9,9,9,9,9,0.016161,0.9313,0.9333
125000.00,125000.00,125831.60,9,9,9,9,9,0.015729,0.9248,0.9882
125000.00,125000.00,156423.57,9,9,10,9,10,0.019553,0.9000,0.7874
125000.00,125000.00,129245.76,10,10,10,10,10,0.016156,0.7310,0.7083
125000.00,125000.00,124336.24,10,10,10,10,10,0.015542,0.9638,0.9495
125000.00,125000.00,131846.19,9,9,9,9,9,0.016481,0.9338,0.9343
125000.00,125000.00,130090.00,11,11,11,11,11,0.016261,0.9331,0.9588
125000.00,125000.00,118235.59,10,10,10,10,10,0.014779,0.9279,0.9429
125000.00,125000.00,136194.23,9,9,9,9,9,0.017024,0.8464,0.8946
125000.00,125000.00,127256.39,12,12,12,12,12,0.015907,0.7886,0.9053
125000.00,125000.00,127696.04,10,10,10,10,10,0.015962,0.7006,0.6015
125000.00,125000.00,130206.35,9,9,9,9,9,0.016276,0.9608,0.9533
125000.00,125000.00,123589.04,9,9,9,9,9,0.015449,0.9167,0.9333
125000.00,125000.00,124961.85,12,12,12,12,12,0.015620,0.9134,0.7295
125000.00,125000.00,135918.14,9,12,12,12,12,0.016990,0.9133,0.5379
125000.00,125000.00,124681.47,10,10,10,10,10,0.015585,0.9014,0.9245
125000.00,125000.00,118871.69,9,9,9,9,9,0.014859,0.8996,0.9467
125000.00,125000.00,130666.73,12,12,12,12,12,0.016333,0.8418,0.8989
125000.00,125000.00,129065.51,9,9,9,9,9,0.016133,0.9550,0.9116
125000.00,125000.00,127507.21,12,12,12,12,12,0.015938,0.9390,0.9779
125000.00,125000.00,131573.68,12,12,12,12,12,0.016447,0.9133,0.8937
125000.00,125000.00,127573.97,12,12,12,12,12,0.015947,0.8818,0.9271
125000.00,125000.00,126627.92,10,10,10,10,10,0.015828,0.9410,0.9417
125000.00,125000.00,125885.01,10,10,10,10,10,0.015736,0.9270,0.9567
125000.00,125000.00,121458.05,9,9,9,9,9,0.015182,0.8253,0.9313
125000.00,125000.00,135386.41,11,11,11,11,11,0.016923,0.7922,0.8009
125000.00,125000.00,130146.56,11,11,11,11,11,0.016268,0.7018,0.6937
125000.00,125000.00,121263.50,11,11,11,11,11,0.015158,0.9535,0.9150
125000.00,125000.00,127820.97,9,9,9,9,9,0.015978,0.9402,0.9762
125000.00,125000.00,125707.63,10,10,10,10,10,0.015713,0.9395,0.9764
125000.00,125000.00,122941.97,12,12,12,12,12,0.015368,0.9234,0.9147
125000.00,125000.00,122325.90,12,12,12,12,12,0.015291,0.9231,0.9401
125000.00,125000.00,123408.20,10,10,10,10,10,0.015426,0.9088,0.8589
125000.00,125000.00,115988.25,10,10,10,10,10,0.014499,0.8901,0.8814
125000.00,125000.00,121059.18,9,9,9,9,9,0.015132,0.7907,0.7749
125000.00,125000.00,126223.56,12,12,12,12,12,0.015778,0.7895,0.9163
125000.00,125000.00,128996.85,12,12,12,12,12,0.016125,0.7202,0.7944
125000.00,125000.00,123677.73,9,9,9,9,9,0.015460,0.7192,0.5508
125000.00,125000.00,116518.97,9,9,9,9,9,0.014565,0.9130,0.9146
125000.00,125000.00,118671.42,9,9,9,9,9,0.014834,0.8854,0.9314
125000.00,125000.00,110939.03,9,9,9,9,9,0.013867,0.8179,0.5442
125000.00,125000.00,125637.05,9,9,9,9,9,0.015705,0.9659,0.9481
125000.00,125000.00,133478.16,11,11,11,11,11,0.016685,0.9437,0.9173
125000.00,125000.00,129594.80,9,9,9,9,9,0.016199,0.9192,0.9374
125000.00,125000.00,130260.47,9,9,9,9,9,0.016283,0.9137,0.9207
125000.00,125000.00,126460.08,10,10,10,10,10,0.015808,0.9228,0.9653
125000.00,125000.00,122249.60,10,10,10,10,10,0.015281,0.9212,0.9394
125000.00,125000.00,126498.22,11,11,11,11,11,0.015812,0.9062,0.9755
125000.00,125000.00,142877.58,9,9,9,9,9,0.017860,0.7688,0.8591
125000.00,125000.00,125955.58,12,12,12,12,12,0.015744,0.7681,0.8016
125000.00,125000.00,123330.83,10,10,10,10,10,0.015416,0.9324,0.9570
125000.00,125000.00,119314.19,11,11,11,11,11,0.014914,0.9116,0.9455
125000.00,125000.00,130965.71,11,11,11,11,11,0.016371,0.9545,0.9515
125000.00,125000.00,129373.55,10,10,10,10,10,0.016172,0.8552,0.9564
125000.00,125000.00,126016.62,11,11,11,11,11,0.015752,0.9511,0.9688
125000.00,125000.00,126456.26,9,9,9,9,9,0.015807,0.9484,0.9840
125000.00,125000.00,125517.85,9,9,9,9,9,0.015690,0.9224,0.9850
125000.00,125000.00,127905.13,9,9,9,9,9,0.015988,0.9034,0.9467
125000.00,125000.00,123535.16,10,10,10,10,10,0.015442,0.9594,0.9622
125000.00,125000.00,125938.65,10,10,10,10,10,0.015742,0.9269,0.9824
125000.00,125000.00,124405.86,12,12,12,12,12,0.015551,0.7682,0.7686
125000.00,125000.00,98770.14,9,9,9,8,8,0.012346,0.8797,0.7587
125000.00,125000.00,119075.78,9,9,9,9,9,0.014884,0.8542,0.9140
125000.00,125000.00,113014.22,10,10,10,10,10,0.014127,0.7702,0.7848
125000.00,125000.00,128763.20,12,12,12,12,12,0.016095,0.9255,0.8888
125000.00,125000.00,124418.97,9,9,9,9,9,0.015552,0.9095,0.9778
125000.00,125000.00,127979.28,12,12,12,12,12,0.015997,0.8409,0.8931
125000.00,125000.00,128225.33,12,12,12,12,12,0.016028,0.7744,0.7795
125000.00,125000.00,130502.70,12,12,12,12,12,0.016313,0.7268,0.6638
125000.00,125000.00,122138.50,9,9,9,9,9,0.015267,0.9475,0.9673
125000.00,125000.00,127695.56,10,10,10,10,10,0.015962,0.9126,0.9081
125000.00,125000.00,138402.94,11,11,11,11,11,0.017300,0.8101,0.6835
125000.00,125000.00,140626.91,11,11,11,11,11,0.017578,0.7848,0.7766
125000.00,125000.00,124267.58,10,10,10,10,10,0.015533,0.9662,0.9552
125000.00,125000.00,122703.55,10,10,10,10,10,0.015338,0.9612,0.9781
125000.00,125000.00,124440.19,10,10,10,10,10,0.015555,0.9601,0.9371
125000.00,125000.00,126452.92,10,10,10,10,10,0.015807,0.9677,0.9396
125000.00,125000.00,125436.78,9,9,9,9,9,0.015680,0.9169,0.9538
125000.00,125000.00,128392.70,11,11,11,11,11,0.016049,0.9317,0.8594
125000.00,125000.00,124061.58,11,11,11,11,11,0.015508,0.9270,0.9572
125000.00,125000.00,126121.52,10,10,10,10,10,0.015765,0.9477,0.9134
125000.00,125000.00,125973.70,10,10,10,10,10,0.015747,0.9419,0.9357
125000.00,125000.00,127393.72,11,11,11,11,11,0.015924,0.9259,0.9288
125000.00,125000.00,123813.63,9,9,9,9,9,0.015477,0.9137,0.9617
125000.00,125000.00,121798.52,11,11,11,11,11,0.015225,0.9081,0.9484
125000.00,125000.00,128385.54,10,10,10,10,10,0.016048,0.7946,0.7410
125000.00,125000.00,122243.64,9,9,9,9,9,0.015280,0.9259,0.9666
125000.00,125000.00,117367.74,10,10,10,10,10,0.014671,0.9240,0.9357
125000.00,125000.00,120303.75,11,11,11,11,11,0.015038,0.9025,0.9450
125000.00,125000.00,122828.96,9,9,9,9,9,0.015354,0.7816,0.9574
125000.00,125000.00,124171.26,9,9,9,9,9,0.015521,0.9494,0.9117
125000.00,125000.00,122802.73,12,12,12,12,12,0.015350,0.9153,0.9120
125000.00,125000.00,116224.29,10,10,10,10,10,0.014528,0.8738,0.8715
125000.00,125000.00,116060.26,10,10,10,10,10,0.014508,0.9161,0.9256
125000.00,125000.00,124941.35,9,9,9,9,9,0.015618,0.7441,0.9106
125000.00,125000.00,124228.95,10,10,10,10,10,0.015529,0.9421,0.9477
125000.00,125000.00,126495.36,11,11,11,11,11,0.015812,0.9059,0.9690
125000.00,125000.00,126409.77,12,12,12,12,12,0.015801,0.7599,0.7307
125000.00,125000.00,127359.15,9,9,9,9,9,0.015920,0.7171,0.9638
125000.00,125000.00,152435.30,11,11,12,11,12,0.019054,0.7010,0.8156
125000.00,125000.00,113803.86,9,10,10,10,10,0.014225,0.7678,0.9088
125000.00,125000.00,104738.24,10,10,10,9,9,0.013092,0.7208,0.5934
125000.00,125000.00,124785.42,10,10,10,10,10,0.015598,0.9520,0.9727
125000.00,125000.00,126326.08,11,11,11,11,11,0.015791,0.9493,0.9716
125000.00,125000.00,136067.63,9,9,9,9,9,0.017008,0.9444,0.8864
125000.00,125000.00,127630.23,9,9,9,9,9,0.015954,0.8888,0.9420
125000.00,125000.00,129434.11,9,9,9,9,9,0.016179,0.8541,0.9424
125000.00,125000.00,117278.93,10,10,10,10,10,0.014660,0.9013,0.9079
125000.00,125000.00,122046.47,11,11,11,11,11,0.015256,0.7899,0.8998
125000.00,125000.00,119949.34,12,12,12,12,12,0.014994,0.7792,0.5450
125000.00,125000.00,129814.15,11,11,11,11,11,0.016227,0.8462,0.9467
125000.00,125000.00,129840.88,10,10,10,10,10,0.016230,0.7806,0.9217
125000.00,125000.00,134966.37,10,10,10,10,10,0.016871,0.7681,0.5934
125000.00,125000.00,122523.55,9,9,9,9,9,0.015315,0.9460,0.9781
125000.00,125000.00,128029.82,11,11,11,11,11,0.016004,0.9385,0.9629
125000.00,125000.00,128717.42,11,11,11,11,11,0.016090,0.8889,0.8795
125000.00,125000.00,127913.00,9,9,9,9,9,0.015989,0.8258,0.9730
125000.00,125000.00,124990.46,10,10,10,10,10,0.015624,0.9510,0.8976
125000.00,125000.00,123381.14,10,10,10,10,10,0.015423,0.9485,0.9688
125000.00,125000.00,128280.64,11,11,11,11,11,0.016035,0.9389,0.9722
125000.00,125000.00,125623.94,9,9,9,9,9,0.015703,0.9255,0.9772
125000.00,125000.00,127216.34,11,11,11,11,11,0.015902,0.9012,0.9668
125000.00,125000.00,126770.97,12,12,12,12,12,0.015846,0.8629,0.9388
125000.00,125000.00,128881.45,10,10,10,10,10,0.016110,0.8426,0.9677
125000.00,125000.00,142189.98,11,11,11,11,11,0.017774,0.7839,0.8338
125000.00,125000.00,125422.95,9,9,9,9,9,0.015678,0.9301,0.9590
125000.00,125000.00,131689.07,9,9,9,9,9,0.016461,0.8894,0.9450
125000.00,125000.00,130922.79,12,12,12,12,12,0.016365,0.8427,0.8732
125000.00,125000.00,128183.36,11,11,11,11,11,0.016023,0.9452,0.9654
125000.00,125000.00,125812.53,9,9,9,9,9,0.015727,0.9266,0.9445
125000.00,125000.00,122463.70,10,10,10,10,10,0.015308,0.9246,0.9782
125000.00,125000.00,126157.76,10,10,10,10,10,0.015770,0.8975,0.9861
125000.00,125000.00,123340.13,12,12,12,12,12,0.015418,0.8313,0.8776
125000.00,125000.00,126466.75,11,11,11,11,11,0.015808,0.8303,0.7287
125000.00,125000.00,129127.98,12,12,12,12,12,0.016141,0.7373,0.5290
125000.00,125000.00,127231.93,9,9,9,9,9,0.015904,0.7342,0.8619
125000.00,125000.00,125339.51,9,9,9,9,9,0.015667,0.9399,0.9654
125000.00,125000.00,127239.70,9,9,9,9,9,0.015905,0.9198,0.9513
125000.00,125000.00,130341.53,12,12,12,12,12,0.016293,0.8624,0.8878
125000.00,125000.00,127689.36,9,9,9,9,9,0.015961,0.9719,0.9390
125000.00,125000.00,122123.72,9,9,9,9,9,0.015265,0.9695,0.9278
125000.00,125000.00,124255.18,10,10,10,10,10,0.015532,0.9644,0.9615
125000.00,125000.00,125500.68,12,12,12,12,12,0.015688,0.9354,0.9175
125000.00,125000.00,128370.29,9,9,9,9,9,0.016046,0.9446,0.9689
125000.00,125000.00,130095.36,11,11,11,11,11,0.016262,0.9024,0.9027
125000.00,125000.00,133062.36,12,12,12,12,12,0.016633,0.7868,0.8824
125000.00,125000.00,125839.23,11,11,11,11,11,0.015730,0.9432,0.9291
125000.00,125000.00,124340.77,9,9,9,9,9,0.015543,0.9403,0.9496
125000.00,125000.00,125905.99,9,9,9,9,9,0.015738,0.9208,0.9630
125000.00,125000.00,129009.25,11,11,11,11,11,0.016126,0.9103,0.8570
125000.00,125000.00,123265.27,11,11,11,11,11,0.015408,0.9052,0.9739
125000.00,125000.00,122928.62,12,12,12,12,12,0.015366,0.8762,0.9217
125000.00,125000.00,122215.27,9,9,9,9,9,0.015277,0.8610,0.9460
125000.00,125000.00,128101.35,10,10,10,10,10,0.016013,0.9557,0.9738
125000.00,125000.00,126246.93,11,11,11,11,11,0.015781,0.9465,0.9893
125000.00,125000.00,124792.10,12,12,12,12,12,0.015599,0.8872,0.8792
125000.00,125000.00,125583.89,10,10,10,10,10,0.015698,0.8841,0.9355
125000.00,125000.00,131715.77,11,11,11,11,11,0.016464,0.7107,0.9475
125000.00,125000.00,127011.30,9,9,9,9,9,0.015876,0.9630,0.9204
125000.00,125000.00,119939.80,11,11,11,11,11,0.014992,0.9447,0.9560
125000.00,125000.00,124593.73,10,10,10,10,10,0.015574,0.9292,0.9898
125000.00,125000.00,125428.20,10,10,10,10,10,0.015679,0.9119,0.9376
125000.00,125000.00,131445.88,9,9,9,9,9,0.016431,0.7020,0.6161
125000.00,125000.00,125593.66,9,9,9,9,9,0.015699,0.9552,0.9110
125000.00,125000.00,126320.82,10,10,10,10,10,0.015790,0.9423,0.9400
125000.00,125000.00,122163.77,9,9,9,9,9,0.015270,0.8972,0.9702
125000.00,125000.00,130258.56,11,11,11,11,11,0.016282,0.8638,0.9364
125000.00,125000.00,128182.41,10,10,10,10,10,0.016023,0.9492,0.9637
125000.00,125000.00,131202.70,11,11,11,11,11,0.016400,0.9260,0.9494
125000.00,125000.00,127883.91,11,11,11,11,11,0.015985,0.9232,0.9419
125000.00,125000.00,128297.45,9,9,9,9,9,0.016037,0.9118,0.9423
125000.00,125000.00,125604.39,10,10,10,10,10,0.015701,0.8906,0.8980
125000.00,125000.00,123813.63,10,10,10,10,10,0.015477,0.9610,0.9595
125000.00,125000.00,127060.89,9,9,9,9,9,0.015883,0.9570,0.9772
125000.00,125000.00,125008.11,12,12,12,12,12,0.015626,0.9158,0.9630
125000.00,125000.00,126430.51,11,11,11,11,11,0.015804,0.9141,0.9849
125000.00,125000.00,129650.12,12,12,12,12,12,0.016206,0.7091,0.8901
125000.00,125000.00,127780.20,9,9,9,9,9,0.015973,0.9320,0.9545
125000.00,125000.00,130146.03,12,12,12,12,12,0.016268,0.9185,0.9481
125000.00,125000.00,127882.00,11,11,11,11,11,0.015985,0.8971,0.8251
125000.00,125000.00,128945.35,12,12,12,12,12,0.016118,0.8807,0.8877
125000.00,125000.00,116769.79,10,10,10,10,10,0.014596,0.9174,0.9275
125000.00,125000.00,124582.29,9,9,9,9,9,0.015573,0.8742,0.9088
125000.00,125000.00,124312.40,10,10,10,10,10,0.015539,0.8275,0.8769
125000.00,125000.00,123592.38,11,11,11,11,11,0.015449,0.8067,0.9269
125000.00,125000.00,142464.64,12,12,12,12,12,0.017808,0.7853,0.8755
125000.00,125000.00,122821.81,9,9,9,9,9,0.015353,0.9541,0.9376
125000.00,125000.00,129928.59,11,11,11,11,11,0.016241,0.8185,0.8202
125000.00,125000.00,125761.99,10,10,10,10,10,0.015720,0.9423,0.9703
125000.00,125000.00,124297.62,11,11,11,11,11,0.015537,0.9262,0.9672
125000.00,125000.00,129440.31,12,12,12,12,12,0.016180,0.9231,0.9639
125000.00,125000.00,127455.71,10,10,10,10,10,0.015932,0.9127,0.8436
125000.00,125000.00,130453.11,9,9,9,9,9,0.016307,0.9120,0.9448
125000.00,125000.00,129364.97,10,10,10,10,10,0.016171,0.9117,0.9503
125000.00,125000.00,126803.40,11,11,11,11,11,0.015850,0.9094,0.9839
125000.00,125000.00,129726.41,10,10,10,10,10,0.016216,0.9045,0.9533
125000.00,125000.00,125585.56,12,12,12,12,12,0.015698,0.8776,0.9830
125000.00,125000.00,126196.15,10,10,10,10,10,0.015775,0.8304,0.8496
125000.00,125000.00,123804.70,10,10,10,10,10,0.015476,0.9404,0.9870
125000.00,125000.00,128380.78,11,11,11,11,11,0.016048,0.9316,0.9694
125000.00,125000.00,124151.71,9,9,9,9,9,0.015519,0.9146,0.9536
125000.00,125000.00,124168.40,9,9,9,9,9,0.015521,0.9088,0.9897
125000.00,125000.00,127599.72,12,12,12,12,12,0.015950,0.8890,0.8943
125000.00,125000.00,130411.15,10,10,10,10,10,0.016301,0.9568,0.9386
125000.00,125000.00,122400.28,11,11,11,11,11,0.015300,0.8841,0.9643
125000.00,125000.00,118413.45,11,11,11,11,11,0.014802,0.8701,0.9396
125000.00,125000.00,117982.86,10,10,10,10,10,0.014748,0.7786,0.8365
125000.00,125000.00,123788.83,11,11,11,11,11,0.015474,0.9295,0.9816
125000.00,125000.00,122934.34,10,10,10,10,10,0.015367,0.9125,0.9732
125000.00,125000.00,129030.23,12,12,12,12,12,0.016129,0.8834,0.9472
125000.00,125000.00,129272.46,12,12,12,12,12,0.016159,0.8572,0.9653
125000.00,125000.00,109320.64,9,9,9,9,9,0.013665,0.9079,0.8664
125000.00,125000.00,121872.90,9,9,9,9,9,0.015234,0.8693,0.9532
125000.00,125000.00,118482.59,12,12,12,12,12,0.014810,0.8080,0.6309
125000.00,125000.00,131405.83,12,12,12,12,12,0.016426,0.8670,0.8817
125000.00,125000.00,132273.67,10,10,10,10,10,0.016534,0.7290,0.6583
125000.00,125000.00,129554.75,9,9,9,9,9,0.016194,0.9572,0.9586
125000.00,125000.00,131413.46,11,11,11,11,11,0.016427,0.9543,0.9485
125000.00,125000.00,122345.45,9,9,9,9,9,0.015293,0.9436,0.9617
125000.00,125000.00,120040.77,10,10,10,10,10,0.015005,0.9410,0.9404
125000.00,125000.00,123249.05,11,11,11,11,11,0.015406,0.9354,0.9118
125000.00,125000.00,130944.25,10,10,10,10,10,0.016368,0.7736,0.8525
125000.00,125000.00,126423.84,11,11,11,11,11,0.015803,0.9285,0.9740
125000.00,125000.00,127827.17,12,12,12,12,12,0.015978,0.8992,0.9492
125000.00,125000.00,130814.55,11,11,11,11,11,0.016352,0.8516,0.9459
125000.00,125000.00,126794.82,12,12,12,12,12,0.015849,0.8150,0.8389
125000.00,125000.00,122930.53,12,12,12,12,12,0.015366,0.8963,0.9301
125000.00,125000.00,114807.13,10,10,10,10,10,0.014351,0.8549,0.8778
125000.00,125000.00,131650.92,11,11,11,11,11,0.016456,0.8342,0.9218
125000.00,125000.00,125226.97,10,10,10,10,10,0.015653,0.8073,0.8625
125000.00,125000.00,123767.38,9,9,9,9,9,0.015471,0.7494,0.7472
125000.00,125000.00,126206.16,10,10,10,10,10,0.015776,0.9166,0.9651
125000.00,125000.00,116521.84,11,11,11,11,11,0.014565,0.8596,0.9149
125000.00,125000.00,125854.49,9,9,9,9,9,0.015732,0.8279,0.9913
125000.00,125000.00,127458.57,11,11,11,11,11,0.015932,0.7497,0.9651
125000.00,125000.00,128384.59,9,9,9,9,9,0.016048,0.7281,0.7249
125000.00,125000.00,122182.85,10,10,10,10,10,0.015273,0.9131,0.8608
125000.00,125000.00,126849.17,9,9,9,9,9,0.015856,0.9124,0.9656
125000.00,125000.00,121622.09,10,10,10,10,10,0.015203,0.8996,0.8945
125000.00,125000.00,125189.30,11,11,11,11,11,0.015649,0.8985,0.9903
125000.00,125000.00,132589.34,9,9,9,9,9,0.016574,0.9495,0.9405
125000.00,125000.00,124006.27,10,10,10,10,10,0.015501,0.9480,0.9868
125000.00,125000.00,124530.79,10,10,10,10,10,0.015566,0.9293,0.9516
125000.00,125000.00,123863.22,9,9,9,9,9,0.015483,0.9208,0.9183
125000.00,125000.00,125806.81,9,9,9,9,9,0.015726,0.9006,0.9756
125000.00,125000.00,118098.97,12,12,12,12,12,0.014762,0.7431,0.8221
125000.00,125000.00,124822.38,9,9,9,9,9,0.015603,0.8863,0.9380
125000.00,125000.00,116655.35,10,10,10,10,10,0.014582,0.8678,0.7883
125000.00,187500.00,162187.10,11,12,12,12,12,0.020273,0.8243,0.7224
125000.00,125000.00,124613.05,11,11,11,11,11,0.015577,0.8785,0.9349
125000.00,125000.00,125494.00,11,11,11,11,11,0.015687,0.9513,0.9715
125000.00,125000.00,125684.74,11,11,11,11,11,0.015711,0.9480,0.9757
125000.00,125000.00,123005.66,10,10,10,10,10,0.015376,0.9336,0.8754
125000.00,125000.00,125191.69,11,11,11,11,11,0.015649,0.8832,0.9412
125000.00,125000.00,126107.42,11,11,11,11,11,0.015763,0.9575,0.9407
125000.00,125000.00,127525.99,10,10,10,10,10,0.015941,0.9529,0.9068
125000.00,125000.00,122327.80,11,11,11,11,11,0.015291,0.9295,0.8818
125000.00,125000.00,127483.37,11,11,11,11,11,0.015935,0.9197,0.9512
125000.00,125000.00,127330.78,10,10,10,10,10,0.015916,0.8458,0.9048
125000.00,125000.00,126683.24,9,9,9,9,9,0.015835,0.8000,0.7735
125000.00,125000.00,126375.32,12,12,12,12,12,0.015797,0.7473,0.9851
125000.00,125000.00,125330.92,9,9,9,9,9,0.015666,0.9400,0.9456
125000.00,125000.00,124994.28,10,10,10,10,10,0.015624,0.9227,0.9789
125000.00,125000.00,130669.12,9,9,9,9,9,0.016334,0.7844,0.8928
125000.00,125000.00,124380.11,11,11,11,11,11,0.015548,0.9504,0.9774
125000.00,125000.00,121835.71,11,11,11,11,11,0.015229,0.9459,0.9001
125000.00,125000.00,124781.61,12,12,12,12,12,0.015598,0.9225,0.9085
125000.00,125000.00,117453.10,10,10,10,10,10,0.014682,0.9563,0.9265
125000.00,125000.00,124712.74,10,10,10,10,10,0.015589,0.8718,0.9263
125000.00,125000.00,124616.62,11,11,11,11,11,0.015577,0.7907,0.9493
125000.00,125000.00,127038.00,11,11,11,11,11,0.015880,0.9237,0.9518
125000.00,125000.00,122082.71,11,11,11,11,11,0.015260,0.9049,0.9655
125000.00,125000.00,127468.11,10,10,10,10,10,0.015934,0.7874,0.7561
125000.00,125000.00,128167.63,10,10,10,10,10,0.016021,0.7859,0.8268
125000.00,125000.00,128215.79,9,9,9,9,9,0.016027,0.9830,0.9623
125000.00,125000.00,125651.36,10,10,10,10,10,0.015706,0.9324,0.9123
125000.00,125000.00,123008.73,11,11,11,11,11,0.015376,0.9265,0.9361
125000.00,125000.00,132265.09,11,11,11,11,11,0.016533,0.9073,0.9344
125000.00,125000.00,125625.61,11,11,11,11,11,0.015703,0.9016,0.9698
125000.00,125000.00,124931.34,10,10,10,10,10,0.015616,0.8217,0.7889
125000.00,125000.00,144480.94,9,9,9,9,9,0.018060,0.7123,0.8406
125000.00,125000.00,126374.48,12,12,12,12,12,0.015797,0.8785,0.9444
125000.00,125000.00,123636.25,10,10,10,10,10,0.015455,0.8580,0.9364
125000.00,125000.00,125926.97,12,12,12,12,12,0.015741,0.8543,0.9302
125000.00,125000.00,125003.81,9,9,9,9,9,0.015625,0.9562,0.9904
125000.00,125000.00,124014.85,10,10,10,10,10,0.015502,0.9412,0.9623
125000.00,125000.00,124457.84,12,12,12,12,12,0.015557,0.9228,0.9225
125000.00,125000.00,124375.34,10,10,10,10,10,0.015547,0.9095,0.8779
125000.00,125000.00,122985.60,11,11,11,11,11,0.015373,0.9398,0.8792
125000.00,125000.00,120844.36,11,11,11,11,11,0.015106,0.9127,0.9214
125000.00,125000.00,127943.04,9,9,9,9,9,0.015993,0.8957,0.9620
125000.00,125000.00,121323.59,9,9,9,9,9,0.015165,0.9336,0.9428
125000.00,125000.00,126327.51,10,10,10,10,10,0.015791,0.9291,0.9823
125000.00,125000.00,117035.39,9,9,9,9,9,0.014629,0.8974,0.9345
125000.00,125000.00,127031.33,9,9,9,9,9,0.015879,0.8868,0.9769
125000.00,125000.00,130463.60,10,10,10,10,10,0.016308,0.8331,0.8885
125000.00,125000.00,127695.08,11,11,11,11,11,0.015962,0.9552,0.9752
125000.00,125000.00,125432.97,9,9,9,9,9,0.015679,0.9331,0.9734
125000.00,125000.00,132698.06,11,11,11,11,11,0.016587,0.9299,0.8865
125000.00,125000.00,126787.66,11,11,11,11,11,0.015848,0.9044,0.9527
125000.00,125000.00,123668.67,11,11,11,11,11,0.015459,0.8795,0.9206
125000.00,125000.00,130401.61,10,10,10,10,10,0.016300,0.8377,0.7671
125000.00,125000.00,117148.40,9,9,9,9,9,0.014644,0.8864,0.8983
125000.00,125000.00,116006.85,12,12,12,12,12,0.014501,0.8595,0.9050
125000.00,125000.00,123083.59,9,9,9,9,9,0.015385,0.8287,0.9289
125000.00,125000.00,87490.08,9,9,9,8,8,0.010936,0.7758,0.6269
125000.00,187500.00,124795.91,10,11,11,10,10,0.015599,0.7469,0.9304
125000.00,125000.00,121425.63,10,10,10,10,10,0.015178,0.9750,0.9323
125000.00,125000.00,124038.70,11,11,11,11,11,0.015505,0.9334,0.9766
125000.00,125000.00,123675.58,11,11,11,11,11,0.015459,0.9316,0.9772
125000.00,125000.00,125555.99,12,12,12,12,12,0.015694,0.9238,0.9813
125000.00,125000.00,124526.98,9,9,9,9,9,0.015566,0.9578,0.9431
125000.00,125000.00,126134.87,9,9,9,9,9,0.015767,0.9429,0.9237
125000.00,125000.00,123335.84,10,10,10,10,10,0.015417,0.9404,0.9859
125000.00,125000.00,125825.88,9,9,9,9,9,0.015728,0.9192,0.9573
125000.00,125000.00,121379.85,11,11,11,11,11,0.015172,0.9090,0.9684
125000.00,125000.00,126081.47,11,11,11,11,11,0.015760,0.9048,0.9821
125000.00,125000.00,125444.41,12,12,12,12,12,0.015681,0.8993,0.9408
125000.00,125000.00,125391.01,9,9,9,9,9,0.015674,0.9242,0.9475
125000.00,125000.00,121474.27,12,12,12,12,12,0.015184,0.8988,0.9063
125000.00,125000.00,106433.87,9,9,9,9,9,0.013304,0.8861,0.8078
125000.00,125000.00,120208.74,12,12,12,12,12,0.015026,0.8506,0.9516
125000.00,125000.00,121164.32,10,10,10,10,10,0.015146,0.8408,0.9184
125000.00,125000.00,127633.09,12,12,12,12,12,0.015954,0.8202,0.7472
125000.00,125000.00,133915.90,9,9,9,9,9,0.016739,0.7892,0.9301
125000.00,125000.00,120718.96,10,10,10,10,10,0.015090,0.9687,0.9583
125000.00,125000.00,124721.53,10,10,10,10,10,0.015590,0.9670,0.9891
125000.00,125000.00,129337.31,9,9,9,9,9,0.016167,0.9476,0.9612
125000.00,125000.00,124600.41,9,9,9,9,9,0.015575,0.8999,0.9868
125000.00,125000.00,126291.28,10,10,10,10,10,0.015786,0.8994,0.9754
125000.00,125000.00,124190.33,10,10,10,10,10,0.015524,0.9358,0.9375
125000.00,125000.00,125563.62,10,10,10,10,10,0.015695,0.9325,0.9513
125000.00,125000.00,123294.95,11,11,11,11,11,0.015412,0.9314,0.9385
125000.00,125000.00,121721.27,9,9,9,9,9,0.015215,0.9241,0.9417
125000.00,125000.00,123809.81,12,12,12,12,12,0.015476,0.9110,0.9284
125000.00,125000.00,124650.00,11,11,11,11,11,0.015581,0.8834,0.9353
125000.00,125000.00,124014.85,9,9,9,9,9,0.015502,0.9273,0.9149
125000.00,125000.00,122915.27,9,9,9,9,9,0.015364,0.9018,0.9589
125000.00,125000.00,121803.28,10,10,10,10,10,0.015225,0.8983,0.9577
125000.00,125000.00,125883.10,12,12,12,12,12,0.015735,0.7325,0.5447
125000.00,125000.00,133353.83,10,10,10,10,10,0.016669,0.7081,0.9118
125000.00,125000.00,126746.18,10,10,10,10,10,0.015843,0.9526,0.9484
125000.00,125000.00,126760.72,9,9,9,9,9,0.015845,0.9438,0.9817
125000.00,125000.00,128811.84,11,11,11,11,11,0.016101,0.8944,0.9671
125000.00,125000.00,124491.21,10,10,10,10,10,0.015561,0.9591,0.9617
125000.00,125000.00,128314.97,11,11,11,11,11,0.016039,0.8999,0.8446
125000.00,125000.00,124683.38,10,10,10,10,10,0.015585,0.8107,0.9800
125000.00,125000.00,123658.18,9,9,9,9,9,0.015457,0.9171,0.9362
125000.00,125000.00,124539.38,9,9,9,9,9,0.015567,0.9112,0.9531
125000.00,125000.00,124492.88,12,12,12,12,12,0.015562,0.9059,0.8854
125000.00,125000.00,132667.54,10,10,10,10,10,0.016583,0.7793,0.9379
125000.00,125000.00,123573.30,11,11,11,11,11,0.015447,0.7756,0.9169
125000.00,125000.00,124374.39,10,10,10,10,10,0.015547,0.9603,0.9510
125000.00,125000.00,123566.63,9,9,9,9,9,0.015446,0.9208,0.9140
125000.00,125000.00,128097.53,11,11,11,11,11,0.016012,0.8917,0.9592
125000.00,125000.00,125928.88,11,11,11,11,11,0.015741,0.8675,0.9836
125000.00,125000.00,122436.52,11,11,11,11,11,0.015305,0.9446,0.9764
125000.00,125000.00,125175.48,9,9,9,9,9,0.015647,0.9256,0.9113
125000.00,125000.00,127210.62,11,11,11,11,11,0.015901,0.8975,0.9170
125000.00,125000.00,135077.48,10,10,10,10,10,0.016885,0.7227,0.9163
125000.00,125000.00,126091.00,11,11,11,11,11,0.015761,0.9507,0.9813
125000.00,125000.00,124770.16,10,10,10,10,10,0.015596,0.8931,0.9759
125000.00,125000.00,121986.39,12,12,12,12,12,0.015248,0.7376,0.9143
125000.00,125000.00,110567.09,9,9,9,9,9,0.013821,0.9060,0.8103
125000.00,125000.00,125907.90,12,12,12,12,12,0.015738,0.8818,0.9345
125000.00,125000.00,122618.20,9,9,9,9,9,0.015327,0.9376,0.9504
125000.00,125000.00,125141.14,10,10,10,10,10,0.015643,0.8800,0.9384
125000.00,125000.00,118845.94,10,10,10,10,10,0.014856,0.7877,0.9132
125000.00,125000.00,112128.26,12,12,12,12,12,0.014016,0.7493,0.6758
125000.00,125000.00,134781.36,12,12,12,12,12,0.016848,0.7225,0.6970
125000.00,125000.00,124504.09,10,10,10,10,10,0.015563,0.9415,0.9788
125000.00,125000.00,125611.31,9,9,9,9,9,0.015701,0.9359,0.9844
125000.00,125000.00,124789.24,11,11,11,11,11,0.015599,0.9286,0.9944
125000.00,125000.00,128128.53,9,9,9,9,9,0.016016,0.9196,0.9711
125000.00,125000.00,126054.29,10,10,10,10,10,0.015757,0.8902,0.9430
125000.00,125000.00,118235.59,11,11,11,11,11,0.014779,0.9060,0.9409
125000.00,125000.00,118453.98,12,12,12,12,12,0.014807,0.9019,0.9407
125000.00,125000.00,128744.13,9,9,9,9,9,0.016093,0.9477,0.9640
125000.00,125000.00,126331.33,9,9,9,9,9,0.015791,0.9252,0.9512
125000.00,125000.00,120615.01,10,10,10,10,10,0.015077,0.8084,0.8824
125000.00,125000.00,126380.92,11,11,11,11,11,0.015798,0.9572,0.9749
125000.00,125000.00,124844.55,10,10,10,10,10,0.015606,0.9432,0.9410
125000.00,125000.00,126073.84,10,10,10,10,10,0.015759,0.9374,0.9438
125000.00,125000.00,129053.12,9,9,9,9,9,0.016132,0.9021,0.9376
125000.00,125000.00,132324.70,9,9,9,9,9,0.016541,0.8866,0.9428
125000.00,125000.00,134746.55,12,11,11,11,11,0.016843,0.8641,0.9256
125000.00,125000.00,127414.70,10,10,10,10,10,0.015927,0.7823,0.6989
125000.00,125000.00,96598.63,9,9,9,8,8,0.012075,0.9916,0.7345
125000.00,125000.00,124473.57,10,10,10,10,10,0.015559,0.9656,0.9336
125000.00,125000.00,125010.73,9,9,9,9,9,0.015626,0.9653,0.9927
125000.00,125000.00,126096.73,9,9,9,9,9,0.015762,0.9226,0.9903
125000.00,125000.00,128528.59,10,10,10,10,10,0.016066,0.8924,0.9524
125000.00,125000.00,109838.49,9,9,9,9,9,0.013730,0.9682,0.8106
125000.00,125000.00,124691.96,11,11,11,11,11,0.015586,0.8932,0.7612
125000.00,125000.00,122614.86,9,9,9,9,9,0.015327,0.9310,0.9679
125000.00,125000.00,123014.21,12,12,12,12,12,0.015377,0.8695,0.8577
125000.00,125000.00,125555.99,10,10,10,10,10,0.015694,0.8153,0.8978
125000.00,125000.00,121867.18,10,10,10,10,10,0.015233,0.9460,0.9449
125000.00,125000.00,124498.13,10,10,10,10,10,0.015562,0.9409,0.9199
125000.00,125000.00,125120.64,11,11,11,11,11,0.015640,0.9281,0.9849
125000.00,125000.00,121732.71,12,12,12,12,12,0.015217,0.7820,0.8757
125000.00,125000.00,124565.60,12,12,12,12,12,0.015571,0.9255,0.9852
125000.00,125000.00,127086.64,9,9,9,9,9,0.015886,0.9215,0.9600
125000.00,125000.00,125587.46,9,9,9,9,9,0.015698,0.9155,0.9925
125000.00,125000.00,134496.69,9,9,9,9,9,0.016812,0.8925,0.9240
125000.00,125000.00,126913.55,10,10,10,10,10,0.015864,0.8527,0.8811
125000.00,125000.00,128056.29,9,9,9,9,9,0.016007,0.9722,0.9693
125000.00,125000.00,125970.84,9,9,9,9,9,0.015746,0.9661,0.9527
125000.00,125000.00,125074.86,9,9,9,9,9,0.015634,0.9308,0.9153
125000.00,125000.00,126551.15,12,12,12,12,12,0.015819,0.9137,0.9643
125000.00,125000.00,127876.28,10,10,10,10,10,0.015985,0.8810,0.9733
125000.00,125000.00,111575.13,9,9,9,9,9,0.013947,0.9043,0.8467
125000.00,125000.00,128278.73,9,9,9,9,9,0.016035,0.7224,0.9226
125000.00,125000.00,130714.42,10,10,10,10,10,0.016339,0.9307,0.9553
125000.00,125000.00,121142.39,9,9,9,9,9,0.015143,0.9268,0.9617
125000.00,125000.00,127458.57,11,11,11,11,11,0.015932,0.9127,0.9270
125000.00,125000.00,130298.61,10,10,10,10,10,0.016287,0.9100,0.9372
125000.00,125000.00,124665.26,10,10,10,10,10,0.015583,0.8244,0.7937
125000.00,125000.00,120293.14,12,12,12,12,12,0.015037,0.8602,0.7069
125000.00,125000.00,118183.61,9,9,9,9,9,0.014773,0.7742,0.8990
125000.00,125000.00,129005.43,12,12,12,12,12,0.016126,0.9483,0.9269
125000.00,125000.00,129240.04,12,12,12,12,12,0.016155,0.8728,0.9075
125000.00,125000.00,127306.94,10,10,10,10,10,0.015913,0.8564,0.6712
125000.00,125000.00,133354.19,12,12,12,12,12,0.016669,0.7258,0.8823
125000.00,125000.00,126339.67,9,9,9,9,9,0.015792,0.9759,0.9797
125000.00,125000.00,127136.23,10,10,10,10,10,0.015892,0.9520,0.9789
125000.00,125000.00,125402.45,12,12,12,12,12,0.015675,0.9108,0.9700
125000.00,125000.00,127527.71,11,11,11,11,11,0.015941,0.8862,0.9640
125000.00,125000.00,128129.84,11,11,11,11,11,0.016016,0.8820,0.8929
125000.00,125000.00,131291.39,10,10,10,10,10,0.016411,0.7393,0.9150
125000.00,125000.00,126876.35,11,11,11,11,11,0.015860,0.7277,0.7077
125000.00,125000.00,124973.30,10,10,10,10,10,0.015622,0.9415,0.9561
125000.00,125000.00,129223.82,11,11,11,11,11,0.016153,0.9168,0.9576
125000.00,125000.00,126541.14,11,11,11,11,11,0.015818,0.9150,0.9418
125000.00,125000.00,124435.42,11,11,11,11,11,0.015554,0.8659,0.9318
125000.00,125000.00,121362.69,12,12,12,12,12,0.015170,0.7564,0.9514
125000.00,125000.00,130620.96,9,9,9,9,9,0.016328,0.7379,0.9404
125000.00,125000.00,126365.18,10,10,10,10,10,0.015796,0.9542,0.9491
125000.00,125000.00,125463.49,9,9,9,9,9,0.015683,0.9523,0.9661
125000.00,125000.00,123031.62,9,9,9,9,9,0.015379,0.9354,0.9136
125000.00,125000.00,130640.98,9,9,9,9,9,0.016330,0.8826,0.9363
125000.00,125000.00,124733.21,9,9,9,9,9,0.015592,0.8428,0.9917
125000.00,125000.00,129648.69,10,10,10,10,10,0.016206,0.7290,0.6693
125000.00,125000.00,128715.52,11,11,11,11,11,0.016089,0.9041,0.9494
125000.00,125000.00,127493.14,10,10,10,10,10,0.015937,0.7013,0.7242
125000.00,125000.00,127801.90,9,9,9,9,9,0.015975,0.9465,0.9453
125000.00,125000.00,129099.85,9,9,9,9,9,0.016137,0.9376,0.9499
125000.00,125000.00,132035.26,12,12,12,12,12,0.016504,0.8677,0.6951
125000.00,187500.00,169746.40,10,11,11,11,11,0.021218,0.7279,0.7228
125000.00,125000.00,123732.57,10,10,10,10,10,0.015467,0.9334,0.9279
125000.00,125000.00,126699.45,9,9,9,9,9,0.015837,0.9166,0.9775
125000.00,125000.00,123070.72,9,9,9,9,9,0.015384,0.8901,0.9732
125000.00,125000.00,133277.89,12,12,12,12,12,0.016660,0.8477,0.8827
125000.00,125000.00,124495.51,9,9,9,9,9,0.015562,0.9415,0.9732
125000.00,125000.00,124531.75,11,11,11,11,11,0.015566,0.9405,0.9801
125000.00,125000.00,128541.95,12,12,12,12,12,0.016068,0.9222,0.8842
125000.00,125000.00,126909.26,12,12,12,12,12,0.015864,0.8151,0.8053
125000.00,125000.00,120958.33,11,11,11,11,11,0.015120,0.9464,0.9657
125000.00,125000.00,125896.45,10,10,10,10,10,0.015737,0.9069,0.8508
125000.00,125000.00,127688.41,10,10,10,10,10,0.015961,0.9032,0.9193
125000.00,125000.00,126004.70,12,12,12,12,12,0.015751,0.8089,0.7642
125000.00,125000.00,127404.21,9,9,9,9,9,0.015926,0.9424,0.9774
125000.00,125000.00,129300.12,11,11,11,11,11,0.016163,0.9008,0.9660
125000.00,125000.00,126488.69,10,10,10,10,10,0.015811,0.8218,0.7156
125000.00,125000.00,122955.80,11,11,11,11,11,0.015369,0.8208,0.8507
125000.00,125000.00,131251.34,11,11,11,11,11,0.016406,0.8780,0.9474
125000.00,125000.00,127763.75,11,11,11,11,11,0.015970,0.8630,0.9150
125000.00,125000.00,125671.86,9,9,9,9,9,0.015709,0.8514,0.9429
125000.00,125000.00,131103.52,11,11,11,11,11,0.016388,0.8453,0.8810
125000.00,125000.00,126663.21,10,10,10,10,10,0.015833,0.7632,0.5850
125000.00,125000.00,127260.68,9,9,9,9,9,0.015908,0.9469,0.9735
125000.00,125000.00,119484.90,11,11,11,11,11,0.014936,0.9288,0.8838
125000.00,125000.00,121025.09,9,9,9,9,9,0.015128,0.9252,0.9546
125000.00,125000.00,128116.13,11,11,11,11,11,0.016015,0.7870,0.9165
125000.00,125000.00,129354.48,10,10,10,10,10,0.016169,0.7526,0.8877
125000.00,125000.00,122330.67,9,9,9,9,9,0.015291,0.9523,0.9531
125000.00,125000.00,122167.59,11,11,11,11,11,0.015271,0.9441,0.9164
125000.00,125000.00,125894.55,9,9,9,9,9,0.015737,0.9278,0.9860
125000.00,125000.00,122159.24,12,12,12,12,12,0.015270,0.8371,0.9728
125000.00,125000.00,118488.79,9,9,9,9,9,0.014811,0.8364,0.8762
125000.00,125000.00,110874.18,9,9,9,9,9,0.013859,0.7505,0.8631
125000.00,125000.00,116560.94,10,10,10,10,10,0.014570,0.7130,0.6509
125000.00,125000.00,124906.54,10,10,10,10,10,0.015613,0.9465,0.9678
125000.00,125000.00,123760.22,11,11,11,11,11,0.015470,0.9348,0.9772
125000.00,125000.00,127019.88,12,12,12,12,12,0.015877,0.8950,0.9238
125000.00,125000.00,128986.36,10,10,10,10,10,0.016123,0.8909,0.8546
125000.00,125000.00,124319.08,9,9,9,9,9,0.015540,0.8228,0.9478
125000.00,125000.00,122844.70,11,11,11,11,11,0.015356,0.8971,0.9654
125000.00,125000.00,137408.73,9,9,9,9,9,0.017176,0.8322,0.9036
125000.00,125000.00,125544.07,12,12,12,12,12,0.015693,0.8518,0.5170
125000.00,125000.00,119672.30,9,9,9,9,9,0.014959,0.8330,0.9539
125000.00,125000.00,118568.42,10,10,10,10,10,0.014821,0.8279,0.9280
125000.00,125000.00,119451.52,10,10,10,10,10,0.014931,0.9472,0.9436
125000.00,125000.00,136969.09,9,9,9,9,9,0.017121,0.9406,0.8862
125000.00,125000.00,125179.77,11,11,11,11,11,0.015647,0.9382,0.9514
125000.00,125000.00,122386.93,10,10,10,10,10,0.015298,0.9311,0.9765
125000.00,125000.00,129669.19,9,9,9,9,9,0.016209,0.9272,0.9582
125000.00,125000.00,125334.74,9,9,9,9,9,0.015667,0.9115,0.9779
125000.00,125000.00,120514.87,9,9,9,9,9,0.015064,0.9223,0.9608
125000.00,125000.00,123902.32,12,12,12,12,12,0.015488,0.8357,0.9294
125000.00,125000.00,131607.53,11,11,11,11,11,0.016451,0.7471,0.7648
125000.00,125000.00,119747.16,10,10,10,10,10,0.014968,0.9456,0.9243
125000.00,125000.00,119987.49,9,9,9,9,9,0.014998,0.8993,0.9563
125000.00,125000.00,125131.96,10,10,10,10,10,0.015641,0.8900,0.9563
125000.00,125000.00,135581.02,9,9,9,9,9,0.016948,0.8859,0.9160
125000.00,125000.00,131395.34,11,11,11,11,11,0.016424,0.8173,0.9283
125000.00,125000.00,129806.52,10,10,10,10,10,0.016226,0.7317,0.6450
125000.00,125000.00,126144.41,10,10,10,10,10,0.015768,0.9736,0.8885
125000.00,125000.00,123201.85,9,9,9,9,9,0.015400,0.9410,0.9336
125000.00,125000.00,124023.44,12,12,12,12,12,0.015503,0.9375,0.9883
125000.00,125000.00,129105.09,10,10,10,10,10,0.016138,0.9165,0.9012
125000.00,125000.00,129638.67,11,11,11,11,11,0.016205,0.8711,0.9557
125000.00,125000.00,125132.56,10,10,10,10,10,0.015642,0.9651,0.9674
125000.00,125000.00,126114.85,12,12,12,12,12,0.015764,0.9353,0.9743
125000.00,125000.00,128338.04,9,9,9,9,9,0.016042,0.9317,0.9514
125000.00,125000.00,121866.23,12,12,12,12,12,0.015233,0.9016,0.9546
125000.00,125000.00,123403.31,9,9,9,9,9,0.015425,0.8704,0.9496
125000.00,125000.00,123771.67,11,11,11,11,11,0.015471,0.8353,0.9850
125000.00,125000.00,122488.02,9,9,9,9,9,0.015311,0.9508,0.9458
125000.00,125000.00,125163.56,11,11,11,11,11,0.015645,0.9434,0.9029
125000.00,187500.00,176804.30,10,11,11,11,11,0.022101,0.7993,0.7036
125000.00,125000.00,123819.35,9,9,9,9,9,0.015477,0.9418,0.9652
125000.00,125000.00,120794.30,11,11,11,11,11,0.015099,0.9334,0.9253
125000.00,125000.00,131096.84,12,12,12,12,12,0.016387,0.8771,0.8832
125000.00,125000.00,126776.70,9,9,9,9,9,0.015847,0.8685,0.9219
125000.00,125000.00,116353.99,12,12,12,12,12,0.014544,0.7495,0.7128
125000.00,125000.00,126804.35,10,10,10,10,10,0.015851,0.7130,0.8014
125000.00,125000.00,126140.59,12,12,12,12,12,0.015768,0.9011,0.8851
125000.00,187500.00,143168.45,10,11,11,10,10,0.017896,0.7252,0.8626
125000.00,125000.00,131218.91,10,10,10,10,10,0.016402,0.7226,0.5033
125000.00,125000.00,127067.57,10,10,10,10,10,0.015883,0.9620,0.9420
125000.00,125000.00,128820.42,11,11,11,11,11,0.016103,0.8942,0.9115
125000.00,125000.00,129170.42,12,12,12,12,12,0.016146,0.7666,0.9673
125000.00,125000.00,127972.60,9,9,9,9,9,0.015997,0.9212,0.9008
125000.00,125000.00,132672.79,11,11,11,11,11,0.016584,0.8130,0.9042
125000.00,125000.00,122383.12,10,10,10,10,10,0.015298,0.7301,0.6984
125000.00,125000.00,120735.17,10,10,10,10,10,0.015092,0.9551,0.9575
125000.00,125000.00,125343.32,10,10,10,10,10,0.015668,0.9369,0.9529
125000.00,125000.00,123409.27,11,11,11,11,11,0.015426,0.9291,0.9568
125000.00,125000.00,123244.29,12,12,12,12,12,0.015406,0.9176,0.9387
125000.00,125000.00,127373.70,12,12,12,12,12,0.015922,0.9075,0.9273
125000.00,125000.00,125206.95,11,11,11,11,11,0.015651,0.9314,0.9301
125000.00,125000.00,120597.84,10,10,10,10,10,0.015075,0.9304,0.9638
125000.00,125000.00,124935.15,10,10,10,10,10,0.015617,0.9182,0.9757
125000.00,125000.00,130168.44,11,11,11,11,11,0.016271,0.8966,0.9026
125000.00,125000.00,125251.77,10,10,10,10,10,0.015656,0.9573,0.9599
125000.00,125000.00,116825.10,11,11,11,11,11,0.014603,0.9215,0.9286
125000.00,125000.00,125450.13,10,10,10,10,10,0.015681,0.9465,0.9776
125000.00,125000.00,121305.47,12,12,12,12,12,0.015163,0.9320,0.9591
125000.00,125000.00,124193.25,11,11,11,11,11,0.015524,0.9253,0.9653
125000.00,125000.00,121437.55,9,9,9,9,9,0.015180,0.9247,0.9395
125000.00,125000.00,123250.01,10,10,10,10,10,0.015406,0.9138,0.9714
125000.00,125000.00,121891.98,9,9,9,9,9,0.015236,0.9026,0.9508
125000.00,125000.00,127719.76,12,12,12,12,12,0.015965,0.7837,0.9367
125000.00,125000.00,116020.20,11,11,11,11,11,0.014503,0.8592,0.8886
125000.00,125000.00,133951.19,12,12,12,12,12,0.016744,0.7896,0.7604
125000.00,125000.00,125741.96,9,9,9,9,9,0.015718,0.9578,0.9409
125000.00,125000.00,124358.18,9,9,9,9,9,0.015545,0.9351,0.9597
125000.00,125000.00,119068.15,10,10,10,10,10,0.014884,0.8878,0.8624
125000.00,125000.00,126572.61,9,9,9,9,9,0.015822,0.8728,0.9459
125000.00,125000.00,126827.24,11,11,11,11,11,0.015853,0.9120,0.9545
125000.00,125000.00,125034.81,9,9,9,9,9,0.015629,0.9315,0.9771
125000.00,125000.00,121911.05,10,10,10,10,10,0.015239,0.9314,0.9633
125000.00,125000.00,128866.20,9,9,9,9,9,0.016108,0.9298,0.9513
125000.00,125000.00,126630.54,10,10,10,10,10,0.015829,0.8479,0.8718
125000.00,125000.00,126665.12,11,11,11,11,11,0.015833,0.7575,0.9732
125000.00,125000.00,123004.91,10,10,10,10,10,0.015376,0.9510,0.9578
125000.00,125000.00,124988.56,10,10,10,10,10,0.015624,0.9037,0.9271
125000.00,125000.00,135967.25,12,12,12,12,12,0.016996,0.8356,0.9181
125000.00,125000.00,126409.53,9,9,9,9,9,0.015801,0.8249,0.9358
125000.00,125000.00,124967.58,9,9,9,9,9,0.015621,0.9645,0.9196
125000.00,125000.00,127088.55,9,9,9,9,9,0.015886,0.9602,0.9750
125000.00,125000.00,132153.51,11,11,11,11,11,0.016519,0.9538,0.9308
125000.00,125000.00,121531.49,11,11,11,11,11,0.015191,0.9524,0.9504
125000.00,125000.00,123609.54,11,11,11,11,11,0.015451,0.9054,0.9220
125000.00,125000.00,124517.92,12,12,12,12,12,0.015565,0.8118,0.9117
125000.00,125000.00,124461.17,11,11,11,11,11,0.015558,0.9432,0.9910
125000.00,125000.00,123086.93,10,10,10,10,10,0.015386,0.9374,0.9593
125000.00,125000.00,126987.46,11,11,11,11,11,0.015873,0.9303,0.9411
125000.00,125000.00,122572.90,10,10,10,10,10,0.015322,0.9324,0.9646
125000.00,125000.00,125082.02,9,9,9,9,9,0.015635,0.9274,0.9733
125000.00,125000.00,125074.80,11,11,11,11,11,0.015634,0.9095,0.9798
125000.00,125000.00,126911.16,10,10,10,10,10,0.015864,0.8984,0.8594
125000.00,125000.00,119267.46,9,9,9,9,9,0.014908,0.7737,0.8538
125000.00,125000.00,123496.06,12,12,12,12,12,0.015437,0.8078,0.9742
125000.00,125000.00,122694.97,9,9,9,9,9,0.015337,0.8912,0.9475
125000.00,125000.00,123798.37,9,9,9,9,9,0.015475,0.8827,0.9162
125000.00,125000.00,129342.79,11,11,11,11,11,0.016168,0.8827,0.9350
125000.00,125000.00,136994.36,10,10,10,10,10,0.017124,0.7883,0.8792
125000.00,125000.00,129395.96,10,10,10,10,10,0.016174,0.9498,0.9647
125000.00,125000.00,131312.37,9,9,9,9,9,0.016414,0.9218,0.9474
125000.00,125000.00,126777.65,12,12,12,12,12,0.015847,0.9164,0.9668
125000.00,125000.00,121892.93,10,10,10,10,10,0.015237,0.9118,0.8965
125000.00,125000.00,128124.24,11,11,11,11,11,0.016016,0.9098,0.8965
125000.00,125000.00,129468.92,11,11,11,11,11,0.016184,0.8812,0.9584
125000.00,125000.00,125529.20,9,9,9,9,9,0.015691,0.9200,0.9603
125000.00,125000.00,126705.53,12,12,12,12,12,0.015838,0.9118,0.9844
125000.00,125000.00,126701.35,11,11,11,11,11,0.015838,0.8929,0.9076
125000.00,125000.00,124747.75,10,10,10,10,10,0.015593,0.7289,0.6774
125000.00,125000.00,126786.23,12,12,12,12,12,0.015848,0.9513,0.9666
125000.00,125000.00,123950.00,10,10,10,10,10,0.015494,0.9460,0.9343
125000.00,125000.00,126789.09,11,11,11,11,11,0.015849,0.9120,0.9480
125000.00,125000.00,124394.42,9,9,9,9,9,0.015549,0.9106,0.9472
125000.00,125000.00,126260.52,9,9,9,9,9,0.015783,0.9570,0.9752
125000.00,125000.00,127930.64,9,9,9,9,9,0.015991,0.9355,0.9677
125000.00,125000.00,120863.91,10,10,10,10,10,0.015108,0.9319,0.9648
125000.00,125000.00,124712.94,11,11,11,11,11,0.015589,0.8984,0.9714
125000.00,125000.00,128760.34,11,11,11,11,11,0.016095,0.8957,0.9115
125000.00,125000.00,124158.38,9,9,9,9,9,0.015520,0.8267,0.9769
125000.00,125000.00,119092.05,12,12,12,12,12,0.014887,0.8129,0.6956
125000.00,125000.00,122946.74,10,10,10,10,10,0.015368,0.7122,0.9452
125000.00,125000.00,114253.52,9,9,9,9,9,0.014282,0.8969,0.8935
125000.00,125000.00,126337.05,10,10,10,10,10,0.015792,0.9159,0.9277
125000.00,125000.00,126105.31,9,9,9,9,9,0.015763,0.8173,0.9711
125000.00,125000.00,120230.67,9,9,9,9,9,0.015029,0.7878,0.9507
125000.00,125000.00,93001.01,11,11,11,10,10,0.011625,0.7869,0.7734
125000.00,125000.00,121453.29,10,10,10,10,10,0.015182,0.7190,0.8340
125000.00,125000.00,129411.70,12,12,12,12,12,0.016176,0.9191,0.9654
125000.00,125000.00,133140.27,12,12,12,12,12,0.016643,0.8069,0.8836
125000.00,125000.00,128004.07,11,11,11,11,11,0.016001,0.9143,0.9637
125000.00,125000.00,122779.37,9,9,9,9,9,0.015347,0.9121,0.9593
125000.00,125000.00,126262.66,9,9,9,9,9,0.015783,0.9064,0.9749
125000.00,125000.00,124853.13,9,9,9,9,9,0.015607,0.7779,0.8905
125000.00,125000.00,126409.53,10,10,10,10,10,0.015801,0.7102,0.5919
125000.00,125000.00,126597.02,11,11,11,11,11,0.015825,0.9592,0.9141
125000.00,125000.00,129951.48,11,11,11,11,11,0.016244,0.9295,0.9537
125000.00,125000.00,127061.84,10,10,10,10,10,0.015883,0.9022,0.9607
125000.00,125000.00,125212.67,10,10,10,10,10,0.015652,0.9008,0.9330
125000.00,125000.00,121137.38,11,11,11,11,11,0.015142,0.8877,0.8773
125000.00,125000.00,139106.09,11,11,11,11,11,0.017388,0.8214,0.8958
125000.00,125000.00,126774.79,10,10,10,10,10,0.015847,0.9563,0.8635
125000.00,125000.00,122617.72,10,10,10,10,10,0.015327,0.9358,0.9582
125000.00,125000.00,127277.20,9,9,9,9,9,0.015910,0.8994,0.9614
125000.00,125000.00,136676.79,10,10,10,10,10,0.017085,0.8776,0.9017
125000.00,125000.00,128935.81,11,11,11,11,11,0.016117,0.8347,0.9678
125000.00,125000.00,125243.90,11,11,11,11,11,0.015655,0.8313,0.8863
125000.00,125000.00,130680.56,12,12,12,12,12,0.016335,0.8287,0.9559
125000.00,125000.00,128390.31,10,10,10,10,10,0.016049,0.9260,0.9682
125000.00,125000.00,126270.29,11,11,11,11,11,0.015784,0.9258,0.9476
125000.00,125000.00,128285.65,12,12,12,12,12,0.016036,0.8843,0.9397
125000.00,125000.00,123666.76,10,10,10,10,10,0.015458,0.9681,0.9825
125000.00,125000.00,122797.01,10,10,10,10,10,0.015350,0.9601,0.9798
125000.00,125000.00,127235.14,9,9,9,9,9,0.015904,0.9222,0.9455
125000.00,125000.00,129747.39,10,10,10,10,10,0.016218,0.8484,0.9335
125000.00,125000.00,128478.05,11,11,11,11,11,0.016060,0.7313,0.6698
125000.00,125000.00,122295.38,9,9,9,9,9,0.015287,0.8899,0.9749
125000.00,125000.00,129035.00,9,9,9,9,9,0.016129,0.9220,0.9321
125000.00,125000.00,124664.31,9,9,9,9,9,0.015583,0.9353,0.9697
125000.00,125000.00,122836.83,11,11,11,11,11,0.015355,0.9283,0.9782
125000.00,125000.00,128831.86,12,12,12,12,12,0.016104,0.9172,0.9425
125000.00,125000.00,130708.69,9,9,9,9,9,0.016339,0.9765,0.9545
125000.00,125000.00,125026.46,12,12,12,12,12,0.015628,0.9129,0.9860
125000.00,125000.00,124336.24,11,11,11,11,11,0.015542,0.9022,0.9277
125000.00,125000.00,122598.65,12,12,12,12,12,0.015325,0.9655,0.9436
125000.00,125000.00,128599.17,10,10,10,10,10,0.016075,0.9571,0.9380
125000.00,125000.00,128208.64,9,9,9,9,9,0.016026,0.9475,0.9442
125000.00,125000.00,124744.42,9,9,9,9,9,0.015593,0.9098,0.9372
125000.00,125000.00,129285.81,9,9,9,9,9,0.016161,0.9520,0.9565
125000.00,125000.00,124917.98,9,9,9,9,9,0.015615,0.9439,0.9656
125000.00,125000.00,130023.00,11,11,11,11,11,0.016253,0.9314,0.9036
125000.00,125000.00,120711.80,10,10,10,10,10,0.015089,0.9156,0.9576
125000.00,125000.00,123542.90,11,11,11,11,11,0.015443,0.9112,0.9293
125000.00,125000.00,130138.40,12,12,12,12,12,0.016267,0.8194,0.9504
125000.00,125000.00,123474.12,10,10,10,10,10,0.015434,0.9537,0.9704
125000.00,125000.00,124513.63,11,11,11,11,11,0.015564,0.9410,0.9911
125000.00,125000.00,125820.16,10,10,10,10,10,0.015728,0.9379,0.9708
125000.00,125000.00,126742.36,10,10,10,10,10,0.015843,0.9251,0.9794
125000.00,125000.00,126804.35,12,12,12,12,12,0.015851,0.9014,0.9784
125000.00,125000.00,126818.18,9,9,9,9,9,0.015852,0.8887,0.9464
125000.00,125000.00,127590.18,12,12,12,12,12,0.015949,0.8726,0.9682
125000.00,125000.00,131758.69,9,9,9,9,9,0.016470,0.8895,0.9185
125000.00,125000.00,126075.74,10,10,10,10,10,0.015759,0.8691,0.8665
125000.00,125000.00,123545.53,9,9,9,9,9,0.015443,0.8280,0.9720
125000.00,125000.00,123214.72,12,12,12,12,12,0.015402,0.7395,0.8203
125000.00,125000.00,123053.55,10,10,10,10,10,0.015382,0.9427,0.9256
125000.00,125000.00,126353.26,9,9,9,9,9,0.015794,0.9407,0.9701
125000.00,125000.00,127645.49,11,11,11,11,11,0.015956,0.9369,0.9764
125000.00,125000.00,122842.79,11,11,11,11,11,0.015355,0.9352,0.9663
125000.00,125000.00,120822.91,10,10,10,10,10,0.015103,0.9624,0.9188
125000.00,125000.00,123982.43,10,10,10,10,10,0.015498,0.9470,0.9394
125000.00,125000.00,127586.36,10,10,10,10,10,0.015948,0.9439,0.9550
125000.00,125000.00,127624.03,11,11,11,11,11,0.015953,0.7548,0.7897
125000.00,125000.00,120172.38,10,10,10,10,10,0.015022,0.9703,0.9368
125000.00,125000.00,131277.08,9,9,9,9,9,0.016410,0.9467,0.9462
125000.00,125000.00,124496.46,11,11,11,11,11,0.015562,0.9320,0.9365
125000.00,125000.00,131559.37,9,9,9,9,9,0.016445,0.9297,0.9470
125000.00,125000.00,124873.40,11,11,11,11,11,0.015609,0.8856,0.9383
125000.00,125000.00,133831.02,12,12,12,12,12,0.016729,0.8149,0.8782
125000.00,125000.00,126373.59,9,9,9,9,9,0.015797,0.9639,0.9475
125000.00,125000.00,125238.42,9,9,9,9,9,0.015655,0.9398,0.9721
125000.00,125000.00,130102.16,12,12,12,12,12,0.016263,0.9109,0.9032
125000.00,125000.00,127567.29,11,11,11,11,11,0.015946,0.9012,0.8887
125000.00,125000.00,125892.64,9,9,9,9,9,0.015737,0.8943,0.9207
125000.00,125000.00,129506.11,12,11,11,11,11,0.016188,0.7433,0.9538
125000.00,125000.00,120925.90,11,11,11,11,11,0.015116,0.9594,0.9598
125000.00,125000.00,123586.65,10,10,10,10,10,0.015448,0.9291,0.9833
125000.00,125000.00,117413.04,10,10,10,10,10,0.014677,0.9279,0.9266
125000.00,125000.00,126079.56,11,11,11,11,11,0.015760,0.9265,0.9591
125000.00,125000.00,125467.30,12,12,12,12,12,0.015683,0.8553,0.7633
125000.00,125000.00,126590.73,9,9,9,9,9,0.015824,0.9420,0.9686
125000.00,125000.00,128088.95,9,9,9,9,9,0.016011,0.9265,0.9705
125000.00,125000.00,125662.80,11,11,11,11,11,0.015708,0.9151,0.9813
125000.00,125000.00,128375.77,11,11,11,11,11,0.016047,0.9116,0.9639
125000.00,125000.00,126449.58,10,10,10,10,10,0.015806,0.8864,0.9163
125000.00,125000.00,132179.26,9,9,9,9,9,0.016522,0.8830,0.8736
125000.00,125000.00,127450.47,12,12,12,12,12,0.015931,0.8543,0.9236
125000.00,125000.00,122797.01,9,9,9,9,9,0.015350,0.8252,0.9601
125000.00,125000.00,123255.73,11,11,11,11,11,0.015407,0.7051,0.9212
125000.00,125000.00,123737.34,11,11,11,11,11,0.015467,0.9074,0.9218
125000.00,125000.00,130371.09,9,9,9,9,9,0.016296,0.8547,0.7986
125000.00,125000.00,130769.73,12,12,12,12,12,0.016346,0.8459,0.9418
125000.00,125000.00,122253.42,11,11,11,11,11,0.015282,0.9010,0.9656
125000.00,125000.00,125684.74,12,12,12,12,12,0.015711,0.8957,0.9574
125000.00,125000.00,130598.07,12,12,12,12,12,0.016325,0.8797,0.8995
125000.00,125000.00,130400.18,12,12,12,12,12,0.016300,0.8595,0.9517
125000.00,125000.00,125497.82,11,11,11,11,11,0.015687,0.8239,0.9128
125000.00,125000.00,130667.45,9,9,9,9,9,0.016333,0.7719,0.9405
125000.00,125000.00,126747.13,9,9,9,9,9,0.015843,0.7623,0.9519
125000.00,125000.00,126731.87,9,9,9,9,9,0.015841,0.9339,0.9721
125000.00,125000.00,120847.70,9,9,9,9,9,0.015106,0.9248,0.9365
125000.00,125000.00,124238.97,9,9,9,9,9,0.015530,0.8763,0.9769
125000.00,125000.00,126048.09,10,10,10,10,10,0.015756,0.8380,0.9775
125000.00,125000.00,121315.96,10,10,10,10,10,0.015164,0.9509,0.9355
125000.00,125000.00,126836.78,9,9,9,9,9,0.015855,0.9269,0.9598
125000.00,125000.00,123727.80,10,10,10,10,10,0.015466,0.9105,0.9489
125000.00,125000.00,124079.70,10,10,10,10,10,0.015510,0.8966,0.6248
125000.00,125000.00,125281.33,12,12,12,12,12,0.015660,0.8437,0.9546
125000.00,125000.00,133668.90,11,11,11,11,11,0.016709,0.8239,0.7502
125000.00,125000.00,123882.29,11,11,11,11,11,0.015485,0.9349,0.9833
125000.00,125000.00,118974.69,10,10,10,10,10,0.014872,0.9227,0.9474
125000.00,125000.00,126555.44,9,9,9,9,9,0.015819,0.9215,0.9704
125000.00,125000.00,124620.91,11,11,11,11,11,0.015578,0.9187,0.9369
125000.00,125000.00,135934.83,9,9,9,9,9,0.016992,0.7615,0.8626
125000.00,125000.00,124560.71,9,9,9,9,9,0.015570,0.9521,0.8956
125000.00,125000.00,120763.30,12,12,12,12,12,0.015095,0.9448,0.9057
125000.00,125000.00,122983.93,12,12,12,12,12,0.015373,0.9328,0.9631
125000.00,125000.00,126142.50,10,10,10,10,10,0.015768,0.8828,0.7567
125000.00,125000.00,129562.38,12,12,12,12,12,0.016195,0.7346,0.6445
125000.00,125000.00,123465.06,11,11,11,11,11,0.015433,0.9283,0.9147
125000.00,125000.00,122518.54,11,11,11,11,11,0.015315,0.9229,0.9300
125000.00,125000.00,129807.47,11,11,11,11,11,0.016226,0.7026,0.9043
125000.00,125000.00,119581.22,9,9,9,9,9,0.014948,0.8848,0.9185
125000.00,125000.00,130557.06,12,12,12,12,12,0.016320,0.9568,0.9458
125000.00,125000.00,126844.41,12,12,12,12,12,0.015856,0.9147,0.9766
125000.00,125000.00,124408.72,11,11,11,11,11,0.015551,0.9112,0.9447
125000.00,125000.00,121746.06,10,10,10,10,10,0.015218,0.9062,0.9466
125000.00,125000.00,130703.93,9,9,9,9,9,0.016338,0.8961,0.9535
125000.00,125000.00,121996.40,9,9,9,9,9,0.015250,0.8856,0.9462
125000.00,125000.00,119765.76,9,9,9,9,9,0.014971,0.8698,0.9341
125000.00,125000.00,126678.47,11,11,11,11,11,0.015835,0.8684,0.9660
125000.00,125000.00,125266.08,11,11,11,11,11,0.015658,0.7154,0.6749
125000.00,125000.00,126279.83,12,12,12,12,12,0.015785,0.9361,0.9127
125000.00,125000.00,123622.89,11,11,11,11,11,0.015453,0.9334,0.9523
125000.00,125000.00,130572.32,11,11,11,11,11,0.016322,0.9041,0.9389
125000.00,125000.00,125701.17,11,11,11,11,11,0.015713,0.8879,0.9471
125000.00,125000.00,129340.17,9,9,9,9,9,0.016168,0.8660,0.8841
125000.00,125000.00,127144.34,12,12,12,12,12,0.015893,0.8430,0.9446
125000.00,125000.00,132431.03,12,12,12,12,12,0.016554,0.9185,0.9426
125000.00,125000.00,122988.70,10,10,10,10,10,0.015374,0.7939,0.9062
125000.00,125000.00,127496.72,9,9,9,9,9,0.015937,0.7689,0.8711
125000.00,125000.00,124362.95,10,10,10,10,10,0.015545,0.9369,0.9074
125000.00,125000.00,121860.98,10,10,10,10,10,0.015233,0.9358,0.9358
125000.00,125000.00,124339.82,10,10,10,10,10,0.015542,0.9276,0.9648
125000.00,125000.00,124094.01,9,9,9,9,9,0.015512,0.9068,0.9700
125000.00,125000.00,126300.81,12,12,12,12,12,0.015788,0.8251,0.8737
125000.00,125000.00,128623.96,11,11,11,11,11,0.016078,0.7976,0.6984
125000.00,125000.00,125730.51,10,10,10,10,10,0.015716,0.7907,0.6545
125000.00,125000.00,125470.16,12,12,12,12,12,0.015684,0.7620,0.9191
125000.00,125000.00,133078.58,11,11,11,11,11,0.016635,0.8455,0.8978
125000.00,125000.00,139580.25,10,10,10,10,10,0.017448,0.8119,0.8927
125000.00,125000.00,133322.09,10,10,10,10,10,0.016665,0.9779,0.8780
125000.00,125000.00,132610.32,11,11,11,11,11,0.016576,0.9482,0.9407
125000.00,125000.00,126017.81,10,10,10,10,10,0.015752,0.9361,0.9508
125000.00,125000.00,127365.83,12,12,12,12,12,0.015921,0.9233,0.8935
125000.00,125000.00,131038.67,11,11,11,11,11,0.016380,0.9071,0.9164
125000.00,125000.00,116552.35,12,12,12,12,12,0.014569,0.9295,0.9177
125000.00,125000.00,124034.88,9,9,9,9,9,0.015504,0.9288,0.8929
125000.00,125000.00,125602.72,10,10,10,10,10,0.015700,0.8987,0.9604
125000.00,125000.00,117673.87,11,12,12,12,12,0.014709,0.7711,0.8790
125000.00,125000.00,124014.85,10,10,10,10,10,0.015502,0.9453,0.9540
125000.00,125000.00,129571.91,10,10,10,10,10,0.016196,0.9055,0.9617
125000.00,125000.00,122653.96,9,9,9,9,9,0.015332,0.9525,0.9789
125000.00,125000.00,124260.90,10,10,10,10,10,0.015533,0.9400,0.9427
125000.00,125000.00,119704.25,10,10,10,10,10,0.014963,0.9150,0.9531
125000.00,125000.00,130070.69,9,9,9,9,9,0.016259,0.8858,0.8913
125000.00,125000.00,126844.41,9,9,9,9,9,0.015856,0.8293,0.8965
125000.00,125000.00,131293.30,11,11,11,11,11,0.016412,0.7872,0.8671
125000.00,125000.00,129187.64,11,11,11,11,11,0.016148,0.7436,0.6825
125000.00,125000.00,126903.53,9,9,9,9,9,0.015863,0.9588,0.9609
125000.00,125000.00,127226.83,9,9,9,9,9,0.015903,0.9534,0.9737
125000.00,125000.00,126133.20,11,11,11,11,11,0.015767,0.9087,0.9748
125000.00,125000.00,132177.35,12,12,12,12,12,0.016522,0.8869,0.9014
125000.00,125000.00,124903.92,10,10,10,10,10,0.015613,0.8331,0.8805
125000.00,125000.00,125547.41,12,12,12,12,12,0.015693,0.7193,0.7156
125000.00,125000.00,126592.64,12,12,12,12,12,0.015824,0.7156,0.9492
125000.00,125000.00,121111.63,10,10,10,10,10,0.015139,0.9476,0.9625
125000.00,125000.00,126403.33,9,9,9,9,9,0.015800,0.9257,0.9792
125000.00,125000.00,123988.15,9,9,9,9,9,0.015499,0.9011,0.8728
125000.00,125000.00,122256.28,12,12,12,12,12,0.015282,0.8845,0.9142
125000.00,125000.00,128822.33,12,12,12,12,12,0.016103,0.8775,0.9687
125000.00,125000.00,124240.88,11,11,11,11,11,0.015530,0.8670,0.9152
125000.00,125000.00,127719.88,12,12,12,12,12,0.015965,0.7802,0.8164
125000.00,125000.00,130326.27,12,12,12,12,12,0.016291,0.7600,0.8585
125000.00,125000.00,125137.33,10,10,10,10,10,0.015642,0.9343,0.9713
125000.00,125000.00,122949.60,9,9,9,9,9,0.015369,0.8505,0.8138
125000.00,125000.00,137405.40,10,10,10,10,10,0.017176,0.7843,0.8665
125000.00,125000.00,124262.81,10,10,10,10,10,0.015533,0.8777,0.6226
125000.00,125000.00,121401.79,10,10,10,10,10,0.015175,0.7553,0.6347
125000.00,125000.00,123912.81,10,10,10,10,10,0.015489,0.7849,0.5403
125000.00,125000.00,122592.93,9,9,9,9,9,0.015324,0.9007,0.9645
125000.00,125000.00,124866.49,9,9,9,9,9,0.015608,0.8850,0.9781
125000.00,125000.00,125123.50,10,10,10,10,10,0.015640,0.9660,0.9693
125000.00,125000.00,129411.70,10,10,10,10,10,0.016176,0.9531,0.9431
125000.00,125000.00,138491.63,9,9,9,9,9,0.017311,0.9224,0.9013
125000.00,125000.00,128074.65,11,11,11,11,11,0.016009,0.9080,0.9558
125000.00,125000.00,124242.78,11,11,11,11,11,0.015530,0.8547,0.8967
125000.00,125000.00,127803.09,9,9,9,9,9,0.015975,0.9706,0.9584
125000.00,125000.00,126322.75,9,9,9,9,9,0.015790,0.9251,0.9727
125000.00,125000.00,122243.40,10,10,10,10,10,0.015280,0.9577,0.9697
125000.00,125000.00,127928.26,11,11,11,11,11,0.015991,0.9534,0.9583
125000.00,125000.00,128644.94,11,11,11,11,11,0.016081,0.9489,0.9677
125000.00,125000.00,123989.11,9,9,9,9,9,0.015499,0.9484,0.9528
125000.00,125000.00,123559.00,11,11,11,11,11,0.015445,0.9382,0.9263
125000.00,125000.00,124650.00,10,10,10,10,10,0.015581,0.9213,0.9466
125000.00,125000.00,144804.00,9,9,9,9,9,0.018101,0.7950,0.8321
125000.00,125000.00,120357.51,10,10,10,10,10,0.015045,0.9409,0.9287
125000.00,125000.00,128570.56,11,11,11,11,11,0.016071,0.7536,0.7439
125000.00,125000.00,135647.77,11,11,11,11,11,0.016956,0.7119,0.8877
125000.00,125000.00,120308.40,10,10,10,10,10,0.015039,0.9580,0.9609
125000.00,125000.00,123900.18,9,9,9,9,9,0.015488,0.9530,0.9826
125000.00,125000.00,130185.13,9,9,9,9,9,0.016273,0.9173,0.8637
125000.00,125000.00,124940.40,12,12,12,12,12,0.015618,0.9077,0.9925
125000.00,125000.00,125787.73,10,10,10,10,10,0.015723,0.9561,0.9435
125000.00,125000.00,126188.28,10,10,10,10,10,0.015774,0.9470,0.9682
125000.00,125000.00,125160.22,10,10,10,10,10,0.015645,0.9390,0.9579
125000.00,125000.00,122907.64,10,10,10,10,10,0.015363,0.9152,0.9116
125000.00,125000.00,129494.67,12,12,12,12,12,0.016187,0.8922,0.9069
125000.00,125000.00,126235.96,9,9,9,9,9,0.015779,0.7823,0.9691
125000.00,125000.00,123265.52,12,12,12,12,12,0.015408,0.7621,0.7287
125000.00,125000.00,126143.93,9,9,9,9,9,0.015768,0.9637,0.9473
125000.00,125000.00,124818.80,9,9,9,9,9,0.015602,0.9106,0.9371
125000.00,125000.00,132160.19,11,11,11,11,11,0.016520,0.8482,0.9402
125000.00,125000.00,126908.30,9,9,9,9,9,0.015864,0.9503,0.9769
125000.00,125000.00,123208.05,11,11,11,11,11,0.015401,0.9429,0.9656
125000.00,125000.00,127145.11,11,11,11,11,11,0.015893,0.9318,0.9174
125000.00,125000.00,125103.12,10,10,10,10,10,0.015638,0.9062,0.9541
125000.00,125000.00,130435.94,12,12,12,12,12,0.016304,0.8758,0.8423
125000.00,125000.00,121263.03,12,12,12,12,12,0.015158,0.7897,0.9168
125000.00,125000.00,125903.13,9,9,9,9,9,0.015738,0.9535,0.9591
125000.00,125000.00,127596.62,9,9,9,9,9,0.015950,0.8630,0.9452
125000.00,125000.00,130924.22,11,11,11,11,11,0.016366,0.7634,0.5925
125000.00,187500.00,68647.16,10,11,11,8,8,0.008581,0.7626,0.7076
125000.00,125000.00,128142.83,10,10,10,10,10,0.016018,0.9571,0.9734
125000.00,125000.00,124570.61,9,9,9,9,9,0.015571,0.9708,0.9546
125000.00,125000.00,128433.23,10,10,10,10,10,0.016054,0.9585,0.9305
125000.00,125000.00,128507.61,9,9,9,9,9,0.016063,0.9389,0.9509
125000.00,125000.00,122070.31,11,11,11,11,11,0.015259,0.9344,0.9708
125000.00,125000.00,123013.50,11,11,11,11,11,0.015377,0.9321,0.9490
125000.00,125000.00,126533.51,11,11,11,11,11,0.015817,0.8923,0.8779
125000.00,125000.00,129069.33,10,10,10,10,10,0.016134,0.8714,0.7654
125000.00,125000.00,125665.66,12,12,12,12,12,0.015708,0.8671,0.8890
125000.00,125000.00,128145.22,10,10,10,10,10,0.016018,0.7712,0.9017
125000.00,125000.00,126461.03,11,11,11,11,11,0.015808,0.9439,0.9540
125000.00,125000.00,125600.81,10,10,10,10,10,0.015700,0.9336,0.9422
125000.00,125000.00,125688.55,10,10,10,10,10,0.015711,0.9327,0.9551
125000.00,125000.00,132347.11,10,10,10,10,10,0.016543,0.8770,0.9157
125000.00,125000.00,117883.68,12,12,12,12,12,0.014735,0.8606,0.9391
125000.00,125000.00,127549.17,10,10,10,10,10,0.015944,0.8569,0.7887
125000.00,125000.00,127016.07,12,12,12,12,12,0.015877,0.9484,0.9234
125000.00,125000.00,123517.04,12,12,12,12,12,0.015440,0.8355,0.9263
125000.00,125000.00,126566.41,9,9,9,9,9,0.015821,0.9532,0.9585
125000.00,125000.00,124032.02,10,10,10,10,10,0.015504,0.9321,0.9325
125000.00,125000.00,123579.03,11,11,11,11,11,0.015447,0.9102,0.9870
125000.00,125000.00,126400.95,12,12,12,12,12,0.015800,0.8914,0.6683
125000.00,125000.00,125750.54,9,9,9,9,9,0.015719,0.9746,0.9919
125000.00,125000.00,123573.78,12,12,12,12,12,0.015447,0.7571,0.9007
125000.00,125000.00,127427.10,10,10,10,10,10,0.015928,0.9447,0.9189
125000.00,125000.00,128867.15,11,11,11,11,11,0.016108,0.9392,0.9627
125000.00,125000.00,125328.06,11,11,11,11,11,0.015666,0.9308,0.9472
125000.00,125000.00,124427.80,9,9,9,9,9,0.015553,0.9288,0.9572
125000.00,125000.00,122602.46,9,9,9,9,9,0.015325,0.9125,0.9550
125000.00,125000.00,123998.64,10,10,10,10,10,0.015500,0.9513,0.9649
125000.00,125000.00,124895.57,11,11,11,11,11,0.015612,0.8887,0.9370
125000.00,125000.00,129958.15,12,12,12,12,12,0.016245,0.8598,0.8974
125000.00,125000.00,126042.37,9,9,9,9,9,0.015755,0.8951,0.9573
125000.00,125000.00,125032.90,12,12,12,12,12,0.015629,0.9380,0.9378
125000.00,125000.00,122873.31,9,9,9,9,9,0.015359,0.9348,0.9817
125000.00,125000.00,127248.76,10,10,10,10,10,0.015906,0.8925,0.9809
125000.00,125000.00,129850.92,12,12,12,12,12,0.016231,0.8674,0.9102
125000.00,125000.00,125408.17,12,12,12,12,12,0.015676,0.8372,0.9510
125000.00,125000.00,115816.12,9,9,9,9,9,0.014477,0.9437,0.8602
125000.00,125000.00,121456.15,9,9,9,9,9,0.015182,0.9380,0.9675
125000.00,125000.00,123589.52,10,10,10,10,10,0.015449,0.9266,0.9632
125000.00,125000.00,120012.28,10,10,10,10,10,0.015002,0.9571,0.9001
125000.00,125000.00,127658.37,11,11,11,11,11,0.015957,0.9317,0.9193
125000.00,125000.00,124660.02,9,9,9,9,9,0.015583,0.9742,0.9742
125000.00,125000.00,128248.45,9,9,9,9,9,0.016031,0.9315,0.9295
125000.00,125000.00,127116.20,9,9,9,9,9,0.015890,0.9310,0.9548
125000.00,125000.00,128292.08,10,10,10,10,10,0.016037,0.9140,0.9689
125000.00,125000.00,125846.39,11,11,11,11,11,0.015731,0.9021,0.8916
125000.00,125000.00,128459.48,12,12,12,12,12,0.016057,0.7992,0.8859
125000.00,125000.00,116129.88,9,9,9,9,9,0.014516,0.8837,0.9235
125000.00,125000.00,124325.75,9,9,9,9,9,0.015541,0.9596,0.9527
125000.00,125000.00,125057.22,10,10,10,10,10,0.015632,0.9292,0.9316
125000.00,125000.00,124634.74,11,11,11,11,11,0.015579,0.7666,0.7478
125000.00,125000.00,120269.78,10,10,10,10,10,0.015034,0.9623,0.9362
125000.00,125000.00,125183.34,11,11,11,11,11,0.015648,0.9613,0.9600
125000.00,125000.00,121656.89,9,9,9,9,9,0.015207,0.9449,0.9572
125000.00,125000.00,128558.64,9,9,9,9,9,0.016070,0.9332,0.9505
125000.00,125000.00,121826.17,9,9,9,9,9,0.015228,0.9288,0.9578
125000.00,125000.00,123999.60,11,11,11,11,11,0.015500,0.9043,0.9891
125000.00,125000.00,153554.92,11,12,13,12,13,0.019194,0.8613,0.6287
125000.00,125000.00,129723.55,9,9,9,9,9,0.016215,0.9601,0.9317
125000.00,125000.00,122509.00,12,12,12,12,12,0.015314,0.8044,0.9548
125000.00,125000.00,129553.79,12,12,12,12,12,0.016194,0.7257,0.8860
125000.00,125000.00,128773.21,11,11,11,11,11,0.016097,0.9074,0.9288
125000.00,125000.00,128712.65,9,9,9,9,9,0.016089,0.9052,0.9630
125000.00,125000.00,140193.94,9,9,9,9,9,0.017524,0.8977,0.8852
125000.00,125000.00,124024.63,10,10,10,10,10,0.015503,0.9317,0.9326
125000.00,125000.00,128275.87,12,12,12,12,12,0.016034,0.9190,0.9728
125000.00,125000.00,124526.98,10,10,10,10,10,0.015566,0.9098,0.9261
125000.00,125000.00,133805.27,12,12,12,12,12,0.016726,0.9092,0.8791
125000.00,125000.00,124052.05,10,10,10,10,10,0.015507,0.7985,0.5744
125000.00,125000.00,112285.61,10,10,10,10,10,0.014036,0.8892,0.8867
125000.00,125000.00,118400.10,9,9,9,9,9,0.014800,0.7252,0.6647
125000.00,125000.00,119540.21,11,11,11,11,11,0.014943,0.9007,0.9132
125000.00,125000.00,119172.57,11,11,11,11,11,0.014897,0.8706,0.9501
125000.00,125000.00,124057.77,10,10,10,10,10,0.015507,0.8282,0.9418
125000.00,125000.00,116792.68,9,9,9,9,9,0.014599,0.7863,0.9257
125000.00,125000.00,135680.20,10,10,10,10,10,0.016960,0.7621,0.8669
125000.00,125000.00,137332.92,9,9,9,9,9,0.017167,0.7122,0.8375
125000.00,125000.00,121030.57,10,10,10,10,10,0.015129,0.9003,0.9639
125000.00,125000.00,132906.20,11,11,11,11,11,0.016613,0.8187,0.9182
125000.00,125000.00,125275.36,10,10,10,10,10,0.015659,0.8183,0.8932
125000.00,125000.00,124679.57,11,11,11,11,11,0.015585,0.9117,0.9434
125000.00,125000.00,131085.40,9,9,9,9,9,0.016386,0.8992,0.9445
125000.00,125000.00,125367.16,9,9,9,9,9,0.015671,0.8909,0.8986
125000.00,125000.00,128446.70,9,9,9,9,9,0.016056,0.8607,0.9620
125000.00,125000.00,117633.82,9,9,9,9,9,0.014704,0.8546,0.9118
125000.00,125000.00,130438.80,10,9,9,9,9,0.016305,0.7291,0.8851
125000.00,125000.00,124571.80,10,10,10,10,10,0.015571,0.9600,0.9242
125000.00,125000.00,123427.33,11,11,11,11,11,0.015428,0.9396,0.9079
125000.00,125000.00,129182.82,11,11,11,11,11,0.016148,0.9341,0.9088
125000.00,125000.00,119347.33,12,12,12,12,12,0.014918,0.8521,0.9508
125000.00,125000.00,124774.46,10,10,10,10,10,0.015597,0.9412,0.9780
125000.00,125000.00,125470.64,9,9,9,9,9,0.015684,0.9375,0.9551
125000.00,125000.00,123205.18,10,10,10,10,10,0.015401,0.9195,0.9471
125000.00,125000.00,125681.88,11,11,11,11,11,0.015710,0.9130,0.9716
125000.00,125000.00,123464.58,12,12,12,12,12,0.015433,0.8810,0.9828
125000.00,125000.00,125249.86,9,9,9,9,9,0.015656,0.7619,0.9625
125000.00,125000.00,127414.82,9,9,9,9,9,0.015927,0.9510,0.9432
125000.00,125000.00,118046.64,11,11,11,11,11,0.014756,0.9402,0.9263
125000.00,125000.00,119575.50,11,11,11,11,11,0.014947,0.9339,0.9548
125000.00,125000.00,124097.82,11,11,11,11,11,0.015512,0.9321,0.9539
125000.00,125000.00,128971.58,12,12,12,12,12,0.016121,0.9083,0.9171
125000.00,125000.00,141982.08,12,12,12,12,12,0.017748,0.7658,0.8757
125000.00,125000.00,129204.75,10,10,10,10,10,0.016151,0.7177,0.5923
125000.00,125000.00,123960.85,9,9,9,9,9,0.015495,0.9138,0.9749
125000.00,125000.00,121878.62,10,10,10,10,10,0.015235,0.8726,0.9374
125000.00,125000.00,125119.69,12,12,12,12,12,0.015640,0.8427,0.8595
125000.00,125000.00,124489.69,9,9,9,9,9,0.015561,0.8347,0.9651
125000.00,125000.00,128054.62,9,9,9,9,9,0.016007,0.9710,0.9760
125000.00,125000.00,124545.10,11,11,11,11,11,0.015568,0.9461,0.9760
125000.00,125000.00,132188.62,10,10,10,10,10,0.016524,0.9377,0.9421
125000.00,125000.00,127845.76,10,10,10,10,10,0.015981,0.9219,0.9381
125000.00,125000.00,134077.07,9,9,9,9,9,0.016760,0.8956,0.9094
125000.00,125000.00,126287.46,9,9,9,9,9,0.015786,0.9679,0.9686
125000.00,125000.00,124392.51,9,9,9,9,9,0.015549,0.9202,0.9379
125000.00,125000.00,139099.12,9,9,9,9,9,0.017387,0.8982,0.8651
125000.00,125000.00,121588.02,10,10,10,10,10,0.015199,0.8316,0.9484
125000.00,125000.00,125133.99,12,12,12,12,12,0.015642,0.7438,0.7977
125000.00,125000.00,126123.43,10,10,10,10,10,0.015765,0.9633,0.9880
125000.00,125000.00,122945.31,10,10,10,10,10,0.015368,0.9102,0.9516
125000.00,125000.00,126545.91,9,9,9,9,9,0.015818,0.9802,0.9526
125000.00,125000.00,128125.19,10,10,10,10,10,0.016016,0.9468,0.9163
125000.00,125000.00,128626.82,10,10,10,10,10,0.016078,0.9003,0.9342
125000.00,125000.00,120956.42,9,9,9,9,9,0.015120,0.8856,0.9239
125000.00,125000.00,123045.44,9,9,9,9,9,0.015381,0.8624,0.9564
125000.00,125000.00,121524.81,10,10,10,10,10,0.015191,0.8608,0.9334
125000.00,125000.00,127867.70,12,12,12,12,12,0.015983,0.8443,0.9129
125000.00,125000.00,141393.66,11,11,11,11,11,0.017674,0.7997,0.8722
125000.00,125000.00,120720.86,10,10,10,10,10,0.015090,0.9463,0.9471
125000.00,125000.00,124187.47,9,9,9,9,9,0.015523,0.9401,0.9451
125000.00,125000.00,111263.28,10,10,10,10,10,0.013908,0.9243,0.8703
125000.00,125000.00,125206.23,11,11,11,11,11,0.015651,0.9040,0.8957
125000.00,125000.00,126101.73,11,11,11,11,11,0.015763,0.8887,0.7904
125000.00,125000.00,129842.04,12,12,12,12,12,0.016230,0.8585,0.9354
125000.00,125000.00,126180.65,10,10,10,10,10,0.015773,0.9590,0.9650
125000.00,125000.00,122371.67,10,10,10,10,10,0.015296,0.9238,0.9590
125000.00,125000.00,127901.08,12,12,12,12,12,0.015988,0.8911,0.8984
125000.00,125000.00,121401.79,9,9,9,9,9,0.015175,0.9260,0.8675
125000.00,125000.00,120563.51,9,9,9,9,9,0.015070,0.9282,0.9612
125000.00,125000.00,126800.54,9,9,9,9,9,0.015850,0.9231,0.8776
125000.00,125000.00,128744.13,9,9,9,9,9,0.016093,0.8640,0.9698
125000.00,125000.00,122259.97,10,10,10,10,10,0.015282,0.8219,0.9508
125000.00,125000.00,121632.58,11,11,11,11,11,0.015204,0.7981,0.9714
125000.00,125000.00,122020.72,9,9,9,9,9,0.015253,0.9711,0.9214
125000.00,125000.00,126055.48,10,10,10,10,10,0.015757,0.9443,0.9800
125000.00,125000.00,126451.02,9,9,9,9,9,0.015806,0.9402,0.9562
125000.00,125000.00,126351.36,12,12,12,12,12,0.015794,0.8706,0.9716
125000.00,125000.00,126382.35,10,10,10,10,10,0.015798,0.7959,0.9382
125000.00,125000.00,127122.88,9,9,9,9,9,0.015890,0.7153,0.7060
125000.00,125000.00,110907.32,9,9,9,9,9,0.013863,0.7229,0.7859
125000.00,125000.00,125602.72,9,9,9,9,9,0.015700,0.9655,0.9803
125000.00,125000.00,128637.31,11,11,11,11,11,0.016080,0.9427,0.9119
125000.00,125000.00,126981.74,9,9,9,9,9,0.015873,0.9291,0.9836
125000.00,125000.00,132242.20,10,10,10,10,10,0.016530,0.9032,0.9380
125000.00,125000.00,123764.04,10,10,10,10,10,0.015471,0.8993,0.9760
125000.00,125000.00,124367.71,10,10,10,10,10,0.015546,0.8228,0.9594
125000.00,125000.00,124341.96,9,9,9,9,9,0.015543,0.9162,0.9647
125000.00,125000.00,121826.65,10,10,10,10,10,0.015228,0.9073,0.9603
125000.00,125000.00,122976.30,11,11,11,11,11,0.015372,0.8573,0.9364
125000.00,125000.00,126903.41,12,12,12,12,12,0.015863,0.8435,0.9117
125000.00,125000.00,135811.81,12,12,12,12,12,0.016976,0.8022,0.9139
125000.00,125000.00,122964.62,12,12,12,12,12,0.015371,0.9117,0.9815
125000.00,125000.00,124019.62,11,11,11,11,11,0.015502,0.8786,0.9643
125000.00,125000.00,120092.39,12,12,12,12,12,0.015012,0.8753,0.9513
125000.00,125000.00,121599.20,9,9,9,9,9,0.015200,0.7764,0.8495
125000.00,125000.00,116734.03,10,10,10,10,10,0.014592,0.9292,0.9262
125000.00,125000.00,118954.66,9,9,9,9,9,0.014869,0.9076,0.9336
125000.00,125000.00,116258.62,9,9,9,9,9,0.014532,0.8196,0.9238
125000.00,125000.00,118120.19,11,11,11,11,11,0.014765,0.7031,0.8006
125000.00,125000.00,120840.07,10,10,10,10,10,0.015105,0.9298,0.9280
125000.00,125000.00,133924.48,9,9,9,9,9,0.016741,0.8690,0.9046
125000.00,125000.00,121786.12,10,10,10,10,10,0.015223,0.7437,0.6907
125000.00,125000.00,121081.35,12,12,12,12,12,0.015135,0.7253,0.9348
125000.00,125000.00,118901.25,11,11,11,11,11,0.014863,0.9422,0.8847
125000.00,125000.00,129467.96,11,11,11,11,11,0.016183,0.9373,0.8724
125000.00,125000.00,135732.65,10,10,10,10,10,0.016967,0.9343,0.8793
125000.00,125000.00,125269.89,11,11,11,11,11,0.015659,0.9286,0.9456
125000.00,125000.00,126870.16,11,11,11,11,11,0.015859,0.9117,0.9064
125000.00,125000.00,125841.14,12,12,12,12,12,0.015730,0.7278,0.7810
125000.00,125000.00,114923.48,9,9,9,9,9,0.014365,0.8653,0.7491
125000.00,125000.00,123106.00,9,9,9,9,9,0.015388,0.8722,0.9505
125000.00,125000.00,126865.39,11,11,11,11,11,0.015858,0.8237,0.9846
125000.00,125000.00,126313.69,9,9,9,9,9,0.015789,0.9318,0.9855
125000.00,125000.00,125771.52,10,10,10,10,10,0.015721,0.8711,0.8447
125000.00,125000.00,128396.03,12,12,12,12,12,0.016050,0.8580,0.9713
125000.00,125000.00,126319.94,9,9,9,9,9,0.015790,0.9631,0.9353
125000.00,125000.00,124870.30,11,11,11,11,11,0.015609,0.9481,0.9721
125000.00,125000.00,118450.64,10,10,10,10,10,0.014806,0.9336,0.9276
125000.00,125000.00,128939.15,9,9,9,9,9,0.016117,0.9471,0.9546
125000.00,125000.00,125921.25,10,10,10,10,10,0.015740,0.9294,0.9352
125000.00,125000.00,126911.16,11,11,11,11,11,0.015864,0.8635,0.9712
125000.00,125000.00,119901.66,12,12,12,12,12,0.014988,0.7430,0.9555
125000.00,125000.00,126821.52,9,9,9,9,9,0.015853,0.9166,0.9836
125000.00,125000.00,138261.80,11,11,11,11,11,0.017283,0.8803,0.8482
125000.00,125000.00,121605.87,9,9,9,9,9,0.015201,0.8684,0.9565
125000.00,125000.00,120722.53,10,10,10,10,10,0.015090,0.8317,0.7469
125000.00,125000.00,124127.86,11,11,11,11,11,0.015516,0.7134,0.5991
125000.00,125000.00,121559.86,9,9,9,9,9,0.015195,0.9656,0.9699
125000.00,125000.00,129589.08,9,9,9,9,9,0.016199,0.9312,0.9256
125000.00,125000.00,122117.52,10,10,10,10,10,0.015265,0.9231,0.9427
125000.00,125000.00,129541.40,12,12,12,12,12,0.016193,0.9195,0.9574
125000.00,125000.00,124145.51,11,11,11,11,11,0.015518,0.9181,0.9750
125000.00,125000.00,125667.57,9,9,9,9,9,0.015708,0.8883,0.9507
125000.00,125000.00,126493.45,10,10,10,10,10,0.015812,0.8616,0.7844
125000.00,125000.00,120641.71,9,9,9,9,9,0.015080,0.8209,0.9630
125000.00,125000.00,130379.68,11,11,11,11,11,0.016297,0.9508,0.9548
125000.00,125000.00,124408.25,9,9,9,9,9,0.015551,0.9390,0.9525
125000.00,125000.00,123731.61,11,11,11,11,11,0.015466,0.9386,0.9392
125000.00,125000.00,127454.76,11,11,11,11,11,0.015932,0.9348,0.9323
125000.00,125000.00,126611.71,10,10,10,10,10,0.015826,0.9289,0.9599
125000.00,125000.00,128230.45,10,10,10,10,10,0.016029,0.8592,0.8398
125000.00,125000.00,122566.46,11,11,11,11,11,0.015321,0.9473,0.9801
125000.00,125000.00,125582.22,10,10,10,10,10,0.015698,0.9360,0.9411
125000.00,125000.00,128290.18,12,12,12,12,12,0.016036,0.8857,0.9064
125000.00,125000.00,125562.67,12,12,12,12,12,0.015695,0.8203,0.9211
125000.00,125000.00,126213.79,9,9,9,9,9,0.015777,0.7918,0.8805
125000.00,125000.00,125629.43,11,11,11,11,11,0.015704,0.7781,0.7960
125000.00,125000.00,124377.97,10,10,10,10,10,0.015547,0.9534,0.9839
125000.00,125000.00,125832.56,11,11,11,11,11,0.015729,0.9314,0.9578
125000.00,125000.00,124320.03,12,12,12,12,12,0.015540,0.8759,0.8961
125000.00,125000.00,126789.09,9,9,9,9,9,0.015849,0.8107,0.9107
125000.00,125000.00,128237.72,10,10,10,10,10,0.016030,0.9516,0.9697
125000.00,125000.00,123164.65,10,10,10,10,10,0.015396,0.9438,0.9591
125000.00,125000.00,126309.39,9,9,9,9,9,0.015789,0.8931,0.9672
125000.00,125000.00,126866.34,12,12,12,12,12,0.015858,0.8684,0.9247
125000.00,125000.00,125909.81,10,10,10,10,10,0.015739,0.7713,0.7869
125000.00,125000.00,125763.89,11,11,11,11,11,0.015720,0.9457,0.9321
125000.00,125000.00,125335.69,11,11,11,11,11,0.015667,0.9364,0.9748
125000.00,125000.00,128363.61,10,10,10,10,10,0.016045,0.8637,0.9557
125000.00,125000.00,110073.09,12,12,12,12,12,0.013759,0.7864,0.8602
125000.00,125000.00,127577.78,10,10,10,10,10,0.015947,0.9507,0.9010
125000.00,125000.00,120230.67,9,9,9,9,9,0.015029,0.9394,0.9376
125000.00,125000.00,125766.75,11,11,11,11,11,0.015721,0.9057,0.9386
125000.00,125000.00,125261.31,9,9,9,9,9,0.015658,0.9002,0.9874
125000.00,125000.00,123179.44,12,12,12,12,12,0.015397,0.8993,0.9762
125000.00,125000.00,121118.55,11,11,11,11,11,0.015140,0.9201,0.8971
125000.00,125000.00,134012.70,9,9,9,9,9,0.016752,0.8973,0.9038
125000.00,125000.00,124988.56,10,10,10,10,10,0.015624,0.8796,0.9613
125000.00,125000.00,126322.98,11,11,11,11,11,0.015790,0.7309,0.5854
125000.00,125000.00,129972.46,10,10,10,10,10,0.016247,0.9631,0.9453
125000.00,125000.00,127328.87,11,11,11,11,11,0.015916,0.8993,0.9801
125000.00,125000.00,122800.83,12,12,12,12,12,0.015350,0.8790,0.8912
125000.00,125000.00,127014.16,12,12,12,12,12,0.015877,0.7217,0.9073
125000.00,125000.00,118865.97,11,11,11,11,11,0.014858,0.9050,0.9483
125000.00,125000.00,123569.49,9,9,9,9,9,0.015446,0.8687,0.9121
125000.00,125000.00,117578.51,9,9,9,9,9,0.014697,0.8607,0.9358
125000.00,125000.00,116467.24,9,9,9,9,9,0.014558,0.8559,0.7128
125000.00,125000.00,118949.53,10,10,10,10,10,0.014869,0.7874,0.9413
125000.00,125000.00,123491.05,9,9,9,9,9,0.015436,0.9260,0.9684
125000.00,125000.00,120606.42,11,11,11,11,11,0.015076,0.9168,0.9628
125000.00,125000.00,124302.51,12,12,12,12,12,0.015538,0.9082,0.9769
125000.00,125000.00,121412.52,12,12,12,12,12,0.015177,0.9033,0.8895
125000.00,125000.00,131734.85,10,10,10,10,10,0.016467,0.7769,0.9175
125000.00,125000.00,130694.39,12,12,12,12,12,0.016337,0.7757,0.8496
125000.00,125000.00,122934.82,9,9,9,9,9,0.015367,0.8820,0.9625
125000.00,125000.00,127082.82,9,9,9,9,9,0.015885,0.8587,0.9420
125000.00,125000.00,128690.72,9,9,9,9,9,0.016086,0.8366,0.5381
125000.00,125000.00,124134.06,11,11,11,11,11,0.015517,0.9220,0.9536
125000.00,125000.00,126870.16,12,12,12,12,12,0.015859,0.8201,0.9513
125000.00,125000.00,129735.95,9,9,9,9,9,0.016217,0.7899,0.8003
125000.00,125000.00,126787.19,10,10,10,10,10,0.015848,0.7774,0.9785
125000.00,125000.00,127633.09,11,11,11,11,11,0.015954,0.7649,0.7889
125000.00,125000.00,129884.72,11,11,11,11,11,0.016236,0.7399,0.7870
125000.00,125000.00,120170.12,10,10,10,10,10,0.015021,0.9408,0.9465
125000.00,125000.00,122055.05,9,9,9,9,9,0.015257,0.8987,0.9302
125000.00,125000.00,128854.75,9,9,9,9,9,0.016107,0.8955,0.9672
125000.00,125000.00,126528.74,12,12,12,12,12,0.015816,0.8572,0.8906
125000.00,125000.00,124680.52,11,11,11,11,11,0.015585,0.7592,0.7025
125000.00,125000.00,126628.88,10,10,10,10,10,0.015829,0.9569,0.9417
125000.00,125000.00,120815.28,9,9,9,9,9,0.015102,0.9434,0.9589
125000.00,125000.00,126777.65,12,12,12,12,12,0.015847,0.9222,0.9841
125000.00,125000.00,128873.83,11,11,11,11,11,0.016109,0.9617,0.9306
125000.00,125000.00,138675.69,11,11,11,11,11,0.017334,0.8279,0.8977
125000.00,125000.00,142496.11,10,10,10,10,10,0.017812,0.7426,0.7897
125000.00,125000.00,126091.00,10,10,10,10,10,0.015761,0.8963,0.9798
125000.00,125000.00,123554.23,9,9,9,9,9,0.015444,0.9501,0.9822
125000.00,125000.00,125695.23,10,10,10,10,10,0.015712,0.9452,0.9930
125000.00,125000.00,128103.26,11,11,11,11,11,0.016013,0.9162,0.9164
125000.00,125000.00,129516.12,11,11,11,11,11,0.016190,0.9133,0.8434
125000.00,125000.00,127606.14,9,9,9,9,9,0.015951,0.9116,0.8505
125000.00,125000.00,123468.40,9,9,9,9,9,0.015434,0.8692,0.9413
125000.00,125000.00,122443.68,10,10,10,10,10,0.015305,0.9340,0.9469
125000.00,125000.00,126630.78,10,10,10,10,10,0.015829,0.9257,0.9812
125000.00,125000.00,121536.85,9,9,9,9,9,0.015192,0.8822,0.8938
125000.00,125000.00,127301.22,10,10,10,10,10,0.015913,0.9319,0.8886
125000.00,125000.00,122699.26,10,10,10,10,10,0.015337,0.9598,0.9303
125000.00,125000.00,126809.12,10,10,10,10,10,0.015851,0.9292,0.9409
125000.00,125000.00,126668.93,12,12,12,12,12,0.015834,0.9126,0.9837
125000.00,125000.00,118510.25,11,11,11,11,11,0.014814,0.8128,0.8579
125000.00,125000.00,137576.58,11,11,11,11,11,0.017197,0.7617,0.8679
125000.00,125000.00,124917.98,9,9,9,9,9,0.015615,0.9556,0.9709
125000.00,125000.00,123905.18,9,9,9,9,9,0.015488,0.9471,0.9358
125000.00,125000.00,127501.31,9,9,9,9,9,0.015938,0.9298,0.9593
125000.00,125000.00,119088.17,10,10,10,10,10,0.014886,0.8885,0.9492
125000.00,125000.00,125238.42,11,11,11,11,11,0.015655,0.9123,0.9850
125000.00,125000.00,131786.35,11,11,11,11,11,0.016473,0.9056,0.9350
125000.00,125000.00,129143.71,10,10,10,10,10,0.016143,0.8994,0.9094
125000.00,125000.00,132076.26,10,10,10,10,10,0.016510,0.8728,0.8112
125000.00,125000.00,126126.05,9,9,9,9,9,0.015766,0.8614,0.9498
125000.00,125000.00,127023.70,9,9,9,9,9,0.015878,0.8500,0.8876
125000.00,125000.00,132389.07,11,11,11,11,11,0.016549,0.9329,0.8885
125000.00,125000.00,123312.00,9,9,9,9,9,0.015414,0.9115,0.9837
125000.00,125000.00,128505.71,9,9,9,9,9,0.016063,0.8981,0.9381
125000.00,125000.00,120037.08,10,10,10,10,10,0.015005,0.8956,0.9586
125000.00,125000.00,113850.59,10,10,10,10,10,0.014231,0.8455,0.5753
125000.00,125000.00,117004.51,9,9,9,9,9,0.014626,0.9598,0.9330
125000.00,125000.00,123854.64,9,9,9,9,9,0.015482,0.9275,0.9870
125000.00,125000.00,122213.36,9,9,9,9,9,0.015277,0.9129,0.9721
125000.00,125000.00,130395.95,11,11,11,11,11,0.016299,0.9038,0.9573
125000.00,125000.00,129060.75,12,12,12,12,12,0.016133,0.8923,0.9545
125000.00,125000.00,123976.71,11,11,11,11,11,0.015497,0.8437,0.9355
125000.00,125000.00,125758.17,11,11,11,11,11,0.015720,0.9490,0.9140
125000.00,125000.00,126504.90,10,10,10,10,10,0.015813,0.9293,0.9816
125000.00,125000.00,125063.90,11,11,11,11,11,0.015633,0.9378,0.9053
125000.00,125000.00,122819.90,9,9,9,9,9,0.015352,0.9296,0.9288
125000.00,125000.00,129685.40,11,11,11,11,11,0.016211,0.9271,0.9633
125000.00,125000.00,128940.58,11,11,11,11,11,0.016118,0.8796,0.9461
125000.00,125000.00,124579.43,9,9,9,9,9,0.015572,0.8443,0.9401
125000.00,125000.00,127773.76,10,10,10,10,10,0.015972,0.7666,0.9606
125000.00,125000.00,124492.65,9,9,9,9,9,0.015562,0.8313,0.9914
125000.00,125000.00,118236.54,11,11,11,11,11,0.014780,0.8873,0.9389
125000.00,125000.00,120285.03,11,11,11,11,11,0.015036,0.8832,0.8954
125000.00,125000.00,123815.54,11,11,11,11,11,0.015477,0.9456,0.9572
125000.00,125000.00,124529.84,11,11,11,11,11,0.015566,0.9395,0.9639
125000.00,125000.00,127982.14,10,10,10,10,10,0.015998,0.9023,0.9145
125000.00,125000.00,126008.99,11,11,11,11,11,0.015751,0.8902,0.9604
125000.00,125000.00,148822.78,11,11,12,11,12,0.018603,0.8675,0.7977
125000.00,125000.00,127560.62,9,9,9,9,9,0.015945,0.7933,0.9468
125000.00,125000.00,132511.14,12,12,12,12,12,0.016564,0.7425,0.9412
125000.00,125000.00,124577.52,11,11,11,11,11,0.015572,0.9227,0.9905
125000.00,125000.00,122915.27,10,10,10,10,10,0.015364,0.9078,0.9507
125000.00,125000.00,125276.57,12,12,12,12,12,0.015660,0.9043,0.9233
125000.00,125000.00,123651.98,10,10,10,10,10,0.015456,0.9423,0.9621
125000.00,125000.00,124005.32,11,11,11,11,11,0.015501,0.9421,0.9510
125000.00,125000.00,127326.97,10,10,10,10,10,0.015916,0.9393,0.9676
125000.00,125000.00,124234.20,9,9,9,9,9,0.015529,0.9074,0.9893
125000.00,125000.00,134613.04,11,11,11,11,11,0.016827,0.7595,0.6735
125000.00,125000.00,126672.74,11,11,11,11,11,0.015834,0.9356,0.9864
125000.00,125000.00,124817.13,11,11,11,11,11,0.015602,0.9278,0.9527
125000.00,125000.00,127754.21,12,12,12,12,12,0.015969,0.9181,0.9781
125000.00,125000.00,119043.35,9,9,9,9,9,0.014880,0.8325,0.9423
125000.00,125000.00,124279.98,12,12,12,12,12,0.015535,0.9025,0.9868
125000.00,125000.00,131212.71,9,9,9,9,9,0.016402,0.8760,0.9356
125000.00,125000.00,140937.81,11,11,11,11,11,0.017617,0.8599,0.7392
125000.00,125000.00,130187.99,10,10,10,10,10,0.016273,0.7479,0.6565
125000.00,125000.00,126056.67,9,9,9,9,9,0.015757,0.9513,0.9440
125000.00,125000.00,127863.88,10,10,10,10,10,0.015983,0.9431,0.9713
125000.00,125000.00,131093.98,10,10,10,10,10,0.016387,0.9307,0.9518
125000.00,125000.00,125675.20,12,12,12,12,12,0.015709,0.9239,0.9733
125000.00,125000.00,115625.38,9,9,9,9,9,0.014453,0.9194,0.7022
125000.00,125000.00,111217.50,11,11,11,11,11,0.013902,0.8585,0.7700
125000.00,125000.00,130193.71,11,11,11,11,11,0.016274,0.8480,0.9485
125000.00,125000.00,126859.66,9,9,9,9,9,0.015857,0.9251,0.9522
125000.00,125000.00,126903.53,11,11,11,11,11,0.015863,0.9241,0.9711
125000.00,125000.00,126616.48,10,10,10,10,10,0.015827,0.9212,0.9303
125000.00,125000.00,127244.00,9,9,9,9,9,0.015905,0.9085,0.9747
125000.00,125000.00,122159.96,12,12,12,12,12,0.015270,0.7785,0.9117
125000.00,125000.00,121120.45,11,11,11,11,11,0.015140,0.7127,0.9063
125000.00,125000.00,122700.69,9,9,9,9,9,0.015338,0.9203,0.9723
125000.00,125000.00,121602.54,12,12,12,12,12,0.015200,0.9110,0.9580
125000.00,125000.00,122588.99,10,10,10,10,10,0.015324,0.9469,0.9637
125000.00,125000.00,114912.03,9,9,9,9,9,0.014364,0.9447,0.5821
125000.00,125000.00,128082.28,12,12,12,12,12,0.016010,0.9517,0.8620
125000.00,125000.00,127692.46,11,11,11,11,11,0.015962,0.9225,0.9735
125000.00,125000.00,131410.60,12,12,12,12,12,0.016426,0.8500,0.9297
125000.00,187500.00,151067.73,9,10,10,9,9,0.018883,0.7062,0.8180
125000.00,125000.00,119661.33,11,11,11,11,11,0.014958,0.9164,0.9015
125000.00,125000.00,126636.51,9,9,9,9,9,0.015830,0.8828,0.9586
125000.00,125000.00,130971.91,12,12,12,12,12,0.016371,0.8476,0.9517
125000.00,125000.00,121850.97,11,11,11,11,11,0.015231,0.9454,0.9463
125000.00,125000.00,121950.15,10,10,10,10,10,0.015244,0.9408,0.9742
125000.00,125000.00,125049.59,10,10,10,10,10,0.015631,0.8989,0.8799
125000.00,125000.00,131218.91,10,10,10,10,10,0.016402,0.8447,0.9053
125000.00,125000.00,124864.58,12,12,12,12,12,0.015608,0.7987,0.8950
125000.00,187500.00,125680.92,9,10,10,9,9,0.015710,0.7691,0.9077
125000.00,125000.00,119667.05,11,11,11,11,11,0.014958,0.9184,0.9404
125000.00,125000.00,121813.30,11,11,11,11,11,0.015227,0.9235,0.9663
125000.00,125000.00,128436.09,11,11,11,11,11,0.016055,0.8730,0.9425
125000.00,125000.00,127555.49,10,10,10,10,10,0.015944,0.8034,0.9514
125000.00,125000.00,125722.41,9,9,9,9,9,0.015715,0.7714,0.9060
125000.00,125000.00,127776.15,9,9,9,9,9,0.015972,0.9574,0.9662
125000.00,125000.00,129893.30,9,9,9,9,9,0.016237,0.9503,0.9066
125000.00,125000.00,126228.33,12,12,12,12,12,0.015779,0.9274,0.9707
125000.00,125000.00,120723.72,11,11,11,11,11,0.015090,0.9231,0.9350
125000.00,125000.00,126927.38,10,10,10,10,10,0.015866,0.7203,0.6388
125000.00,125000.00,126108.88,10,10,10,10,10,0.015764,0.9233,0.9217
125000.00,125000.00,127891.54,11,11,11,11,11,0.015986,0.9204,0.9577
125000.00,125000.00,129152.30,9,9,9,9,9,0.016144,0.9017,0.9660
125000.00,125000.00,128086.09,11,11,11,11,11,0.016011,0.8118,0.9729
125000.00,125000.00,124950.41,10,10,10,10,10,0.015619,0.9452,0.9762
125000.00,125000.00,127140.52,11,11,11,11,11,0.015893,0.9324,0.9816
125000.00,125000.00,134088.04,12,12,12,12,12,0.016761,0.9249,0.9294
125000.00,125000.00,130225.54,10,10,10,10,10,0.016278,0.8798,0.7885
125000.00,125000.00,125217.44,9,9,9,9,9,0.015652,0.9542,0.9759
125000.00,125000.00,129801.75,10,10,10,10,10,0.016225,0.9369,0.9039
125000.00,125000.00,124063.97,10,10,10,10,10,0.015508,0.9223,0.9251
125000.00,125000.00,126231.19,12,12,12,12,12,0.015779,0.8788,0.9002
125000.00,125000.00,124019.62,10,10,10,10,10,0.015502,0.9587,0.9921
125000.00,125000.00,122444.03,11,11,11,11,11,0.015306,0.9318,0.9260
125000.00,125000.00,122259.14,12,12,12,12,12,0.015282,0.9137,0.9398
125000.00,125000.00,126787.19,9,9,9,9,9,0.015848,0.8701,0.9504
125000.00,125000.00,126381.87,12,12,12,12,12,0.015798,0.8291,0.9281
125000.00,125000.00,133623.60,9,9,9,9,9,0.016703,0.9605,0.9269
125000.00,125000.00,122787.48,9,9,9,9,9,0.015348,0.9594,0.9799
125000.00,125000.00,124814.99,10,10,10,10,10,0.015602,0.8890,0.9941
125000.00,125000.00,128445.15,12,12,12,12,12,0.016056,0.8834,0.9681
125000.00,125000.00,121789.93,10,10,10,10,10,0.015224,0.7039,0.9609
125000.00,125000.00,120718.00,10,10,10,10,10,0.015090,0.9511,0.9621
125000.00,125000.00,129835.13,11,11,11,11,11,0.016229,0.9448,0.9546
125000.00,125000.00,127107.62,11,11,11,11,11,0.015888,0.9369,0.9597
125000.00,125000.00,124927.52,9,9,9,9,9,0.015616,0.9841,0.9567
125000.00,125000.00,125074.39,10,10,10,10,10,0.015634,0.9598,0.9655
125000.00,125000.00,126806.26,10,10,10,10,10,0.015851,0.9506,0.9843
125000.00,125000.00,127288.82,10,10,10,10,10,0.015911,0.7246,0.5924
125000.00,125000.00,127031.33,9,9,9,9,9,0.015879,0.9315,0.8906
125000.00,125000.00,126907.35,11,11,11,11,11,0.015863,0.9214,0.9535
125000.00,125000.00,125249.39,9,9,9,9,9,0.015656,0.9207,0.9281
125000.00,125000.00,125154.50,10,10,10,10,10,0.015644,0.9171,0.9314
125000.00,125000.00,127143.86,9,9,9,9,9,0.015893,0.8317,0.9534
125000.00,125000.00,126185.18,9,9,9,9,9,0.015773,0.8072,0.8966
125000.00,125000.00,122746.47,11,11,11,11,11,0.015343,0.9161,0.9812
125000.00,125000.00,122145.62,10,10,10,10,10,0.015268,0.8849,0.9719
125000.00,125000.00,123685.84,9,9,9,9,9,0.015461,0.9402,0.9209
125000.00,125000.00,127282.14,9,9,9,9,9,0.015910,0.9378,0.8806
125000.00,125000.00,125337.12,9,10,10,10,10,0.015667,0.9171,0.9620
125000.00,125000.00,120664.60,10,10,10,10,10,0.015083,0.9538,0.9619
125000.00,125000.00,123351.10,11,11,11,11,11,0.015419,0.9391,0.9750
125000.00,125000.00,127855.30,11,11,11,11,11,0.015982,0.9368,0.9710
125000.00,125000.00,126743.32,9,12,12,12,12,0.015843,0.9309,0.5539
125000.00,125000.00,131271.36,12,12,12,12,12,0.016409,0.8472,0.9077
125000.00,125000.00,128700.26,10,10,10,10,10,0.016088,0.8231,0.7362
125000.00,125000.00,130298.61,9,9,9,9,9,0.016287,0.7149,0.9270
125000.00,125000.00,126920.46,10,10,10,10,10,0.015865,0.9334,0.8744
125000.00,125000.00,126585.96,10,10,10,10,10,0.015823,0.8986,0.9519
125000.00,125000.00,125921.49,11,11,11,11,11,0.015740,0.7133,0.5180
125000.00,125000.00,124601.60,10,10,10,10,10,0.015575,0.9456,0.9937
125000.00,125000.00,141611.10,11,11,11,11,11,0.017701,0.9149,0.8788
125000.00,125000.00,124360.08,9,9,9,9,9,0.015545,0.9029,0.9684
125000.00,125000.00,127535.82,12,12,12,12,12,0.015942,0.8918,0.9725
125000.00,125000.00,130751.61,11,11,11,11,11,0.016344,0.8429,0.8598
125000.00,125000.00,127161.03,9,9,9,9,9,0.015895,0.9453,0.9582
125000.00,187500.00,163916.59,10,11,11,11,11,0.020490,0.7776,0.7483
125000.00,125000.00,119142.53,9,9,9,9,9,0.014893,0.9721,0.9345
125000.00,125000.00,112662.79,9,9,9,9,9,0.014083,0.9324,0.5028
125000.00,125000.00,115980.63,10,10,10,10,10,0.014498,0.8696,0.9246
125000.00,125000.00,122514.72,9,9,9,9,9,0.015314,0.8391,0.8391
125000.00,125000.00,129032.85,11,11,11,11,11,0.016129,0.8973,0.9440
125000.00,125000.00,140966.42,12,12,12,12,12,0.017621,0.8082,0.8371
125000.00,125000.00,124917.98,10,10,10,10,10,0.015615,0.9602,0.9681
125000.00,125000.00,124529.84,10,10,10,10,10,0.015566,0.9517,0.9953
125000.00,125000.00,124740.60,9,9,9,9,9,0.015593,0.9230,0.9706
125000.00,125000.00,127391.82,10,10,10,10,10,0.015924,0.8902,0.9751
125000.00,125000.00,105621.34,12,12,12,12,12,0.013203,0.8467,0.7418
125000.00,125000.00,126692.77,9,9,9,9,9,0.015837,0.7429,0.8070
125000.00,125000.00,125232.70,11,11,11,11,11,0.015654,0.9347,0.9286
125000.00,125000.00,126639.37,11,11,11,11,11,0.015830,0.8560,0.9411
125000.00,125000.00,127985.00,11,11,11,11,11,0.015998,0.7024,0.9744
125000.00,125000.00,124044.42,10,10,10,10,10,0.015506,0.9424,0.9561
125000.00,125000.00,122108.46,12,12,12,12,12,0.015264,0.9295,0.9723
125000.00,125000.00,127272.13,9,9,9,9,9,0.015909,0.9191,0.9119
125000.00,125000.00,120707.51,10,10,10,10,10,0.015088,0.8899,0.9599
125000.00,125000.00,122947.69,10,10,10,10,10,0.015368,0.9521,0.9799
125000.00,125000.00,130865.10,9,9,9,9,9,0.016358,0.8786,0.9508
125000.00,125000.00,116992.95,11,11,11,11,11,0.014624,0.9321,0.9308
125000.00,125000.00,124468.33,10,10,10,10,10,0.015559,0.9290,0.9269
125000.00,125000.00,117752.08,10,10,10,10,10,0.014719,0.8650,0.5489
125000.00,125000.00,129374.50,10,10,10,10,10,0.016172,0.9508,0.9660
125000.00,125000.00,126651.76,9,9,9,9,9,0.015831,0.8944,0.9763
125000.00,125000.00,130205.15,11,11,11,11,11,0.016276,0.8799,0.8879
125000.00,125000.00,127897.26,11,11,11,11,11,0.015987,0.8676,0.8801
125000.00,125000.00,130890.85,9,9,9,9,9,0.016361,0.7034,0.9531
125000.00,125000.00,120910.17,10,10,10,10,10,0.015114,0.9440,0.9353
125000.00,125000.00,126439.57,12,12,12,12,12,0.015805,0.9128,0.9802
125000.00,125000.00,120484.35,9,9,9,9,9,0.015061,0.8073,0.9357
125000.00,125000.00,112451.55,11,11,11,11,11,0.014056,0.7143,0.8390
125000.00,125000.00,124071.12,9,9,9,9,9,0.015509,0.9395,0.9797
125000.00,125000.00,127664.57,10,10,10,10,10,0.015958,0.9387,0.9105
125000.00,125000.00,125882.15,10,10,10,10,10,0.015735,0.9213,0.9707
125000.00,125000.00,128562.93,12,12,12,12,12,0.016070,0.9029,0.9320
125000.00,125000.00,123950.48,10,10,10,10,10,0.015494,0.8624,0.9246
125000.00,125000.00,123649.60,10,10,10,10,10,0.015456,0.9430,0.9668
125000.00,125000.00,127507.69,11,11,11,11,11,0.015938,0.9245,0.9524
125000.00,125000.00,128534.32,9,9,9,9,9,0.016067,0.9223,0.9272
125000.00,125000.00,121776.34,9,9,9,9,9,0.015222,0.9529,0.9699
125000.00,125000.00,123517.99,9,9,9,9,9,0.015440,0.9432,0.9796
125000.00,125000.00,126235.96,10,10,10,10,10,0.015779,0.9326,0.9766
125000.00,125000.00,124258.04,9,9,9,9,9,0.015532,0.9325,0.9551
125000.00,125000.00,128037.45,11,11,11,11,11,0.016005,0.9033,0.9321
125000.00,125000.00,125849.72,11,11,11,11,11,0.015731,0.8830,0.9749
125000.00,125000.00,126020.91,10,10,10,10,10,0.015753,0.9488,0.9350
125000.00,125000.00,123759.51,10,10,10,10,10,0.015470,0.9459,0.9812
125000.00,125000.00,125034.33,10,10,10,10,10,0.015629,0.9266,0.9869
125000.00,125000.00,121564.87,11,11,11,11,11,0.015196,0.8928,0.7151
125000.00,125000.00,128382.80,12,12,12,12,12,0.016048,0.8874,0.9720
125000.00,125000.00,124217.99,11,11,11,11,11,0.015527,0.8855,0.8882
125000.00,125000.00,123981.48,12,12,12,12,12,0.015498,0.9419,0.9470
125000.00,125000.00,124538.42,9,9,9,9,9,0.015567,0.9164,0.9185
125000.00,125000.00,127488.14,12,12,12,12,12,0.015936,0.9134,0.9012
125000.00,125000.00,126911.16,11,11,11,11,11,0.015864,0.8841,0.9390
125000.00,125000.00,117803.10,12,12,12,12,12,0.014725,0.7278,0.6217
125000.00,125000.00,123494.27,10,10,10,10,10,0.015437,0.9580,0.9404
125000.00,125000.00,122659.68,9,9,9,9,9,0.015332,0.8670,0.9073
125000.00,125000.00,123702.05,9,9,9,9,9,0.015463,0.8312,0.9681
125000.00,125000.00,112572.19,10,10,10,10,10,0.014072,0.7224,0.8897
125000.00,125000.00,124655.01,11,11,11,11,11,0.015582,0.9598,0.9915
125000.00,125000.00,129619.60,12,12,12,12,12,0.016202,0.9402,0.9450
125000.00,125000.00,127426.03,11,11,11,11,11,0.015928,0.9275,0.9770
125000.00,125000.00,123390.20,9,9,9,9,9,0.015424,0.8992,0.9441
125000.00,125000.00,125534.53,12,12,12,12,12,0.015692,0.8873,0.9556
125000.00,125000.00,136774.54,9,9,9,9,9,0.017097,0.7612,0.9063
125000.00,125000.00,123769.28,11,11,11,11,11,0.015471,0.9410,0.9440
125000.00,125000.00,123936.89,10,10,10,10,10,0.015492,0.8007,0.9415
125000.00,125000.00,120967.57,10,10,10,10,10,0.015121,0.9504,0.9677
125000.00,125000.00,126472.47,10,10,10,10,10,0.015809,0.9489,0.9771
125000.00,125000.00,124127.39,9,9,9,9,9,0.015516,0.9440,0.9687
125000.00,125000.00,129003.52,12,12,12,12,12,0.016125,0.9269,0.9346
125000.00,125000.00,87757.50,9,9,9,8,8,0.010970,0.8853,0.7821
125000.00,125000.00,118356.70,11,11,11,11,11,0.014795,0.8359,0.9272
125000.00,125000.00,128205.30,9,9,9,9,9,0.016026,0.7855,0.6245
125000.00,125000.00,128354.07,10,10,10,10,10,0.016044,0.9152,0.9471
125000.00,125000.00,118619.42,11,11,11,11,11,0.014827,0.9036,0.8526
125000.00,125000.00,120908.74,12,12,12,12,12,0.015114,0.8426,0.8826
125000.00,125000.00,137335.90,9,9,9,9,9,0.017167,0.9285,0.9033
125000.00,125000.00,126670.84,10,10,10,10,10,0.015834,0.9253,0.8972
125000.00,125000.00,124773.98,10,10,10,10,10,0.015597,0.8897,0.8695
125000.00,125000.00,133571.62,12,12,12,12,12,0.016696,0.8527,0.8809
125000.00,125000.00,122823.48,10,10,10,10,10,0.015353,0.9504,0.9288
125000.00,125000.00,122637.27,10,10,10,10,10,0.015330,0.9432,0.9472
125000.00,125000.00,120409.01,11,11,11,11,11,0.015051,0.9299,0.9622
125000.00,125000.00,130336.76,9,9,9,9,9,0.016292,0.9362,0.9560
125000.00,125000.00,126822.95,12,12,12,12,12,0.015853,0.9244,0.9763
125000.00,125000.00,127727.51,9,9,9,9,9,0.015966,0.9084,0.9747
125000.00,125000.00,131031.04,10,10,10,10,10,0.016379,0.8080,0.9031
125000.00,125000.00,112386.70,9,9,9,9,9,0.014048,0.8636,0.8903
125000.00,125000.00,112778.66,10,10,10,10,10,0.014097,0.8564,0.8984
125000.00,125000.00,130169.00,9,9,9,9,9,0.016271,0.7968,0.9552
125000.00,125000.00,120589.26,10,10,10,10,10,0.015074,0.7891,0.9636
125000.00,125000.00,119453.91,9,9,9,9,9,0.014932,0.8877,0.9513
125000.00,125000.00,126005.17,9,9,9,9,9,0.015751,0.8685,0.9518
125000.00,125000.00,123168.95,11,11,11,11,11,0.015396,0.9511,0.9826
125000.00,125000.00,125750.30,12,12,12,12,12,0.015719,0.9405,0.9400
125000.00,125000.00,128178.60,9,9,9,9,9,0.016022,0.9109,0.9720
125000.00,125000.00,124768.26,11,11,11,11,11,0.015596,0.9098,0.9513
125000.00,125000.00,132210.73,12,12,12,12,12,0.016526,0.8699,0.7417
125000.00,125000.00,128165.01,12,12,12,12,12,0.016021,0.7365,0.6287
125000.00,125000.00,127239.23,10,10,10,10,10,0.015905,0.9634,0.9438
125000.00,125000.00,122155.19,9,9,9,9,9,0.015269,0.9164,0.8910
125000.00,125000.00,128353.66,12,12,12,12,12,0.016044,0.8878,0.9140
125000.00,125000.00,123470.31,9,9,9,9,9,0.015434,0.8863,0.9790
125000.00,125000.00,106222.15,12,12,12,12,12,0.013278,0.7721,0.8473
125000.00,125000.00,125147.82,10,10,10,10,10,0.015643,0.9594,0.9870
125000.00,125000.00,125544.55,10,10,10,10,10,0.015693,0.9513,0.9648
125000.00,125000.00,123793.60,10,10,10,10,10,0.015474,0.9480,0.9393
125000.00,125000.00,122142.79,10,10,10,10,10,0.015268,0.9223,0.9760
125000.00,125000.00,127260.21,9,9,9,9,9,0.015908,0.9201,0.9482
125000.00,125000.00,124193.19,9,9,9,9,9,0.015524,0.9144,0.9810
125000.00,125000.00,127708.91,9,9,9,9,9,0.015964,0.9464,0.9666
125000.00,125000.00,131562.71,11,11,11,11,11,0.016445,0.9073,0.9155
125000.00,125000.00,132984.16,11,11,11,11,11,0.016623,0.8226,0.8657
125000.00,125000.00,121964.69,11,11,11,11,11,0.015246,0.9454,0.9442
125000.00,125000.00,122819.90,11,11,11,11,11,0.015352,0.9140,0.9753
125000.00,125000.00,126190.19,12,12,12,12,12,0.015774,0.8780,0.9677
125000.00,125000.00,126328.47,10,10,10,10,10,0.015791,0.9615,0.9668
125000.00,125000.00,127304.08,9,9,9,9,9,0.015913,0.9517,0.9799
125000.00,125000.00,124448.78,10,10,10,10,10,0.015556,0.9297,0.9757
125000.00,125000.00,86084.25,11,11,11,10,10,0.010761,0.8745,0.8142
125000.00,125000.00,120766.64,9,9,9,9,9,0.015096,0.8610,0.9428
125000.00,125000.00,130573.27,12,12,12,12,12,0.016322,0.8218,0.8859
125000.00,125000.00,124353.89,10,10,10,10,10,0.015544,0.9253,0.9874
125000.00,125000.00,132047.65,10,10,10,10,10,0.016506,0.9229,0.9432
125000.00,125000.00,123937.61,9,9,9,9,9,0.015492,0.9119,0.9510
125000.00,125000.00,126108.17,9,9,9,9,9,0.015764,0.8949,0.9280
125000.00,125000.00,130470.28,11,11,11,11,11,0.016309,0.8702,0.9394
125000.00,125000.00,131437.30,11,11,11,11,11,0.016430,0.7882,0.9407
125000.00,125000.00,132727.62,12,12,12,12,12,0.016591,0.8972,0.9380
125000.00,125000.00,122660.10,11,11,11,11,11,0.015333,0.9043,0.9191
125000.00,125000.00,122568.13,11,11,11,11,11,0.015321,0.8634,0.9328
125000.00,125000.00,126898.29,12,12,12,12,12,0.015862,0.8933,0.9599
125000.00,125000.00,129564.29,12,12,12,12,12,0.016196,0.8887,0.9003
125000.00,125000.00,132384.78,12,12,12,12,12,0.016548,0.8184,0.8885
125000.00,125000.00,135983.47,12,12,12,12,12,0.016998,0.8175,0.8237
125000.00,125000.00,132833.24,12,12,12,12,12,0.016604,0.7884,0.8298
125000.00,125000.00,130447.39,12,12,12,12,12,0.016306,0.9070,0.9007
125000.00,125000.00,140046.12,10,10,10,10,10,0.017506,0.8044,0.8836
125000.00,125000.00,125874.28,10,10,10,10,10,0.015734,0.8988,0.9697
125000.00,125000.00,131454.47,10,10,10,10,10,0.016432,0.8459,0.8795
125000.00,125000.00,131580.59,10,10,10,10,10,0.016448,0.7014,0.5191
125000.00,125000.00,127335.28,9,9,9,9,9,0.015917,0.9186,0.9327
125000.00,125000.00,124145.51,9,9,9,9,9,0.015518,0.8390,0.9156
125000.00,125000.00,126320.84,9,9,9,9,9,0.015790,0.7288,0.7361
125000.00,125000.00,121441.99,12,12,12,12,12,0.015180,0.7686,0.6071
125000.00,125000.00,136049.27,12,12,12,12,12,0.017006,0.7226,0.8075
125000.00,125000.00,133068.08,12,12,12,12,12,0.016634,0.8319,0.8840
125000.00,125000.00,124901.77,12,12,12,12,12,0.015613,0.8181,0.9182
125000.00,125000.00,114082.34,9,9,9,9,9,0.014260,0.9247,0.8030
125000.00,125000.00,117391.11,9,9,9,9,9,0.014674,0.9176,0.9235
125000.00,125000.00,118718.15,9,9,9,9,9,0.014840,0.9050,0.9268
125000.00,125000.00,116462.71,9,10,10,10,10,0.014558,0.8880,0.9222
125000.00,125000.00,120800.44,9,10,10,10,10,0.015100,0.8623,0.9338
125000.00,125000.00,110367.30,9,9,9,9,9,0.013796,0.7493,0.6796
125000.00,125000.00,142264.84,12,12,12,12,12,0.017783,0.8596,0.8166
125000.00,125000.00,122277.26,12,12,12,12,12,0.015285,0.8576,0.8610
125000.00,125000.00,124481.20,12,12,12,12,12,0.015560,0.7849,0.8465
125000.00,125000.00,132545.47,11,11,11,11,11,0.016568,0.7815,0.9239
125000.00,125000.00,119298.93,9,9,9,9,9,0.014912,0.8965,0.9411
125000.00,125000.00,104882.48,9,9,9,8,8,0.013110,0.7929,0.5444
125000.00,125000.00,127791.27,9,9,9,9,9,0.015974,0.9631,0.9726
125000.00,125000.00,126537.32,9,9,9,9,9,0.015817,0.9468,0.9532
125000.00,125000.00,124731.54,9,9,9,9,9,0.015591,0.9411,0.9132
125000.00,125000.00,137146.00,9,9,9,9,9,0.017143,0.9153,0.9086
125000.00,125000.00,125198.36,9,9,9,9,9,0.015650,0.9073,0.9794
125000.00,125000.00,126672.39,9,9,9,9,9,0.015834,0.7655,0.9642
125000.00,125000.00,132190.82,10,10,10,10,10,0.016524,0.8669,0.8895
125000.00,125000.00,121974.47,11,11,11,11,11,0.015247,0.8311,0.7989
125000.00,125000.00,128437.04,11,11,11,11,11,0.016055,0.8078,0.6098
125000.00,125000.00,128623.96,11,11,11,11,11,0.016078,0.7998,0.9455
125000.00,125000.00,128040.31,10,10,10,10,10,0.016005,0.7654,0.9719
125000.00,125000.00,129577.64,11,11,11,11,11,0.016197,0.7458,0.9230
125000.00,125000.00,123392.82,11,11,11,11,11,0.015424,0.9216,0.9106
125000.00,125000.00,125154.50,11,11,11,11,11,0.015644,0.8905,0.9075
125000.00,125000.00,124211.07,11,11,11,11,11,0.015526,0.8853,0.8982
125000.00,125000.00,123793.60,10,10,10,10,10,0.015474,0.8778,0.9787
125000.00,125000.00,121659.28,11,11,11,11,11,0.015207,0.8689,0.9019
125000.00,125000.00,137841.22,11,11,11,11,11,0.017230,0.8360,0.8552
125000.00,125000.00,129834.65,10,10,10,10,10,0.016229,0.9378,0.9609
125000.00,125000.00,118549.35,10,10,10,10,10,0.014819,0.9237,0.9440
125000.00,125000.00,125558.85,10,10,10,10,10,0.015695,0.8702,0.9861
125000.00,125000.00,124637.60,10,10,10,10,10,0.015580,0.8136,0.8387
125000.00,125000.00,119099.86,10,10,10,10,10,0.014887,0.7875,0.9269
125000.00,125000.00,136315.82,10,10,10,10,10,0.017039,0.7071,0.8972
125000.00,125000.00,125354.77,10,10,10,10,10,0.015669,0.9321,0.9934
125000.00,125000.00,125089.65,10,10,10,10,10,0.015636,0.9244,0.9816
125000.00,125000.00,121594.43,10,10,10,10,10,0.015199,0.9162,0.9692
125000.00,125000.00,129118.44,10,10,10,10,10,0.016140,0.8810,0.9084
125000.00,125000.00,123617.17,10,10,10,10,10,0.015452,0.8788,0.9214
125000.00,125000.00,125375.75,10,10,10,10,10,0.015672,0.8734,0.9769
125000.00,125000.00,124177.93,10,10,10,10,10,0.015522,0.8429,0.9222
125000.00,125000.00,120543.96,10,10,10,10,10,0.015068,0.8321,0.8794
125000.00,125000.00,119221.69,9,9,9,9,9,0.014903,0.9619,0.9409
125000.00,125000.00,120165.82,9,9,9,9,9,0.015021,0.9569,0.9265
125000.00,125000.00,122380.26,9,9,9,9,9,0.015298,0.9507,0.9737
125000.00,125000.00,122226.24,9,9,9,9,9,0.015278,0.9298,0.9750
125000.00,125000.00,121792.61,10,10,10,10,10,0.015224,0.9092,0.9718
125000.00,125000.00,128844.26,10,10,10,10,10,0.016106,0.8274,0.8864
125000.00,125000.00,129807.47,10,10,10,10,10,0.016226,0.7633,0.8617
125000.00,125000.00,128121.38,10,10,10,10,10,0.016015,0.9560,0.9471
125000.00,125000.00,126638.41,10,10,10,10,10,0.015830,0.9150,0.9860
125000.00,125000.00,126147.75,11,11,11,11,11,0.015768,0.8681,0.9295
125000.00,125000.00,132463.46,11,11,11,11,11,0.016558,0.7837,0.8730
125000.00,125000.00,129513.26,11,11,11,11,11,0.016189,0.7809,0.8547
125000.00,125000.00,129651.07,11,11,11,11,11,0.016206,0.7509,0.5553
125000.00,125000.00,133713.72,11,11,11,11,11,0.016714,0.7354,0.8801
125000.00,125000.00,128631.59,10,10,10,10,10,0.016079,0.7064,0.9125
125000.00,125000.00,123263.36,9,9,9,9,9,0.015408,0.9528,0.9364
125000.00,125000.00,128253.94,10,10,10,10,10,0.016032,0.9522,0.9546
125000.00,125000.00,126717.57,9,9,9,9,9,0.015840,0.9457,0.9486
125000.00,125000.00,132668.50,9,9,9,9,9,0.016584,0.9404,0.9391
125000.00,125000.00,125489.23,10,10,10,10,10,0.015686,0.9403,0.9744
125000.00,125000.00,121814.67,10,10,10,10,10,0.015227,0.9222,0.9556
125000.00,125000.00,125765.20,9,9,9,9,9,0.015721,0.9199,0.9604
125000.00,125000.00,125197.41,9,9,9,9,9,0.015650,0.9025,0.9453
125000.00,125000.00,123841.29,10,10,10,10,10,0.015480,0.7877,0.8088
125000.00,125000.00,114864.71,10,10,10,10,10,0.014358,0.7190,0.9134
125000.00,125000.00,127820.97,10,10,10,10,10,0.015978,0.9443,0.9753
125000.00,125000.00,127235.89,10,10,10,10,10,0.015904,0.9284,0.9783
125000.00,125000.00,124079.23,10,10,10,10,10,0.015510,0.9282,0.9589
125000.00,125000.00,122814.18,10,10,10,10,10,0.015352,0.9138,0.9273
125000.00,125000.00,126674.65,10,10,10,10,10,0.015834,0.8978,0.9808
125000.00,125000.00,128791.81,10,10,10,10,10,0.016099,0.7516,0.8827
125000.00,125000.00,126726.15,10,10,10,10,10,0.015841,0.7397,0.9192
125000.00,125000.00,148342.13,10,10,10,10,10,0.018543,0.7181,0.8323
125000.00,125000.00,124359.13,9,9,9,9,9,0.015545,0.9573,0.9410
125000.00,125000.00,127983.09,11,11,11,11,11,0.015998,0.9027,0.9707
125000.00,125000.00,123625.28,11,11,11,11,11,0.015453,0.8733,0.8840
125000.00,125000.00,130570.41,11,11,11,11,11,0.016321,0.8499,0.5235
125000.00,125000.00,122651.10,9,9,9,9,9,0.015331,0.7179,0.9655
125000.00,125000.00,127293.59,11,11,11,11,11,0.015912,0.7025,0.6038
125000.00,125000.00,129050.73,10,10,10,10,10,0.016131,0.8475,0.9584
125000.00,125000.00,128824.23,12,12,12,12,12,0.016103,0.7967,0.7693
125000.00,125000.00,120790.48,12,12,12,12,12,0.015099,0.7863,0.9192
125000.00,125000.00,155672.07,12,12,13,12,13,0.019459,0.8547,0.7297
125000.00,125000.00,135224.82,12,12,12,12,12,0.016903,0.8017,0.8710
125000.00,125000.00,133928.40,12,12,12,12,12,0.016741,0.7047,0.8227
125000.00,125000.00,115610.96,10,10,10,10,10,0.014451,0.9001,0.9068
125000.00,125000.00,115996.36,10,10,10,10,10,0.014500,0.8648,0.5350
125000.00,125000.00,117118.36,10,10,10,10,10,0.014640,0.7934,0.9287
125000.00,125000.00,123838.31,10,10,10,10,10,0.015480,0.9585,0.9903
125000.00,125000.00,132132.89,10,10,10,10,10,0.016517,0.9344,0.9420
125000.00,125000.00,126138.69,10,10,10,10,10,0.015767,0.9291,0.9825
125000.00,125000.00,124446.87,10,10,10,10,10,0.015556,0.8860,0.7263
125000.00,125000.00,126155.85,10,10,10,10,10,0.015769,0.8983,0.9756
125000.00,125000.00,146847.25,10,10,10,10,10,0.018356,0.8785,0.7928
125000.00,125000.00,123268.13,10,10,10,10,10,0.015409,0.9227,0.9787
125000.00,125000.00,135381.70,10,10,10,10,10,0.016923,0.9042,0.8166
125000.00,125000.00,125256.06,11,11,11,11,11,0.015657,0.8913,0.9852
125000.00,125000.00,128607.99,10,10,10,10,10,0.016076,0.8460,0.8627
125000.00,125000.00,131132.13,10,10,10,10,10,0.016392,0.8096,0.9500
125000.00,125000.00,125452.04,10,10,10,10,10,0.015682,0.7385,0.9343
125000.00,125000.00,125680.92,10,10,10,10,10,0.015710,0.9048,0.9068
125000.00,125000.00,128067.02,11,11,11,11,11,0.016008,0.8573,0.8271
125000.00,125000.00,128136.16,10,10,10,10,10,0.016017,0.8207,0.8831
125000.00,125000.00,125986.10,11,11,11,11,11,0.015748,0.7905,0.8892
125000.00,125000.00,134532.93,9,9,9,9,9,0.016817,0.9249,0.8840
125000.00,125000.00,123222.35,9,9,9,9,9,0.015403,0.7955,0.9290
125000.00,125000.00,109155.65,9,9,9,9,9,0.013644,0.7043,0.6641
125000.00,125000.00,122268.14,9,9,9,9,9,0.015284,0.9284,0.8997
125000.00,125000.00,127048.97,9,9,9,9,9,0.015881,0.8713,0.9308
125000.00,125000.00,132596.02,9,9,9,9,9,0.016575,0.9546,0.9388
125000.00,125000.00,131986.62,11,11,11,11,11,0.016498,0.9402,0.8615
125000.00,125000.00,125856.88,11,11,11,11,11,0.015732,0.9297,0.9391
125000.00,125000.00,118198.39,11,11,11,11,11,0.014775,0.9229,0.8730
125000.00,125000.00,130811.69,11,11,11,11,11,0.016351,0.7207,0.9310
125000.00,125000.00,126945.50,11,11,11,11,11,0.015868,0.9214,0.9072
125000.00,125000.00,130870.34,11,11,11,11,11,0.016359,0.8943,0.9472
125000.00,125000.00,121569.63,12,12,12,12,12,0.015196,0.9533,0.9670
125000.00,125000.00,125291.82,12,12,12,12,12,0.015661,0.8498,0.7858
125000.00,125000.00,129298.21,12,12,12,12,12,0.016162,0.8817,0.8678
125000.00,125000.00,129822.73,12,12,12,12,12,0.016228,0.8568,0.8719
125000.00,125000.00,141027.45,12,12,12,12,12,0.017628,0.8266,0.8369
125000.00,125000.00,133304.60,12,12,12,12,12,0.016663,0.7862,0.8681
125000.00,125000.00,135066.03,12,12,12,12,12,0.016883,0.7795,0.8715
125000.00,125000.00,129193.31,10,10,10,10,10,0.016149,0.8665,0.8837
125000.00,125000.00,128075.60,10,10,10,10,10,0.016009,0.9024,0.9741
125000.00,125000.00,133281.71,10,10,10,10,10,0.016660,0.8405,0.9323
125000.00,125000.00,129092.22,10,10,10,10,10,0.016137,0.7749,0.9602
125000.00,125000.00,132711.41,10,10,10,10,10,0.016589,0.7745,0.8863
125000.00,125000.00,124332.43,10,10,10,10,10,0.015542,0.7265,0.8688
125000.00,125000.00,133682.25,12,12,12,12,12,0.016710,0.8877,0.8572
125000.00,125000.00,117055.89,12,12,12,12,12,0.014632,0.8784,0.8707
125000.00,125000.00,128503.32,12,12,12,12,12,0.016063,0.8632,0.8637
125000.00,125000.00,129968.64,11,11,11,11,11,0.016246,0.8253,0.9039
125000.00,125000.00,122766.02,9,9,9,9,9,0.015346,0.9424,0.9671
125000.00,125000.00,118642.81,9,9,9,9,9,0.014830,0.9421,0.9435
125000.00,125000.00,128150.94,9,9,9,9,9,0.016019,0.9367,0.9481
125000.00,125000.00,121431.35,9,9,9,9,9,0.015179,0.9275,0.9249
125000.00,125000.00,120983.12,9,9,9,9,9,0.015123,0.9190,0.9659
125000.00,125000.00,120992.66,9,9,9,9,9,0.015124,0.9152,0.9641
125000.00,125000.00,126970.29,9,9,9,9,9,0.015871,0.8933,0.8950
125000.00,125000.00,122727.99,9,9,9,9,9,0.015341,0.8863,0.9135
125000.00,125000.00,124290.47,9,9,9,9,9,0.015536,0.7050,0.5336
125000.00,125000.00,128116.61,11,11,11,11,11,0.016015,0.9147,0.8843
125000.00,125000.00,131160.74,11,11,11,11,11,0.016395,0.7634,0.6399
125000.00,125000.00,132266.04,11,11,11,11,11,0.016533,0.9319,0.8898
125000.00,125000.00,126529.69,11,11,11,11,11,0.015816,0.9160,0.9479
125000.00,125000.00,125428.68,11,11,11,11,11,0.015679,0.9023,0.8458
125000.00,125000.00,130444.53,12,12,12,12,12,0.016306,0.8889,0.8872
125000.00,125000.00,129117.01,12,12,12,12,12,0.016140,0.8795,0.9126
125000.00,125000.00,133984.57,12,12,12,12,12,0.016748,0.7751,0.8783
125000.00,125000.00,145046.23,12,12,12,12,12,0.018131,0.8914,0.8147
125000.00,125000.00,131725.31,12,12,12,12,12,0.016466,0.8917,0.8928
125000.00,125000.00,137830.73,12,12,12,12,12,0.017229,0.8633,0.8555
125000.00,125000.00,122821.33,12,12,12,12,12,0.015353,0.8537,0.8621
125000.00,125000.00,151923.42,12,12,13,12,13,0.018990,0.7771,0.7372
125000.00,125000.00,131405.35,9,9,9,9,9,0.016426,0.9408,0.9497
125000.00,125000.00,120603.56,9,9,9,9,9,0.015075,0.9312,0.9639
125000.00,125000.00,117046.36,9,9,9,9,9,0.014631,0.9180,0.9305
125000.00,125000.00,112209.32,9,9,9,9,9,0.014026,0.9104,0.8963
125000.00,125000.00,118585.59,9,9,9,9,9,0.014823,0.9005,0.9448
125000.00,125000.00,124985.22,9,9,9,9,9,0.015623,0.9321,0.9598
125000.00,125000.00,125278.47,9,9,9,9,9,0.015660,0.9040,0.9005
125000.00,125000.00,125294.69,11,11,11,11,11,0.015662,0.9141,0.9088
125000.00,125000.00,130552.29,11,11,11,11,11,0.016319,0.8649,0.9000
125000.00,125000.00,127257.11,11,11,11,11,11,0.015907,0.8099,0.8242
125000.00,125000.00,120508.19,11,11,11,11,11,0.015064,0.7562,0.8454
125000.00,125000.00,124635.70,11,11,11,11,11,0.015579,0.9240,0.9346
125000.00,125000.00,124125.00,10,10,10,10,10,0.015516,0.9070,0.9869
125000.00,125000.00,126705.17,10,10,10,10,10,0.015838,0.9013,0.9681
125000.00,125000.00,125982.28,10,10,10,10,10,0.015748,0.8990,0.8947
125000.00,125000.00,128299.71,11,11,11,11,11,0.016037,0.7167,0.6434
125000.00,125000.00,123716.35,10,10,10,10,10,0.015465,0.9246,0.9452
125000.00,125000.00,125734.33,10,10,10,10,10,0.015717,0.9154,0.9655
125000.00,125000.00,131319.05,10,10,10,10,10,0.016415,0.8984,0.9360
125000.00,125000.00,128137.59,11,11,11,11,11,0.016017,0.8938,0.8561
125000.00,125000.00,122879.03,10,10,10,10,10,0.015360,0.8891,0.9005
125000.00,125000.00,125150.68,12,12,12,12,12,0.015644,0.8984,0.9312
125000.00,125000.00,122188.57,12,12,12,12,12,0.015274,0.8336,0.9165
125000.00,125000.00,123673.44,11,11,11,11,11,0.015459,0.9068,0.9108
125000.00,125000.00,128467.56,11,11,11,11,11,0.016058,0.8859,0.9547
125000.00,125000.00,119716.64,9,9,9,9,9,0.014965,0.8607,0.9327
125000.00,125000.00,119382.86,11,11,11,11,11,0.014923,0.8387,0.5372
125000.00,125000.00,121990.20,9,9,9,9,9,0.015249,0.9553,0.9323
125000.00,125000.00,127623.08,9,9,9,9,9,0.015953,0.9430,0.9569
125000.00,125000.00,124644.28,9,9,9,9,9,0.015581,0.9585,0.9621
125000.00,125000.00,123746.87,9,9,9,9,9,0.015468,0.9564,0.9406
125000.00,125000.00,123006.82,9,9,9,9,9,0.015376,0.9461,0.9378
125000.00,125000.00,123232.84,9,9,9,9,9,0.015404,0.9363,0.9634
125000.00,125000.00,121272.50,9,9,9,9,9,0.015159,0.9361,0.9688
125000.00,125000.00,121651.23,9,9,9,9,9,0.015206,0.7995,0.9548
125000.00,125000.00,122979.16,10,10,10,10,10,0.015372,0.8872,0.9598
125000.00,125000.00,102006.91,10,10,10,9,9,0.012751,0.8136,0.8134
125000.00,125000.00,120385.17,11,11,11,11,11,0.015048,0.7699,0.8729
125000.00,125000.00,125114.44,10,10,10,10,10,0.015639,0.7590,0.7904
125000.00,125000.00,127155.30,10,10,10,10,10,0.015894,0.7033,0.5771
125000.00,125000.00,127415.42,10,10,10,10,10,0.015927,0.9023,0.9552
125000.00,125000.00,127714.40,11,11,11,11,11,0.015964,0.8913,0.9188
125000.00,125000.00,123460.77,11,11,11,11,11,0.015433,0.8652,0.8708
125000.00,125000.00,125053.41,10,10,10,10,10,0.015632,0.8586,0.9420
125000.00,125000.00,124576.09,10,10,10,10,10,0.015572,0.8552,0.9151
125000.00,125000.00,129629.14,11,11,11,11,11,0.016204,0.7382,0.8594
125000.00,125000.00,118748.66,9,9,9,9,9,0.014844,0.9229,0.5688
125000.00,125000.00,119451.52,9,9,9,9,9,0.014931,0.9215,0.9464
125000.00,125000.00,123829.84,12,12,12,12,12,0.015479,0.9354,0.9203
125000.00,125000.00,128130.67,12,12,12,12,12,0.016016,0.8654,0.9155
125000.00,125000.00,127592.09,10,10,10,10,10,0.015949,0.9201,0.9132
125000.00,125000.00,126588.82,12,12,12,12,12,0.015824,0.9007,0.8646
125000.00,125000.00,133922.10,12,12,12,12,12,0.016740,0.8978,0.8623
125000.00,125000.00,127096.18,10,10,10,10,10,0.015887,0.8737,0.9384
125000.00,125000.00,130380.63,12,12,12,12,12,0.016298,0.8722,0.8716
125000.00,125000.00,124672.89,10,10,10,10,10,0.015584,0.9427,0.9139
125000.00,125000.00,126650.81,10,10,10,10,10,0.015831,0.8827,0.9261
125000.00,125000.00,131849.29,10,10,10,10,10,0.016481,0.7977,0.8914
125000.00,125000.00,125617.03,10,10,10,10,10,0.015702,0.7488,0.7317
125000.00,125000.00,125002.86,12,12,12,12,12,0.015625,0.9191,0.8928
125000.00,125000.00,131658.55,12,12,12,12,12,0.016457,0.8946,0.8931
125000.00,125000.00,135386.47,12,12,12,12,12,0.016923,0.8300,0.8041
125000.00,125000.00,122987.75,9,9,9,9,9,0.015373,0.9551,0.9685
125000.00,125000.00,123501.30,9,9,9,9,9,0.015438,0.9496,0.9839
125000.00,125000.00,123107.37,9,9,9,9,9,0.015388,0.9428,0.9835
125000.00,125000.00,125559.81,9,9,9,9,9,0.015695,0.9369,0.9021
125000.00,125000.00,130468.37,9,9,9,9,9,0.016309,0.9292,0.9105
125000.00,125000.00,127023.70,11,11,11,11,11,0.015878,0.9282,0.9232
125000.00,125000.00,123869.90,9,9,9,9,9,0.015484,0.9221,0.9547
125000.00,125000.00,118203.88,9,9,9,9,9,0.014775,0.7947,0.9278
125000.00,125000.00,145898.82,11,11,11,11,11,0.018237,0.7925,0.7545
125000.00,125000.00,131860.73,11,11,11,11,11,0.016483,0.7720,0.7734
125000.00,125000.00,125588.42,9,9,9,9,9,0.015699,0.7677,0.6097
125000.00,125000.00,117870.81,12,12,12,12,12,0.014734,0.9375,0.8841
125000.00,125000.00,124084.95,12,12,12,12,12,0.015511,0.7221,0.8636
125000.00,125000.00,128575.33,9,9,9,9,9,0.016072,0.9610,0.9338
125000.00,125000.00,126140.12,9,9,9,9,9,0.015768,0.9428,0.9842
125000.00,125000.00,121356.01,9,9,9,9,9,0.015170,0.9377,0.9689
125000.00,125000.00,125846.86,9,9,9,9,9,0.015731,0.9337,0.9736
125000.00,125000.00,119139.67,9,9,9,9,9,0.014892,0.9296,0.9518
125000.00,125000.00,124376.30,9,9,9,9,9,0.015547,0.9231,0.9470
125000.00,125000.00,127159.12,11,11,11,11,11,0.015895,0.8646,0.7887
125000.00,125000.00,126602.17,12,12,12,12,12,0.015825,0.9439,0.8668
125000.00,125000.00,123469.11,12,12,12,12,12,0.015434,0.8438,0.8999
125000.00,125000.00,129955.29,12,12,12,12,12,0.016244,0.8650,0.9037
125000.00,125000.00,129104.61,12,12,12,12,12,0.016138,0.7896,0.8987
125000.00,125000.00,117362.98,10,10,10,10,10,0.014670,0.8307,0.9071
125000.00,125000.00,114538.19,10,10,10,10,10,0.014317,0.7829,0.5387
125000.00,125000.00,130067.83,9,9,9,9,9,0.016258,0.9470,0.9300
125000.00,125000.00,126224.52,9,9,9,9,9,0.015778,0.9374,0.9758
125000.00,125000.00,130398.21,9,9,9,9,9,0.016300,0.8990,0.9557
125000.00,125000.00,126325.61,9,9,9,9,9,0.015791,0.7840,0.8853
125000.00,125000.00,124101.64,10,10,10,10,10,0.015513,0.8354,0.6792
125000.00,125000.00,127957.34,12,12,12,12,12,0.015995,0.8876,0.8753
125000.00,125000.00,124614.95,9,9,9,9,9,0.015577,0.9509,0.9472
125000.00,125000.00,127264.02,12,12,12,12,12,0.015908,0.8780,0.8639
125000.00,125000.00,117864.61,12,12,12,12,12,0.014733,0.8718,0.8843
125000.00,125000.00,130000.59,12,12,12,12,12,0.016250,0.8432,0.8840
125000.00,125000.00,145963.94,12,12,12,12,12,0.018245,0.7643,0.7967
125000.00,125000.00,125265.12,9,9,9,9,9,0.015658,0.7492,0.9282
125000.00,125000.00,126275.06,9,9,9,9,9,0.015784,0.9522,0.9871
125000.00,125000.00,121525.76,9,9,9,9,9,0.015191,0.9466,0.9266
125000.00,125000.00,123408.32,9,9,9,9,9,0.015426,0.9389,0.9678
125000.00,125000.00,121717.45,12,12,12,12,12,0.015215,0.8786,0.9130
125000.00,125000.00,133950.47,9,9,9,9,9,0.016744,0.8770,0.8223
125000.00,125000.00,121877.67,12,12,12,12,12,0.015235,0.8520,0.9041
125000.00,125000.00,121856.45,12,12,12,12,12,0.015232,0.8458,0.6980
125000.00,125000.00,126264.57,10,10,10,10,10,0.015783,0.9445,0.9809
125000.00,125000.00,126499.18,11,11,11,11,11,0.015812,0.9353,0.8425
125000.00,125000.00,130403.52,11,11,11,11,11,0.016300,0.9341,0.9217
125000.00,125000.00,130275.25,11,11,11,11,11,0.016284,0.9260,0.9020
125000.00,125000.00,128373.32,11,11,11,11,11,0.016047,0.8723,0.9140
125000.00,125000.00,121336.22,11,11,11,11,11,0.015167,0.9250,0.9679
125000.00,125000.00,124630.93,11,11,11,11,11,0.015579,0.8935,0.9330
125000.00,125000.00,128458.02,11,11,11,11,11,0.016057,0.7697,0.8238
125000.00,125000.00,126038.55,10,10,10,10,10,0.015755,0.9412,0.8831
125000.00,125000.00,127346.99,10,10,10,10,10,0.015918,0.9385,0.9770
125000.00,125000.00,124845.50,10,10,10,10,10,0.015606,0.9338,0.9788
125000.00,125000.00,124832.15,10,10,10,10,10,0.015604,0.9303,0.9878
125000.00,125000.00,120982.65,10,10,10,10,10,0.015123,0.9179,0.9324
125000.00,125000.00,127857.21,10,10,10,10,10,0.015982,0.7545,0.8134
125000.00,125000.00,126280.78,10,10,10,10,10,0.015785,0.9474,0.9877
125000.00,125000.00,123226.17,10,10,10,10,10,0.015403,0.9269,0.8829
125000.00,125000.00,134031.30,12,12,12,12,12,0.016754,0.8062,0.8296
125000.00,125000.00,125452.76,9,9,9,9,9,0.015682,0.9564,0.9569
125000.00,125000.00,120258.33,9,9,9,9,9,0.015032,0.9482,0.9584
125000.00,125000.00,123088.84,9,9,9,9,9,0.015386,0.9400,0.9154
125000.00,125000.00,124288.56,9,9,9,9,9,0.015536,0.8941,0.9624
125000.00,125000.00,125236.51,9,9,9,9,9,0.015655,0.8927,0.9457
125000.00,125000.00,127738.48,9,9,9,9,9,0.015967,0.9429,0.9113
125000.00,125000.00,126246.93,9,9,9,9,9,0.015781,0.9428,0.9283
125000.00,125000.00,125241.28,9,9,9,9,9,0.015655,0.9322,0.8907
125000.00,125000.00,123742.10,9,9,9,9,9,0.015468,0.9213,0.9118
125000.00,125000.00,127105.71,9,9,9,9,9,0.015888,0.9055,0.9193
125000.00,125000.00,123980.52,9,9,9,9,9,0.015498,0.8987,0.8216
125000.00,125000.00,133461.48,12,12,12,12,12,0.016683,0.8158,0.8637
125000.00,125000.00,131862.64,12,12,12,12,12,0.016483,0.8050,0.8606
125000.00,125000.00,132194.52,12,12,12,12,12,0.016524,0.7998,0.8892
125000.00,125000.00,126464.84,12,12,12,12,12,0.015808,0.8101,0.7816
125000.00,125000.00,130037.31,12,12,12,12,12,0.016255,0.7955,0.9033
125000.00,125000.00,132049.58,12,12,12,12,12,0.016506,0.7524,0.8251
125000.00,125000.00,124227.52,11,11,11,11,11,0.015528,0.8844,0.9049
125000.00,125000.00,123838.42,11,11,11,11,11,0.015480,0.9323,0.9288
125000.00,125000.00,124673.25,11,11,11,11,11,0.015584,0.8646,0.9140
125000.00,125000.00,126896.86,11,11,11,11,11,0.015862,0.8691,0.9231
125000.00,125000.00,141698.36,11,11,11,11,11,0.017712,0.8380,0.8332
125000.00,125000.00,142239.57,11,11,11,11,11,0.017780,0.7835,0.8500
125000.00,125000.00,123460.29,9,9,9,9,9,0.015433,0.9392,0.9825
125000.00,125000.00,139639.85,12,12,12,12,12,0.017455,0.9088,0.8449
125000.00,125000.00,126510.62,12,12,12,12,12,0.015814,0.8977,0.8821
125000.00,125000.00,130220.41,12,12,12,12,12,0.016278,0.8975,0.8843
125000.00,125000.00,131587.98,9,9,9,9,9,0.016448,0.8760,0.9473
125000.00,125000.00,128910.54,9,9,9,9,9,0.016114,0.9454,0.9539
125000.00,125000.00,125707.86,9,9,9,9,9,0.015713,0.9404,0.9003
125000.00,125000.00,124939.08,9,9,9,9,9,0.015617,0.9375,0.9251
125000.00,125000.00,122632.98,9,9,9,9,9,0.015329,0.9129,0.9778
125000.00,125000.00,129636.76,12,12,12,12,12,0.016205,0.9018,0.8714
125000.00,125000.00,136550.90,12,12,12,12,12,0.017069,0.8525,0.8624
125000.00,125000.00,129032.14,9,9,9,9,9,0.016129,0.7716,0.8812
125000.00,125000.00,115796.86,9,9,9,9,9,0.014475,0.9002,0.9202
125000.00,125000.00,114673.61,9,9,9,9,9,0.014334,0.8700,0.9152
125000.00,125000.00,113507.27,12,12,12,12,12,0.014188,0.8656,0.5048
125000.00,125000.00,116521.84,12,12,12,12,12,0.014565,0.8527,0.5193
125000.00,125000.00,134181.02,9,9,9,9,9,0.016773,0.8411,0.5454
125000.00,125000.00,122820.38,9,9,9,9,9,0.015353,0.7275,0.9446
125000.00,125000.00,119989.40,11,11,11,11,11,0.014999,0.7502,0.5729
125000.00,125000.00,127763.54,9,9,9,9,9,0.015970,0.9492,0.9710
125000.00,125000.00,122087.48,9,9,9,9,9,0.015261,0.9466,0.9673
125000.00,125000.00,118977.55,9,9,9,9,9,0.014872,0.9294,0.9457
125000.00,125000.00,123697.28,9,9,9,9,9,0.015462,0.9287,0.9476
125000.00,125000.00,132778.17,9,9,9,9,9,0.016597,0.8908,0.8904
125000.00,125000.00,129536.63,9,9,9,9,9,0.016192,0.8869,0.9067
125000.00,125000.00,122998.68,9,9,9,9,9,0.015375,0.8530,0.8568
125000.00,125000.00,131958.96,10,10,10,10,10,0.016495,0.7525,0.9362
125000.00,125000.00,111699.10,9,9,9,9,9,0.013962,0.8897,0.6537
125000.00,125000.00,117325.78,9,9,9,9,9,0.014666,0.8483,0.9344
125000.00,125000.00,92683.79,9,9,9,8,8,0.011585,0.8295,0.7358
125000.00,125000.00,122008.32,11,11,11,11,11,0.015251,0.9047,0.9151
125000.00,125000.00,145836.83,11,11,11,11,11,0.018230,0.7158,0.6849
125000.00,125000.00,123920.92,11,11,11,11,11,0.015490,0.8883,0.9158
125000.00,125000.00,127771.38,10,10,10,10,10,0.015971,0.9360,0.9769
125000.00,125000.00,123091.22,10,10,10,10,10,0.015386,0.9020,0.9808
125000.00,125000.00,128508.57,10,10,10,10,10,0.016064,0.8854,0.9649
125000.00,125000.00,123744.01,10,10,10,10,10,0.015468,0.8236,0.9282
125000.00,125000.00,130953.79,10,10,10,10,10,0.016369,0.7312,0.7213
125000.00,125000.00,119654.18,10,10,10,10,10,0.014957,0.9454,0.9453
125000.00,125000.00,124192.24,10,10,10,10,10,0.015524,0.9281,0.9747
125000.00,125000.00,129955.29,11,11,11,11,11,0.016244,0.9139,0.8926
125000.00,125000.00,137740.14,11,11,11,11,11,0.017218,0.8822,0.8556
125000.00,125000.00,130748.27,11,11,11,11,11,0.016344,0.7239,0.8686
125000.00,125000.00,118997.10,9,9,9,9,9,0.014875,0.9386,0.9497
125000.00,125000.00,121496.20,9,9,9,9,9,0.015187,0.9385,0.9605
125000.00,125000.00,125814.44,9,9,9,9,9,0.015727,0.9359,0.9314
125000.00,125000.00,117009.16,9,9,9,9,9,0.014626,0.8857,0.9159
125000.00,125000.00,127309.92,9,9,9,9,9,0.015914,0.7933,0.6566
125000.00,125000.00,126400.95,9,9,9,9,9,0.015800,0.7558,0.7445
125000.00,125000.00,124582.05,11,11,11,11,11,0.015573,0.7180,0.5819
125000.00,125000.00,114274.50,9,9,9,9,9,0.014284,0.8534,0.6769
125000.00,125000.00,114427.57,9,9,9,9,9,0.014303,0.8027,0.7225
125000.00,125000.00,138443.98,11,11,11,11,11,0.017305,0.9078,0.6988
125000.00,125000.00,127554.89,11,11,11,11,11,0.015944,0.8993,0.9523
125000.00,125000.00,124191.28,11,11,11,11,11,0.015524,0.8817,0.9249
125000.00,125000.00,125211.72,11,11,11,11,11,0.015651,0.8327,0.9180
125000.00,125000.00,130201.10,11,11,11,11,11,0.016275,0.7277,0.8877
125000.00,125000.00,127114.30,11,11,11,11,11,0.015889,0.9385,0.9233
125000.00,125000.00,124897.48,11,11,11,11,11,0.015612,0.9293,0.8452
125000.00,125000.00,134093.76,11,11,11,11,11,0.016762,0.9210,0.8779
125000.00,125000.00,126456.26,11,11,11,11,11,0.015807,0.9164,0.9626
125000.00,125000.00,128695.49,11,11,11,11,11,0.016087,0.9017,0.9186
125000.00,125000.00,126549.36,11,11,11,11,11,0.015819,0.8756,0.9269
125000.00,125000.00,128807.07,10,10,10,10,10,0.016101,0.8347,0.9467
125000.00,125000.00,117280.96,10,10,10,10,10,0.014660,0.8032,0.9163
125000.00,125000.00,121664.05,10,10,10,10,10,0.015208,0.9361,0.9579
125000.00,125000.00,125190.73,10,10,10,10,10,0.015649,0.9179,0.9875
125000.00,125000.00,123469.35,10,10,10,10,10,0.015434,0.8734,0.9820
125000.00,125000.00,127335.55,10,10,10,10,10,0.015917,0.8703,0.8890
125000.00,125000.00,124835.97,10,10,10,10,10,0.015604,0.8269,0.9018
125000.00,125000.00,128385.54,10,10,10,10,10,0.016048,0.9480,0.9449
125000.00,125000.00,123313.90,10,10,10,10,10,0.015414,0.9417,0.9509
125000.00,125000.00,128274.92,10,10,10,10,10,0.016034,0.9405,0.9404
125000.00,125000.00,124764.44,10,10,10,10,10,0.015596,0.9082,0.9004
125000.00,125000.00,124002.46,11,11,11,11,11,0.015500,0.7471,0.6728
125000.00,125000.00,127690.32,11,11,11,11,11,0.015961,0.8081,0.8983
125000.00,125000.00,181607.25,11,11,12,11,12,0.022701,0.7294,0.6873
125000.00,125000.00,129475.59,9,9,9,9,9,0.016184,0.9449,0.9243
125000.00,125000.00,125408.17,9,9,9,9,9,0.015676,0.9355,0.8793
125000.00,125000.00,125621.80,9,9,9,9,9,0.015703,0.9355,0.8108
125000.00,125000.00,121466.16,9,9,9,9,9,0.015183,0.9606,0.9691
125000.00,125000.00,133524.89,9,9,9,9,9,0.016691,0.9506,0.9083
125000.00,125000.00,124369.20,9,9,9,9,9,0.015546,0.9309,0.9583
125000.00,125000.00,116461.75,9,9,9,9,9,0.014558,0.9283,0.9300
125000.00,125000.00,124756.34,9,9,9,9,9,0.015595,0.7868,0.7752
125000.00,125000.00,116428.38,10,10,10,10,10,0.014554,0.8635,0.8709
125000.00,125000.00,119974.14,10,10,10,10,10,0.014997,0.7408,0.9278
125000.00,125000.00,124144.55,11,11,11,11,11,0.015518,0.8874,0.9247
125000.00,125000.00,130010.60,12,12,12,12,12,0.016251,0.7933,0.8536
125000.00,125000.00,126781.46,11,11,11,11,11,0.015848,0.9464,0.9415
125000.00,125000.00,132502.56,11,11,11,11,11,0.016563,0.8951,0.9419
125000.00,125000.00,125211.24,11,11,11,11,11,0.015651,0.8906,0.9354
125000.00,125000.00,128644.47,11,11,11,11,11,0.016081,0.9528,0.8977
125000.00,125000.00,127348.90,11,11,11,11,11,0.015919,0.9119,0.9121
125000.00,125000.00,126973.39,11,11,11,11,11,0.015872,0.7126,0.5565
125000.00,125000.00,128263.47,11,11,11,11,11,0.016033,0.9570,0.9742
125000.00,125000.00,123348.24,11,11,11,11,11,0.015419,0.9462,0.9858
125000.00,125000.00,127554.89,11,11,11,11,11,0.015944,0.9304,0.9160
125000.00,125000.00,111977.58,12,12,12,12,12,0.013997,0.7854,0.5734
125000.00,125000.00,134289.74,11,11,11,11,11,0.016786,0.8836,0.8619
125000.00,125000.00,129748.34,11,11,11,11,11,0.016219,0.8755,0.8931
125000.00,125000.00,128873.83,11,11,11,11,11,0.016109,0.8212,0.9016
125000.00,125000.00,140078.54,11,11,11,11,11,0.017510,0.8025,0.5870
125000.00,125000.00,130993.84,11,11,11,11,11,0.016374,0.7535,0.8479
125000.00,125000.00,128120.42,12,12,12,12,12,0.016015,0.9293,0.9011
125000.00,125000.00,126198.77,10,10,10,10,10,0.015775,0.9223,0.9275
125000.00,125000.00,125671.39,10,10,10,10,10,0.015709,0.8979,0.9054
125000.00,125000.00,141300.20,12,12,12,12,12,0.017663,0.7228,0.8001
125000.00,125000.00,126169.20,12,12,12,12,12,0.015771,0.9064,0.9293
125000.00,125000.00,125813.48,10,10,10,10,10,0.015727,0.8833,0.9767
125000.00,125000.00,128576.16,12,12,12,12,12,0.016072,0.7942,0.8600
125000.00,125000.00,127804.88,9,9,9,9,9,0.015976,0.9112,0.9370
125000.00,125000.00,125740.05,9,9,9,9,9,0.015718,0.8947,0.8949
125000.00,125000.00,122550.01,9,9,9,9,9,0.015319,0.9446,0.9664
125000.00,125000.00,128337.86,9,9,9,9,9,0.016042,0.9385,0.9660
125000.00,125000.00,120993.14,9,9,9,9,9,0.015124,0.9339,0.9638
125000.00,125000.00,121171.95,9,9,9,9,9,0.015146,0.9297,0.9645
125000.00,125000.00,115987.78,11,11,11,11,11,0.014498,0.9468,0.9228
125000.00,125000.00,127968.79,11,11,11,11,11,0.015996,0.9210,0.8783
125000.00,125000.00,125975.85,11,11,11,11,11,0.015747,0.9093,0.9337
125000.00,125000.00,131765.84,11,11,11,11,11,0.016471,0.9089,0.9445
125000.00,125000.00,130676.27,11,11,11,11,11,0.016335,0.8599,0.9546
125000.00,125000.00,132247.92,11,11,11,11,11,0.016531,0.8431,0.8175
125000.00,125000.00,125432.97,10,10,10,10,10,0.015679,0.9275,0.9252
125000.00,125000.00,123111.72,10,10,10,10,10,0.015389,0.9161,0.9847
125000.00,125000.00,125917.43,10,10,10,10,10,0.015740,0.8960,0.9886
125000.00,125000.00,122954.13,10,10,10,10,10,0.015369,0.9634,0.9214
125000.00,125000.00,126901.63,10,10,10,10,10,0.015863,0.9572,0.9268
125000.00,125000.00,122471.81,10,10,10,10,10,0.015309,0.9366,0.9186
125000.00,125000.00,123144.15,10,10,10,10,10,0.015393,0.9276,0.9299
125000.00,125000.00,127763.75,10,10,10,10,10,0.015970,0.8303,0.8922
125000.00,125000.00,129577.64,10,10,10,10,10,0.016197,0.7418,0.9534
125000.00,125000.00,121468.78,9,9,9,9,9,0.015184,0.9678,0.9701
125000.00,125000.00,123426.44,9,9,9,9,9,0.015428,0.9624,0.9244
125000.00,125000.00,125581.74,9,9,9,9,9,0.015698,0.9601,0.8931
125000.00,125000.00,125741.00,9,9,9,9,9,0.015718,0.9448,0.9445
125000.00,125000.00,122920.99,9,9,9,9,9,0.015365,0.9356,0.9825
125000.00,125000.00,126014.23,9,9,9,9,9,0.015752,0.9270,0.9562
125000.00,125000.00,121382.71,9,9,9,9,9,0.015173,0.9212,0.9186
125000.00,125000.00,127107.62,9,9,9,9,9,0.015888,0.9080,0.9455
125000.00,125000.00,125015.26,10,10,10,10,10,0.015627,0.9328,0.9831
125000.00,125000.00,116998.67,10,10,10,10,10,0.014625,0.9164,0.9339
125000.00,125000.00,142297.74,12,12,12,12,12,0.017787,0.8747,0.8299
125000.00,125000.00,130601.88,12,12,12,12,12,0.016325,0.8746,0.9243
125000.00,125000.00,122055.77,10,10,10,10,10,0.015257,0.8017,0.9253
125000.00,125000.00,131753.92,10,10,10,10,10,0.016469,0.9332,0.9089
125000.00,125000.00,128317.83,12,12,12,12,12,0.016040,0.9193,0.8783
125000.00,125000.00,119256.02,10,10,10,10,10,0.014907,0.8856,0.9504
125000.00,125000.00,134106.64,12,12,12,12,12,0.016763,0.8633,0.8776
125000.00,125000.00,122976.30,10,10,10,10,10,0.015372,0.8250,0.9223
125000.00,125000.00,127293.59,12,12,12,12,12,0.015912,0.9504,0.9383
125000.00,125000.00,134556.77,12,12,12,12,12,0.016820,0.9027,0.9278
125000.00,125000.00,126014.89,12,12,12,12,12,0.015752,0.8787,0.9062
125000.00,125000.00,134181.02,11,11,11,11,11,0.016773,0.8660,0.8751
125000.00,125000.00,126613.26,11,11,11,11,11,0.015827,0.8639,0.8879
125000.00,125000.00,136474.61,11,11,11,11,11,0.017059,0.8070,0.7204
125000.00,125000.00,126955.03,11,11,11,11,11,0.015869,0.8978,0.9239
125000.00,125000.00,137959.48,11,11,11,11,11,0.017245,0.7631,0.8542
125000.00,125000.00,135227.20,11,11,11,11,11,0.016903,0.9310,0.8864
125000.00,125000.00,123958.29,11,11,11,11,11,0.015495,0.9198,0.9274
125000.00,125000.00,128210.07,11,11,11,11,11,0.016026,0.8005,0.7879
125000.00,125000.00,127951.15,11,11,11,11,11,0.015994,0.9612,0.9631
125000.00,125000.00,140782.36,11,11,11,11,11,0.017598,0.9191,0.8377
125000.00,125000.00,126548.77,11,11,11,11,11,0.015819,0.8449,0.9269
125000.00,125000.00,130865.10,11,11,11,11,11,0.016358,0.8178,0.8941
125000.00,125000.00,139213.56,11,11,11,11,11,0.017402,0.7947,0.8942
125000.00,125000.00,127445.22,11,11,11,11,11,0.015931,0.9507,0.9160
125000.00,125000.00,124882.70,11,11,11,11,11,0.015610,0.9124,0.8896
125000.00,125000.00,130034.45,11,11,11,11,11,0.016254,0.8364,0.7244
125000.00,125000.00,122682.57,11,11,11,11,11,0.015335,0.9489,0.9582
125000.00,125000.00,130212.78,11,11,11,11,11,0.016277,0.9286,0.9021
125000.00,125000.00,123371.12,11,11,11,11,11,0.015421,0.9139,0.8804
125000.00,125000.00,126648.90,11,11,11,11,11,0.015831,0.9075,0.9261
125000.00,125000.00,127485.28,11,11,11,11,11,0.015936,0.8837,0.8538
125000.00,125000.00,129398.35,12,12,12,12,12,0.016175,0.9249,0.8777
125000.00,125000.00,136720.66,12,12,12,12,12,0.017090,0.8609,0.8471
125000.00,125000.00,120887.76,11,11,11,11,11,0.015111,0.9513,0.9197
125000.00,125000.00,128026.96,11,11,11,11,11,0.016003,0.8035,0.6942
125000.00,125000.00,125863.08,10,10,10,10,10,0.015733,0.9394,0.8936
125000.00,125000.00,124839.78,10,10,10,10,10,0.015605,0.9265,0.9854
125000.00,125000.00,130168.68,10,10,10,10,10,0.016271,0.9071,0.9023
125000.00,125000.00,124179.84,10,10,10,10,10,0.015522,0.8816,0.9258
125000.00,125000.00,118520.74,10,10,10,10,10,0.014815,0.7910,0.8833
125000.00,125000.00,116057.87,10,10,10,10,10,0.014507,0.7248,0.5040
125000.00,125000.00,121647.83,9,9,9,9,9,0.015206,0.9499,0.9358
125000.00,125000.00,122572.41,9,9,9,9,9,0.015322,0.9365,0.9759
125000.00,125000.00,125734.33,9,9,9,9,9,0.015717,0.9352,0.9823
125000.00,125000.00,123982.43,9,9,9,9,9,0.015498,0.8643,0.9706
125000.00,125000.00,124960.42,9,9,9,9,9,0.015620,0.9429,0.9664
125000.00,125000.00,122272.49,9,9,9,9,9,0.015284,0.9289,0.9765
125000.00,125000.00,122455.60,9,9,9,9,9,0.015307,0.9109,0.9603
125000.00,125000.00,128242.49,9,9,9,9,9,0.016030,0.8876,0.9666
125000.00,125000.00,122449.87,10,10,10,10,10,0.015306,0.9143,0.8154
125000.00,125000.00,122762.68,10,10,10,10,10,0.015345,0.8757,0.9381
125000.00,125000.00,130674.36,11,11,11,11,11,0.016334,0.9484,0.9530
125000.00,125000.00,123842.24,11,11,11,11,11,0.015480,0.9087,0.8756
125000.00,125000.00,125251.77,11,11,11,11,11,0.015656,0.8960,0.9075
125000.00,125000.00,127841.95,11,11,11,11,11,0.015980,0.9526,0.9675
125000.00,125000.00,123029.71,10,10,10,10,10,0.015379,0.9003,0.9437
125000.00,125000.00,128746.03,10,10,10,10,10,0.016093,0.9368,0.8951
125000.00,125000.00,126805.78,10,10,10,10,10,0.015851,0.9315,0.8407
125000.00,125000.00,127110.50,10,10,10,10,10,0.015889,0.9178,0.9815
125000.00,125000.00,123247.62,10,10,10,10,10,0.015406,0.8904,0.9226
125000.00,125000.00,129056.93,10,10,10,10,10,0.016132,0.8198,0.9595
125000.00,125000.00,121070.86,10,10,10,10,10,0.015134,0.7404,0.7208
125000.00,125000.00,121634.48,9,9,9,9,9,0.015204,0.9395,0.9668
125000.00,125000.00,126392.54,9,9,9,9,9,0.015799,0.9216,0.9370
125000.00,125000.00,131324.77,11,11,11,11,11,0.016416,0.9172,0.8947
125000.00,125000.00,119674.15,11,11,11,11,11,0.014959,0.8941,0.8960
125000.00,125000.00,121644.97,10,10,10,10,10,0.015206,0.9111,0.9116
125000.00,125000.00,122255.33,10,10,10,10,10,0.015282,0.9098,0.9610
125000.00,125000.00,125301.36,10,10,10,10,10,0.015663,0.8483,0.8968
125000.00,125000.00,126256.94,10,10,10,10,10,0.015782,0.9389,0.9672
125000.00,125000.00,122592.93,10,10,10,10,10,0.015324,0.9292,0.9746
125000.00,125000.00,122241.97,10,10,10,10,10,0.015280,0.8736,0.8776
125000.00,125000.00,117832.18,10,10,10,10,10,0.014729,0.8364,0.8654
125000.00,125000.00,121789.93,10,10,10,10,10,0.015224,0.7999,0.9104
125000.00,125000.00,145164.49,10,10,10,10,10,0.018146,0.7661,0.8457
125000.00,125000.00,118036.27,10,10,10,10,10,0.014755,0.7575,0.8775
125000.00,125000.00,122790.34,10,10,10,10,10,0.015349,0.9127,0.8673
125000.00,125000.00,129165.65,9,9,9,9,9,0.016146,0.9531,0.9452
125000.00,125000.00,123659.61,9,9,9,9,9,0.015457,0.9500,0.9438
125000.00,125000.00,122765.54,9,9,9,9,9,0.015346,0.9238,0.9533
125000.00,125000.00,126875.88,9,9,9,9,9,0.015859,0.7858,0.9809
125000.00,125000.00,124420.40,12,12,12,12,12,0.015553,0.9179,0.8993
125000.00,125000.00,128127.10,9,9,9,9,9,0.016016,0.9217,0.9708
125000.00,125000.00,132561.21,9,9,9,9,9,0.016570,0.9177,0.9116
125000.00,125000.00,133918.52,9,9,9,9,9,0.016740,0.8716,0.7656
125000.00,125000.00,139266.01,9,9,9,9,9,0.017408,0.8704,0.8716
125000.00,187500.00,164380.07,9,10,10,10,10,0.020548,0.7011,0.7346
125000.00,125000.00,125331.64,10,10,10,10,10,0.015666,0.9249,0.9684
125000.00,125000.00,125929.83,10,10,10,10,10,0.015741,0.8871,0.9454
125000.00,125000.00,127201.08,11,11,11,11,11,0.015900,0.9444,0.9778
125000.00,125000.00,122882.84,11,11,11,11,11,0.015360,0.9222,0.8791
125000.00,125000.00,127691.72,11,11,11,11,11,0.015961,0.7610,0.7091
125000.00,125000.00,128075.60,11,11,11,11,11,0.016009,0.9544,0.9726
125000.00,125000.00,130095.96,11,11,11,11,11,0.016262,0.9108,0.8176
125000.00,125000.00,131778.72,11,11,11,11,11,0.016472,0.8229,0.9305
125000.00,125000.00,117683.41,11,11,11,11,11,0.014710,0.7598,0.7353
125000.00,125000.00,126689.91,11,11,11,11,11,0.015836,0.9390,0.9129
125000.00,125000.00,128522.87,11,11,11,11,11,0.016065,0.8849,0.8750
125000.00,125000.00,129852.29,11,11,11,11,11,0.016232,0.7907,0.7915
125000.00,125000.00,127430.44,11,11,11,11,11,0.015929,0.9471,0.9206
125000.00,125000.00,129540.92,11,11,11,11,11,0.016193,0.9026,0.8975
125000.00,125000.00,128071.78,11,11,11,11,11,0.016009,0.8925,0.8460
125000.00,125000.00,128322.60,12,12,12,12,12,0.016040,0.9552,0.9552
125000.00,125000.00,127222.06,12,12,12,12,12,0.015903,0.8861,0.9582
125000.00,125000.00,120565.41,12,12,12,12,12,0.015071,0.8420,0.9038
125000.00,125000.00,123557.09,12,12,12,12,12,0.015445,0.7480,0.9075
125000.00,125000.00,123283.15,10,10,10,10,10,0.015410,0.9731,0.9472
125000.00,125000.00,120292.66,10,10,10,10,10,0.015037,0.9515,0.9183
125000.00,125000.00,126399.99,10,10,10,10,10,0.015800,0.8756,0.8520
125000.00,125000.00,126804.35,10,10,10,10,10,0.015851,0.9509,0.9730
125000.00,125000.00,127947.81,10,10,10,10,10,0.015993,0.8985,0.8795
125000.00,125000.00,119730.95,10,10,10,10,10,0.014966,0.8664,0.9534
125000.00,125000.00,119066.24,10,10,10,10,10,0.014883,0.8455,0.8927
125000.00,125000.00,124932.77,10,10,10,10,10,0.015617,0.9469,0.9940
125000.00,125000.00,131353.38,10,10,10,10,10,0.016419,0.9455,0.9491
125000.00,125000.00,125440.18,10,10,10,10,10,0.015680,0.9265,0.8949
125000.00,125000.00,123672.01,10,10,10,10,10,0.015459,0.9207,0.9297
125000.00,125000.00,128004.07,10,10,10,10,10,0.016001,0.8751,0.8368
125000.00,125000.00,132295.64,10,10,10,10,10,0.016537,0.8632,0.9324
125000.00,125000.00,124037.74,10,10,10,10,10,0.015505,0.8325,0.8188
125000.00,125000.00,139197.83,11,11,11,11,11,0.017400,0.8234,0.8322
125000.00,125000.00,124156.95,10,10,10,10,10,0.015520,0.7759,0.7192
125000.00,125000.00,125833.03,9,9,9,9,9,0.015729,0.9532,0.9890
125000.00,125000.00,126277.09,9,9,9,9,9,0.015785,0.9518,0.9456
125000.00,125000.00,130734.44,9,9,9,9,9,0.016342,0.9455,0.8873
125000.00,125000.00,123173.36,9,9,9,9,9,0.015397,0.9151,0.8926
125000.00,125000.00,126321.79,9,9,9,9,9,0.015790,0.7921,0.8164
125000.00,125000.00,123184.20,9,9,9,9,9,0.015398,0.9514,0.9018
125000.00,125000.00,128051.76,9,9,9,9,9,0.016006,0.9456,0.9734
125000.00,125000.00,122194.29,9,9,9,9,9,0.015274,0.9390,0.9161
125000.00,125000.00,123234.87,11,11,11,11,11,0.015404,0.9686,0.9725
125000.00,125000.00,127955.14,11,11,11,11,11,0.015994,0.9616,0.8989
125000.00,125000.00,139737.13,10,10,10,10,10,0.017467,0.9392,0.8900
125000.00,125000.00,124763.49,11,11,11,11,11,0.015595,0.9305,0.9588
125000.00,125000.00,127286.91,10,10,10,10,10,0.015911,0.9131,0.9279
125000.00,125000.00,134858.61,10,10,10,10,10,0.016857,0.9030,0.9098
125000.00,125000.00,126256.94,10,10,10,10,10,0.015782,0.8648,0.8641
125000.00,125000.00,137134.55,11,11,11,11,11,0.017142,0.8056,0.8450
125000.00,125000.00,112155.26,11,11,11,11,11,0.014019,0.7669,0.8220
125000.00,125000.00,130628.59,10,10,10,10,10,0.016329,0.7566,0.9397
125000.00,125000.00,127690.79,10,10,10,10,10,0.015961,0.8715,0.8513
125000.00,125000.00,130458.83,11,11,11,11,11,0.016307,0.8654,0.8900
125000.00,125000.00,126352.31,11,11,11,11,11,0.015794,0.8561,0.9282
125000.00,125000.00,131948.47,11,11,11,11,11,0.016494,0.8461,0.8911
125000.00,125000.00,120070.34,9,9,9,9,9,0.015009,0.9297,0.9437
125000.00,125000.00,125934.60,11,11,11,11,11,0.015742,0.9071,0.8974
125000.00,125000.00,126183.51,11,11,11,11,11,0.015773,0.8982,0.9027
125000.00,125000.00,123746.40,11,11,11,11,11,0.015468,0.9187,0.8951
125000.00,125000.00,127685.55,11,11,11,11,11,0.015961,0.9092,0.9567
125000.00,125000.00,131005.29,11,11,11,11,11,0.016376,0.8936,0.8962
125000.00,125000.00,126285.85,11,11,11,11,11,0.015786,0.8105,0.7674
125000.00,125000.00,132833.00,9,9,9,9,9,0.016604,0.9331,0.8596
125000.00,125000.00,121755.60,9,9,9,9,9,0.015219,0.8101,0.7996
125000.00,125000.00,132729.77,9,9,9,9,9,0.016591,0.7977,0.7443
125000.00,125000.00,126779.08,11,11,11,11,11,0.015847,0.8955,0.8942
125000.00,125000.00,140687.35,10,10,10,10,10,0.017586,0.8308,0.8389
125000.00,125000.00,120006.56,10,10,10,10,10,0.015001,0.7868,0.9002
125000.00,125000.00,133929.25,10,10,10,10,10,0.016741,0.7330,0.8785
125000.00,125000.00,116579.06,12,12,12,12,12,0.014572,0.7205,0.8126
125000.00,125000.00,124108.79,9,9,9,9,9,0.015514,0.9417,0.9506
125000.00,125000.00,129235.27,9,9,9,9,9,0.016154,0.9330,0.9640
125000.00,125000.00,124240.88,11,11,11,11,11,0.015530,0.9255,0.9020
125000.00,125000.00,129116.06,9,9,9,9,9,0.016140,0.9243,0.9175
125000.00,125000.00,121252.54,9,9,9,9,9,0.015157,0.9141,0.9425
125000.00,125000.00,134741.90,11,11,11,11,11,0.016843,0.9081,0.9258
125000.00,125000.00,128765.82,11,11,11,11,11,0.016096,0.9048,0.8360
125000.00,125000.00,124188.42,9,9,9,9,9,0.015524,0.8755,0.9503
125000.00,125000.00,125227.93,11,11,11,11,11,0.015653,0.8652,0.8460
125000.00,125000.00,126768.11,11,11,11,11,11,0.015846,0.8479,0.9659
125000.00,125000.00,125732.42,9,9,9,9,9,0.015717,0.7988,0.8064
125000.00,125000.00,124835.01,12,12,12,12,12,0.015604,0.9456,0.9430
125000.00,125000.00,132087.71,12,12,12,12,12,0.016511,0.8870,0.6189
125000.00,125000.00,127524.85,12,12,12,12,12,0.015941,0.8823,0.8661
125000.00,125000.00,126406.67,9,9,9,9,9,0.015801,0.9677,0.9257
125000.00,125000.00,126559.26,9,9,9,9,9,0.015820,0.9528,0.9296
125000.00,125000.00,123371.12,9,9,9,9,9,0.015421,0.9463,0.9844
125000.00,125000.00,125185.97,9,9,9,9,9,0.015648,0.9389,0.9368
125000.00,125000.00,130216.60,10,10,10,10,10,0.016277,0.9302,0.9383
125000.00,125000.00,123754.50,9,9,9,9,9,0.015469,0.9130,0.9123
125000.00,125000.00,122519.49,10,10,10,10,10,0.015315,0.9122,0.9213
125000.00,125000.00,120917.32,10,10,10,10,10,0.015115,0.9022,0.5303
125000.00,125000.00,134500.50,10,10,10,10,10,0.016813,0.8749,0.9259
125000.00,125000.00,120647.43,9,9,9,9,9,0.015081,0.8374,0.8662
125000.00,125000.00,119573.24,9,9,9,9,9,0.014947,0.8301,0.6793
125000.00,125000.00,127988.82,9,9,9,9,9,0.015999,0.9238,0.9460
125000.00,125000.00,126737.59,10,10,10,10,10,0.015842,0.9011,0.9309
125000.00,125000.00,128807.07,9,9,9,9,9,0.016101,0.8537,0.8876
125000.00,125000.00,132656.10,9,9,9,9,9,0.016582,0.8327,0.8849
125000.00,125000.00,133696.56,10,10,10,10,10,0.016712,0.8118,0.9163
125000.00,125000.00,118809.22,9,9,9,9,9,0.014851,0.7861,0.8150
125000.00,125000.00,141929.15,10,10,10,10,10,0.017741,0.7365,0.8641
125000.00,125000.00,127965.93,10,10,10,10,10,0.015996,0.9316,0.8876
125000.00,125000.00,122121.45,10,10,10,10,10,0.015265,0.9097,0.9718
125000.00,125000.00,123914.72,10,10,10,10,10,0.015489,0.9011,0.9807
125000.00,125000.00,133584.02,10,10,10,10,10,0.016698,0.8129,0.8757
125000.00,125000.00,131038.67,10,10,10,10,10,0.016380,0.8016,0.7480
125000.00,125000.00,148098.95,12,12,12,12,12,0.018512,0.8598,0.7985
125000.00,125000.00,162768.60,12,12,13,12,13,0.020346,0.7762,0.5117
125000.00,125000.00,120352.75,10,10,10,10,10,0.015044,0.8837,0.9019
125000.00,125000.00,142810.82,12,12,12,12,12,0.017851,0.8045,0.7624
125000.00,125000.00,130035.40,10,10,10,10,10,0.016254,0.7376,0.8536
125000.00,125000.00,137051.58,12,12,12,12,12,0.017131,0.8765,0.9064
125000.00,125000.00,138812.07,10,10,10,10,10,0.017352,0.8914,0.8978
125000.00,125000.00,126526.83,10,10,10,10,10,0.015816,0.7504,0.9132
125000.00,125000.00,128617.29,10,10,10,10,10,0.016077,0.9461,0.9124
125000.00,125000.00,122785.57,10,10,10,10,10,0.015348,0.9413,0.9715
125000.00,125000.00,129231.45,10,10,10,10,10,0.016154,0.8458,0.8627
125000.00,125000.00,121109.01,10,10,10,10,10,0.015139,0.8286,0.9082
125000.00,125000.00,131609.92,10,10,10,10,10,0.016451,0.8879,0.9360
125000.00,125000.00,139936.57,10,10,10,10,10,0.017492,0.7639,0.8076
125000.00,125000.00,132247.92,12,12,12,12,12,0.016531,0.8578,0.8737
125000.00,125000.00,127171.04,12,12,12,12,12,0.015896,0.8834,0.9129
125000.00,125000.00,129190.44,12,12,12,12,12,0.016149,0.8378,0.8527
125000.00,125000.00,127304.08,10,10,10,10,10,0.015913,0.9477,0.9792
125000.00,125000.00,123000.56,9,9,9,9,9,0.015375,0.9381,0.9410
125000.00,125000.00,133334.64,9,9,9,9,9,0.016667,0.9331,0.9344
125000.00,125000.00,141721.73,9,9,9,9,9,0.017715,0.8417,0.7979
125000.00,125000.00,135674.48,9,9,9,9,9,0.016959,0.7813,0.5810
125000.00,125000.00,128707.89,10,10,10,10,10,0.016088,0.7700,0.9653
125000.00,125000.00,131905.85,10,10,10,10,10,0.016488,0.8643,0.9020
125000.00,125000.00,122195.24,9,9,9,9,9,0.015274,0.8609,0.9425
125000.00,125000.00,128259.42,10,10,10,10,10,0.016032,0.7750,0.8988
125000.00,125000.00,125920.30,10,10,10,10,10,0.015740,0.7687,0.8919
125000.00,125000.00,135501.86,10,10,10,10,10,0.016938,0.7001,0.8859
125000.00,125000.00,128875.73,12,12,12,12,12,0.016109,0.8757,0.9103
125000.00,125000.00,137530.33,12,12,12,12,12,0.017191,0.8264,0.8425
125000.00,125000.00,145669.94,12,12,12,12,12,0.018209,0.9108,0.8119
125000.00,125000.00,148334.50,12,12,12,12,12,0.018542,0.8804,0.7980
125000.00,125000.00,131041.53,10,10,10,10,10,0.016380,0.8160,0.9510
125000.00,125000.00,129755.97,11,11,11,11,11,0.016219,0.9172,0.8877
125000.00,125000.00,126207.35,11,11,11,11,11,0.015776,0.8620,0.9236
125000.00,125000.00,144640.92,11,11,11,11,11,0.018080,0.8589,0.8170
125000.00,125000.00,149764.06,11,11,12,11,12,0.018721,0.9157,0.8108
125000.00,125000.00,128961.56,11,11,11,11,11,0.016120,0.7782,0.8854
125000.00,125000.00,127765.66,12,12,12,12,12,0.015971,0.7276,0.8658
125000.00,125000.00,129713.06,12,12,12,12,12,0.016214,0.9250,0.8547
125000.00,125000.00,159850.12,12,12,13,12,13,0.019981,0.7943,0.7409
125000.00,125000.00,123021.13,12,12,12,12,12,0.015378,0.9065,0.8387
125000.00,125000.00,112476.35,12,12,12,12,12,0.014060,0.8715,0.8432
125000.00,125000.00,131927.49,12,12,12,12,12,0.016491,0.7925,0.8501
125000.00,125000.00,146133.42,12,12,12,12,12,0.018267,0.7743,0.6706
125000.00,125000.00,127872.47,9,9,9,9,9,0.015984,0.9389,0.9413
125000.00,125000.00,126180.65,9,9,9,9,9,0.015773,0.9328,0.9399
125000.00,125000.00,120348.93,9,9,9,9,9,0.015044,0.9167,0.9251
125000.00,125000.00,122262.00,9,9,9,9,9,0.015283,0.8064,0.9043
125000.00,125000.00,119514.47,9,9,9,9,9,0.014939,0.9688,0.9531
125000.00,125000.00,125965.54,9,9,9,9,9,0.015746,0.9484,0.9821
125000.00,125000.00,121189.12,9,9,9,9,9,0.015149,0.9462,0.9463
125000.00,125000.00,126194.48,9,9,9,9,9,0.015774,0.9397,0.9564
125000.00,125000.00,119116.78,9,9,9,9,9,0.014890,0.9333,0.8489
125000.00,125000.00,133634.33,9,9,9,9,9,0.016704,0.9325,0.9310
125000.00,125000.00,121375.08,9,9,9,9,9,0.015172,0.9265,0.7113
125000.00,125000.00,124500.27,9,9,9,9,9,0.015563,0.8443,0.7734
125000.00,125000.00,135399.82,10,10,10,10,10,0.016925,0.9485,0.8550
125000.00,125000.00,128128.05,12,12,12,12,12,0.016016,0.9179,0.8992
125000.00,125000.00,128692.87,12,12,12,12,12,0.016087,0.9072,0.9123
125000.00,125000.00,126498.22,10,10,10,10,10,0.015812,0.8821,0.9539
125000.00,125000.00,129667.28,12,12,12,12,12,0.016208,0.8684,0.8860
125000.00,125000.00,124651.91,12,12,12,12,12,0.015581,0.8528,0.8858
125000.00,125000.00,157538.41,12,12,13,12,13,0.019692,0.8352,0.7169
125000.00,125000.00,132251.50,10,10,10,10,10,0.016531,0.8267,0.8850
125000.00,125000.00,132563.59,10,10,10,10,10,0.016570,0.8078,0.8996
125000.00,125000.00,129127.50,10,10,10,10,10,0.016141,0.8028,0.8291
125000.00,125000.00,118460.66,9,9,9,9,9,0.014808,0.9537,0.9440
125000.00,125000.00,126291.99,9,9,9,9,9,0.015786,0.9525,0.9890
125000.00,125000.00,119062.42,9,9,9,9,9,0.014883,0.9463,0.9485
125000.00,125000.00,126676.56,9,9,9,9,9,0.015835,0.9394,0.8754
125000.00,125000.00,117345.81,9,9,9,9,9,0.014668,0.9343,0.9360
125000.00,125000.00,113878.25,9,9,9,9,9,0.014235,0.8962,0.9051
125000.00,125000.00,130762.10,9,9,9,9,9,0.016345,0.8245,0.6553
125000.00,125000.00,123417.85,10,10,10,10,10,0.015427,0.8931,0.8725
125000.00,125000.00,142795.09,10,10,10,10,10,0.017849,0.7099,0.8336
125000.00,125000.00,125156.40,9,9,9,9,9,0.015645,0.9450,0.9142
125000.00,125000.00,131603.24,9,9,9,9,9,0.016450,0.9211,0.8808
125000.00,125000.00,120446.21,9,9,9,9,9,0.015056,0.8726,0.8910
125000.00,125000.00,136674.88,9,9,9,9,9,0.017084,0.7811,0.8350
125000.00,187500.00,210260.15,9,10,10,10,10,0.026283,0.7089,0.5494
125000.00,125000.00,120769.50,12,12,12,12,12,0.015096,0.9394,0.8427
125000.00,125000.00,127873.42,12,12,12,12,12,0.015984,0.9084,0.9644
125000.00,125000.00,120819.63,11,11,11,11,11,0.015102,0.8854,0.9055
125000.00,125000.00,143314.36,11,11,11,11,11,0.017914,0.8597,0.7884
125000.00,125000.00,117439.27,12,12,12,12,12,0.014680,0.7623,0.8809
125000.00,125000.00,131539.34,11,11,11,11,11,0.016442,0.9021,0.9172
125000.00,125000.00,136924.74,11,12,12,12,12,0.017116,0.7738,0.7148
125000.00,125000.00,132959.83,11,11,11,11,11,0.016620,0.7361,0.8835
125000.00,125000.00,125326.16,9,9,9,9,9,0.015666,0.9448,0.9888
125000.00,125000.00,131113.53,9,9,9,9,9,0.016389,0.9164,0.8640
125000.00,125000.00,117490.77,9,9,9,9,9,0.014686,0.8990,0.9228
125000.00,125000.00,122317.31,9,9,9,9,9,0.015290,0.8974,0.9604
125000.00,125000.00,134977.10,9,9,9,9,9,0.016872,0.8734,0.9216
125000.00,125000.00,135625.84,9,9,9,9,9,0.016953,0.9562,0.9196
125000.00,125000.00,120970.25,9,9,9,9,9,0.015121,0.9461,0.9387
125000.00,125000.00,117438.32,9,9,9,9,9,0.014680,0.9455,0.9348
125000.00,125000.00,126551.63,9,9,9,9,9,0.015819,0.9213,0.9598
125000.00,125000.00,119222.64,9,9,9,9,9,0.014903,0.8670,0.9439
125000.00,125000.00,127132.42,9,9,9,9,9,0.015892,0.8068,0.7275
125000.00,125000.00,123483.13,9,9,9,9,9,0.015435,0.9591,0.9651
125000.00,125000.00,132970.81,9,9,9,9,9,0.016621,0.9458,0.9339
125000.00,125000.00,118114.47,9,9,9,9,9,0.014764,0.9315,0.8975
125000.00,125000.00,122037.65,10,10,10,10,10,0.015255,0.9367,0.9594
125000.00,125000.00,121771.81,10,10,10,10,10,0.015221,0.8058,0.8936
125000.00,125000.00,140321.73,10,10,10,10,10,0.017540,0.7358,0.8407
125000.00,125000.00,118183.14,9,9,9,9,9,0.014773,0.8701,0.8711
125000.00,125000.00,128991.13,9,9,9,9,9,0.016124,0.8660,0.9099
125000.00,125000.00,123766.90,10,10,10,10,10,0.015471,0.8654,0.9299
125000.00,125000.00,130852.70,9,9,9,9,9,0.016357,0.8286,0.9368
125000.00,125000.00,118004.32,10,10,10,10,10,0.014751,0.8019,0.8066
125000.00,125000.00,128773.69,10,10,10,10,10,0.016097,0.7984,0.8897
125000.00,125000.00,123584.75,10,10,10,10,10,0.015448,0.7742,0.9770
125000.00,125000.00,130714.89,9,9,9,9,9,0.016339,0.9453,0.9493
125000.00,125000.00,136266.71,9,9,9,9,9,0.017033,0.9381,0.9140
125000.00,125000.00,126225.47,9,9,9,9,9,0.015778,0.9254,0.9870
125000.00,125000.00,123916.63,9,9,9,9,9,0.015490,0.9206,0.9285
125000.00,125000.00,123764.99,9,9,9,9,9,0.015471,0.9114,0.8406
125000.00,125000.00,127410.89,9,9,9,9,9,0.015926,0.8731,0.8094
125000.00,125000.00,139038.44,9,9,9,9,9,0.017380,0.8414,0.8273
125000.00,125000.00,130648.14,9,9,9,9,9,0.016331,0.9424,0.9396
125000.00,125000.00,131536.48,9,9,9,9,9,0.016442,0.9242,0.9448
125000.00,125000.00,126665.12,9,9,9,9,9,0.015833,0.7817,0.9553
125000.00,125000.00,137596.13,9,9,9,9,9,0.017200,0.7486,0.8069
125000.00,125000.00,131070.14,9,9,9,9,9,0.016384,0.9440,0.9485
125000.00,125000.00,129300.95,9,9,9,9,9,0.016163,0.9271,0.9591
125000.00,125000.00,133260.73,9,9,9,9,9,0.016658,0.8907,0.7888
125000.00,125000.00,130593.06,9,9,9,9,9,0.016324,0.8694,0.8748
125000.00,125000.00,123068.45,10,10,10,10,10,0.015384,0.7930,0.9565
125000.00,125000.00,125014.31,9,9,9,9,9,0.015627,0.7234,0.7341
125000.00,125000.00,126970.29,10,10,10,10,10,0.015871,0.9431,0.9199
125000.00,125000.00,123214.96,10,10,10,10,10,0.015402,0.9323,0.9218
125000.00,125000.00,125771.11,10,10,10,10,10,0.015721,0.9291,0.9893
125000.00,125000.00,120019.67,10,10,10,10,10,0.015002,0.8608,0.8626
125000.00,125000.00,122300.15,10,10,10,10,10,0.015288,0.8331,0.9113
125000.00,125000.00,128265.38,10,10,10,10,10,0.016033,0.9147,0.9125
125000.00,125000.00,126345.16,10,10,10,10,10,0.015793,0.8904,0.9505
125000.00,125000.00,125520.71,10,10,10,10,10,0.015690,0.8331,0.9337
125000.00,125000.00,128853.80,10,10,10,10,10,0.016107,0.8220,0.8946
125000.00,125000.00,134914.40,11,11,11,11,11,0.016864,0.7808,0.7596
125000.00,125000.00,130388.26,11,11,11,11,11,0.016299,0.9025,0.9010
125000.00,125000.00,124535.08,11,11,11,11,11,0.015567,0.8983,0.8827
125000.00,125000.00,126438.14,11,11,11,11,11,0.015805,0.9087,0.9273
125000.00,125000.00,126223.21,11,11,11,11,11,0.015778,0.9268,0.9440
125000.00,125000.00,127676.01,11,11,11,11,11,0.015960,0.9139,0.9005
125000.00,125000.00,131813.05,11,11,11,11,11,0.016477,0.7123,0.5488
125000.00,125000.00,129140.85,9,9,9,9,9,0.016143,0.9180,0.9635
125000.00,125000.00,123444.08,9,9,9,9,9,0.015431,0.9025,0.9394
125000.00,125000.00,123079.54,9,9,9,9,9,0.015385,0.8972,0.8521
125000.00,125000.00,125015.26,9,9,9,9,9,0.015627,0.7779,0.9299
125000.00,125000.00,130182.27,12,12,12,12,12,0.016273,0.7061,0.8481
125000.00,125000.00,120761.87,12,12,12,12,12,0.015095,0.8920,0.9038
125000.00,125000.00,132661.82,12,12,12,12,12,0.016583,0.8159,0.8692
125000.00,125000.00,134275.44,12,12,12,12,12,0.016784,0.8055,0.8609
125000.00,125000.00,140859.60,11,11,11,11,11,0.017607,0.7823,0.7843
125000.00,125000.00,143593.79,11,11,11,11,11,0.017949,0.7458,0.8221
125000.00,125000.00,133455.28,9,9,9,9,9,0.016682,0.9458,0.9333
125000.00,125000.00,119581.22,9,9,9,9,9,0.014948,0.9412,0.9324
125000.00,125000.00,125301.72,9,9,9,9,9,0.015663,0.9361,0.9253
125000.00,125000.00,127429.01,9,9,9,9,9,0.015929,0.9222,0.9720
125000.00,125000.00,121980.67,9,9,9,9,9,0.015248,0.8864,0.9312
125000.00,187500.00,160296.53,9,10,10,10,10,0.020037,0.7240,0.7584
125000.00,125000.00,135255.81,10,10,10,10,10,0.016907,0.9340,0.9187
125000.00,125000.00,127371.25,10,10,10,10,10,0.015921,0.9294,0.9739
125000.00,125000.00,126163.48,11,11,11,11,11,0.015770,0.9087,0.9156
125000.00,125000.00,121906.28,10,10,10,10,10,0.015238,0.8970,0.9592
125000.00,125000.00,127262.12,11,11,11,11,11,0.015908,0.8942,0.8964
125000.00,125000.00,120521.07,11,11,11,11,11,0.015065,0.8610,0.8807
125000.00,125000.00,128883.36,11,11,11,11,11,0.016110,0.7202,0.9110
125000.00,125000.00,135137.56,9,9,9,9,9,0.016892,0.8006,0.7505
125000.00,125000.00,136463.17,9,9,9,9,9,0.017058,0.7401,0.7268
125000.00,125000.00,128609.66,10,10,10,10,10,0.016076,0.8929,0.9427
125000.00,125000.00,137136.46,12,12,12,12,12,0.017142,0.8507,0.8017
125000.00,125000.00,137605.67,12,12,12,12,12,0.017201,0.7412,0.9035
125000.00,125000.00,129595.99,11,11,11,11,11,0.016199,0.9530,0.9207
125000.00,125000.00,131070.61,11,11,11,11,11,0.016384,0.9329,0.8957
125000.00,125000.00,131543.64,11,11,11,11,11,0.016443,0.9198,0.8934
125000.00,125000.00,127846.96,9,9,9,9,9,0.015981,0.9153,0.9703
125000.00,125000.00,123823.64,9,9,9,9,9,0.015478,0.9148,0.9376
125000.00,125000.00,120256.42,9,9,9,9,9,0.015032,0.9000,0.9333
125000.00,125000.00,120040.89,11,11,11,11,11,0.015005,0.8802,0.8462
125000.00,125000.00,133377.08,9,9,9,9,9,0.016672,0.8714,0.9068
125000.00,125000.00,122381.21,9,9,9,9,9,0.015298,0.8525,0.9766
125000.00,125000.00,126622.20,9,9,9,9,9,0.015828,0.8453,0.7059
125000.00,125000.00,136895.66,11,9,9,9,9,0.017112,0.8321,0.7656
125000.00,125000.00,123979.57,12,12,12,12,12,0.015497,0.9181,0.9242
125000.00,125000.00,146329.88,12,12,12,12,12,0.018291,0.9021,0.7845
125000.00,125000.00,125789.64,12,12,12,12,12,0.015724,0.8827,0.9282
125000.00,125000.00,127525.33,12,12,12,12,12,0.015941,0.8270,0.8408
125000.00,125000.00,130068.30,10,10,10,10,10,0.016259,0.8951,0.9218
125000.00,125000.00,133493.42,10,10,10,10,10,0.016687,0.8162,0.8939
125000.00,125000.00,134080.89,10,10,10,10,10,0.016760,0.8001,0.9231
125000.00,125000.00,117820.74,10,10,10,10,10,0.014728,0.9395,0.9395
125000.00,125000.00,122929.81,10,10,10,10,10,0.015366,0.9342,0.9751
125000.00,125000.00,118421.44,11,11,11,11,11,0.014803,0.8902,0.8328
125000.00,125000.00,125324.25,10,10,10,10,10,0.015666,0.8823,0.9317
125000.00,125000.00,129765.51,11,11,11,11,11,0.016221,0.7689,0.6578
125000.00,125000.00,124115.94,11,11,11,11,11,0.015514,0.7449,0.7845
125000.00,125000.00,127520.08,10,10,10,10,10,0.015940,0.7028,0.8750
125000.00,125000.00,124690.06,12,12,12,12,12,0.015586,0.8554,0.8395
125000.00,125000.00,127012.25,12,12,12,12,12,0.015877,0.8534,0.7652
125000.00,125000.00,116819.38,9,9,9,9,9,0.014602,0.8446,0.8814
125000.00,125000.00,127464.29,9,9,9,9,9,0.015933,0.7983,0.9662
125000.00,125000.00,125869.75,10,10,10,10,10,0.015734,0.8563,0.8999
125000.00,125000.00,119081.56,10,10,10,10,10,0.014885,0.8252,0.9082
125000.00,125000.00,132759.09,10,10,10,10,10,0.016595,0.7159,0.8436
125000.00,125000.00,134408.95,12,12,12,12,12,0.016801,0.8862,0.8758
125000.00,125000.00,112141.61,12,12,12,12,12,0.014018,0.8511,0.8261
125000.00,125000.00,128810.88,12,12,12,12,12,0.016101,0.7759,0.8602
125000.00,125000.00,127998.35,10,10,10,10,10,0.016000,0.7194,0.9475
125000.00,125000.00,132910.01,9,9,9,9,9,0.016614,0.9106,0.9110
125000.00,125000.00,133067.13,9,9,9,9,9,0.016633,0.8224,0.9215
125000.00,125000.00,125184.06,10,10,10,10,10,0.015648,0.8840,0.9790
125000.00,125000.00,118906.02,10,10,10,10,10,0.014863,0.8618,0.8567
125000.00,125000.00,131647.11,9,9,9,9,9,0.016456,0.8500,0.8540
125000.00,125000.00,122031.09,9,9,9,9,9,0.015254,0.8096,0.7757
125000.00,125000.00,127971.65,9,9,9,9,9,0.015996,0.7626,0.7660
125000.00,125000.00,129372.60,10,10,10,10,10,0.016172,0.7557,0.5348
125000.00,125000.00,128799.44,9,9,9,9,9,0.016100,0.9575,0.9355
125000.00,125000.00,125801.09,9,9,9,9,9,0.015725,0.9337,0.9221
125000.00,125000.00,128434.66,10,10,10,10,10,0.016054,0.9203,0.9137
125000.00,125000.00,120818.85,9,9,9,9,9,0.015102,0.9045,0.9496
125000.00,125000.00,127023.70,10,10,10,10,10,0.015878,0.9014,0.8274
125000.00,125000.00,122282.98,10,10,10,10,10,0.015285,0.8841,0.9103
125000.00,125000.00,127960.21,10,10,10,10,10,0.015995,0.8404,0.7763
125000.00,125000.00,130285.50,9,9,9,9,9,0.016286,0.8230,0.7527
125000.00,125000.00,126031.40,9,9,9,9,9,0.015754,0.8155,0.8128
125000.00,125000.00,135292.05,11,11,11,11,11,0.016912,0.7638,0.8229
125000.00,125000.00,123472.21,12,12,12,12,12,0.015434,0.8892,0.8402
125000.00,125000.00,117364.88,12,12,12,12,12,0.014671,0.8491,0.8030
125000.00,125000.00,125088.21,12,12,12,12,12,0.015636,0.8752,0.8862
125000.00,125000.00,128318.79,12,12,12,12,12,0.016040,0.7379,0.9140
125000.00,125000.00,127758.98,11,11,11,11,11,0.015970,0.8814,0.9417
125000.00,125000.00,125267.98,11,11,11,11,11,0.015658,0.8075,0.8701
125000.00,125000.00,122076.03,10,10,10,10,10,0.015260,0.9480,0.9344
125000.00,125000.00,120222.09,9,9,9,9,9,0.015028,0.8906,0.9247
125000.00,125000.00,128103.26,9,9,9,9,9,0.016013,0.8657,0.9567
125000.00,125000.00,125949.50,9,9,9,9,9,0.015744,0.8178,0.9025
125000.00,125000.00,120371.82,9,9,9,9,9,0.015046,0.9672,0.9306
125000.00,125000.00,122018.81,9,9,9,9,9,0.015252,0.9505,0.9224
125000.00,125000.00,122817.99,9,9,9,9,9,0.015352,0.9383,0.9620
125000.00,125000.00,132322.31,9,9,9,9,9,0.016540,0.9233,0.9347
125000.00,125000.00,119348.29,9,9,9,9,9,0.014919,0.9126,0.9098
125000.00,125000.00,121365.07,9,9,9,9,9,0.015171,0.9259,0.9368
125000.00,125000.00,116229.53,11,11,11,11,11,0.014529,0.8972,0.8218
125000.00,125000.00,118940.47,11,11,11,11,11,0.014868,0.7206,0.6219
125000.00,125000.00,124562.74,11,11,11,11,11,0.015570,0.8853,0.9319
125000.00,125000.00,124032.97,11,11,11,11,11,0.015504,0.8590,0.9101
125000.00,125000.00,125243.19,11,11,11,11,11,0.015655,0.7457,0.6755
125000.00,125000.00,130385.40,9,9,9,9,9,0.016298,0.9508,0.9494
125000.00,125000.00,132824.90,9,9,9,9,9,0.016603,0.9378,0.8865
125000.00,125000.00,132930.76,9,9,9,9,9,0.016616,0.7771,0.8656
125000.00,125000.00,125756.26,9,9,9,9,9,0.015720,0.9356,0.9787
125000.00,125000.00,129568.58,9,9,9,9,9,0.016196,0.9329,0.9392
125000.00,125000.00,125289.92,9,9,9,9,9,0.015661,0.8792,0.9607
125000.00,125000.00,116349.22,9,9,9,9,9,0.014544,0.8472,0.9304
125000.00,125000.00,133370.40,11,11,11,11,11,0.016671,0.8764,0.8628
125000.00,125000.00,128734.59,11,11,11,11,11,0.016092,0.8596,0.8312
125000.00,125000.00,130611.90,11,11,11,11,11,0.016326,0.7933,0.7740
125000.00,125000.00,132352.23,11,11,11,11,11,0.016544,0.7241,0.9349
125000.00,125000.00,126400.47,10,9,9,9,9,0.015800,0.8703,0.7167
125000.00,125000.00,116380.69,10,10,10,10,10,0.014548,0.8639,0.9295
125000.00,125000.00,128828.05,10,10,10,10,10,0.016104,0.8585,0.6243
125000.00,125000.00,133258.58,9,9,9,9,9,0.016657,0.8424,0.8729
125000.00,125000.00,135980.61,9,9,9,9,9,0.016998,0.8387,0.8708
125000.00,125000.00,126152.99,10,10,10,10,10,0.015769,0.8194,0.7226
125000.00,125000.00,122595.79,9,9,9,9,9,0.015324,0.7709,0.9016
125000.00,125000.00,129148.72,9,9,9,9,9,0.016144,0.9532,0.9637
125000.00,125000.00,128364.56,9,9,9,9,9,0.016046,0.9363,0.9691
125000.00,125000.00,125175.48,9,9,9,9,9,0.015647,0.9336,0.9717
125000.00,125000.00,122983.22,9,9,9,9,9,0.015373,0.9302,0.9441
125000.00,125000.00,126678.47,9,9,9,9,9,0.015835,0.9302,0.9451
125000.00,125000.00,124276.16,9,9,9,9,9,0.015535,0.9190,0.9188
125000.00,125000.00,129403.59,10,10,10,10,10,0.016175,0.9023,0.9068
125000.00,125000.00,128105.16,10,10,10,10,10,0.016013,0.8432,0.8944
125000.00,125000.00,129938.13,9,9,9,9,9,0.016242,0.7536,0.7065
125000.00,125000.00,125904.08,10,10,10,10,10,0.015738,0.8738,0.8657
125000.00,125000.00,134386.06,10,10,10,10,10,0.016798,0.7642,0.7152
125000.00,125000.00,127557.28,9,9,9,9,9,0.015945,0.9502,0.7994
125000.00,125000.00,123113.63,9,9,9,9,9,0.015389,0.9354,0.9657
125000.00,125000.00,122796.06,9,9,9,9,9,0.015350,0.8776,0.9653
125000.00,125000.00,127229.21,9,9,9,9,9,0.015904,0.9491,0.9637
125000.00,125000.00,127283.10,9,9,9,9,9,0.015910,0.9442,0.9782
125000.00,125000.00,122262.00,9,9,9,9,9,0.015283,0.9381,0.9624
125000.00,125000.00,134489.06,9,9,9,9,9,0.016811,0.8973,0.8148
125000.00,125000.00,121761.32,9,9,9,9,9,0.015220,0.8741,0.9429
125000.00,125000.00,126565.93,9,9,9,9,9,0.015821,0.7291,0.6729
125000.00,125000.00,126055.00,11,11,11,11,11,0.015757,0.9490,0.9717
125000.00,125000.00,132418.63,9,9,9,9,9,0.016552,0.9234,0.9364
125000.00,125000.00,128776.55,9,9,9,9,9,0.016097,0.9218,0.9661
125000.00,125000.00,129657.75,9,9,9,9,9,0.016207,0.9190,0.9303
125000.00,125000.00,122765.54,11,11,11,11,11,0.015346,0.9157,0.9203
125000.00,125000.00,127035.14,11,11,11,11,11,0.015879,0.8937,0.8797
125000.00,125000.00,120065.69,9,9,9,9,9,0.015008,0.8750,0.9083
125000.00,125000.00,128274.92,11,11,11,11,11,0.016034,0.8109,0.8918
125000.00,125000.00,127393.72,11,11,11,11,11,0.015924,0.7406,0.7397
125000.00,125000.00,120931.63,9,9,9,9,9,0.015116,0.9433,0.9568
125000.00,125000.00,130313.40,9,9,9,9,9,0.016289,0.9412,0.8852
125000.00,125000.00,124252.32,9,9,9,9,9,0.015532,0.9410,0.9180
125000.00,125000.00,122940.06,9,9,9,9,9,0.015368,0.9340,0.8758
125000.00,125000.00,123732.57,9,9,9,9,9,0.015467,0.9271,0.9255
125000.00,125000.00,131367.68,11,11,11,11,11,0.016421,0.9122,0.8479
125000.00,125000.00,132767.68,11,11,11,11,11,0.016596,0.8726,0.8858
125000.00,125000.00,128029.82,11,11,11,11,11,0.016004,0.8658,0.9093
125000.00,125000.00,122752.19,9,9,9,9,9,0.015344,0.7953,0.7304
125000.00,125000.00,137667.42,11,11,11,11,11,0.017208,0.7682,0.6858
125000.00,125000.00,132228.37,10,10,10,10,10,0.016529,0.9319,0.9114
125000.00,125000.00,140493.39,10,10,10,10,10,0.017562,0.9163,0.8845
125000.00,125000.00,125694.27,11,11,11,11,11,0.015712,0.8771,0.8884
125000.00,125000.00,123432.16,11,11,11,11,11,0.015429,0.8705,0.9330
125000.00,125000.00,121162.41,11,11,11,11,11,0.015145,0.8639,0.8644
125000.00,125000.00,123211.86,10,10,10,10,10,0.015401,0.8601,0.8078
125000.00,125000.00,129678.73,10,10,10,10,10,0.016210,0.8464,0.8916
125000.00,125000.00,116416.93,10,10,10,10,10,0.014552,0.8454,0.9017
125000.00,125000.00,127285.24,11,11,11,11,11,0.015911,0.8023,0.6325
125000.00,125000.00,121980.67,11,11,11,11,11,0.015248,0.7241,0.6796
125000.00,125000.00,126760.48,11,11,11,11,11,0.015845,0.7084,0.8898
125000.00,125000.00,134804.01,12,12,12,12,12,0.016851,0.9122,0.8228
125000.00,125000.00,123776.91,9,9,9,9,9,0.015472,0.9532,0.9541
125000.00,125000.00,123654.37,9,9,9,9,9,0.015457,0.9415,0.9249
125000.00,125000.00,128522.87,9,9,9,9,9,0.016065,0.9410,0.9609
125000.00,125000.00,132491.59,9,9,9,9,9,0.016561,0.7859,0.8461
125000.00,125000.00,126070.98,10,10,10,10,10,0.015759,0.9577,0.9385
125000.00,125000.00,123586.18,11,11,11,11,11,0.015448,0.9244,0.9175
125000.00,125000.00,124733.92,10,10,10,10,10,0.015592,0.7770,0.8361
125000.00,125000.00,125970.84,10,10,10,10,10,0.015746,0.9508,0.9646
125000.00,125000.00,122075.08,10,10,10,10,10,0.015259,0.9506,0.9559
125000.00,125000.00,123189.45,10,10,10,10,10,0.015399,0.9267,0.9048
125000.00,125000.00,130746.84,11,11,11,11,11,0.016343,0.8478,0.8831
125000.00,125000.00,119607.93,10,10,10,10,10,0.014951,0.9438,0.9464
125000.00,125000.00,125689.63,10,10,10,10,10,0.015711,0.9121,0.9206
125000.00,125000.00,119340.90,10,10,10,10,10,0.014918,0.8368,0.8943
125000.00,125000.00,121141.08,10,10,10,10,10,0.015143,0.9506,0.9557
125000.00,125000.00,127875.80,10,10,10,10,10,0.015984,0.8886,0.9170
125000.00,125000.00,131992.88,11,11,11,11,11,0.016499,0.8625,0.8983
125000.00,125000.00,150186.54,10,10,11,10,11,0.018773,0.8190,0.8077
125000.00,125000.00,124387.74,11,11,11,11,11,0.015548,0.8067,0.9892
125000.00,125000.00,122327.80,11,11,11,11,11,0.015291,0.9565,0.9557
125000.00,125000.00,125484.47,11,11,11,11,11,0.015686,0.9326,0.9925
125000.00,125000.00,133087.16,11,11,11,11,11,0.016636,0.7530,0.6600
125000.00,125000.00,127002.72,11,11,11,11,11,0.015875,0.7222,0.7768
125000.00,125000.00,128274.92,11,11,11,11,11,0.016034,0.9263,0.8868
125000.00,125000.00,131049.16,11,11,11,11,11,0.016381,0.8789,0.8825
125000.00,125000.00,123329.16,11,11,11,11,11,0.015416,0.8086,0.8914
125000.00,125000.00,119229.79,9,9,9,9,9,0.014904,0.9701,0.9514
125000.00,125000.00,121601.70,9,9,9,9,9,0.015200,0.9513,0.9666
125000.00,125000.00,122938.16,9,9,9,9,9,0.015367,0.9471,0.9736
125000.00,125000.00,125021.93,9,9,9,9,9,0.015628,0.9393,0.9700
125000.00,125000.00,126934.05,9,9,9,9,9,0.015867,0.8797,0.8821
125000.00,125000.00,126765.67,9,9,9,9,9,0.015846,0.7288,0.6892
125000.00,125000.00,122900.01,9,9,9,9,9,0.015363,0.9793,0.9814
125000.00,125000.00,133369.45,9,9,9,9,9,0.016671,0.9604,0.9320
125000.00,125000.00,120182.04,9,9,9,9,9,0.015023,0.9406,0.9599
125000.00,125000.00,124053.96,9,9,9,9,9,0.015507,0.9268,0.9464
125000.00,125000.00,129463.20,9,9,9,9,9,0.016183,0.8448,0.8966
125000.00,125000.00,125443.94,9,9,9,9,9,0.015680,0.8324,0.8447
125000.00,125000.00,125822.07,9,9,9,9,9,0.015728,0.8036,0.7675
125000.00,125000.00,124216.44,10,10,10,10,10,0.015527,0.9378,0.9312
125000.00,125000.00,129140.85,10,10,10,10,10,0.016143,0.9360,0.9094
125000.00,125000.00,124547.48,10,10,10,10,10,0.015568,0.9333,0.8925
125000.00,125000.00,125097.27,10,10,10,10,10,0.015637,0.9320,0.9560
125000.00,125000.00,136635.78,10,10,10,10,10,0.017079,0.9286,0.8129
125000.00,125000.00,125959.40,10,10,10,10,10,0.015745,0.9169,0.9107
125000.00,125000.00,120693.21,10,10,10,10,10,0.015087,0.8988,0.9531
125000.00,125000.00,124607.09,11,11,11,11,11,0.015576,0.9226,0.8537
125000.00,125000.00,117771.15,11,11,11,11,11,0.014721,0.8781,0.8826
125000.00,125000.00,122255.80,11,11,11,11,11,0.015282,0.9130,0.7159
125000.00,125000.00,123585.70,9,9,9,9,9,0.015448,0.9543,0.9195
125000.00,125000.00,124183.65,9,9,9,9,9,0.015523,0.9480,0.9872
125000.00,125000.00,120895.86,9,9,9,9,9,0.015112,0.9378,0.9636
125000.00,125000.00,123664.38,9,9,9,9,9,0.015458,0.9368,0.9744
125000.00,125000.00,120660.78,9,9,9,9,9,0.015083,0.9152,0.9081
125000.00,125000.00,127881.53,9,9,9,9,9,0.015985,0.9046,0.9285
125000.00,125000.00,129905.64,9,9,9,9,9,0.016238,0.9547,0.9539
125000.00,125000.00,126786.23,9,9,9,9,9,0.015848,0.9529,0.9186
125000.00,125000.00,120033.26,9,9,9,9,9,0.015004,0.9365,0.9191
125000.00,125000.00,120534.90,9,9,9,9,9,0.015067,0.9320,0.9619
125000.00,125000.00,125838.76,9,9,9,9,9,0.015730,0.9302,0.9726
125000.00,125000.00,128386.50,9,9,9,9,9,0.016048,0.7487,0.8174
125000.00,125000.00,129023.55,9,9,9,9,9,0.016128,0.9083,0.9661
125000.00,125000.00,123816.49,11,11,11,11,11,0.015477,0.9173,0.9069
125000.00,125000.00,122913.36,11,11,11,11,11,0.015364,0.9159,0.8834
125000.00,125000.00,125698.09,11,11,11,11,11,0.015712,0.9088,0.9248
125000.00,125000.00,125130.65,11,11,11,11,11,0.015641,0.7578,0.6891
125000.00,125000.00,130431.18,11,11,11,11,11,0.016304,0.7205,0.5788
125000.00,125000.00,126931.19,11,11,11,11,11,0.015866,0.9215,0.9044
125000.00,125000.00,122539.52,11,11,11,11,11,0.015317,0.8178,0.8651
125000.00,125000.00,125727.65,11,11,11,11,11,0.015716,0.8167,0.7049
125000.00,125000.00,126350.40,11,11,11,11,11,0.015794,0.7219,0.8693
125000.00,125000.00,121479.51,11,11,11,11,11,0.015185,0.9527,0.9697
125000.00,125000.00,122961.16,9,9,9,9,9,0.015370,0.9559,0.9715
125000.00,125000.00,126417.16,9,9,9,9,9,0.015802,0.9496,0.9766
125000.00,125000.00,118824.01,9,9,9,9,9,0.014853,0.9407,0.9115
125000.00,125000.00,125057.22,9,9,9,9,9,0.015632,0.9381,0.9433
125000.00,125000.00,122524.26,9,9,9,9,9,0.015316,0.8721,0.8330
125000.00,125000.00,124516.13,9,9,9,9,9,0.015565,0.9393,0.9493
125000.00,125000.00,125208.85,9,9,9,9,9,0.015651,0.9345,0.9467
125000.00,125000.00,125697.14,9,9,9,9,9,0.015712,0.8123,0.8449
125000.00,125000.00,122592.93,9,9,9,9,9,0.015324,0.9661,0.9793
125000.00,125000.00,122095.11,9,9,9,9,9,0.015262,0.8938,0.9157
125000.00,125000.00,135953.90,9,9,9,9,9,0.016994,0.7124,0.6917
125000.00,125000.00,126317.98,9,9,9,9,9,0.015790,0.9466,0.9852
125000.00,125000.00,121267.32,11,11,11,11,11,0.015158,0.9433,0.8783
125000.00,125000.00,122527.84,11,11,11,11,11,0.015316,0.9259,0.9187
125000.00,125000.00,122919.08,11,11,11,11,11,0.015365,0.9201,0.9805
125000.00,125000.00,132380.49,11,11,11,11,11,0.016548,0.8331,0.7176
125000.00,125000.00,132028.58,9,9,9,9,9,0.016504,0.9535,0.9442
125000.00,125000.00,124355.32,9,9,9,9,9,0.015544,0.9535,0.9914
125000.00,125000.00,127157.69,9,9,9,9,9,0.015895,0.9506,0.9793
125000.00,125000.00,128368.85,9,9,9,9,9,0.016046,0.9466,0.9625
125000.00,125000.00,129604.58,9,9,9,9,9,0.016201,0.9339,0.9095
125000.00,125000.00,125311.37,11,11,11,11,11,0.015664,0.9259,0.9237
125000.00,125000.00,123032.57,9,9,9,9,9,0.015379,0.9248,0.9338
125000.00,125000.00,129417.42,11,11,11,11,11,0.016177,0.9164,0.8587
125000.00,125000.00,127732.52,11,11,11,11,11,0.015967,0.7848,0.6886
125000.00,125000.00,126732.83,9,9,9,9,9,0.015842,0.7435,0.6897
125000.00,125000.00,125637.05,9,9,9,9,9,0.015705,0.9513,0.9094
125000.00,125000.00,124288.56,10,10,10,10,10,0.015536,0.9476,0.9462
125000.00,125000.00,120069.50,9,9,9,9,9,0.015009,0.9453,0.9568
125000.00,125000.00,122719.76,9,9,9,9,9,0.015340,0.9406,0.9078
125000.00,125000.00,125481.40,9,9,9,9,9,0.015685,0.8105,0.8045
125000.00,125000.00,129255.29,11,11,11,11,11,0.016157,0.9420,0.9627
125000.00,125000.00,124503.14,9,9,9,9,9,0.015563,0.9319,0.8575
125000.00,125000.00,126846.31,9,9,9,9,9,0.015856,0.9170,0.9012
125000.00,125000.00,129470.83,9,9,9,9,9,0.016184,0.8826,0.8840
125000.00,125000.00,128450.39,11,11,11,11,11,0.016056,0.7827,0.5475
125000.00,125000.00,126029.97,9,9,9,9,9,0.015754,0.7752,0.7459
125000.00,125000.00,128498.08,9,9,9,9,9,0.016062,0.9589,0.9167
125000.00,125000.00,126962.66,11,11,11,11,11,0.015870,0.9465,0.9249
125000.00,125000.00,127128.60,9,9,9,9,9,0.015891,0.9465,0.9529
125000.00,125000.00,121119.02,9,9,9,9,9,0.015140,0.9313,0.9431
125000.00,125000.00,121237.75,11,11,11,11,11,0.015155,0.9289,0.8932
125000.00,125000.00,113501.55,11,11,11,11,11,0.014188,0.8992,0.9044
125000.00,125000.00,120051.38,9,9,9,9,9,0.015006,0.8981,0.9402
125000.00,125000.00,125957.49,11,11,11,11,11,0.015745,0.8408,0.9132
125000.00,125000.00,125910.28,10,10,10,10,10,0.015739,0.9292,0.9295
125000.00,125000.00,124124.53,10,10,10,10,10,0.015516,0.8690,0.8947
125000.00,125000.00,125004.77,10,10,10,10,10,0.015626,0.7229,0.8229
125000.00,125000.00,121608.73,9,9,9,9,9,0.015201,0.9447,0.9138
125000.00,125000.00,122514.72,9,9,9,9,9,0.015314,0.9413,0.9601
125000.00,125000.00,122468.95,9,9,9,9,9,0.015309,0.8904,0.9583
125000.00,125000.00,128667.83,9,9,9,9,9,0.016083,0.7960,0.7676
125000.00,125000.00,122976.90,11,11,11,11,11,0.015372,0.9369,0.9163
125000.00,125000.00,125663.28,11,11,11,11,11,0.015708,0.9174,0.9192
125000.00,125000.00,125438.69,11,11,11,11,11,0.015680,0.9048,0.8983
125000.00,125000.00,125261.55,11,11,11,11,11,0.015658,0.8879,0.8485
125000.00,125000.00,125356.67,11,11,11,11,11,0.015670,0.8595,0.9186
125000.00,125000.00,123543.74,10,10,10,10,10,0.015443,0.9189,0.9265
125000.00,125000.00,136852.26,10,10,10,10,10,0.017107,0.8676,0.8613
125000.00,125000.00,125548.60,10,10,10,10,10,0.015694,0.8185,0.8587
125000.00,125000.00,124390.60,10,10,10,10,10,0.015549,0.9647,0.9834
125000.00,125000.00,124237.06,10,10,10,10,10,0.015530,0.9264,0.9587
125000.00,125000.00,120899.20,10,10,10,10,10,0.015112,0.9256,0.8860
125000.00,125000.00,123476.03,10,10,10,10,10,0.015435,0.9231,0.9399
125000.00,125000.00,126568.79,10,10,10,10,10,0.015821,0.8877,0.9196
125000.00,125000.00,124458.79,10,10,10,10,10,0.015557,0.9525,0.9860
125000.00,125000.00,124826.43,9,9,9,9,9,0.015603,0.9287,0.9658
125000.00,125000.00,132133.01,9,9,9,9,9,0.016517,0.9267,0.9314
125000.00,125000.00,123443.60,9,9,9,9,9,0.015430,0.9232,0.9826
125000.00,125000.00,116363.53,9,9,9,9,9,0.014545,0.9214,0.8778
125000.00,125000.00,129864.22,9,9,9,9,9,0.016233,0.9620,0.9062
125000.00,125000.00,127351.76,9,9,9,9,9,0.015919,0.9488,0.9503
125000.00,125000.00,123873.71,9,9,9,9,9,0.015484,0.9470,0.9530
125000.00,125000.00,132165.19,9,9,9,9,9,0.016521,0.9271,0.9327
125000.00,125000.00,127573.01,9,9,9,9,9,0.015947,0.8844,0.8229
125000.00,125000.00,125993.73,9,9,9,9,9,0.015749,0.9588,0.9176
125000.00,125000.00,124038.70,9,9,9,9,9,0.015505,0.9461,0.9150
125000.00,125000.00,123147.01,9,9,9,9,9,0.015393,0.9507,0.9843
125000.00,125000.00,126981.74,9,9,9,9,9,0.015873,0.9477,0.9156
125000.00,125000.00,124256.13,9,9,9,9,9,0.015532,0.9372,0.9873
125000.00,125000.00,120609.28,9,9,9,9,9,0.015076,0.9356,0.9618
125000.00,125000.00,123260.26,9,9,9,9,9,0.015408,0.9119,0.9247
125000.00,125000.00,119189.74,9,9,9,9,9,0.014899,0.8998,0.9085
125000.00,125000.00,120759.96,9,9,9,9,9,0.015095,0.8860,0.9421
125000.00,125000.00,126794.82,9,9,9,9,9,0.015849,0.7366,0.6448
125000.00,125000.00,125612.26,9,9,9,9,9,0.015702,0.7118,0.6177
125000.00,125000.00,131338.60,10,10,10,10,10,0.016417,0.8876,0.9466
125000.00,125000.00,132381.44,9,9,9,9,9,0.016548,0.9451,0.8865
125000.00,125000.00,125240.33,9,9,9,9,9,0.015655,0.9372,0.9931
125000.00,125000.00,127294.54,9,9,9,9,9,0.015912,0.9625,0.9565
125000.00,125000.00,126022.34,9,9,9,9,9,0.015753,0.9453,0.9065
125000.00,125000.00,125849.72,9,9,9,9,9,0.015731,0.9367,0.9441
125000.00,125000.00,154027.94,9,9,10,9,10,0.019253,0.8653,0.7905
125000.00,125000.00,134518.15,9,9,9,9,9,0.016815,0.7212,0.6004
125000.00,125000.00,125525.47,10,10,10,10,10,0.015691,0.9349,0.9627
125000.00,125000.00,127935.89,10,10,10,10,10,0.015992,0.8416,0.9194
125000.00,125000.00,113804.82,10,10,10,10,10,0.014226,0.8290,0.8985
125000.00,125000.00,123551.85,10,10,10,10,10,0.015444,0.9584,0.9290
125000.00,125000.00,129441.02,10,10,10,10,10,0.016180,0.8778,0.9007
125000.00,125000.00,126541.14,10,10,10,10,10,0.015818,0.8669,0.8055
125000.00,125000.00,124255.18,9,9,9,9,9,0.015532,0.9621,0.9742
125000.00,125000.00,119969.37,9,9,9,9,9,0.014996,0.9199,0.9580
125000.00,125000.00,120671.51,9,9,9,9,9,0.015084,0.8682,0.8041
125000.00,125000.00,125307.08,9,9,9,9,9,0.015663,0.9387,0.9046
125000.00,125000.00,124271.39,9,9,9,9,9,0.015534,0.9251,0.8990
125000.00,125000.00,130290.99,9,9,9,9,9,0.016286,0.8890,0.8502
125000.00,125000.00,128355.03,9,9,9,9,9,0.016044,0.8824,0.8960
125000.00,125000.00,124834.54,9,9,9,9,9,0.015604,0.8783,0.9400
125000.00,125000.00,130329.13,9,9,9,9,9,0.016291,0.8181,0.9085
125000.00,125000.00,132523.78,9,9,9,9,9,0.016565,0.9264,0.9387
125000.00,125000.00,127764.70,9,9,9,9,9,0.015971,0.8104,0.7525
125000.00,125000.00,141248.70,9,9,9,9,9,0.017656,0.7913,0.8808
125000.00,125000.00,126547.81,9,9,9,9,9,0.015818,0.9471,0.9857
125000.00,125000.00,122635.60,9,9,9,9,9,0.015329,0.9401,0.9788
125000.00,125000.00,125647.54,9,9,9,9,9,0.015706,0.9284,0.9361
125000.00,125000.00,130357.74,9,9,9,9,9,0.016295,0.8548,0.8854
250000.00,250000.00,255241.39,11,11,11,11,11,0.031905,0.9783,0.9731
250000.00,250000.00,247369.05,10,10,10,10,10,0.030921,0.9708,0.9860
250000.00,250000.00,229379.65,10,10,10,10,10,0.028672,0.7954,0.9137
250000.00,250000.00,249086.38,11,11,11,11,11,0.031136,0.7669,0.9909
250000.00,250000.00,247489.93,10,10,10,10,10,0.030936,0.9804,0.9732
250000.00,250000.00,254849.43,11,11,11,11,11,0.031856,0.9415,0.9750
250000.00,250000.00,252319.34,12,12,12,12,12,0.031540,0.9294,0.9606
250000.00,250000.00,252287.86,12,12,12,12,12,0.031536,0.9247,0.9713
250000.00,250000.00,254302.98,11,11,11,11,11,0.031788,0.8715,0.9769
250000.00,250000.00,249861.00,12,12,12,12,12,0.031233,0.8656,0.9731
250000.00,250000.00,244318.25,11,11,11,11,11,0.030540,0.9796,0.9741
250000.00,250000.00,252002.66,11,11,11,11,11,0.031500,0.9683,0.9903
250000.00,250000.00,251691.82,10,10,10,10,10,0.031461,0.9636,0.9619
250000.00,250000.00,249956.13,10,10,10,10,10,0.031245,0.9586,0.9969
250000.00,250000.00,249050.14,12,12,12,12,12,0.031131,0.9494,0.9889
250000.00,250000.00,234399.80,12,12,12,12,12,0.029300,0.9408,0.9119
250000.00,250000.00,257465.36,10,10,10,10,10,0.032183,0.9307,0.9680
250000.00,250000.00,251150.85,12,12,12,12,12,0.031394,0.8436,0.8999
250000.00,250000.00,249593.73,11,11,11,11,11,0.031199,0.9826,0.9862
250000.00,250000.00,246249.68,11,11,11,11,11,0.030781,0.9738,0.9825
250000.00,250000.00,250820.16,10,10,10,10,10,0.031353,0.9685,0.9916
250000.00,250000.00,252030.37,11,11,11,11,11,0.031504,0.9651,0.9909
250000.00,250000.00,249958.04,10,10,10,10,10,0.031245,0.9630,0.9917
250000.00,250000.00,251225.47,12,12,12,12,12,0.031403,0.9400,0.9817
250000.00,250000.00,255360.84,11,11,11,11,11,0.031920,0.9173,0.9625
250000.00,250000.00,258203.51,11,11,11,11,11,0.032275,0.9115,0.8948
250000.00,250000.00,251853.47,10,10,10,10,10,0.031482,0.9510,0.9625
250000.00,250000.00,249808.31,12,12,12,12,12,0.031226,0.9437,0.9922
250000.00,250000.00,252304.08,11,11,11,11,11,0.031538,0.9277,0.9783
250000.00,250000.00,252763.75,12,12,12,12,12,0.031595,0.8702,0.9813
250000.00,250000.00,251492.98,10,10,10,10,10,0.031437,0.9615,0.9774
250000.00,250000.00,247429.85,11,11,11,11,11,0.030929,0.9531,0.9545
250000.00,250000.00,243739.60,12,12,12,12,12,0.030467,0.9502,0.9532
250000.00,250000.00,247026.68,12,12,12,12,12,0.030878,0.9335,0.9125
250000.00,250000.00,238620.76,11,11,11,11,11,0.029828,0.9451,0.9336
250000.00,250000.00,251874.69,10,10,10,10,10,0.031484,0.9293,0.9363
250000.00,250000.00,245609.28,10,10,10,10,10,0.030701,0.9056,0.9387
250000.00,250000.00,240117.07,11,11,11,11,11,0.030015,0.9042,0.9396
250000.00,250000.00,249801.64,12,12,12,12,12,0.031225,0.8641,0.9651
250000.00,250000.00,255793.57,12,12,12,12,12,0.031974,0.9003,0.9178
250000.00,250000.00,255292.89,11,11,11,11,11,0.031912,0.7787,0.9462
250000.00,250000.00,282837.87,12,12,12,12,12,0.035355,0.8206,0.7884
250000.00,250000.00,260622.02,10,10,10,10,10,0.032578,0.9765,0.9565
250000.00,250000.00,255243.30,11,11,11,11,11,0.031905,0.9708,0.9743
250000.00,250000.00,251478.20,11,11,11,11,11,0.031435,0.9682,0.9285
250000.00,250000.00,253387.45,10,10,10,10,10,0.031673,0.9550,0.9752
250000.00,250000.00,247975.35,11,11,11,11,11,0.030997,0.9365,0.9851
250000.00,250000.00,257030.49,12,12,12,12,12,0.032129,0.7124,0.9669
250000.00,250000.00,257966.52,10,10,10,10,10,0.032246,0.9740,0.9310
250000.00,250000.00,250507.83,12,12,12,12,12,0.031313,0.9643,0.9798
250000.00,250000.00,246354.10,12,12,12,12,12,0.030794,0.9345,0.9792
250000.00,250000.00,250151.63,12,12,12,12,12,0.031269,0.8836,0.9080
250000.00,250000.00,249304.29,10,10,10,10,10,0.031163,0.9555,0.9782
250000.00,250000.00,248425.48,11,11,11,11,11,0.031053,0.8853,0.9836
250000.00,250000.00,244663.24,12,12,12,12,12,0.030583,0.8828,0.9178
250000.00,250000.00,247060.30,12,12,12,12,12,0.030883,0.8593,0.9552
250000.00,250000.00,249130.25,11,11,11,11,11,0.031141,0.9562,0.9659
250000.00,250000.00,248708.72,12,12,12,12,12,0.031089,0.9520,0.9903
250000.00,250000.00,254970.55,12,12,12,12,12,0.031871,0.9299,0.9201
250000.00,250000.00,252309.80,12,12,12,12,12,0.031539,0.9543,0.9880
250000.00,250000.00,245791.08,12,12,12,12,12,0.030724,0.9088,0.6395
250000.00,250000.00,250774.38,10,10,10,10,10,0.031347,0.8901,0.8397
250000.00,250000.00,246979.71,10,10,10,10,10,0.030872,0.9484,0.9830
250000.00,250000.00,251018.52,12,12,12,12,12,0.031377,0.7197,0.9586
250000.00,250000.00,252004.15,11,11,11,11,11,0.031501,0.9559,0.9804
250000.00,250000.00,252575.76,11,11,11,11,11,0.031572,0.9556,0.9713
250000.00,250000.00,255014.30,11,11,11,11,11,0.031877,0.9556,0.9703
250000.00,250000.00,251142.50,12,12,12,12,12,0.031393,0.9139,0.9928
250000.00,250000.00,246620.18,12,12,12,12,12,0.030828,0.9446,0.9837
250000.00,250000.00,244838.71,12,12,12,12,12,0.030605,0.9428,0.9769
250000.00,187500.00,250686.65,10,9,10,9,10,0.031336,0.9047,0.9707
250000.00,250000.00,250177.38,11,11,11,11,11,0.031272,0.7542,0.9647
250000.00,187500.00,246167.18,10,9,10,9,10,0.030771,0.7353,0.9460
250000.00,250000.00,254047.39,10,10,10,10,10,0.031756,0.9684,0.9829
250000.00,250000.00,253120.42,10,10,10,10,10,0.031640,0.9641,0.9821
250000.00,250000.00,245471.95,10,10,10,10,10,0.030684,0.9322,0.9739
250000.00,250000.00,245366.10,12,12,12,12,12,0.030671,0.8796,0.8978
250000.00,250000.00,252386.09,10,10,10,10,10,0.031548,0.9531,0.9758
250000.00,250000.00,249490.74,10,10,10,10,10,0.031186,0.9324,0.9550
250000.00,250000.00,254801.75,12,12,12,12,12,0.031850,0.9118,0.9759
250000.00,250000.00,255949.74,12,12,12,12,12,0.031994,0.9758,0.9491
250000.00,250000.00,248916.39,11,11,11,11,11,0.031115,0.9724,0.9891
250000.00,250000.00,253090.86,11,11,11,11,11,0.031636,0.9375,0.9186
250000.00,250000.00,246387.48,10,10,10,10,10,0.030798,0.9100,0.9827
250000.00,250000.00,252699.85,10,10,10,10,10,0.031587,0.9526,0.9643
250000.00,250000.00,250802.99,10,10,10,10,10,0.031350,0.8943,0.9583
250000.00,250000.00,232254.03,12,12,12,12,12,0.029032,0.8658,0.9225
250000.00,250000.00,254340.17,12,12,12,12,12,0.031793,0.7682,0.6035
250000.00,250000.00,249899.86,11,11,11,11,11,0.031237,0.9765,0.9733
250000.00,250000.00,252674.10,11,11,11,11,11,0.031584,0.9750,0.9852
250000.00,250000.00,253875.73,11,11,11,11,11,0.031734,0.9749,0.9740
250000.00,250000.00,251448.63,11,11,11,11,11,0.031431,0.9737,0.9917
250000.00,250000.00,254102.23,12,12,12,12,12,0.031763,0.9646,0.9779
250000.00,250000.00,251865.39,10,10,10,10,10,0.031483,0.9569,0.9868
250000.00,250000.00,234951.73,12,12,12,12,12,0.029369,0.7457,0.9373
250000.00,250000.00,247363.09,11,11,11,11,11,0.030920,0.9726,0.9871
250000.00,250000.00,249156.48,11,11,11,11,11,0.031145,0.9440,0.9820
250000.00,250000.00,251154.90,11,11,11,11,11,0.031394,0.9404,0.9756
250000.00,250000.00,251260.28,10,10,10,10,10,0.031408,0.9245,0.9594
250000.00,250000.00,242793.32,10,10,10,10,10,0.030349,0.9233,0.9541
250000.00,250000.00,252342.10,11,11,11,11,11,0.031543,0.8813,0.8076
250000.00,250000.00,246719.60,10,10,10,10,10,0.030840,0.8575,0.9562
250000.00,250000.00,249532.70,11,11,11,11,11,0.031192,0.9232,0.9911
250000.00,250000.00,248552.32,10,10,10,10,10,0.031069,0.9043,0.9836
250000.00,187500.00,251164.91,12,11,12,11,12,0.031396,0.8661,0.9575
250000.00,187500.00,251247.88,12,11,12,11,12,0.031406,0.7794,0.9913
250000.00,250000.00,250080.11,11,11,11,11,11,0.031260,0.9626,0.9894
250000.00,250000.00,245399.48,11,11,11,11,11,0.030675,0.9543,0.9600
250000.00,250000.00,250846.86,12,12,12,12,12,0.031356,0.9236,0.9620
250000.00,250000.00,251372.34,12,12,12,12,12,0.031422,0.8225,0.7445
250000.00,250000.00,243713.38,12,12,12,12,12,0.030464,0.7764,0.5035
250000.00,250000.00,232852.94,11,11,11,11,11,0.029107,0.7022,0.9092
250000.00,250000.00,254850.39,10,10,10,10,10,0.031856,0.9680,0.9790
250000.00,250000.00,235875.13,12,12,12,12,12,0.029484,0.9581,0.9416
250000.00,250000.00,244497.30,10,10,10,10,10,0.030562,0.8909,0.9714
250000.00,250000.00,249078.75,11,11,11,11,11,0.031135,0.9576,0.9780
250000.00,250000.00,254236.94,10,10,10,10,10,0.031780,0.9517,0.9700
250000.00,250000.00,248716.35,12,12,12,12,12,0.031090,0.9691,0.9889
250000.00,250000.00,249046.80,11,11,11,11,11,0.031131,0.9657,0.9701
250000.00,250000.00,248664.38,11,11,11,11,11,0.031083,0.9639,0.9548
250000.00,250000.00,252578.74,10,10,10,10,10,0.031572,0.9337,0.9848
250000.00,250000.00,253332.14,12,12,12,12,12,0.031667,0.8146,0.9262
250000.00,187500.00,210245.13,10,9,9,9,9,0.026281,0.7637,0.8214
250000.00,250000.00,250879.29,11,11,11,11,11,0.031360,0.9546,0.9612
250000.00,250000.00,252958.30,12,12,12,12,12,0.031620,0.9639,0.9819
250000.00,250000.00,250809.67,10,10,10,10,10,0.031351,0.9563,0.9942
250000.00,250000.00,252844.81,11,11,11,11,11,0.031606,0.9533,0.9855
250000.00,250000.00,265281.23,10,10,10,10,10,0.033160,0.9502,0.9379
250000.00,250000.00,232106.21,11,11,11,11,11,0.029013,0.8960,0.8889
250000.00,250000.00,246404.65,10,10,10,10,10,0.030801,0.9769,0.9279
250000.00,250000.00,250370.03,12,12,12,12,12,0.031296,0.9429,0.9945
250000.00,250000.00,249708.65,10,10,10,10,10,0.031214,0.9246,0.9748
250000.00,250000.00,248704.91,11,11,11,11,11,0.031088,0.9635,0.9757
250000.00,250000.00,264228.82,10,10,10,10,10,0.033029,0.8206,0.9097
250000.00,250000.00,251269.82,12,12,12,12,12,0.031409,0.9286,0.9655
250000.00,250000.00,247131.35,11,11,11,11,11,0.030891,0.9144,0.9628
250000.00,250000.00,254606.72,10,10,10,10,10,0.031826,0.8957,0.9722
250000.00,250000.00,252904.18,12,12,12,12,12,0.031613,0.8779,0.9258
250000.00,250000.00,258354.19,10,10,10,10,10,0.032294,0.7637,0.9559
250000.00,250000.00,253734.59,10,10,10,10,10,0.031717,0.9296,0.9228
250000.00,250000.00,243123.53,12,12,12,12,12,0.030390,0.9192,0.9058
250000.00,250000.00,252393.72,11,11,11,11,11,0.031549,0.9655,0.9809
250000.00,250000.00,259154.32,10,10,10,10,10,0.032394,0.9266,0.9412
250000.00,250000.00,250570.30,10,10,10,10,10,0.031321,0.9182,0.9761
250000.00,250000.00,255661.01,12,12,12,12,12,0.031958,0.8975,0.9185
250000.00,250000.00,253892.90,10,10,10,10,10,0.031737,0.8749,0.9474
250000.00,250000.00,267816.07,11,11,11,11,11,0.033477,0.8552,0.9326
250000.00,250000.00,244279.86,12,12,12,12,12,0.030535,0.8489,0.9537
250000.00,250000.00,252682.69,10,10,10,10,10,0.031585,0.9775,0.9813
250000.00,250000.00,252145.29,12,12,12,12,12,0.031518,0.9409,0.9675
250000.00,250000.00,251460.08,12,12,12,12,12,0.031433,0.9246,0.9093
250000.00,250000.00,243963.24,10,10,10,10,10,0.030495,0.9661,0.9626
250000.00,187500.00,251857.76,10,9,10,9,10,0.031482,0.8211,0.9587
250000.00,250000.00,237955.57,10,10,10,10,10,0.029744,0.7727,0.9492
250000.00,187500.00,249607.09,11,10,11,10,11,0.031201,0.8876,0.9547
250000.00,250000.00,257867.81,12,12,12,12,12,0.032233,0.7096,0.9095
250000.00,250000.00,247529.98,10,10,10,10,10,0.030941,0.9772,0.9725
250000.00,250000.00,246757.73,12,12,12,12,12,0.030845,0.9498,0.9377
250000.00,250000.00,251549.24,11,11,11,11,11,0.031444,0.9458,0.9871
250000.00,250000.00,246616.36,12,12,12,12,12,0.030827,0.9324,0.9737
250000.00,250000.00,248453.14,12,12,12,12,12,0.031057,0.9151,0.9208
250000.00,250000.00,254474.16,10,10,10,10,10,0.031809,0.8968,0.9200
250000.00,250000.00,246374.13,11,11,11,11,11,0.030797,0.9679,0.9815
250000.00,250000.00,250373.96,10,10,10,10,10,0.031297,0.9637,0.9740
250000.00,250000.00,251677.51,10,10,10,10,10,0.031460,0.8943,0.9087
250000.00,250000.00,253106.12,11,11,11,11,11,0.031638,0.9689,0.9803
250000.00,250000.00,249195.10,12,12,12,12,12,0.031149,0.9640,0.9773
250000.00,250000.00,247652.05,12,12,12,12,12,0.030957,0.9497,0.9876
250000.00,250000.00,250586.51,11,11,11,11,11,0.031323,0.9445,0.9771
250000.00,250000.00,250744.34,10,10,10,10,10,0.031343,0.9365,0.9783
250000.00,187500.00,236789.70,11,10,11,10,11,0.029599,0.9164,0.9101
250000.00,250000.00,249741.08,10,10,10,10,10,0.031218,0.9275,0.9004
250000.00,250000.00,261278.15,10,10,10,10,10,0.032660,0.8209,0.5841
250000.00,250000.00,249114.99,11,11,11,11,11,0.031139,0.9694,0.9787
250000.00,250000.00,248008.73,11,11,11,11,11,0.031001,0.9875,0.9878
250000.00,250000.00,250165.94,10,10,10,10,10,0.031271,0.9728,0.9815
250000.00,250000.00,248973.85,10,10,10,10,10,0.031122,0.9683,0.9812
250000.00,250000.00,251135.83,11,11,11,11,11,0.031392,0.9425,0.8936
250000.00,250000.00,255204.68,11,11,11,11,11,0.031901,0.9662,0.9725
250000.00,250000.00,246377.94,11,11,11,11,11,0.030797,0.9553,0.9496
250000.00,250000.00,253145.22,11,11,11,11,11,0.031643,0.9672,0.9611
250000.00,250000.00,250246.05,10,10,10,10,10,0.031281,0.9589,0.9849
250000.00,250000.00,249503.14,12,12,12,12,12,0.031188,0.9420,0.9691
250000.00,250000.00,256916.05,12,12,12,12,12,0.032115,0.9396,0.9642
250000.00,250000.00,248058.32,12,12,12,12,12,0.031007,0.8539,0.8929
250000.00,250000.00,246519.33,11,11,11,11,11,0.030815,0.7058,0.9789
250000.00,250000.00,247057.44,10,10,10,10,10,0.030882,0.9673,0.9858
250000.00,250000.00,252634.05,10,10,10,10,10,0.031579,0.9640,0.9881
250000.00,250000.00,243906.97,11,11,11,11,11,0.030488,0.8239,0.9662
250000.00,250000.00,244012.83,11,11,11,11,11,0.030502,0.9768,0.9729
250000.00,250000.00,249973.06,12,12,12,12,12,0.031247,0.9600,0.9576
250000.00,250000.00,251085.28,11,11,11,11,11,0.031386,0.9507,0.9901
250000.00,250000.00,245621.92,10,10,10,10,10,0.030703,0.9472,0.9499
250000.00,250000.00,256791.59,12,12,12,12,12,0.032099,0.9460,0.9679
250000.00,250000.00,253416.06,12,12,12,12,12,0.031677,0.9242,0.9257
250000.00,250000.00,249769.57,11,11,11,11,11,0.031221,0.8291,0.7831
250000.00,250000.00,248244.29,11,11,11,11,11,0.031031,0.9812,0.9605
250000.00,250000.00,250994.21,10,10,10,10,10,0.031374,0.9738,0.9740
250000.00,250000.00,258192.06,10,10,10,10,10,0.032274,0.9711,0.9528
250000.00,250000.00,243944.17,11,11,11,11,11,0.030493,0.9653,0.9753
250000.00,250000.00,249858.86,12,12,12,12,12,0.031232,0.9839,0.9850
250000.00,250000.00,250770.57,10,10,10,10,10,0.031346,0.9670,0.9689
250000.00,250000.00,248070.72,12,12,12,12,12,0.031009,0.9448,0.9672
250000.00,250000.00,248741.63,11,11,11,11,11,0.031093,0.9421,0.9186
250000.00,250000.00,267714.26,10,10,10,10,10,0.033464,0.9392,0.7850
250000.00,250000.00,242888.45,11,11,11,11,11,0.030361,0.8513,0.9467
250000.00,250000.00,242226.60,11,11,11,11,11,0.030278,0.9732,0.9588
250000.00,250000.00,251378.06,12,12,12,12,12,0.031422,0.9643,0.9516
250000.00,250000.00,248764.04,11,11,11,11,11,0.031096,0.9625,0.9768
250000.00,250000.00,252213.48,12,12,12,12,12,0.031527,0.9469,0.9800
250000.00,250000.00,256267.55,12,12,12,12,12,0.032033,0.9359,0.9150
250000.00,250000.00,235365.87,11,11,11,11,11,0.029421,0.8788,0.9366
250000.00,250000.00,252273.56,10,10,10,10,10,0.031534,0.9685,0.9802
250000.00,250000.00,252564.91,12,12,12,12,12,0.031571,0.9641,0.9727
250000.00,250000.00,248218.54,12,12,12,12,12,0.031027,0.9626,0.9832
250000.00,250000.00,249090.08,11,11,11,11,11,0.031136,0.9550,0.9257
250000.00,250000.00,247093.20,11,11,11,11,11,0.030887,0.9502,0.9582
250000.00,250000.00,168888.76,11,11,11,10,10,0.021111,0.9182,0.8887
250000.00,250000.00,246828.08,12,12,12,12,12,0.030854,0.9608,0.9726
250000.00,250000.00,252342.22,12,12,12,12,12,0.031543,0.8666,0.9640
250000.00,250000.00,249184.13,12,12,12,12,12,0.031148,0.8671,0.9660
250000.00,250000.00,240386.96,10,10,10,10,10,0.030048,0.8387,0.9322
250000.00,187500.00,239178.66,11,10,11,10,11,0.029897,0.8755,0.9471
250000.00,250000.00,248020.17,12,12,12,12,12,0.031003,0.8526,0.9289
250000.00,187500.00,231120.59,10,9,10,9,10,0.028890,0.8183,0.9097
250000.00,250000.00,254860.88,12,12,12,12,12,0.031858,0.8157,0.6940
250000.00,250000.00,246555.57,11,11,11,11,11,0.030819,0.7875,0.9355
250000.00,250000.00,254228.59,12,12,12,12,12,0.031779,0.8750,0.9779
250000.00,250000.00,252096.18,12,12,12,12,12,0.031512,0.9394,0.9494
250000.00,250000.00,237182.62,12,12,12,12,12,0.029648,0.8044,0.6890
250000.00,250000.00,255926.13,11,11,11,11,11,0.031991,0.7345,0.9587
250000.00,250000.00,249045.37,10,10,10,10,10,0.031131,0.9726,0.9660
250000.00,250000.00,246908.19,10,10,10,10,10,0.030864,0.9646,0.9671
250000.00,250000.00,251787.19,12,12,12,12,12,0.031473,0.9386,0.9828
250000.00,250000.00,250170.71,11,11,11,11,11,0.031271,0.9296,0.9938
250000.00,250000.00,248538.97,12,12,12,12,12,0.031067,0.8946,0.9847
250000.00,250000.00,249198.44,10,10,10,10,10,0.031150,0.8397,0.9709
250000.00,250000.00,243368.15,11,11,11,11,11,0.030421,0.9204,0.9720
250000.00,250000.00,247674.94,12,12,12,12,12,0.030959,0.9148,0.9626
250000.00,250000.00,240772.25,11,11,11,11,11,0.030097,0.8917,0.9585
250000.00,250000.00,256320.48,11,11,11,11,11,0.032040,0.7084,0.9653
250000.00,250000.00,243204.59,12,12,12,12,12,0.030401,0.7222,0.9182
250000.00,250000.00,252419.47,10,10,10,10,10,0.031552,0.9758,0.9858
250000.00,250000.00,256698.61,10,10,10,10,10,0.032087,0.9725,0.9604
250000.00,250000.00,249428.75,12,12,12,12,12,0.031179,0.9554,0.9951
250000.00,250000.00,252433.78,10,10,10,10,10,0.031554,0.9778,0.9885
250000.00,250000.00,254981.52,12,12,12,12,12,0.031873,0.9559,0.9767
250000.00,250000.00,256145.48,10,10,10,10,10,0.032018,0.9197,0.9602
250000.00,250000.00,236873.63,11,11,11,11,11,0.029609,0.9197,0.9455
250000.00,250000.00,252089.02,11,11,11,11,11,0.031511,0.7025,0.9856
250000.00,250000.00,249887.47,12,12,12,12,12,0.031236,0.9642,0.9868
250000.00,250000.00,252379.42,11,11,11,11,11,0.031547,0.7350,0.9629
250000.00,250000.00,255902.14,10,10,10,10,10,0.031988,0.9735,0.9642
250000.00,250000.00,247559.55,10,10,10,10,10,0.030945,0.9675,0.9437
250000.00,250000.00,245712.28,12,12,12,12,12,0.030714,0.9541,0.9711
250000.00,250000.00,251115.32,12,12,12,12,12,0.031389,0.9293,0.9575
250000.00,250000.00,261460.78,12,12,12,12,12,0.032683,0.9233,0.9532
250000.00,250000.00,238852.02,11,11,11,11,11,0.029857,0.8907,0.9395
250000.00,250000.00,250112.53,12,12,12,12,12,0.031264,0.8642,0.9045
250000.00,250000.00,243764.88,12,12,12,12,12,0.030471,0.9386,0.8584
250000.00,250000.00,241940.50,11,11,11,11,11,0.030243,0.9284,0.9184
250000.00,250000.00,246795.65,11,11,11,11,11,0.030849,0.9190,0.9598
250000.00,250000.00,251184.46,12,12,12,12,12,0.031398,0.9722,0.9354
250000.00,250000.00,247894.29,12,12,12,12,12,0.030987,0.9538,0.9882
250000.00,250000.00,251955.03,10,10,10,10,10,0.031494,0.9530,0.9896
250000.00,250000.00,247434.62,12,12,12,12,12,0.030929,0.9524,0.9834
250000.00,250000.00,252139.57,12,12,12,12,12,0.031517,0.9514,0.9855
250000.00,250000.00,241427.42,11,11,11,11,11,0.030178,0.7830,0.9590
250000.00,250000.00,247841.84,11,11,11,11,11,0.030980,0.8684,0.9541
250000.00,250000.00,237569.81,12,12,12,12,12,0.029696,0.8054,0.8446
250000.00,250000.00,214383.60,10,10,10,10,10,0.026798,0.8022,0.8525
250000.00,250000.00,213510.99,12,12,12,12,12,0.026689,0.7179,0.5497
250000.00,250000.00,252135.04,10,10,10,10,10,0.031517,0.9797,0.9693
250000.00,250000.00,249863.39,10,10,10,10,10,0.031233,0.9592,0.9550
250000.00,250000.00,248057.37,10,10,10,10,10,0.031007,0.9428,0.9732
250000.00,250000.00,243452.07,10,10,10,10,10,0.030432,0.9085,0.9682
250000.00,250000.00,244992.26,11,11,11,11,11,0.030624,0.8260,0.9768
250000.00,250000.00,221115.11,11,11,11,11,11,0.027639,0.8813,0.8711
250000.00,250000.00,240961.07,12,12,12,12,12,0.030120,0.8694,0.9592
250000.00,250000.00,233362.91,12,12,12,12,12,0.029170,0.8682,0.5775
250000.00,250000.00,252141.00,10,10,10,10,10,0.031518,0.9632,0.9872
250000.00,250000.00,247671.13,10,10,10,10,10,0.030959,0.9747,0.9834
250000.00,250000.00,251651.76,12,12,12,12,12,0.031456,0.9655,0.9771
250000.00,250000.00,252844.81,12,12,12,12,12,0.031606,0.9555,0.9742
250000.00,250000.00,253753.19,12,12,12,12,12,0.031719,0.9291,0.9828
250000.00,250000.00,248906.61,10,10,10,10,10,0.031113,0.9784,0.9928
250000.00,250000.00,249920.37,11,11,11,11,11,0.031240,0.9762,0.9612
250000.00,250000.00,251152.04,10,10,10,10,10,0.031394,0.9650,0.9846
250000.00,250000.00,280534.74,10,10,10,10,10,0.035067,0.9574,0.8724
250000.00,250000.00,255369.19,11,11,11,11,11,0.031921,0.8923,0.9759
250000.00,250000.00,249866.96,12,12,12,12,12,0.031233,0.9716,0.9857
250000.00,250000.00,246934.89,11,11,11,11,11,0.030867,0.9665,0.9833
250000.00,250000.00,249960.66,10,10,10,10,10,0.031245,0.9653,0.9919
250000.00,250000.00,255681.28,12,12,12,12,12,0.031960,0.9442,0.9758
250000.00,250000.00,253768.92,10,10,10,10,10,0.031721,0.9221,0.9824
250000.00,250000.00,251542.78,10,10,10,10,10,0.031443,0.9715,0.9790
250000.00,250000.00,248781.20,11,11,11,11,11,0.031098,0.9593,0.9747
250000.00,250000.00,248185.99,11,11,11,11,11,0.031023,0.9567,0.9787
250000.00,250000.00,250252.72,11,11,11,11,11,0.031282,0.9538,0.9931
250000.00,250000.00,249414.44,12,12,12,12,12,0.031177,0.8890,0.9830
250000.00,250000.00,251084.33,12,12,12,12,12,0.031386,0.7254,0.9717
250000.00,250000.00,250550.27,11,11,11,11,11,0.031319,0.9726,0.9953
250000.00,250000.00,250732.42,12,12,12,12,12,0.031342,0.9612,0.9887
250000.00,250000.00,251177.79,11,11,11,11,11,0.031397,0.9163,0.9936
250000.00,250000.00,249876.98,12,12,12,12,12,0.031235,0.9791,0.9738
250000.00,250000.00,252321.24,10,10,10,10,10,0.031540,0.9512,0.9719
250000.00,250000.00,247260.09,10,10,10,10,10,0.030908,0.9423,0.9806
250000.00,250000.00,250486.37,12,12,12,12,12,0.031311,0.9164,0.9860
250000.00,250000.00,248365.16,11,11,11,11,11,0.031046,0.9814,0.9787
250000.00,250000.00,246902.47,12,12,12,12,12,0.030863,0.9685,0.9823
250000.00,250000.00,249501.23,12,12,12,12,12,0.031188,0.9670,0.9781
250000.00,250000.00,240220.55,10,10,10,10,10,0.030028,0.9657,0.9382
250000.00,250000.00,251320.84,12,12,12,12,12,0.031415,0.9628,0.9720
250000.00,250000.00,249116.90,11,11,11,11,11,0.031140,0.9640,0.9821
250000.00,250000.00,254449.37,12,12,12,12,12,0.031806,0.8784,0.9118
250000.00,250000.00,249980.93,10,10,10,10,10,0.031248,0.9572,0.9232
250000.00,250000.00,250180.24,12,12,12,12,12,0.031273,0.9564,0.6460
250000.00,250000.00,249494.55,11,11,11,11,11,0.031187,0.9526,0.9165
250000.00,250000.00,250896.45,12,12,12,12,12,0.031362,0.9204,0.9057
250000.00,250000.00,252868.18,10,10,10,10,10,0.031609,0.8680,0.9866
250000.00,250000.00,263953.45,12,12,12,12,12,0.032994,0.8187,0.8912
250000.00,250000.00,250275.61,11,11,11,11,11,0.031284,0.9799,0.9828
250000.00,250000.00,247640.49,11,11,11,11,11,0.030955,0.9459,0.9856
250000.00,250000.00,248768.81,12,12,12,12,12,0.031096,0.9125,0.9788
250000.00,250000.00,241952.90,12,12,12,12,12,0.030244,0.8987,0.9072
250000.00,250000.00,253217.70,12,12,12,12,12,0.031652,0.8090,0.9584
250000.00,250000.00,247369.77,10,10,10,10,10,0.030921,0.9777,0.9760
250000.00,250000.00,251383.78,11,11,11,11,11,0.031423,0.9755,0.9536
250000.00,250000.00,251007.56,11,11,11,11,11,0.031376,0.9727,0.9643
250000.00,250000.00,249370.10,12,12,12,12,12,0.031171,0.9687,0.9685
250000.00,250000.00,251309.39,10,10,10,10,10,0.031414,0.9254,0.9833
250000.00,250000.00,252588.27,12,12,12,12,12,0.031574,0.8766,0.9263
250000.00,250000.00,263025.76,10,10,10,10,10,0.032878,0.8428,0.9301
250000.00,250000.00,248426.44,10,10,10,10,10,0.031053,0.9717,0.9739
250000.00,250000.00,250355.84,11,11,11,11,11,0.031294,0.9680,0.9669
250000.00,250000.00,253439.90,10,10,10,10,10,0.031680,0.9573,0.9563
250000.00,250000.00,249550.82,12,12,12,12,12,0.031194,0.9448,0.9786
250000.00,250000.00,251733.78,10,10,10,10,10,0.031467,0.9727,0.9898
250000.00,250000.00,251792.73,10,10,10,10,10,0.031474,0.9690,0.9386
250000.00,250000.00,251773.83,12,12,12,12,12,0.031472,0.9583,0.9808
250000.00,250000.00,243263.24,11,11,11,11,11,0.030408,0.8984,0.9694
250000.00,250000.00,236204.15,12,12,12,12,12,0.029526,0.9399,0.5941
250000.00,250000.00,240317.34,10,10,10,10,10,0.030040,0.8752,0.9352
250000.00,250000.00,251964.57,10,10,10,10,10,0.031496,0.9831,0.9487
250000.00,250000.00,250162.84,11,11,11,11,11,0.031270,0.9756,0.9918
250000.00,250000.00,252153.40,11,11,11,11,11,0.031519,0.9631,0.9766
250000.00,250000.00,246233.94,11,11,11,11,11,0.030779,0.9478,0.9634
250000.00,250000.00,246352.20,11,11,11,11,11,0.030794,0.8790,0.9549
250000.00,250000.00,254973.41,11,11,11,11,11,0.031872,0.9724,0.9594
250000.00,250000.00,259595.45,11,11,11,11,11,0.032449,0.9155,0.9511
250000.00,250000.00,243581.77,11,11,11,11,11,0.030448,0.8966,0.8296
250000.00,250000.00,251350.40,11,11,11,11,11,0.031419,0.9285,0.9687
250000.00,250000.00,252779.01,11,11,11,11,11,0.031597,0.7816,0.9675
250000.00,250000.00,248908.04,10,10,10,10,10,0.031114,0.9674,0.9868
250000.00,250000.00,246768.00,10,10,10,10,10,0.030846,0.9641,0.9859
250000.00,250000.00,249450.68,12,12,12,12,12,0.031181,0.9298,0.9222
250000.00,250000.00,250490.19,12,12,12,12,12,0.031311,0.9286,0.9771
250000.00,250000.00,251865.39,11,11,11,11,11,0.031483,0.8477,0.9899
250000.00,250000.00,248244.29,10,10,10,10,10,0.031031,0.9830,0.9881
250000.00,250000.00,251702.79,10,10,10,10,10,0.031463,0.9746,0.9786
250000.00,250000.00,249951.36,11,11,11,11,11,0.031244,0.9519,0.9740
250000.00,250000.00,252966.40,11,11,11,11,11,0.031621,0.8464,0.9210
250000.00,250000.00,247762.68,11,11,11,11,11,0.030970,0.9713,0.9840
250000.00,250000.00,245064.74,10,10,10,10,10,0.030633,0.9653,0.9785
250000.00,250000.00,247276.78,12,12,12,12,12,0.030910,0.9691,0.9714
250000.00,250000.00,251691.82,11,11,11,11,11,0.031461,0.9673,0.9769
250000.00,250000.00,246082.78,12,12,12,12,12,0.030760,0.9650,0.9827
250000.00,250000.00,250244.62,10,10,10,10,10,0.031281,0.9606,0.9743
250000.00,250000.00,249738.69,11,11,11,11,11,0.031217,0.9381,0.9336
250000.00,250000.00,256218.91,10,10,10,10,10,0.032027,0.9233,0.9166
250000.00,250000.00,250494.00,10,10,10,10,10,0.031312,0.9566,0.9760
250000.00,250000.00,248810.77,11,11,11,11,11,0.031101,0.9364,0.9823
250000.00,250000.00,246297.84,12,12,12,12,12,0.030787,0.8867,0.8989
250000.00,250000.00,255588.53,10,10,10,10,10,0.031949,0.8361,0.9725
250000.00,250000.00,248722.08,12,12,12,12,12,0.031090,0.9659,0.9451
250000.00,250000.00,248414.99,12,12,12,12,12,0.031052,0.9658,0.9516
250000.00,250000.00,247621.66,12,12,12,12,12,0.030953,0.9476,0.9278
250000.00,250000.00,247709.27,11,11,11,11,11,0.030964,0.9388,0.9560
250000.00,187500.00,254218.85,10,9,10,9,10,0.031777,0.7596,0.9400
250000.00,250000.00,255504.61,11,11,11,11,11,0.031938,0.9518,0.9727
250000.00,250000.00,249666.21,11,11,11,11,11,0.031208,0.9499,0.9155
250000.00,250000.00,247720.72,11,11,11,11,11,0.030965,0.8719,0.9730
250000.00,250000.00,248134.61,12,12,12,12,12,0.031017,0.9729,0.9915
250000.00,250000.00,245250.70,10,10,10,10,10,0.030656,0.9708,0.9780
250000.00,250000.00,250513.08,12,12,12,12,12,0.031314,0.9476,0.9901
250000.00,250000.00,248557.57,11,11,11,11,11,0.031070,0.8580,0.8861
250000.00,250000.00,255667.21,12,12,12,12,12,0.031958,0.9210,0.9180
250000.00,250000.00,260718.35,11,11,11,11,11,0.032590,0.9691,0.9583
250000.00,250000.00,246294.98,11,11,11,11,11,0.030787,0.9679,0.9811
250000.00,250000.00,251941.68,12,12,12,12,12,0.031493,0.9609,0.9713
250000.00,250000.00,251560.21,10,10,10,10,10,0.031445,0.9543,0.9829
250000.00,250000.00,247946.74,10,10,10,10,10,0.030993,0.9416,0.9597
250000.00,250000.00,254009.13,10,10,10,10,10,0.031751,0.9733,0.9798
250000.00,250000.00,250393.87,11,11,11,11,11,0.031299,0.9648,0.9896
250000.00,250000.00,254809.38,11,11,11,11,11,0.031851,0.9427,0.9395
250000.00,250000.00,246117.59,11,11,11,11,11,0.030765,0.9163,0.9491
250000.00,250000.00,246175.77,12,12,12,12,12,0.030772,0.9137,0.9810
250000.00,250000.00,270326.61,12,12,12,12,12,0.033791,0.9118,0.9181
250000.00,250000.00,245471.00,12,12,12,12,12,0.030684,0.8942,0.9032
250000.00,250000.00,235061.65,10,10,10,10,10,0.029383,0.9058,0.9246
250000.00,250000.00,253098.49,10,10,10,10,10,0.031637,0.8093,0.9154
250000.00,250000.00,240478.52,12,12,12,12,12,0.030060,0.7972,0.5738
250000.00,250000.00,233366.01,11,11,11,11,11,0.029171,0.7844,0.8805
250000.00,250000.00,228166.58,11,11,11,11,11,0.028521,0.8611,0.8831
250000.00,250000.00,218388.56,12,12,12,12,12,0.027299,0.7860,0.6378
250000.00,250000.00,247950.55,10,10,10,10,10,0.030994,0.7591,0.9734
250000.00,250000.00,251590.73,12,12,12,12,12,0.031449,0.7101,0.8117
250000.00,250000.00,245795.25,10,10,10,10,10,0.030724,0.9912,0.9562
250000.00,250000.00,251159.43,10,10,10,10,10,0.031395,0.9767,0.9623
250000.00,250000.00,249719.14,11,11,11,11,11,0.031215,0.9611,0.9942
250000.00,250000.00,249610.90,10,10,10,10,10,0.031201,0.9582,0.9690
250000.00,250000.00,244162.56,12,12,12,12,12,0.030520,0.9452,0.9726
250000.00,250000.00,254352.99,10,10,10,10,10,0.031794,0.9741,0.9768
250000.00,250000.00,249957.08,10,10,10,10,10,0.031245,0.9593,0.9691
250000.00,250000.00,250326.16,12,12,12,12,12,0.031291,0.8313,0.9595
250000.00,250000.00,222332.00,10,10,10,10,10,0.027792,0.7365,0.8806
250000.00,250000.00,244031.91,11,11,11,11,11,0.030504,0.7648,0.9235
250000.00,250000.00,245311.74,12,12,12,12,12,0.030664,0.9189,0.9120
250000.00,250000.00,236841.20,11,11,11,11,11,0.029605,0.8385,0.8922
250000.00,250000.00,231906.29,10,10,10,10,10,0.028988,0.8341,0.8638
250000.00,250000.00,246467.59,11,11,11,11,11,0.030808,0.9597,0.9854
250000.00,250000.00,253767.97,11,11,11,11,11,0.031721,0.7174,0.9709
250000.00,250000.00,244575.50,11,11,11,11,11,0.030572,0.7121,0.9614
250000.00,250000.00,249332.43,10,10,10,10,10,0.031167,0.9534,0.9876
250000.00,250000.00,250676.63,10,10,10,10,10,0.031335,0.9804,0.9847
250000.00,250000.00,250045.78,11,11,11,11,11,0.031256,0.9738,0.9897
250000.00,250000.00,254659.65,10,10,10,10,10,0.031832,0.9684,0.9773
250000.00,250000.00,250410.08,12,12,12,12,12,0.031301,0.9621,0.9955
250000.00,250000.00,252904.89,11,11,11,11,11,0.031613,0.9605,0.9513
250000.00,250000.00,246900.08,12,12,12,12,12,0.030863,0.9365,0.9705
250000.00,250000.00,250323.53,11,11,11,11,11,0.031290,0.9138,0.9906
250000.00,250000.00,247600.56,11,11,11,11,11,0.030950,0.9540,0.9876
250000.00,250000.00,256229.40,12,12,12,12,12,0.032029,0.9363,0.9725
250000.00,250000.00,254772.19,11,11,11,11,11,0.031847,0.9335,0.9591
250000.00,250000.00,240631.10,12,12,12,12,12,0.030079,0.9436,0.9563
250000.00,500000.00,441672.33,10,12,12,12,12,0.055209,0.8814,0.5605
250000.00,187500.00,214458.47,12,11,11,11,11,0.026807,0.7938,0.8547
250000.00,250000.00,251777.65,10,10,10,10,10,0.031472,0.9696,0.9902
250000.00,250000.00,244400.02,11,11,11,11,11,0.030550,0.9301,0.9754
250000.00,250000.00,249026.89,12,12,12,12,12,0.031128,0.9182,0.9602
250000.00,250000.00,269279.48,10,10,10,10,10,0.033660,0.8686,0.9068
250000.00,250000.00,252044.68,11,11,11,11,11,0.031506,0.8434,0.9716
250000.00,187500.00,213811.87,11,10,10,10,10,0.026726,0.7659,0.8230
250000.00,250000.00,243376.73,10,10,10,10,10,0.030422,0.9483,0.9719
250000.00,250000.00,253415.11,11,11,11,11,11,0.031677,0.9478,0.9793
250000.00,250000.00,253691.91,11,11,11,11,11,0.031711,0.9086,0.9242
250000.00,250000.00,252531.53,11,11,11,11,11,0.031566,0.9722,0.9858
250000.00,250000.00,248762.13,11,11,11,11,11,0.031095,0.9601,0.9914
250000.00,250000.00,253551.48,12,12,12,12,12,0.031694,0.9473,0.9712
250000.00,250000.00,252164.84,12,12,12,12,12,0.031521,0.8767,0.9870
250000.00,250000.00,248853.68,11,11,11,11,11,0.031107,0.9462,0.9475
250000.00,250000.00,245537.76,10,10,10,10,10,0.030692,0.9107,0.9275
250000.00,250000.00,257452.01,10,10,10,10,10,0.032182,0.9156,0.9684
250000.00,250000.00,263032.20,12,12,12,12,12,0.032879,0.8778,0.9249
250000.00,250000.00,250609.40,12,12,12,12,12,0.031326,0.8007,0.9578
250000.00,250000.00,239297.87,10,10,10,10,10,0.029912,0.9330,0.9405
250000.00,250000.00,247465.13,10,10,10,10,10,0.030933,0.9161,0.9663
250000.00,250000.00,244462.01,12,12,12,12,12,0.030558,0.9142,0.9568
250000.00,250000.00,232508.66,10,10,10,10,10,0.029064,0.8860,0.9086
250000.00,250000.00,245694.40,12,12,12,12,12,0.030712,0.7922,0.9450
250000.00,250000.00,247395.52,12,12,12,12,12,0.030924,0.9698,0.9766
250000.00,250000.00,255558.97,10,10,10,10,10,0.031945,0.9401,0.7771
250000.00,250000.00,253640.17,12,12,12,12,12,0.031705,0.8623,0.9694
250000.00,250000.00,254851.82,10,10,10,10,10,0.031856,0.9754,0.9624
250000.00,250000.00,254334.45,10,10,10,10,10,0.031792,0.9662,0.9827
250000.00,250000.00,248186.59,11,11,11,11,11,0.031023,0.9456,0.9793
250000.00,250000.00,195296.11,11,11,11,10,10,0.024412,0.9220,0.9140
250000.00,250000.00,251047.25,12,12,12,12,12,0.031381,0.9000,0.9859
250000.00,250000.00,243481.16,12,12,12,12,12,0.030435,0.7879,0.9667
250000.00,250000.00,248975.07,10,10,10,10,10,0.031122,0.7261,0.9581
250000.00,250000.00,249207.50,12,12,12,12,12,0.031151,0.9728,0.9868
250000.00,250000.00,247517.59,10,10,10,10,10,0.030940,0.9520,0.9732
250000.00,250000.00,253561.02,12,12,12,12,12,0.031695,0.9383,0.9782
250000.00,250000.00,249114.99,10,10,10,10,10,0.031139,0.8866,0.9437
250000.00,250000.00,251631.74,10,10,10,10,10,0.031454,0.9751,0.9892
250000.00,250000.00,249047.76,11,11,11,11,11,0.031131,0.9543,0.9879
250000.00,250000.00,252600.67,10,10,10,10,10,0.031575,0.9540,0.9589
250000.00,250000.00,251229.76,11,11,11,11,11,0.031404,0.9441,0.9742
250000.00,250000.00,251080.99,11,11,11,11,11,0.031385,0.9271,0.9918
250000.00,250000.00,245748.52,10,10,10,10,10,0.030719,0.9700,0.9584
250000.00,250000.00,251050.47,10,10,10,10,10,0.031381,0.9445,0.9816
250000.00,250000.00,247121.81,11,11,11,11,11,0.030890,0.9650,0.9859
250000.00,250000.00,251781.23,12,12,12,12,12,0.031473,0.9625,0.9609
250000.00,250000.00,247536.66,10,10,10,10,10,0.030942,0.9618,0.9674
250000.00,250000.00,250239.85,12,12,12,12,12,0.031280,0.9575,0.9755
250000.00,250000.00,248909.71,11,11,11,11,11,0.031114,0.9482,0.9674
250000.00,250000.00,250280.38,12,12,12,12,12,0.031285,0.9434,0.9873
250000.00,250000.00,245567.44,10,10,10,10,10,0.030696,0.7282,0.9596
250000.00,250000.00,249292.37,12,12,12,12,12,0.031162,0.9636,0.9831
250000.00,250000.00,250511.17,12,12,12,12,12,0.031314,0.9602,0.9946
250000.00,250000.00,248780.25,10,10,10,10,10,0.031098,0.9375,0.9175
250000.00,250000.00,254370.69,11,11,11,11,11,0.031796,0.9327,0.9725
250000.00,250000.00,260318.28,12,12,12,12,12,0.032540,0.9036,0.9511
250000.00,250000.00,251822.47,10,10,10,10,10,0.031478,0.9594,0.9822
250000.00,250000.00,250460.62,11,11,11,11,11,0.031308,0.9404,0.9496
250000.00,250000.00,246426.58,10,10,10,10,10,0.030803,0.9107,0.9669
250000.00,250000.00,287363.05,11,11,11,11,11,0.035920,0.8342,0.5335
250000.00,250000.00,243145.47,12,12,12,12,12,0.030393,0.7611,0.6145
250000.00,250000.00,250877.38,11,11,11,11,11,0.031360,0.9792,0.9870
250000.00,250000.00,260743.14,10,10,10,10,10,0.032593,0.9698,0.9456
250000.00,250000.00,253374.10,10,10,10,10,10,0.031672,0.9692,0.9823
250000.00,250000.00,252953.53,11,11,11,11,11,0.031619,0.9536,0.9836
250000.00,250000.00,249149.32,12,12,12,12,12,0.031144,0.9467,0.9820
250000.00,250000.00,250433.44,12,12,12,12,12,0.031304,0.8884,0.9325
250000.00,250000.00,246189.59,12,12,12,12,12,0.030774,0.9176,0.9532
250000.00,187500.00,123818.51,10,9,9,8,8,0.015477,0.7172,0.8148
250000.00,250000.00,250834.47,11,11,11,11,11,0.031354,0.9434,0.9756
250000.00,187500.00,239707.95,10,9,10,9,10,0.029963,0.9202,0.9549
250000.00,250000.00,245309.35,12,12,12,12,12,0.030664,0.7754,0.9643
250000.00,187500.00,215528.46,12,11,11,11,11,0.026941,0.7577,0.9008
250000.00,250000.00,247550.96,10,10,10,10,10,0.030944,0.7402,0.9747
250000.00,250000.00,240389.35,12,12,12,12,12,0.030049,0.9071,0.9598
250000.00,250000.00,253960.61,11,11,11,11,11,0.031745,0.8647,0.9612
250000.00,250000.00,230822.56,11,11,11,11,11,0.028853,0.8613,0.8964
250000.00,250000.00,249204.64,11,11,11,11,11,0.031151,0.8573,0.9631
250000.00,250000.00,144143.79,12,12,12,10,10,0.018018,0.7445,0.7563
250000.00,250000.00,251440.05,12,12,12,12,12,0.031430,0.9684,0.9869
250000.00,250000.00,248239.04,10,10,10,10,10,0.031030,0.9638,0.9718
250000.00,250000.00,252466.20,11,11,11,11,11,0.031558,0.9502,0.9840
250000.00,250000.00,244947.67,10,10,10,10,10,0.030618,0.9485,0.9160
250000.00,250000.00,258378.98,10,10,10,10,10,0.032297,0.9032,0.9607
250000.00,250000.00,206161.50,10,10,10,9,9,0.025770,0.9147,0.7461
250000.00,250000.00,244516.85,10,10,10,10,10,0.030565,0.8571,0.9708
250000.00,250000.00,203198.43,11,11,11,10,10,0.025400,0.8103,0.8115
250000.00,250000.00,259591.58,10,10,10,10,10,0.032449,0.7510,0.9499
250000.00,250000.00,249839.78,10,10,10,10,10,0.031230,0.9643,0.9722
250000.00,250000.00,250208.38,12,12,12,12,12,0.031276,0.9628,0.9892
250000.00,250000.00,257743.24,10,10,10,10,10,0.032218,0.9427,0.9555
250000.00,250000.00,247450.35,10,10,10,10,10,0.030931,0.9326,0.9576
250000.00,250000.00,92178.44,11,11,11,8,8,0.011522,0.7627,0.7457
250000.00,250000.00,250620.84,11,11,11,11,11,0.031328,0.9764,0.9782
250000.00,250000.00,250074.39,11,11,11,11,11,0.031259,0.9566,0.9660
250000.00,250000.00,250675.20,10,10,10,10,10,0.031334,0.9471,0.9938
250000.00,250000.00,251258.85,11,11,11,11,11,0.031407,0.8690,0.6939
250000.00,187500.00,193779.47,12,9,9,9,9,0.024222,0.9693,0.6783
250000.00,250000.00,240050.32,11,11,11,11,11,0.030006,0.8464,0.9106
250000.00,250000.00,232269.29,10,10,10,10,10,0.029034,0.7072,0.8585
250000.00,250000.00,257480.62,12,12,12,12,12,0.032185,0.9373,0.9120
250000.00,250000.00,250211.72,10,10,10,10,10,0.031276,0.9349,0.9895
250000.00,250000.00,250983.24,11,11,11,11,11,0.031373,0.9283,0.9296
250000.00,250000.00,249909.40,10,10,10,10,10,0.031239,0.9821,0.9604
250000.00,250000.00,249083.58,12,12,12,12,12,0.031135,0.9629,0.9925
250000.00,250000.00,249261.86,11,11,11,11,11,0.031158,0.9615,0.9838
250000.00,250000.00,252420.43,10,10,10,10,10,0.031553,0.9552,0.9887
250000.00,250000.00,260928.87,12,12,12,12,12,0.032616,0.9424,0.9458
250000.00,250000.00,260639.19,12,12,12,12,12,0.032580,0.8993,0.9422
250000.00,250000.00,257208.23,12,12,12,12,12,0.032151,0.7623,0.9669
250000.00,250000.00,251491.55,11,11,11,11,11,0.031436,0.9756,0.9737
250000.00,250000.00,254040.60,10,10,10,10,10,0.031755,0.9666,0.9813
250000.00,250000.00,250080.11,12,12,12,12,12,0.031260,0.9559,0.9958
250000.00,250000.00,246603.37,12,12,12,12,12,0.030825,0.9545,0.9679
250000.00,250000.00,245882.99,11,11,11,11,11,0.030735,0.9476,0.9067
250000.00,250000.00,253561.02,10,10,10,10,10,0.031695,0.9372,0.9826
250000.00,250000.00,251119.61,12,12,12,12,12,0.031390,0.9158,0.9160
250000.00,250000.00,245614.77,12,12,12,12,12,0.030702,0.8909,0.9675
250000.00,250000.00,246205.33,11,11,11,11,11,0.030776,0.8882,0.9809
250000.00,250000.00,96894.47,10,10,10,7,7,0.012112,0.7908,0.7584
250000.00,250000.00,252060.89,10,10,10,10,10,0.031508,0.9685,0.9647
250000.00,250000.00,249963.76,12,12,12,12,12,0.031245,0.9678,0.9838
250000.00,250000.00,250504.97,10,10,10,10,10,0.031313,0.8348,0.9684
250000.00,250000.00,248656.51,11,11,11,11,11,0.031082,0.9675,0.9745
250000.00,250000.00,253091.81,10,10,10,10,10,0.031636,0.9616,0.9721
250000.00,250000.00,247949.06,12,12,12,12,12,0.030994,0.9553,0.9768
250000.00,250000.00,252460.48,12,12,12,12,12,0.031558,0.9511,0.9856
250000.00,250000.00,247319.22,12,12,12,12,12,0.030915,0.9445,0.9882
250000.00,250000.00,251873.97,11,11,11,11,11,0.031484,0.9815,0.9829
250000.00,250000.00,253738.40,12,12,12,12,12,0.031717,0.9170,0.9307
250000.00,250000.00,253917.69,12,12,12,12,12,0.031740,0.8339,0.9242
250000.00,250000.00,268161.54,10,10,10,10,10,0.033520,0.7997,0.8867
250000.00,187500.00,241413.12,11,10,11,10,11,0.030177,0.7328,0.8974
250000.00,250000.00,250821.35,10,10,10,10,10,0.031353,0.9680,0.9936
250000.00,250000.00,246709.35,11,11,11,11,11,0.030839,0.9637,0.9676
250000.00,250000.00,251657.93,10,10,10,10,10,0.031457,0.9547,0.9640
250000.00,250000.00,246975.90,12,12,12,12,12,0.030872,0.9272,0.9800
250000.00,250000.00,251991.27,12,12,12,12,12,0.031499,0.9087,0.9845
250000.00,250000.00,251719.00,11,11,11,11,11,0.031465,0.9805,0.9892
250000.00,250000.00,255025.39,10,10,10,10,10,0.031878,0.9688,0.9688
250000.00,250000.00,248893.74,11,11,11,11,11,0.031112,0.9649,0.9579
250000.00,250000.00,255908.97,12,12,12,12,12,0.031989,0.9382,0.9019
250000.00,250000.00,252808.57,10,10,10,10,10,0.031601,0.9273,0.9731
250000.00,250000.00,252024.65,11,11,11,11,11,0.031503,0.9745,0.9825
250000.00,250000.00,248433.59,11,11,11,11,11,0.031054,0.9744,0.9869
250000.00,250000.00,247825.62,12,12,12,12,12,0.030978,0.9475,0.9730
250000.00,250000.00,254340.65,11,11,11,11,11,0.031793,0.8996,0.9777
250000.00,250000.00,235002.52,12,12,12,12,12,0.029375,0.8420,0.9298
250000.00,250000.00,264126.06,10,10,10,10,10,0.033016,0.8168,0.9254
250000.00,250000.00,249017.72,10,10,10,10,10,0.031127,0.9846,0.9960
250000.00,250000.00,247091.29,11,11,11,11,11,0.030886,0.9736,0.9860
250000.00,250000.00,252091.41,12,12,12,12,12,0.031511,0.9728,0.9773
250000.00,250000.00,249717.71,11,11,11,11,11,0.031215,0.9621,0.9740
250000.00,250000.00,247470.86,12,12,12,12,12,0.030934,0.9480,0.9772
250000.00,250000.00,250447.27,12,12,12,12,12,0.031306,0.9329,0.9735
250000.00,250000.00,248855.59,10,10,10,10,10,0.031107,0.9791,0.9872
250000.00,250000.00,251945.02,10,10,10,10,10,0.031493,0.9509,0.9760
250000.00,250000.00,247035.03,10,10,10,10,10,0.030879,0.9351,0.9473
250000.00,250000.00,252466.80,10,10,10,10,10,0.031558,0.8225,0.9271
250000.00,250000.00,252647.40,11,11,11,11,11,0.031581,0.9539,0.9715
250000.00,250000.00,248963.36,12,12,12,12,12,0.031120,0.7555,0.9779
250000.00,250000.00,251314.16,11,11,11,11,11,0.031414,0.9734,0.9781
250000.00,250000.00,241497.04,11,11,11,11,11,0.030187,0.9693,0.9595
250000.00,250000.00,250394.82,10,10,10,10,10,0.031299,0.9536,0.9765
250000.00,250000.00,249033.93,10,10,10,10,10,0.031129,0.8534,0.9594
250000.00,250000.00,247642.52,11,11,11,11,11,0.030955,0.9844,0.9857
250000.00,250000.00,251387.12,11,11,11,11,11,0.031423,0.9784,0.9894
250000.00,250000.00,247358.32,10,10,10,10,10,0.030920,0.9726,0.9859
250000.00,250000.00,250669.48,12,12,12,12,12,0.031334,0.9662,0.9920
250000.00,250000.00,251014.71,12,12,12,12,12,0.031377,0.9594,0.9887
250000.00,250000.00,252981.19,12,12,12,12,12,0.031623,0.9556,0.9755
250000.00,250000.00,250188.11,11,11,11,11,11,0.031274,0.9324,0.9679
250000.00,250000.00,245049.48,12,12,12,12,12,0.030631,0.9226,0.9535
250000.00,250000.00,243507.39,12,12,12,12,12,0.030438,0.7460,0.9239
250000.00,250000.00,261087.42,11,11,11,11,11,0.032636,0.8983,0.9515
250000.00,187500.00,240532.88,11,10,11,10,11,0.030067,0.7899,0.8936
250000.00,250000.00,248836.52,11,11,11,11,11,0.031105,0.9640,0.9705
250000.00,250000.00,249036.31,10,10,10,10,10,0.031130,0.9604,0.9747
250000.00,250000.00,251228.33,11,11,11,11,11,0.031404,0.9574,0.9927
250000.00,250000.00,269359.59,11,11,11,11,11,0.033670,0.9529,0.9138
250000.00,250000.00,249667.17,12,12,12,12,12,0.031208,0.9355,0.9783
250000.00,250000.00,250007.63,11,11,11,11,11,0.031251,0.9771,0.9693
250000.00,250000.00,244435.31,12,12,12,12,12,0.030554,0.8231,0.9169
250000.00,250000.00,244497.30,11,11,11,11,11,0.030562,0.7486,0.9669
250000.00,250000.00,245181.08,10,10,10,10,10,0.030648,0.9308,0.9672
250000.00,250000.00,253648.76,12,12,12,12,12,0.031706,0.9266,0.9733
250000.00,250000.00,263133.05,10,10,10,10,10,0.032892,0.9041,0.9458
250000.00,250000.00,256110.19,10,10,10,10,10,0.032014,0.8916,0.9430
250000.00,187500.00,244065.05,10,9,10,9,10,0.030508,0.7927,0.9466
250000.00,250000.00,265594.48,11,11,11,11,11,0.033199,0.7642,0.9330
250000.00,250000.00,249799.73,11,11,11,11,11,0.031225,0.9530,0.9888
250000.00,250000.00,221484.18,10,10,10,10,10,0.027686,0.9512,0.8766
250000.00,250000.00,242901.80,12,12,12,12,12,0.030363,0.9302,0.9520
250000.00,250000.00,248238.09,11,11,11,11,11,0.031030,0.8067,0.9375
250000.00,250000.00,238721.61,10,10,10,10,10,0.029840,0.7967,0.9369
250000.00,187500.00,247217.18,10,9,10,9,10,0.030902,0.8369,0.9777
250000.00,250000.00,256613.25,10,10,10,10,10,0.032077,0.9766,0.9684
250000.00,250000.00,242089.27,12,12,12,12,12,0.030261,0.8516,0.9351
250000.00,250000.00,253511.19,10,10,10,10,10,0.031689,0.9843,0.9838
250000.00,250000.00,247223.85,11,11,11,11,11,0.030903,0.9685,0.9286
250000.00,250000.00,247165.68,12,12,12,12,12,0.030896,0.9674,0.9674
250000.00,250000.00,246904.37,10,10,10,10,10,0.030863,0.9668,0.9613
250000.00,250000.00,246105.19,11,11,11,11,11,0.030763,0.9640,0.9781
250000.00,250000.00,247026.92,12,12,12,12,12,0.030878,0.9586,0.9635
250000.00,250000.00,251494.17,11,11,11,11,11,0.031437,0.9478,0.9934
250000.00,250000.00,262546.54,12,12,12,12,12,0.032818,0.8528,0.8948
250000.00,250000.00,246273.04,11,11,11,11,11,0.030784,0.9721,0.9325
250000.00,250000.00,250350.00,12,12,12,12,12,0.031294,0.9415,0.9300
250000.00,250000.00,251462.94,12,12,12,12,12,0.031433,0.8472,0.5869
250000.00,250000.00,254543.30,10,10,10,10,10,0.031818,0.9513,0.9298
250000.00,250000.00,251994.13,10,10,10,10,10,0.031499,0.9510,0.9420
250000.00,250000.00,249855.52,11,11,11,11,11,0.031232,0.9342,0.9847
250000.00,250000.00,251073.84,12,12,12,12,12,0.031384,0.9193,0.9188
250000.00,250000.00,247083.54,11,11,11,11,11,0.030885,0.9503,0.9821
250000.00,250000.00,250268.94,11,11,11,11,11,0.031284,0.8836,0.9512
250000.00,250000.00,246456.15,11,11,11,11,11,0.030807,0.8701,0.7152
250000.00,250000.00,234572.41,12,12,12,12,12,0.029322,0.9296,0.9043
250000.00,250000.00,239748.00,12,12,12,12,12,0.029969,0.9166,0.9198
250000.00,250000.00,246967.32,12,12,12,12,12,0.030871,0.8380,0.6348
250000.00,250000.00,250985.15,10,10,10,10,10,0.031373,0.9605,0.9922
250000.00,250000.00,251463.41,10,10,10,10,10,0.031433,0.9463,0.9667
250000.00,250000.00,245159.15,10,10,10,10,10,0.030645,0.9422,0.9775
250000.00,250000.00,250022.41,11,11,11,11,11,0.031253,0.9623,0.9871
250000.00,250000.00,249437.81,10,10,10,10,10,0.031180,0.9338,0.9923
250000.00,250000.00,244956.97,10,10,10,10,10,0.030620,0.9009,0.9152
250000.00,250000.00,249468.33,12,12,12,12,12,0.031184,0.9668,0.9768
250000.00,250000.00,250353.63,12,12,12,12,12,0.031294,0.9531,0.9686
250000.00,250000.00,249683.86,12,12,12,12,12,0.031210,0.9287,0.9757
250000.00,250000.00,269737.24,12,12,12,12,12,0.033717,0.7249,0.8715
250000.00,250000.00,254818.92,10,10,10,10,10,0.031852,0.9825,0.9772
250000.00,250000.00,250645.64,10,10,10,10,10,0.031331,0.9768,0.9511
250000.00,250000.00,249308.59,10,10,10,10,10,0.031164,0.9679,0.9927
250000.00,250000.00,253340.72,11,11,11,11,11,0.031668,0.9149,0.9656
250000.00,250000.00,250478.74,12,12,12,12,12,0.031310,0.9071,0.9545
250000.00,250000.00,250324.25,11,11,11,11,11,0.031291,0.8877,0.9916
250000.00,250000.00,255199.43,11,11,11,11,11,0.031900,0.8852,0.9763
250000.00,250000.00,251514.43,12,12,12,12,12,0.031439,0.8138,0.9734
250000.00,250000.00,250030.52,10,10,10,10,10,0.031254,0.9752,0.9771
250000.00,250000.00,252636.91,11,11,11,11,11,0.031580,0.9742,0.9853
250000.00,250000.00,247066.50,12,12,12,12,12,0.030883,0.9269,0.9263
250000.00,250000.00,244896.89,12,12,12,12,12,0.030612,0.9598,0.9714
250000.00,187500.00,248456.00,10,9,10,9,10,0.031057,0.8757,0.8629
250000.00,250000.00,249925.14,11,11,11,11,11,0.031241,0.9571,0.9613
250000.00,250000.00,247370.72,10,10,10,10,10,0.030921,0.9491,0.9880
250000.00,250000.00,247249.60,10,10,10,10,10,0.030906,0.9403,0.9783
250000.00,250000.00,251867.77,12,12,12,12,12,0.031483,0.9681,0.9620
250000.00,250000.00,277956.96,10,10,10,10,10,0.034745,0.9680,0.8951
250000.00,250000.00,250920.30,12,12,12,12,12,0.031365,0.9512,0.9493
250000.00,250000.00,252004.62,10,10,10,10,10,0.031501,0.9380,0.9587
250000.00,250000.00,251058.58,10,10,10,10,10,0.031382,0.9291,0.8975
250000.00,250000.00,253103.02,12,12,12,12,12,0.031638,0.9280,0.9634
250000.00,250000.00,251357.44,11,11,11,11,11,0.031420,0.9602,0.9583
250000.00,250000.00,256621.36,10,10,10,10,10,0.032078,0.9439,0.9013
250000.00,250000.00,250837.33,11,11,11,11,11,0.031355,0.9647,0.9612
250000.00,250000.00,252524.38,12,12,12,12,12,0.031566,0.9511,0.9837
250000.00,250000.00,246017.46,11,11,11,11,11,0.030752,0.9502,0.9812
250000.00,250000.00,260722.16,10,10,10,10,10,0.032590,0.9407,0.9462
250000.00,250000.00,250341.42,10,10,10,10,10,0.031293,0.9366,0.9321
250000.00,250000.00,251780.03,11,11,11,11,11,0.031473,0.9839,0.9402
250000.00,250000.00,250428.20,10,10,10,10,10,0.031304,0.9577,0.9592
250000.00,250000.00,247892.38,12,12,12,12,12,0.030987,0.9329,0.9736
250000.00,250000.00,251275.06,10,10,10,10,10,0.031409,0.9665,0.9725
250000.00,250000.00,251594.54,12,12,12,12,12,0.031449,0.9610,0.9707
250000.00,250000.00,252743.24,12,12,12,12,12,0.031593,0.9451,0.9870
250000.00,250000.00,256484.99,10,10,10,10,10,0.032061,0.9219,0.9702
250000.00,250000.00,188392.46,10,10,10,9,9,0.023549,0.9095,0.9096
250000.00,250000.00,255996.70,10,10,10,10,10,0.032000,0.9689,0.9724
250000.00,250000.00,245325.57,11,11,11,11,11,0.030666,0.8954,0.9788
250000.00,250000.00,247410.77,12,12,12,12,12,0.030926,0.9447,0.9069
250000.00,250000.00,244806.77,12,12,12,12,12,0.030601,0.9370,0.8889
250000.00,250000.00,252216.34,11,11,11,11,11,0.031527,0.9637,0.9899
250000.00,250000.00,252042.77,10,10,10,10,10,0.031505,0.9544,0.9849
250000.00,250000.00,244315.62,11,11,11,11,11,0.030539,0.8992,0.9164
250000.00,250000.00,235926.63,12,12,12,12,12,0.029491,0.7873,0.9297
250000.00,250000.00,246333.12,11,11,11,11,11,0.030792,0.9622,0.9826
250000.00,250000.00,246037.48,11,11,11,11,11,0.030755,0.9252,0.9788
250000.00,250000.00,257375.72,10,10,10,10,10,0.032172,0.9692,0.9698
250000.00,250000.00,252057.08,10,10,10,10,10,0.031507,0.9531,0.9119
250000.00,250000.00,242924.93,11,11,11,11,11,0.030366,0.8695,0.9450
250000.00,250000.00,248810.77,11,11,11,11,11,0.031101,0.9674,0.9411
250000.00,250000.00,251480.58,10,10,10,10,10,0.031435,0.9627,0.9515
250000.00,250000.00,249414.92,12,12,12,12,12,0.031177,0.9501,0.9679
250000.00,250000.00,236013.41,12,12,12,12,12,0.029502,0.9412,0.9395
250000.00,250000.00,245362.28,11,11,11,11,11,0.030670,0.9273,0.9805
250000.00,375000.00,379861.83,10,11,11,11,11,0.047483,0.7800,0.5691
250000.00,250000.00,246515.27,10,10,10,10,10,0.030814,0.9822,0.9770
250000.00,250000.00,258111.00,11,11,11,11,11,0.032264,0.9632,0.9386
250000.00,250000.00,246650.58,11,11,11,11,11,0.030831,0.9413,0.9841
250000.00,250000.00,249590.87,12,12,12,12,12,0.031199,0.9111,0.8872
250000.00,250000.00,250031.47,12,12,12,12,12,0.031254,0.9633,0.9688
250000.00,250000.00,248157.50,10,10,10,10,10,0.031020,0.9441,0.9700
250000.00,250000.00,248859.41,12,12,12,12,12,0.031107,0.8953,0.9195
250000.00,250000.00,252092.36,11,11,11,11,11,0.031512,0.8567,0.9839
250000.00,250000.00,212851.52,12,12,12,12,12,0.026606,0.7915,0.8365
250000.00,250000.00,230858.33,11,11,11,11,11,0.028857,0.7773,0.8515
250000.00,250000.00,250678.06,10,10,10,10,10,0.031335,0.9762,0.9505
250000.00,250000.00,251481.06,10,10,10,10,10,0.031435,0.9758,0.9654
250000.00,250000.00,255070.69,12,12,12,12,12,0.031884,0.9274,0.9200
250000.00,250000.00,247349.74,12,12,12,12,12,0.030919,0.9721,0.9847
250000.00,250000.00,248064.76,12,12,12,12,12,0.031008,0.9293,0.9631
250000.00,250000.00,248189.93,10,10,10,10,10,0.031024,0.9201,0.8933
250000.00,250000.00,250224.11,11,11,11,11,11,0.031278,0.9132,0.9843
250000.00,250000.00,252395.63,12,12,12,12,12,0.031549,0.9033,0.9837
250000.00,250000.00,253862.38,12,12,12,12,12,0.031733,0.8328,0.9620
250000.00,250000.00,248336.32,12,12,12,12,12,0.031042,0.9566,0.9753
250000.00,250000.00,251725.20,12,12,12,12,12,0.031466,0.9481,0.9682
250000.00,250000.00,249745.85,11,11,11,11,11,0.031218,0.9398,0.9749
250000.00,250000.00,253337.14,11,11,11,11,11,0.031667,0.9709,0.9791
250000.00,250000.00,251481.89,10,10,10,10,10,0.031435,0.9653,0.9519
250000.00,250000.00,249932.77,10,10,10,10,10,0.031242,0.9473,0.9890
250000.00,250000.00,251915.93,10,10,10,10,10,0.031489,0.9188,0.9560
250000.00,250000.00,250625.61,12,12,12,12,12,0.031328,0.9082,0.9062
250000.00,250000.00,253295.90,10,10,10,10,10,0.031662,0.9864,0.9772
250000.00,250000.00,249427.56,10,10,10,10,10,0.031178,0.9775,0.9826
250000.00,250000.00,242708.21,10,10,10,10,10,0.030339,0.9734,0.9615
250000.00,250000.00,249836.80,11,11,11,11,11,0.031230,0.9604,0.9761
250000.00,250000.00,248279.57,12,12,12,12,12,0.031035,0.9588,0.9897
250000.00,250000.00,252200.13,10,10,10,10,10,0.031525,0.9239,0.9411
250000.00,250000.00,249223.95,10,10,10,10,10,0.031153,0.9548,0.9643
250000.00,250000.00,254936.22,12,12,12,12,12,0.031867,0.9485,0.9723
250000.00,250000.00,256415.84,12,12,12,12,12,0.032052,0.9169,0.9691
250000.00,250000.00,254873.28,12,12,12,12,12,0.031859,0.8959,0.9090
250000.00,250000.00,248731.61,11,11,11,11,11,0.031091,0.9735,0.9733
250000.00,250000.00,215936.66,12,12,12,12,12,0.026992,0.9331,0.8277
250000.00,250000.00,251495.36,11,11,11,11,11,0.031437,0.9300,0.9864
250000.00,250000.00,242649.08,12,12,12,12,12,0.030331,0.9418,0.9635
250000.00,250000.00,255390.17,10,10,10,10,10,0.031924,0.9224,0.8945
250000.00,250000.00,223943.26,10,10,10,10,10,0.027993,0.8984,0.9069
250000.00,250000.00,246789.46,11,11,11,11,11,0.030849,0.8516,0.9371
250000.00,250000.00,245731.35,10,10,10,10,10,0.030716,0.9745,0.9348
250000.00,250000.00,108380.44,10,10,10,8,8,0.013548,0.7555,0.8307
250000.00,250000.00,249477.39,10,10,10,10,10,0.031185,0.9650,0.9760
250000.00,250000.00,247464.66,10,10,10,10,10,0.030933,0.9488,0.9725
250000.00,250000.00,253940.58,11,11,11,11,11,0.031743,0.9461,0.9698
250000.00,250000.00,238515.85,12,12,12,12,12,0.029814,0.9192,0.9504
250000.00,250000.00,246704.22,10,10,10,10,10,0.030838,0.9392,0.9643
250000.00,250000.00,250146.87,12,12,12,12,12,0.031268,0.9696,0.9558
250000.00,250000.00,250004.77,11,11,11,11,11,0.031251,0.9532,0.9902
250000.00,250000.00,248305.50,12,12,12,12,12,0.031038,0.9317,0.9532
250000.00,250000.00,243179.32,10,10,10,10,10,0.030397,0.9522,0.9660
250000.00,250000.00,257825.85,12,12,12,12,12,0.032228,0.9087,0.9693
250000.00,187500.00,241473.20,11,10,11,10,11,0.030184,0.9082,0.8859
250000.00,250000.00,248398.78,10,10,10,10,10,0.031050,0.8937,0.9851
250000.00,250000.00,247753.14,10,10,10,10,10,0.030969,0.9765,0.9770
250000.00,250000.00,251729.01,12,12,12,12,12,0.031466,0.9687,0.9709
250000.00,250000.00,249355.20,11,11,11,11,11,0.031169,0.9652,0.9820
250000.00,250000.00,247115.14,11,11,11,11,11,0.030889,0.9486,0.9658
250000.00,250000.00,248733.88,12,12,12,12,12,0.031092,0.9455,0.9717
250000.00,250000.00,250061.99,12,12,12,12,12,0.031258,0.9406,0.9924
250000.00,250000.00,231301.31,12,12,12,12,12,0.028913,0.7805,0.7865
250000.00,250000.00,242003.44,12,12,12,12,12,0.030250,0.9028,0.9100
250000.00,250000.00,228816.99,10,10,10,10,10,0.028602,0.8422,0.8553
250000.00,250000.00,196078.30,10,10,10,9,9,0.024510,0.7709,0.7023
250000.00,250000.00,296380.04,10,10,10,10,10,0.037048,0.9359,0.8400
250000.00,250000.00,248578.07,12,12,12,12,12,0.031072,0.9745,0.9861
250000.00,250000.00,249021.53,11,11,11,11,11,0.031128,0.9667,0.9854
250000.00,250000.00,250440.60,10,10,10,10,10,0.031305,0.9646,0.9663
250000.00,250000.00,251078.61,10,10,10,10,10,0.031385,0.9579,0.9883
250000.00,250000.00,253326.89,12,12,12,12,12,0.031666,0.9572,0.9753
250000.00,250000.00,253852.84,10,10,10,10,10,0.031732,0.9166,0.9789
250000.00,250000.00,252587.38,11,11,11,11,11,0.031573,0.9766,0.9855
250000.00,250000.00,249652.86,12,12,12,12,12,0.031207,0.9491,0.9632
250000.00,250000.00,249849.80,11,11,11,11,11,0.031231,0.9350,0.9359
250000.00,250000.00,250629.43,10,10,10,10,10,0.031329,0.9814,0.9866
250000.00,250000.00,251952.17,10,10,10,10,10,0.031494,0.9776,0.9760
250000.00,250000.00,249528.88,11,11,11,11,11,0.031191,0.9743,0.9647
250000.00,250000.00,247665.41,11,11,11,11,11,0.030958,0.9553,0.9656
250000.00,250000.00,250931.74,11,11,11,11,11,0.031366,0.9451,0.9847
250000.00,250000.00,251241.68,12,12,12,12,12,0.031405,0.9382,0.9731
250000.00,250000.00,253265.74,12,12,12,12,12,0.031658,0.9364,0.9549
250000.00,250000.00,251042.37,11,11,11,11,11,0.031380,0.9281,0.9784
250000.00,250000.00,268161.77,10,10,10,10,10,0.033520,0.9264,0.9214
250000.00,250000.00,252224.45,12,12,12,12,12,0.031528,0.7927,0.8370
250000.00,250000.00,251926.42,12,12,12,12,12,0.031491,0.9249,0.6687
250000.00,250000.00,246702.19,11,11,11,11,11,0.030838,0.7256,0.8360
250000.00,250000.00,247724.53,12,12,12,12,12,0.030966,0.9739,0.9857
250000.00,250000.00,248509.41,12,12,12,12,12,0.031064,0.9646,0.9925
250000.00,250000.00,245331.05,11,11,11,11,11,0.030666,0.9536,0.9190
250000.00,250000.00,247831.34,10,10,10,10,10,0.030979,0.9486,0.9844
250000.00,250000.00,241880.42,11,11,11,11,11,0.030235,0.8009,0.8701
250000.00,250000.00,243726.37,11,11,11,11,11,0.030466,0.7757,0.7344
250000.00,250000.00,247915.27,11,11,11,11,11,0.030989,0.7705,0.6246
250000.00,250000.00,251695.57,12,12,12,12,12,0.031462,0.9528,0.9522
250000.00,250000.00,249784.95,11,11,11,11,11,0.031223,0.9517,0.9712
250000.00,250000.00,248682.98,12,12,12,12,12,0.031085,0.9342,0.9309
250000.00,250000.00,251028.06,10,10,10,10,10,0.031379,0.9330,0.9529
250000.00,250000.00,246717.45,10,10,10,10,10,0.030840,0.9644,0.9832
250000.00,250000.00,251252.17,10,10,10,10,10,0.031407,0.8949,0.9809
250000.00,250000.00,249825.48,11,11,11,11,11,0.031228,0.9659,0.9774
250000.00,250000.00,252999.31,12,12,12,12,12,0.031625,0.9594,0.9870
250000.00,250000.00,259315.97,10,10,10,10,10,0.032414,0.9564,0.9530
250000.00,250000.00,247619.63,12,12,12,12,12,0.030952,0.9363,0.9787
250000.00,250000.00,259047.99,11,11,11,11,11,0.032381,0.9218,0.9575
250000.00,250000.00,252260.21,12,12,12,12,12,0.031533,0.7598,0.8944
250000.00,250000.00,252452.05,12,12,12,12,12,0.031557,0.7540,0.9820
250000.00,250000.00,250442.98,11,11,11,11,11,0.031305,0.9819,0.9703
250000.00,250000.00,251423.84,11,11,11,11,11,0.031428,0.9785,0.9879
250000.00,250000.00,251289.37,11,11,11,11,11,0.031411,0.9721,0.9883
250000.00,250000.00,249933.24,10,10,10,10,10,0.031242,0.9674,0.9818
250000.00,250000.00,257476.81,12,12,12,12,12,0.032185,0.8381,0.9011
250000.00,250000.00,248235.70,10,10,10,10,10,0.031029,0.9840,0.9817
250000.00,250000.00,251060.49,12,12,12,12,12,0.031383,0.9795,0.9757
250000.00,250000.00,249525.07,11,11,11,11,11,0.031191,0.9613,0.9767
250000.00,250000.00,255454.06,10,10,10,10,10,0.031932,0.9593,0.9587
250000.00,250000.00,242273.33,12,12,12,12,12,0.030284,0.9380,0.9675
250000.00,250000.00,279558.66,12,12,12,12,12,0.034945,0.9220,0.8923
250000.00,250000.00,260566.71,11,11,11,11,11,0.032571,0.8129,0.7680
250000.00,250000.00,248670.58,10,10,10,10,10,0.031084,0.9690,0.9771
250000.00,250000.00,245269.06,11,11,11,11,11,0.030659,0.9671,0.9781
250000.00,250000.00,249491.69,12,12,12,12,12,0.031186,0.9480,0.9558
250000.00,250000.00,257487.77,12,12,12,12,12,0.032186,0.9475,0.9618
250000.00,250000.00,248612.40,11,11,11,11,11,0.031077,0.9441,0.9798
250000.00,250000.00,246626.85,11,11,11,11,11,0.030828,0.8817,0.9236
250000.00,250000.00,250164.03,10,10,10,10,10,0.031271,0.9784,0.9918
250000.00,250000.00,249381.54,12,12,12,12,12,0.031173,0.9605,0.9831
250000.00,250000.00,248764.51,11,11,11,11,11,0.031096,0.9592,0.9123
250000.00,250000.00,246742.25,10,10,10,10,10,0.030843,0.9479,0.9837
250000.00,250000.00,255392.07,11,11,11,11,11,0.031924,0.9443,0.9351
250000.00,250000.00,251488.21,12,12,12,12,12,0.031436,0.9247,0.9473
250000.00,250000.00,246167.48,12,12,12,12,12,0.030771,0.8734,0.9460
250000.00,250000.00,251862.29,12,12,12,12,12,0.031483,0.9725,0.9700
250000.00,250000.00,250926.26,10,10,10,10,10,0.031366,0.9656,0.9723
250000.00,250000.00,247428.89,11,11,11,11,11,0.030929,0.9655,0.9755
250000.00,250000.00,213648.97,10,10,10,10,10,0.026706,0.7582,0.8788
250000.00,250000.00,249521.61,12,12,12,12,12,0.031190,0.9314,0.9015
250000.00,250000.00,247502.33,12,12,12,12,12,0.030938,0.9526,0.6571
250000.00,250000.00,244867.32,10,10,10,10,10,0.030608,0.9164,0.8493
250000.00,250000.00,237529.75,12,12,12,12,12,0.029691,0.8522,0.7665
250000.00,250000.00,249469.76,10,10,10,10,10,0.031184,0.9703,0.9646
250000.00,250000.00,249307.63,10,10,10,10,10,0.031163,0.9659,0.9874
250000.00,250000.00,247498.99,11,11,11,11,11,0.030937,0.9470,0.9876
250000.00,250000.00,247636.80,12,12,12,12,12,0.030955,0.9289,0.9493
250000.00,250000.00,249037.03,10,10,10,10,10,0.031130,0.9201,0.9791
250000.00,250000.00,248042.93,10,10,10,10,10,0.031005,0.9636,0.9775
250000.00,250000.00,245435.71,11,11,11,11,11,0.030679,0.9631,0.9561
250000.00,250000.00,250968.93,11,11,11,11,11,0.031371,0.9552,0.9879
250000.00,250000.00,250904.56,10,10,10,10,10,0.031363,0.9311,0.9602
250000.00,250000.00,243894.58,12,12,12,12,12,0.030487,0.9687,0.8873
250000.00,250000.00,248565.67,12,12,12,12,12,0.031071,0.9361,0.9840
250000.00,250000.00,245752.10,12,12,12,12,12,0.030719,0.7030,0.7047
250000.00,250000.00,249566.08,11,11,11,11,11,0.031196,0.9815,0.9697
250000.00,250000.00,250659.94,12,12,12,12,12,0.031332,0.9535,0.9836
250000.00,250000.00,241605.76,10,10,10,10,10,0.030201,0.9325,0.9606
250000.00,250000.00,249358.65,12,12,12,12,12,0.031170,0.9318,0.9049
250000.00,250000.00,263259.89,12,12,12,12,12,0.032907,0.9220,0.9477
250000.00,250000.00,243490.22,10,10,10,10,10,0.030436,0.8711,0.8820
250000.00,250000.00,253768.92,11,11,11,11,11,0.031721,0.9735,0.9825
250000.00,250000.00,246253.97,11,11,11,11,11,0.030782,0.9619,0.9846
250000.00,250000.00,246353.15,10,10,10,10,10,0.030794,0.9600,0.9787
250000.00,250000.00,250499.25,11,11,11,11,11,0.031312,0.9439,0.9904
250000.00,250000.00,242346.76,12,12,12,12,12,0.030293,0.8871,0.7019
250000.00,250000.00,234033.58,11,11,11,11,11,0.029254,0.9151,0.9299
250000.00,250000.00,243566.51,10,10,10,10,10,0.030446,0.8741,0.9568
250000.00,250000.00,252996.44,10,10,10,10,10,0.031625,0.9803,0.9292
250000.00,250000.00,249359.13,12,12,12,12,12,0.031170,0.8993,0.9927
250000.00,250000.00,249607.09,11,11,11,11,11,0.031201,0.8773,0.9838
250000.00,250000.00,248491.29,11,11,11,11,11,0.031061,0.9556,0.9696
250000.00,250000.00,249677.66,12,12,12,12,12,0.031210,0.9344,0.9316
250000.00,250000.00,248106.96,11,11,11,11,11,0.031013,0.9570,0.9730
250000.00,250000.00,251022.34,12,12,12,12,12,0.031378,0.9463,0.9814
250000.00,250000.00,248971.94,11,11,11,11,11,0.031121,0.9085,0.9813
250000.00,250000.00,237842.56,11,11,11,11,11,0.029730,0.8814,0.9487
250000.00,250000.00,251546.29,11,11,11,11,11,0.031443,0.9755,0.9669
250000.00,250000.00,251153.95,10,10,10,10,10,0.031394,0.9497,0.9660
250000.00,250000.00,250053.41,10,10,10,10,10,0.031257,0.9373,0.9709
250000.00,250000.00,246772.77,11,11,11,11,11,0.030847,0.9257,0.9842
250000.00,250000.00,244449.62,11,11,11,11,11,0.030556,0.9252,0.9752
250000.00,250000.00,253767.97,11,11,11,11,11,0.031721,0.9212,0.9755
250000.00,250000.00,255353.93,10,10,10,10,10,0.031919,0.8636,0.9751
250000.00,250000.00,249755.86,12,12,12,12,12,0.031219,0.7805,0.9898
250000.00,250000.00,249466.66,10,10,10,10,10,0.031183,0.9831,0.9638
250000.00,250000.00,249211.37,11,11,11,11,11,0.031151,0.9600,0.9777
250000.00,250000.00,253215.31,12,12,12,12,12,0.031652,0.9209,0.9031
250000.00,250000.00,254648.21,12,12,12,12,12,0.031831,0.9635,0.9748
250000.00,250000.00,249343.87,10,10,10,10,10,0.031168,0.9182,0.9770
250000.00,250000.00,253796.34,12,12,12,12,12,0.031725,0.8868,0.9238
250000.00,250000.00,250024.38,10,10,10,10,10,0.031253,0.9841,0.9873
250000.00,250000.00,248254.78,11,11,11,11,11,0.031032,0.9598,0.9616
250000.00,250000.00,248008.73,11,11,11,11,11,0.031001,0.9546,0.9620
250000.00,250000.00,251922.61,10,10,10,10,10,0.031490,0.9507,0.9889
250000.00,250000.00,252813.34,10,10,10,10,10,0.031602,0.9766,0.9824
250000.00,250000.00,255961.42,10,10,10,10,10,0.031995,0.9526,0.9736
250000.00,250000.00,247787.48,11,11,11,11,11,0.030973,0.9389,0.9618
250000.00,250000.00,255082.13,12,12,12,12,12,0.031885,0.8221,0.9725
250000.00,250000.00,243968.96,12,12,12,12,12,0.030496,0.7746,0.8380
250000.00,250000.00,249010.09,11,11,11,11,11,0.031126,0.9569,0.9858
250000.00,250000.00,245877.68,12,12,12,12,12,0.030735,0.9446,0.9792
250000.00,250000.00,251114.85,10,10,10,10,10,0.031389,0.9632,0.9914
250000.00,250000.00,248881.34,11,11,11,11,11,0.031110,0.9574,0.9759
250000.00,250000.00,259792.33,11,11,11,11,11,0.032474,0.9407,0.9585
250000.00,250000.00,238085.03,11,11,11,11,11,0.029761,0.8710,0.9481
250000.00,250000.00,245958.33,12,12,12,12,12,0.030745,0.7049,0.6783
250000.00,250000.00,245489.12,10,10,10,10,10,0.030686,0.9716,0.9802
250000.00,250000.00,247249.60,12,12,12,12,12,0.030906,0.9611,0.9682
250000.00,250000.00,252017.97,11,11,11,11,11,0.031502,0.9435,0.9901
250000.00,250000.00,254689.22,10,10,10,10,10,0.031836,0.9573,0.9747
250000.00,250000.00,246755.60,12,12,12,12,12,0.030844,0.8917,0.9691
250000.00,250000.00,247215.27,11,11,11,11,11,0.030902,0.9681,0.9812
250000.00,250000.00,256804.47,12,12,12,12,12,0.032101,0.9651,0.9720
250000.00,250000.00,254888.53,10,10,10,10,10,0.031861,0.9583,0.9706
250000.00,250000.00,255771.64,12,12,12,12,12,0.031971,0.9442,0.9697
250000.00,250000.00,249938.96,11,11,11,11,11,0.031242,0.9041,0.9419
250000.00,250000.00,247816.26,10,10,10,10,10,0.030977,0.9683,0.9704
250000.00,250000.00,249354.15,11,11,11,11,11,0.031169,0.9631,0.9963
250000.00,250000.00,252456.67,10,10,10,10,10,0.031557,0.9513,0.9659
250000.00,250000.00,244194.51,11,11,11,11,11,0.030524,0.9468,0.9671
250000.00,250000.00,247401.24,10,10,10,10,10,0.030925,0.9364,0.9881
250000.00,250000.00,228540.90,12,12,12,12,12,0.028568,0.7830,0.8898
250000.00,250000.00,265493.39,12,12,12,12,12,0.033187,0.7763,0.8551
250000.00,250000.00,254632.00,11,11,11,11,11,0.031829,0.9274,0.9760
250000.00,250000.00,249675.75,12,12,12,12,12,0.031209,0.9256,0.9683
250000.00,250000.00,251128.20,10,10,10,10,10,0.031391,0.9175,0.9838
250000.00,250000.00,248588.56,11,11,11,11,11,0.031074,0.9646,0.9581
250000.00,250000.00,248856.54,12,12,12,12,12,0.031107,0.9082,0.9183
250000.00,250000.00,255137.44,11,11,11,11,11,0.031892,0.9020,0.9769
250000.00,250000.00,257801.06,11,11,11,11,11,0.032225,0.8627,0.9596
250000.00,250000.00,245653.75,10,10,10,10,10,0.030707,0.8316,0.9738
250000.00,250000.00,286449.43,10,10,10,10,10,0.035806,0.7942,0.8174
250000.00,250000.00,251800.54,10,10,10,10,10,0.031475,0.7676,0.9523
250000.00,250000.00,244782.21,12,12,12,12,12,0.030598,0.9379,0.9702
250000.00,250000.00,252992.63,12,12,12,12,12,0.031624,0.8524,0.9242
250000.00,250000.00,251616.00,10,10,10,10,10,0.031452,0.9793,0.9696
250000.00,250000.00,245164.87,11,11,11,11,11,0.030646,0.9597,0.9302
250000.00,250000.00,263410.33,10,10,10,10,10,0.032926,0.9368,0.9368
250000.00,250000.00,247233.39,12,12,12,12,12,0.030904,0.9350,0.9704
250000.00,250000.00,247852.33,11,11,11,11,11,0.030982,0.9672,0.9707
250000.00,250000.00,246969.22,10,10,10,10,10,0.030871,0.9270,0.9803
250000.00,250000.00,249661.92,10,10,10,10,10,0.031208,0.8825,0.9355
250000.00,250000.00,246385.57,11,11,11,11,11,0.030798,0.8258,0.9670
250000.00,187500.00,237225.06,10,9,10,9,10,0.029653,0.8056,0.9284
250000.00,250000.00,251970.29,11,11,11,11,11,0.031496,0.9548,0.9809
250000.00,250000.00,249108.31,12,12,12,12,12,0.031139,0.9482,0.9156
250000.00,250000.00,253453.25,10,10,10,10,10,0.031682,0.9653,0.9700
250000.00,250000.00,249923.71,12,12,12,12,12,0.031240,0.9649,0.9640
250000.00,250000.00,249966.62,11,11,11,11,11,0.031246,0.9096,0.9363
250000.00,250000.00,248011.11,11,11,11,11,11,0.031001,0.9737,0.9777
250000.00,250000.00,256437.30,12,12,12,12,12,0.032055,0.9635,0.9670
250000.00,250000.00,249337.20,10,10,10,10,10,0.031167,0.9485,0.9657
250000.00,250000.00,250285.86,10,10,10,10,10,0.031286,0.9699,0.9717
250000.00,250000.00,252705.57,10,10,10,10,10,0.031588,0.9695,0.9870
250000.00,250000.00,246585.85,11,11,11,11,11,0.030823,0.9676,0.9697
250000.00,250000.00,242811.20,10,10,10,10,10,0.030351,0.9238,0.9659
250000.00,187500.00,209579.94,12,11,11,11,11,0.026197,0.8072,0.8368
250000.00,187500.00,255065.92,11,10,11,10,11,0.031883,0.7020,0.9442
250000.00,250000.00,251418.59,10,10,10,10,10,0.031427,0.9796,0.9897
250000.00,250000.00,248623.85,12,12,12,12,12,0.031078,0.9630,0.9741
250000.00,250000.00,250315.67,11,11,11,11,11,0.031289,0.9554,0.9700
250000.00,250000.00,252910.61,11,11,11,11,11,0.031614,0.9286,0.9876
250000.00,250000.00,260355.00,10,10,10,10,10,0.032544,0.9139,0.9456
250000.00,250000.00,234222.41,10,10,10,10,10,0.029278,0.9690,0.9098
250000.00,250000.00,235224.72,12,12,12,12,12,0.029403,0.9621,0.9383
250000.00,250000.00,252750.19,10,10,10,10,10,0.031594,0.9177,0.9544
250000.00,250000.00,239423.75,12,12,12,12,12,0.029928,0.7418,0.7239
250000.00,250000.00,222799.30,11,11,11,11,11,0.027850,0.9589,0.8869
250000.00,250000.00,241131.66,12,12,12,12,12,0.030141,0.8896,0.6151
250000.00,250000.00,241748.81,12,12,12,12,12,0.030219,0.8800,0.5369
250000.00,187500.00,251493.45,10,9,10,9,10,0.031437,0.9254,0.9816
250000.00,250000.00,251199.25,11,11,11,11,11,0.031400,0.9203,0.9628
250000.00,250000.00,247586.25,12,12,12,12,12,0.030948,0.9108,0.9492
250000.00,187500.00,239324.57,12,11,12,11,12,0.029916,0.8479,0.9539
250000.00,250000.00,247725.01,11,11,11,11,11,0.030966,0.9743,0.9713
250000.00,250000.00,248480.20,12,12,12,12,12,0.031060,0.9654,0.9855
250000.00,250000.00,253473.76,11,11,11,11,11,0.031684,0.9561,0.9821
250000.00,250000.00,249057.77,10,10,10,10,10,0.031132,0.8977,0.9914
250000.00,500000.00,375350.95,10,12,12,11,11,0.046919,0.8755,0.6532
250000.00,250000.00,251001.36,12,12,12,12,12,0.031375,0.9634,0.9878
250000.00,250000.00,252949.71,12,12,12,12,12,0.031619,0.9445,0.9671
250000.00,250000.00,252274.51,12,12,12,12,12,0.031534,0.9191,0.9387
250000.00,250000.00,177922.49,10,10,10,9,9,0.022240,0.8561,0.8290
250000.00,250000.00,249251.37,12,12,12,12,12,0.031156,0.8398,0.8999
250000.00,250000.00,249486.92,10,10,10,10,10,0.031186,0.9656,0.9749
250000.00,187500.00,205562.59,12,11,11,11,11,0.025695,0.8927,0.8184
250000.00,250000.00,245964.05,12,12,12,12,12,0.030746,0.8141,0.9241
250000.00,250000.00,248669.51,11,11,11,11,11,0.031084,0.9733,0.9477
250000.00,250000.00,250440.60,11,11,11,11,11,0.031305,0.9729,0.9755
250000.00,250000.00,248146.18,10,10,10,10,10,0.031018,0.9476,0.9569
250000.00,250000.00,252573.49,12,12,12,12,12,0.031572,0.9459,0.9634
250000.00,250000.00,251497.27,11,11,11,11,11,0.031437,0.9436,0.9323
250000.00,250000.00,254592.90,12,12,12,12,12,0.031824,0.9298,0.9776
250000.00,250000.00,182679.53,12,12,12,11,11,0.022835,0.9276,0.7944
250000.00,250000.00,253196.72,12,12,12,12,12,0.031650,0.9058,0.9267
250000.00,187500.00,242155.08,10,9,10,9,10,0.030269,0.8995,0.9659
250000.00,250000.00,255502.70,12,12,12,12,12,0.031938,0.8920,0.6292
250000.00,250000.00,288093.57,10,10,10,10,10,0.036012,0.8463,0.8643
250000.00,250000.00,250703.13,10,10,10,10,10,0.031338,0.9798,0.9444
250000.00,250000.00,250676.16,12,12,12,12,12,0.031335,0.9765,0.9814
250000.00,250000.00,250204.09,10,10,10,10,10,0.031276,0.9717,0.9946
250000.00,250000.00,255777.36,10,10,10,10,10,0.031972,0.9716,0.9221
250000.00,250000.00,251786.71,12,12,12,12,12,0.031473,0.9600,0.9752
250000.00,250000.00,245938.78,11,11,11,11,11,0.030742,0.9324,0.9791
250000.00,250000.00,259969.71,12,12,12,12,12,0.032496,0.9063,0.9408
250000.00,250000.00,224973.68,10,10,10,10,10,0.028122,0.9493,0.8980
250000.00,250000.00,248619.08,11,11,11,11,11,0.031077,0.8971,0.9744
250000.00,250000.00,243886.95,11,11,11,11,11,0.030486,0.9689,0.9689
250000.00,250000.00,253849.98,10,10,10,10,10,0.031731,0.9378,0.9723
250000.00,250000.00,252332.69,10,10,10,10,10,0.031542,0.9360,0.9830
250000.00,250000.00,249625.68,12,12,12,12,12,0.031203,0.9173,0.9937
250000.00,250000.00,275478.12,12,12,12,12,12,0.034435,0.8447,0.9036
250000.00,250000.00,249097.82,11,11,11,11,11,0.031137,0.9860,0.9914
250000.00,250000.00,252830.51,10,10,10,10,10,0.031604,0.9366,0.9278
250000.00,250000.00,251211.17,10,10,10,10,10,0.031401,0.9540,0.9944
250000.00,250000.00,248166.08,10,10,10,10,10,0.031021,0.9421,0.9896
250000.00,250000.00,251825.09,12,12,12,12,12,0.031478,0.9378,0.9732
250000.00,250000.00,251915.93,12,12,12,12,12,0.031489,0.9644,0.9495
250000.00,250000.00,250994.21,11,11,11,11,11,0.031374,0.9152,0.7952
250000.00,250000.00,257094.38,10,10,10,10,10,0.032137,0.7622,0.9646
250000.00,250000.00,234796.52,11,11,11,11,11,0.029350,0.7339,0.9218
250000.00,250000.00,250423.43,10,10,10,10,10,0.031303,0.9802,0.9910
250000.00,250000.00,246576.31,10,10,10,10,10,0.030822,0.9675,0.9785
250000.00,250000.00,248935.70,11,11,11,11,11,0.031117,0.9674,0.9799
250000.00,250000.00,247960.09,10,10,10,10,10,0.030995,0.9555,0.9690
250000.00,250000.00,250609.90,10,10,10,10,10,0.031326,0.9730,0.9559
250000.00,250000.00,239969.02,12,12,12,12,12,0.029996,0.9632,0.9461
250000.00,250000.00,251014.71,10,10,10,10,10,0.031377,0.9571,0.9816
250000.00,250000.00,252399.44,12,12,12,12,12,0.031550,0.9524,0.9539
250000.00,250000.00,247542.38,10,10,10,10,10,0.030943,0.9468,0.9716
250000.00,250000.00,255802.15,12,12,12,12,12,0.031975,0.9455,0.9412
250000.00,250000.00,238190.65,12,12,12,12,12,0.029774,0.9371,0.9468
250000.00,250000.00,234192.85,11,11,11,11,11,0.029274,0.9007,0.8666
250000.00,250000.00,252910.61,12,12,12,12,12,0.031614,0.9674,0.9615
250000.00,250000.00,251738.43,11,11,11,11,11,0.031467,0.9527,0.9755
250000.00,250000.00,252204.06,12,12,12,12,12,0.031526,0.8044,0.9469
250000.00,250000.00,250871.66,10,10,10,10,10,0.031359,0.9819,0.9944
250000.00,250000.00,253240.59,11,11,11,11,11,0.031655,0.9649,0.9523
250000.00,250000.00,251232.15,11,11,11,11,11,0.031404,0.9576,0.9781
250000.00,250000.00,247242.21,11,11,11,11,11,0.030905,0.8918,0.9746
250000.00,250000.00,250045.78,11,11,11,11,11,0.031256,0.9486,0.9761
250000.00,250000.00,243964.20,10,10,10,10,10,0.030496,0.8768,0.9595
250000.00,187500.00,226589.20,12,11,12,11,12,0.028324,0.8750,0.8633
250000.00,250000.00,244705.08,11,11,11,11,11,0.030588,0.9528,0.9493
250000.00,250000.00,258275.84,11,11,11,11,11,0.032284,0.9446,0.9659
250000.00,250000.00,250055.31,11,11,11,11,11,0.031257,0.9212,0.8924
250000.00,250000.00,265332.22,10,10,10,10,10,0.033167,0.9057,0.9148
250000.00,250000.00,248960.49,12,12,12,12,12,0.031120,0.8918,0.9214
250000.00,250000.00,247101.31,10,10,10,10,10,0.030888,0.9638,0.9641
250000.00,250000.00,248305.32,11,11,11,11,11,0.031038,0.9540,0.9894
250000.00,250000.00,253293.99,12,12,12,12,12,0.031662,0.9206,0.9805
250000.00,250000.00,248174.67,10,10,10,10,10,0.031022,0.8816,0.9745
250000.00,250000.00,253024.58,12,12,12,12,12,0.031628,0.8702,0.9817
250000.00,250000.00,249015.81,12,12,12,12,12,0.031127,0.8369,0.9243
250000.00,250000.00,254247.67,11,11,11,11,11,0.031781,0.9664,0.9788
250000.00,250000.00,247172.36,11,11,11,11,11,0.030897,0.9636,0.9520
250000.00,250000.00,251096.25,12,12,12,12,12,0.031387,0.9509,0.9758
250000.00,250000.00,246376.04,12,12,12,12,12,0.030797,0.9215,0.9847
250000.00,250000.00,256551.98,10,10,10,10,10,0.032069,0.9155,0.9702
250000.00,250000.00,250282.29,10,10,10,10,10,0.031285,0.9689,0.9843
250000.00,250000.00,250351.91,11,11,11,11,11,0.031294,0.9592,0.9772
250000.00,250000.00,250000.95,10,10,10,10,10,0.031250,0.9580,0.9717
250000.00,250000.00,248874.07,10,10,10,10,10,0.031109,0.9448,0.9925
250000.00,250000.00,250479.70,12,12,12,12,12,0.031310,0.9359,0.9855
250000.00,250000.00,267385.48,12,12,12,12,12,0.033423,0.9313,0.9159
250000.00,250000.00,251553.54,11,11,11,11,11,0.031444,0.9303,0.9323
250000.00,250000.00,241741.90,11,11,11,11,11,0.030218,0.8992,0.9644
250000.00,250000.00,246720.31,10,10,10,10,10,0.030840,0.9914,0.9828
250000.00,250000.00,245944.02,11,11,11,11,11,0.030743,0.9696,0.9709
250000.00,250000.00,256418.23,10,10,10,10,10,0.032052,0.9685,0.9707
250000.00,250000.00,248969.55,11,11,11,11,11,0.031121,0.9409,0.9907
250000.00,250000.00,255460.74,12,12,12,12,12,0.031933,0.8764,0.9471
250000.00,250000.00,236053.47,10,10,10,10,10,0.029507,0.8297,0.9400
250000.00,250000.00,250910.04,11,11,11,11,11,0.031364,0.9526,0.9814
250000.00,187500.00,247278.93,10,9,10,9,10,0.030910,0.8557,0.9400
250000.00,250000.00,242061.61,12,12,12,12,12,0.030258,0.7045,0.9587
250000.00,250000.00,251867.77,10,10,10,10,10,0.031483,0.9722,0.9881
250000.00,250000.00,251427.65,10,10,10,10,10,0.031428,0.9558,0.9887
250000.00,250000.00,249922.04,12,12,12,12,12,0.031240,0.9409,0.9810
250000.00,250000.00,242895.13,12,12,12,12,12,0.030362,0.9650,0.9688
250000.00,250000.00,253169.06,10,10,10,10,10,0.031646,0.9509,0.9168
250000.00,250000.00,252793.31,12,12,12,12,12,0.031599,0.9009,0.9725
250000.00,250000.00,250139.24,10,10,10,10,10,0.031267,0.9377,0.9802
250000.00,250000.00,250188.83,10,10,10,10,10,0.031274,0.9348,0.9838
250000.00,250000.00,248463.63,11,11,11,11,11,0.031058,0.9251,0.8758
250000.00,250000.00,244987.49,12,12,12,12,12,0.030623,0.7839,0.9602
250000.00,250000.00,237445.83,12,12,12,12,12,0.029681,0.9120,0.9446
250000.00,250000.00,249985.69,10,10,10,10,10,0.031248,0.8852,0.9653
250000.00,250000.00,92954.56,10,10,10,7,7,0.011619,0.8402,0.6652
250000.00,250000.00,227054.60,11,11,11,11,11,0.028382,0.7676,0.8832
250000.00,250000.00,253528.59,10,10,10,10,10,0.031691,0.9807,0.9621
250000.00,250000.00,251585.01,11,11,11,11,11,0.031448,0.9753,0.9724
250000.00,250000.00,243513.35,12,12,12,12,12,0.030439,0.8595,0.9457
250000.00,250000.00,251255.04,10,10,10,10,10,0.031407,0.8418,0.9628
250000.00,250000.00,248249.05,11,11,11,11,11,0.031031,0.9504,0.9241
250000.00,250000.00,252119.06,10,10,10,10,10,0.031515,0.9278,0.9719
250000.00,250000.00,250226.97,10,10,10,10,10,0.031278,0.9213,0.9805
250000.00,250000.00,264381.41,12,12,12,12,12,0.033048,0.9483,0.9395
250000.00,250000.00,301382.06,10,10,11,10,11,0.037673,0.7701,0.8197
250000.00,250000.00,244245.53,11,11,11,11,11,0.030531,0.9361,0.9164
250000.00,250000.00,263792.51,10,10,10,10,10,0.032974,0.9281,0.9295
250000.00,250000.00,251371.38,11,11,11,11,11,0.031421,0.9243,0.9903
250000.00,250000.00,248517.99,10,10,10,10,10,0.031065,0.9221,0.9889
250000.00,250000.00,246457.93,11,11,11,11,11,0.030807,0.8682,0.9803
250000.00,250000.00,252487.66,11,11,11,11,11,0.031561,0.9760,0.9845
250000.00,250000.00,246135.71,12,12,12,12,12,0.030767,0.9591,0.9824
250000.00,250000.00,246338.37,12,12,12,12,12,0.030792,0.9563,0.9808
250000.00,250000.00,248729.47,12,12,12,12,12,0.031091,0.9273,0.9673
250000.00,250000.00,247440.81,10,10,10,10,10,0.030930,0.9663,0.9853
250000.00,250000.00,247396.71,11,11,11,11,11,0.030925,0.9574,0.9812
250000.00,250000.00,250215.53,12,12,12,12,12,0.031277,0.8474,0.8928
250000.00,250000.00,255250.45,10,10,10,10,10,0.031906,0.7815,0.9752
250000.00,250000.00,254067.90,12,12,12,12,12,0.031758,0.7560,0.7620
250000.00,250000.00,249301.67,11,11,11,11,11,0.031163,0.9496,0.9942
250000.00,250000.00,251726.15,10,10,10,10,10,0.031466,0.9477,0.9921
250000.00,250000.00,248807.43,12,12,12,12,12,0.031101,0.9220,0.9611
250000.00,250000.00,257984.16,10,10,10,10,10,0.032248,0.9102,0.9576
250000.00,250000.00,249263.76,11,11,11,11,11,0.031158,0.9740,0.9670
250000.00,250000.00,253561.50,10,10,10,10,10,0.031695,0.9591,0.9782
250000.00,250000.00,259440.42,10,10,10,10,10,0.032430,0.9516,0.9379
250000.00,250000.00,252308.85,11,11,11,11,11,0.031539,0.9467,0.9297
250000.00,250000.00,249218.46,10,10,10,10,10,0.031152,0.9352,0.9671
250000.00,250000.00,250321.39,12,12,12,12,12,0.031290,0.9271,0.9835
250000.00,250000.00,249771.12,12,12,12,12,12,0.031221,0.9244,0.9628
250000.00,250000.00,259871.48,11,11,11,11,11,0.032484,0.8773,0.9512
250000.00,250000.00,248409.27,11,11,11,11,11,0.031051,0.8400,0.9798
250000.00,250000.00,250320.46,11,11,11,11,11,0.031290,0.9661,0.9509
250000.00,250000.00,238235.47,12,12,12,12,12,0.029779,0.8909,0.9496
250000.00,250000.00,249000.55,11,11,11,11,11,0.031125,0.7619,0.9486
250000.00,250000.00,250729.56,11,11,11,11,11,0.031341,0.9830,0.9510
250000.00,250000.00,248418.81,12,12,12,12,12,0.031052,0.9548,0.9891
250000.00,250000.00,246130.94,10,10,10,10,10,0.030766,0.9417,0.9781
250000.00,250000.00,238018.04,12,12,12,12,12,0.029752,0.9351,0.8900
250000.00,250000.00,266950.61,11,11,11,11,11,0.033369,0.9215,0.9122
250000.00,250000.00,240932.46,12,12,12,12,12,0.030117,0.9132,0.8648
250000.00,250000.00,250818.25,11,11,11,11,11,0.031352,0.9691,0.9678
250000.00,250000.00,250595.09,11,11,11,11,11,0.031324,0.9630,0.9624
250000.00,250000.00,247892.86,10,10,10,10,10,0.030987,0.9622,0.9749
250000.00,250000.00,244987.49,12,12,12,12,12,0.030623,0.9607,0.9740
250000.00,250000.00,246408.46,10,10,10,10,10,0.030801,0.9295,0.9826
250000.00,250000.00,261287.45,12,12,12,12,12,0.032661,0.8759,0.8983
250000.00,250000.00,251231.19,10,10,10,10,10,0.031404,0.9791,0.9885
250000.00,250000.00,245002.75,12,12,12,12,12,0.030625,0.9586,0.9729
250000.00,250000.00,247900.01,11,11,11,11,11,0.030988,0.9570,0.9857
250000.00,250000.00,252133.85,11,11,11,11,11,0.031517,0.9367,0.9831
250000.00,375000.00,252120.97,11,12,12,11,11,0.031515,0.8175,0.9460
250000.00,250000.00,243436.81,12,12,12,12,12,0.030430,0.9600,0.9506
250000.00,250000.00,248594.28,12,12,12,12,12,0.031074,0.9431,0.9792
250000.00,250000.00,249353.89,10,10,10,10,10,0.031169,0.9417,0.9746
250000.00,250000.00,245676.99,12,12,12,12,12,0.030710,0.9327,0.9290
250000.00,250000.00,246127.13,10,10,10,10,10,0.030766,0.9216,0.9789
250000.00,375000.00,246665.00,11,12,12,11,11,0.030833,0.7196,0.5582
250000.00,250000.00,246262.01,11,11,11,11,11,0.030783,0.9646,0.9817
250000.00,250000.00,252920.15,10,10,10,10,10,0.031615,0.9627,0.9838
250000.00,250000.00,252623.56,12,12,12,12,12,0.031578,0.9596,0.9470
250000.00,250000.00,250310.21,12,12,12,12,12,0.031289,0.7821,0.9749
250000.00,250000.00,246013.64,11,11,11,11,11,0.030752,0.9736,0.9791
250000.00,250000.00,249438.29,11,11,11,11,11,0.031180,0.9634,0.9876
250000.00,187500.00,248917.58,12,11,12,11,12,0.031115,0.8704,0.9709
250000.00,250000.00,250623.70,10,10,10,10,10,0.031328,0.9792,0.9779
250000.00,250000.00,249048.71,12,12,12,12,12,0.031131,0.9568,0.9687
250000.00,250000.00,248344.42,12,12,12,12,12,0.031043,0.9415,0.9738
250000.00,250000.00,256757.74,12,12,12,12,12,0.032095,0.9264,0.9141
250000.00,250000.00,252473.83,11,11,11,11,11,0.031559,0.9700,0.9853
250000.00,250000.00,252384.19,12,12,12,12,12,0.031548,0.9211,0.9740
250000.00,250000.00,252401.95,12,12,12,12,12,0.031550,0.8589,0.9810
250000.00,250000.00,252868.65,12,12,12,12,12,0.031609,0.7086,0.9191
250000.00,250000.00,237960.82,10,10,10,10,10,0.029745,0.7037,0.6081
250000.00,250000.00,252681.73,10,10,10,10,10,0.031585,0.9814,0.9877
250000.00,250000.00,251281.74,12,12,12,12,12,0.031410,0.9372,0.9859
250000.00,250000.00,249855.04,12,12,12,12,12,0.031232,0.9077,0.9707
250000.00,250000.00,253711.70,12,12,12,12,12,0.031714,0.8827,0.9243
250000.00,250000.00,266786.34,12,12,12,12,12,0.033348,0.7408,0.8786
250000.00,250000.00,322368.62,10,10,11,10,11,0.040296,0.7339,0.7739
250000.00,250000.00,232009.54,10,10,10,10,10,0.029001,0.9577,0.9347
250000.00,250000.00,267654.42,10,10,10,10,10,0.033457,0.9382,0.9273
250000.00,250000.00,263830.66,11,11,11,11,11,0.032979,0.9726,0.9111
250000.00,250000.00,263707.16,10,10,10,10,10,0.032963,0.9579,0.9320
250000.00,250000.00,255302.43,11,11,11,11,11,0.031913,0.9368,0.9236
250000.00,250000.00,244935.51,12,12,12,12,12,0.030617,0.8632,0.8906
250000.00,250000.00,254628.66,10,11,11,11,11,0.031829,0.7867,0.6972
250000.00,250000.00,253862.86,10,10,10,10,10,0.031733,0.9603,0.9841
250000.00,250000.00,254798.89,11,11,11,11,11,0.031850,0.8252,0.9756
250000.00,250000.00,251555.44,10,10,10,10,10,0.031444,0.9728,0.9927
250000.00,250000.00,252239.23,11,11,11,11,11,0.031530,0.9674,0.9800
250000.00,250000.00,253660.20,11,11,11,11,11,0.031708,0.9494,0.9250
250000.00,250000.00,250082.97,11,11,11,11,11,0.031260,0.9754,0.9701
250000.00,250000.00,246682.99,10,10,10,10,10,0.030835,0.9573,0.9804
250000.00,250000.00,252637.80,12,12,12,12,12,0.031580,0.8818,0.9278
250000.00,250000.00,256609.44,10,10,10,10,10,0.032076,0.8593,0.9471
250000.00,250000.00,251453.40,10,10,10,10,10,0.031432,0.9859,0.9715
250000.00,250000.00,246983.05,11,11,11,11,11,0.030873,0.9692,0.9874
250000.00,250000.00,252097.13,10,10,10,10,10,0.031512,0.9660,0.9755
250000.00,250000.00,251581.19,10,10,10,10,10,0.031448,0.9575,0.9656
250000.00,250000.00,250802.52,12,12,12,12,12,0.031350,0.9509,0.9625
250000.00,250000.00,251460.55,10,10,10,10,10,0.031433,0.9446,0.9913
250000.00,250000.00,250769.85,11,11,11,11,11,0.031346,0.9419,0.9106
250000.00,250000.00,250082.02,11,11,11,11,11,0.031260,0.9388,0.9903
250000.00,250000.00,255140.30,12,12,12,12,12,0.031893,0.8800,0.9086
250000.00,250000.00,253167.15,10,10,10,10,10,0.031646,0.8555,0.9106
250000.00,250000.00,248219.49,12,12,12,12,12,0.031027,0.9620,0.9689
250000.00,250000.00,251369.48,12,12,12,12,12,0.031421,0.9546,0.9773
250000.00,187500.00,218833.92,11,10,10,10,10,0.027354,0.8569,0.8579
250000.00,250000.00,249708.18,11,11,11,11,11,0.031214,0.8303,0.9921
250000.00,250000.00,248201.37,12,12,12,12,12,0.031025,0.8208,0.9143
250000.00,250000.00,249629.97,12,12,12,12,12,0.031204,0.9684,0.9871
250000.00,250000.00,247255.09,12,12,12,12,12,0.030907,0.9238,0.9798
250000.00,250000.00,194097.15,12,12,12,11,11,0.024262,0.8871,0.9064
250000.00,250000.00,247264.86,10,10,10,10,10,0.030908,0.9570,0.9719
250000.00,250000.00,247941.49,11,11,11,11,11,0.030993,0.9348,0.9837
250000.00,250000.00,248943.81,10,10,10,10,10,0.031118,0.9879,0.9757
250000.00,250000.00,255572.32,11,11,11,11,11,0.031947,0.9557,0.9321
250000.00,250000.00,253700.97,12,12,12,12,12,0.031713,0.8555,0.9835
250000.00,250000.00,247640.61,12,12,12,12,12,0.030955,0.9653,0.9890
250000.00,250000.00,258005.14,12,12,12,12,12,0.032251,0.9278,0.9643
250000.00,250000.00,249996.19,11,11,11,11,11,0.031250,0.9251,0.9708
250000.00,250000.00,252795.22,10,10,10,10,10,0.031599,0.9130,0.9740
250000.00,250000.00,234268.40,10,10,10,10,10,0.029284,0.8360,0.9278
250000.00,250000.00,256824.97,11,11,11,11,11,0.032103,0.7208,0.9514
250000.00,250000.00,251931.67,10,10,10,10,10,0.031491,0.9779,0.9920
250000.00,250000.00,248164.18,11,11,11,11,11,0.031021,0.9476,0.9680
250000.00,250000.00,254459.38,12,12,12,12,12,0.031807,0.9216,0.9222
250000.00,250000.00,252549.17,10,10,10,10,10,0.031569,0.9666,0.9793
250000.00,250000.00,249555.59,11,11,11,11,11,0.031194,0.9299,0.9952
250000.00,250000.00,247042.66,10,10,10,10,10,0.030880,0.9190,0.9695
250000.00,187500.00,240951.54,10,9,10,9,10,0.030119,0.9160,0.9455
250000.00,250000.00,251932.14,11,11,11,11,11,0.031492,0.8766,0.9215
250000.00,250000.00,246414.18,12,12,12,12,12,0.030802,0.8692,0.9688
250000.00,250000.00,246315.96,11,11,11,11,11,0.030789,0.8266,0.9821
250000.00,250000.00,252081.87,12,12,12,12,12,0.031510,0.7823,0.9660
250000.00,250000.00,250232.70,12,12,12,12,12,0.031279,0.9598,0.9947
250000.00,250000.00,251455.07,12,12,12,12,12,0.031432,0.9571,0.9718
250000.00,250000.00,242713.93,11,11,11,11,11,0.030339,0.9470,0.9349
250000.00,250000.00,251834.87,10,10,10,10,10,0.031479,0.9456,0.9588
250000.00,250000.00,236869.81,11,11,11,11,11,0.029609,0.9528,0.9399
250000.00,250000.00,245892.05,12,12,12,12,12,0.030737,0.9441,0.9803
250000.00,250000.00,245456.93,10,10,10,10,10,0.030682,0.9425,0.9750
250000.00,250000.00,248014.93,11,11,11,11,11,0.031002,0.9173,0.9422
250000.00,250000.00,247347.83,11,11,11,11,11,0.030918,0.8984,0.9879
250000.00,250000.00,250341.89,10,10,10,10,10,0.031293,0.9693,0.9825
250000.00,250000.00,261829.38,10,10,10,10,10,0.032729,0.9623,0.9532
250000.00,250000.00,249242.78,12,12,12,12,12,0.031155,0.9485,0.9870
250000.00,250000.00,253776.55,10,10,10,10,10,0.031722,0.9484,0.9776
250000.00,250000.00,248381.14,12,12,12,12,12,0.031048,0.9457,0.9882
250000.00,250000.00,246571.18,10,10,10,10,10,0.030821,0.9214,0.9838
250000.00,250000.00,246440.41,12,12,12,12,12,0.030805,0.8843,0.7516
250000.00,250000.00,244862.56,11,11,11,11,11,0.030608,0.8718,0.9470
250000.00,250000.00,255852.46,11,11,11,11,11,0.031982,0.7447,0.9033
250000.00,250000.00,254040.72,11,11,11,11,11,0.031755,0.9815,0.9729
250000.00,250000.00,255206.11,12,12,12,12,12,0.031901,0.9766,0.9792
250000.00,250000.00,248319.27,11,11,11,11,11,0.031040,0.9753,0.9906
250000.00,250000.00,246463.78,12,12,12,12,12,0.030808,0.9209,0.9780
250000.00,250000.00,252933.50,10,10,10,10,10,0.031617,0.9136,0.9869
250000.00,250000.00,217834.47,11,11,11,11,11,0.027229,0.7266,0.8284
250000.00,250000.00,249148.37,11,11,11,11,11,0.031144,0.9808,0.9604
250000.00,250000.00,248144.63,11,11,11,11,11,0.031018,0.9720,0.9915
250000.00,250000.00,237606.05,12,12,12,12,12,0.029701,0.9568,0.9375
250000.00,250000.00,258591.65,12,12,12,12,12,0.032324,0.8996,0.9003
250000.00,250000.00,217533.11,10,10,10,10,10,0.027192,0.9406,0.8281
250000.00,250000.00,233739.85,10,10,10,10,10,0.029217,0.9303,0.9331
250000.00,250000.00,243436.81,11,11,11,11,11,0.030430,0.9284,0.6445
250000.00,250000.00,248258.59,11,11,11,11,11,0.031032,0.8960,0.9181
250000.00,250000.00,248594.28,12,12,12,12,12,0.031074,0.9728,0.9712
250000.00,250000.00,251635.55,11,11,11,11,11,0.031454,0.9861,0.9924
250000.00,250000.00,245193.96,10,10,10,10,10,0.030649,0.9746,0.9771
250000.00,250000.00,259044.35,10,10,10,10,10,0.032381,0.8339,0.8758
250000.00,250000.00,249301.20,12,12,12,12,12,0.031163,0.7208,0.9478
250000.00,250000.00,251605.39,11,11,11,11,11,0.031451,0.9780,0.9641
250000.00,250000.00,252364.16,10,10,10,10,10,0.031546,0.9729,0.9851
250000.00,250000.00,257452.96,10,10,10,10,10,0.032182,0.9677,0.9604
250000.00,250000.00,253703.12,11,11,11,11,11,0.031713,0.9656,0.9493
250000.00,250000.00,266408.92,10,10,10,10,10,0.033301,0.8852,0.8557
250000.00,250000.00,252283.57,12,12,12,12,12,0.031535,0.7932,0.9486
250000.00,250000.00,254985.81,10,10,10,10,10,0.031873,0.9811,0.9781
250000.00,250000.00,277044.33,11,11,11,11,11,0.034631,0.8749,0.7913
250000.00,250000.00,248163.70,10,10,10,10,10,0.031020,0.8676,0.9676
250000.00,250000.00,255706.79,10,10,10,10,10,0.031963,0.9792,0.9706
250000.00,250000.00,252191.54,11,11,11,11,11,0.031524,0.9768,0.9906
250000.00,250000.00,249120.71,10,10,10,10,10,0.031140,0.9652,0.9488
250000.00,250000.00,251411.44,11,11,11,11,11,0.031426,0.9651,0.9869
250000.00,250000.00,256700.52,11,11,11,11,11,0.032088,0.8540,0.7429
250000.00,187500.00,233398.44,12,11,12,11,12,0.029175,0.7956,0.9273
250000.00,250000.00,210088.73,12,12,12,11,11,0.026261,0.8748,0.8198
250000.00,250000.00,244276.29,12,12,12,12,12,0.030535,0.8692,0.9728
250000.00,250000.00,245267.87,12,12,12,12,12,0.030658,0.8553,0.6126
250000.00,250000.00,243123.05,11,11,11,11,11,0.030390,0.8126,0.9695
250000.00,250000.00,239356.52,10,10,10,10,10,0.029920,0.9673,0.9532
250000.00,250000.00,248451.95,10,10,10,10,10,0.031056,0.9385,0.9554
250000.00,250000.00,250256.54,12,12,12,12,12,0.031282,0.9180,0.9457
250000.00,250000.00,233807.09,12,12,12,12,12,0.029226,0.8926,0.9132
250000.00,250000.00,250207.90,11,11,11,11,11,0.031276,0.8913,0.9587
250000.00,250000.00,251366.62,11,11,11,11,11,0.031421,0.8760,0.9556
250000.00,250000.00,244534.49,12,12,12,12,12,0.030567,0.7974,0.9699
250000.00,250000.00,252226.83,10,10,10,10,10,0.031528,0.9701,0.9741
250000.00,250000.00,249032.02,11,11,11,11,11,0.031129,0.9589,0.9013
250000.00,250000.00,247566.22,10,10,10,10,10,0.030946,0.9551,0.9876
250000.00,250000.00,260263.44,12,12,12,12,12,0.032533,0.9436,0.9032
250000.00,250000.00,251747.13,11,11,11,11,11,0.031468,0.9417,0.8930
250000.00,250000.00,252327.80,11,11,11,11,11,0.031541,0.9249,0.9882
250000.00,250000.00,241872.79,12,12,12,12,12,0.030234,0.9206,0.9597
250000.00,250000.00,248178.24,10,10,10,10,10,0.031022,0.9834,0.9735
250000.00,250000.00,251482.01,10,10,10,10,10,0.031435,0.9712,0.9693
250000.00,250000.00,248352.05,10,10,10,10,10,0.031044,0.9537,0.9719
250000.00,250000.00,247501.37,11,11,11,11,11,0.030938,0.8912,0.9702
250000.00,250000.00,252259.25,12,12,12,12,12,0.031532,0.7331,0.9632
250000.00,250000.00,252715.65,12,12,12,12,12,0.031589,0.8368,0.9169
250000.00,250000.00,250211.72,10,10,10,10,10,0.031276,0.8704,0.9575
250000.00,375000.00,297969.82,10,11,11,10,10,0.037246,0.7006,0.8067
250000.00,250000.00,254224.78,11,11,11,11,11,0.031778,0.9421,0.9778
250000.00,250000.00,247949.60,11,11,11,11,11,0.030994,0.9248,0.9836
250000.00,250000.00,251153.95,10,10,10,10,10,0.031394,0.9844,0.9757
250000.00,250000.00,254528.05,10,10,10,10,10,0.031816,0.9713,0.9663
250000.00,250000.00,257730.48,10,10,10,10,10,0.032216,0.9592,0.9618
250000.00,250000.00,248469.83,11,11,11,11,11,0.031059,0.9817,0.9778
250000.00,250000.00,251273.16,10,10,10,10,10,0.031409,0.9713,0.9669
250000.00,250000.00,245752.33,12,12,12,12,12,0.030719,0.9623,0.9812
250000.00,250000.00,248379.71,10,10,10,10,10,0.031047,0.9620,0.9866
250000.00,250000.00,246345.52,10,10,10,10,10,0.030793,0.9552,0.9545
250000.00,250000.00,250676.16,11,11,11,11,11,0.031335,0.9778,0.9681
250000.00,250000.00,253493.31,11,11,11,11,11,0.031687,0.9687,0.9827
250000.00,250000.00,253686.90,11,11,11,11,11,0.031711,0.9685,0.9408
250000.00,250000.00,250555.52,10,10,10,10,10,0.031319,0.9649,0.9648
250000.00,250000.00,250863.67,10,10,10,10,10,0.031358,0.9617,0.9768
250000.00,250000.00,239324.57,12,12,12,12,12,0.029916,0.9553,0.9511
250000.00,250000.00,250535.85,11,11,11,11,11,0.031317,0.9394,0.9774
250000.00,250000.00,243291.85,12,12,12,12,12,0.030411,0.8454,0.9511
250000.00,250000.00,252523.42,12,12,12,12,12,0.031565,0.9576,0.9872
250000.00,250000.00,244447.71,10,10,10,10,10,0.030556,0.9442,0.9515
250000.00,250000.00,246075.63,11,11,11,11,11,0.030759,0.9411,0.9508
250000.00,250000.00,142199.58,10,10,10,8,8,0.017775,0.8619,0.8713
250000.00,250000.00,247360.23,11,11,11,11,11,0.030920,0.8452,0.9396
250000.00,250000.00,241528.51,10,10,10,10,10,0.030191,0.9519,0.9112
250000.00,250000.00,244668.01,10,10,10,10,10,0.030584,0.9401,0.9726
250000.00,250000.00,250154.50,10,10,10,10,10,0.031269,0.9786,0.9782
250000.00,250000.00,249087.33,11,11,11,11,11,0.031136,0.9752,0.9906
250000.00,250000.00,253000.26,12,12,12,12,12,0.031625,0.9594,0.9872
250000.00,250000.00,253587.72,10,10,10,10,10,0.031698,0.9266,0.9654
250000.00,250000.00,258665.08,11,11,11,11,11,0.032333,0.9101,0.9481
250000.00,250000.00,245376.59,12,12,12,12,12,0.030672,0.7688,0.5532
250000.00,250000.00,252770.42,11,11,11,11,11,0.031596,0.9687,0.9857
250000.00,250000.00,253180.98,11,11,11,11,11,0.031648,0.9437,0.9598
250000.00,250000.00,250762.94,10,10,10,10,10,0.031345,0.9018,0.9792
250000.00,250000.00,251049.04,12,12,12,12,12,0.031381,0.8404,0.9095
250000.00,250000.00,243370.06,12,12,12,12,12,0.030421,0.9618,0.9260
250000.00,250000.00,242866.52,11,11,11,11,11,0.030358,0.9118,0.9384
250000.00,250000.00,240980.36,10,10,10,10,10,0.030123,0.9052,0.9562
250000.00,250000.00,250927.93,10,10,10,10,10,0.031366,0.8748,0.9642
250000.00,250000.00,252047.54,12,12,12,12,12,0.031506,0.9640,0.9895
250000.00,250000.00,242605.21,11,11,11,11,11,0.030326,0.9038,0.9538
250000.00,250000.00,247507.10,11,11,11,11,11,0.030938,0.9038,0.9688
250000.00,250000.00,242532.73,11,11,11,11,11,0.030317,0.9093,0.9545
250000.00,250000.00,251223.56,10,10,10,10,10,0.031403,0.8135,0.9921
250000.00,250000.00,252989.77,11,11,11,11,11,0.031624,0.9731,0.9579
250000.00,250000.00,248516.08,11,11,11,11,11,0.031065,0.9577,0.9843
250000.00,250000.00,246259.69,12,12,12,12,12,0.030782,0.9544,0.9839
250000.00,250000.00,245574.24,10,10,10,10,10,0.030697,0.9362,0.9669
250000.00,250000.00,248321.53,12,12,12,12,12,0.031040,0.9237,0.9910
250000.00,250000.00,265851.97,12,12,12,12,12,0.033231,0.7389,0.8621
250000.00,250000.00,236743.93,10,10,10,10,10,0.029593,0.7317,0.9414
250000.00,250000.00,250922.20,11,11,11,11,11,0.031365,0.9607,0.9779
250000.00,250000.00,250349.04,10,10,10,10,10,0.031294,0.8960,0.9386
250000.00,250000.00,256447.32,11,11,11,11,11,0.032056,0.8917,0.9652
250000.00,250000.00,250392.91,11,11,11,11,11,0.031299,0.8734,0.9538
250000.00,250000.00,243020.06,12,12,12,12,12,0.030378,0.9516,0.9720
250000.00,250000.00,241678.71,12,12,12,12,12,0.030210,0.9411,0.9458
250000.00,250000.00,247766.49,11,11,11,11,11,0.030971,0.7678,0.6295
250000.00,250000.00,243891.72,10,10,10,10,10,0.030486,0.9618,0.9607
250000.00,250000.00,248892.31,11,11,11,11,11,0.031112,0.9224,0.9513
250000.00,250000.00,248746.87,12,12,12,12,12,0.031093,0.9033,0.9585
250000.00,250000.00,246842.38,10,10,10,10,10,0.030855,0.9014,0.9588
250000.00,250000.00,247430.80,10,10,10,10,10,0.030929,0.8285,0.9759
250000.00,250000.00,251049.04,12,12,12,12,12,0.031381,0.9753,0.9903
250000.00,250000.00,249595.64,11,11,11,11,11,0.031199,0.9678,0.9771
250000.00,250000.00,251632.69,11,11,11,11,11,0.031454,0.9618,0.9629
250000.00,250000.00,249402.05,11,11,11,11,11,0.031175,0.9525,0.9540
250000.00,250000.00,246601.10,10,10,10,10,10,0.030825,0.9505,0.9542
250000.00,250000.00,249055.86,12,12,12,12,12,0.031132,0.9294,0.9909
250000.00,250000.00,252041.82,10,10,10,10,10,0.031505,0.9677,0.9830
250000.00,250000.00,250967.03,12,12,12,12,12,0.031371,0.9563,0.9636
250000.00,250000.00,252510.07,11,11,11,11,11,0.031564,0.9502,0.9487
250000.00,250000.00,247993.47,12,12,12,12,12,0.030999,0.9334,0.9901
250000.00,375000.00,243382.10,11,12,12,11,11,0.030423,0.8281,0.9271
250000.00,250000.00,249628.07,11,11,11,11,11,0.031204,0.9788,0.9859
250000.00,250000.00,245121.00,10,10,10,10,10,0.030640,0.9709,0.9486
250000.00,250000.00,249874.11,11,11,11,11,11,0.031234,0.9682,0.9626
250000.00,250000.00,252161.03,10,10,10,10,10,0.031520,0.9568,0.9713
250000.00,250000.00,252397.54,12,12,12,12,12,0.031550,0.9334,0.9804
250000.00,250000.00,246104.24,12,12,12,12,12,0.030763,0.9348,0.9569
250000.00,250000.00,251386.64,12,12,12,12,12,0.031423,0.9666,0.9758
250000.00,250000.00,251465.80,10,10,10,10,10,0.031433,0.9615,0.9793
250000.00,250000.00,254893.30,10,10,10,10,10,0.031862,0.9319,0.8929
250000.00,250000.00,248835.09,11,11,11,11,11,0.031104,0.9269,0.9240
250000.00,250000.00,252447.13,12,12,12,12,12,0.031556,0.8784,0.9583
250000.00,250000.00,275805.12,11,12,12,12,12,0.034476,0.7185,0.8402
250000.00,250000.00,250227.96,12,12,12,12,12,0.031278,0.7113,0.5529
250000.00,250000.00,242807.39,10,10,10,10,10,0.030351,0.9520,0.9510
250000.00,250000.00,250549.32,11,11,11,11,11,0.031319,0.9114,0.9902
250000.00,250000.00,246631.62,12,12,12,12,12,0.030829,0.7990,0.9583
250000.00,250000.00,249448.78,11,11,11,11,11,0.031181,0.8410,0.9554
250000.00,250000.00,249137.88,11,11,11,11,11,0.031142,0.9829,0.9720
250000.00,250000.00,250038.15,11,11,11,11,11,0.031255,0.9740,0.9855
250000.00,250000.00,248773.57,10,10,10,10,10,0.031097,0.9659,0.9766
250000.00,250000.00,246732.71,11,11,11,11,11,0.030842,0.9624,0.9849
250000.00,250000.00,253214.84,10,10,10,10,10,0.031652,0.9472,0.9766
250000.00,250000.00,256689.07,12,12,12,12,12,0.032086,0.9225,0.9668
250000.00,250000.00,248847.96,10,10,10,10,10,0.031106,0.9626,0.9696
250000.00,250000.00,244434.24,11,11,11,11,11,0.030554,0.9481,0.9610
250000.00,250000.00,251392.36,12,12,12,12,12,0.031424,0.9251,0.9648
250000.00,250000.00,248104.10,10,10,10,10,10,0.031013,0.9146,0.9541
250000.00,250000.00,247761.19,12,12,12,12,12,0.030970,0.9485,0.9808
250000.00,250000.00,251577.38,10,10,10,10,10,0.031447,0.9173,0.9715
250000.00,125000.00,127542.50,12,10,10,10,10,0.015943,0.8130,0.5070
250000.00,250000.00,252013.21,11,11,11,11,11,0.031502,0.9773,0.9737
250000.00,250000.00,165457.07,12,12,12,11,11,0.020682,0.9276,0.8798
250000.00,250000.00,254903.79,10,10,10,10,10,0.031863,0.9146,0.9794
250000.00,250000.00,249460.22,12,12,12,12,12,0.031183,0.8429,0.9949
250000.00,250000.00,250526.43,10,10,10,10,10,0.031316,0.9612,0.9900
250000.00,250000.00,249427.80,11,11,11,11,11,0.031178,0.9600,0.9573
250000.00,250000.00,255064.01,11,11,11,11,11,0.031883,0.9575,0.9737
250000.00,250000.00,250532.15,11,11,11,11,11,0.031317,0.9536,0.9757
250000.00,250000.00,249602.32,10,10,10,10,10,0.031200,0.9510,0.9744
250000.00,250000.00,250361.44,11,11,11,11,11,0.031295,0.9483,0.9771
250000.00,250000.00,252173.42,12,12,12,12,12,0.031522,0.9057,0.9241
250000.00,250000.00,255540.85,10,10,10,10,10,0.031943,0.9015,0.9615
250000.00,250000.00,254109.38,12,12,12,12,12,0.031764,0.9694,0.9834
250000.00,250000.00,255058.29,11,11,11,11,11,0.031882,0.9500,0.9657
250000.00,250000.00,246056.56,10,10,10,10,10,0.030757,0.9370,0.9824
250000.00,250000.00,249521.91,10,10,10,10,10,0.031190,0.9712,0.9960
250000.00,250000.00,249720.57,12,12,12,12,12,0.031215,0.9599,0.9914
250000.00,250000.00,251379.97,11,11,11,11,11,0.031422,0.9508,0.9780
250000.00,250000.00,253099.44,11,11,11,11,11,0.031637,0.9357,0.9096
250000.00,250000.00,251627.92,11,11,11,11,11,0.031453,0.9023,0.9864
250000.00,250000.00,247735.50,10,10,10,10,10,0.030967,0.8887,0.9864
250000.00,250000.00,255801.92,10,10,10,10,10,0.031975,0.9629,0.9759
250000.00,250000.00,248623.85,12,12,12,12,12,0.031078,0.9613,0.9603
250000.00,250000.00,252631.66,11,11,11,11,11,0.031579,0.9486,0.9881
250000.00,250000.00,140508.82,10,10,10,8,8,0.017564,0.9053,0.8809
250000.00,250000.00,249269.01,11,11,11,11,11,0.031159,0.9389,0.9368
250000.00,250000.00,237409.59,11,11,11,11,11,0.029676,0.8458,0.8248
250000.00,250000.00,230938.91,12,12,12,12,12,0.028867,0.8431,0.6554
250000.00,250000.00,236028.67,12,12,12,12,12,0.029504,0.7562,0.7688
250000.00,250000.00,252459.53,10,10,10,10,10,0.031557,0.9769,0.9683
250000.00,250000.00,249664.31,12,12,12,12,12,0.031208,0.8869,0.9769
250000.00,250000.00,258261.08,11,11,11,11,11,0.032283,0.8381,0.8625
250000.00,250000.00,247151.85,12,12,12,12,12,0.030894,0.8845,0.9719
250000.00,250000.00,248813.63,12,12,12,12,12,0.031102,0.9736,0.9519
250000.00,250000.00,247738.84,10,10,10,10,10,0.030967,0.9537,0.9846
250000.00,250000.00,253234.86,10,10,10,10,10,0.031654,0.9427,0.9854
250000.00,250000.00,251168.25,10,10,10,10,10,0.031396,0.9417,0.9801
250000.00,250000.00,247545.24,12,12,12,12,12,0.030943,0.9637,0.9882
250000.00,250000.00,248195.65,10,10,10,10,10,0.031024,0.9523,0.9540
250000.00,250000.00,252187.25,11,11,11,11,11,0.031523,0.9393,0.9761
250000.00,250000.00,249091.27,11,11,11,11,11,0.031136,0.8755,0.9484
250000.00,250000.00,249164.58,12,12,12,12,12,0.031146,0.8262,0.9088
250000.00,250000.00,245349.88,12,12,12,12,12,0.030669,0.9740,0.9725
250000.00,250000.00,249324.80,10,10,10,10,10,0.031166,0.9678,0.9634
250000.00,250000.00,247916.16,10,10,10,10,10,0.030990,0.9621,0.9814
250000.00,250000.00,256559.37,12,12,12,12,12,0.032070,0.9599,0.9697
250000.00,250000.00,284636.74,11,11,11,11,11,0.035580,0.9248,0.8761
250000.00,250000.00,249651.91,11,11,11,11,11,0.031206,0.9610,0.9757
250000.00,250000.00,247493.74,12,12,12,12,12,0.030937,0.9166,0.9709
250000.00,250000.00,253414.15,10,10,10,10,10,0.031677,0.9803,0.9755
250000.00,250000.00,250116.35,11,11,11,11,11,0.031265,0.9590,0.9714
250000.00,250000.00,249101.64,11,11,11,11,11,0.031138,0.9571,0.9639
250000.00,250000.00,247075.08,10,10,10,10,10,0.030884,0.9373,0.9652
250000.00,250000.00,249877.93,11,11,11,11,11,0.031235,0.9310,0.9490
250000.00,250000.00,246685.03,11,11,11,11,11,0.030836,0.9164,0.8735
250000.00,250000.00,249969.72,12,12,12,12,12,0.031246,0.8327,0.9733
250000.00,250000.00,252069.47,12,12,12,12,12,0.031509,0.7848,0.9726
250000.00,250000.00,250410.08,11,11,11,11,11,0.031301,0.9776,0.9959
250000.00,250000.00,253237.72,10,10,10,10,10,0.031655,0.9275,0.9843
250000.00,250000.00,263758.66,12,12,12,12,12,0.032970,0.7854,0.9457
250000.00,250000.00,250380.52,12,12,12,12,12,0.031298,0.9666,0.9745
250000.00,250000.00,249687.19,10,10,10,10,10,0.031211,0.9224,0.9719
250000.00,250000.00,249639.03,10,10,10,10,10,0.031205,0.7662,0.9655
250000.00,250000.00,243034.84,11,11,11,11,11,0.030379,0.7560,0.9288
250000.00,250000.00,259642.60,12,12,12,12,12,0.032455,0.8983,0.9605
250000.00,250000.00,251791.95,10,10,10,10,10,0.031474,0.9700,0.9864
250000.00,250000.00,253243.21,10,10,10,10,10,0.031655,0.9429,0.9718
250000.00,250000.00,252203.94,11,11,11,11,11,0.031525,0.9191,0.9481
250000.00,250000.00,253157.85,11,11,11,11,11,0.031645,0.8745,0.9567
250000.00,250000.00,253566.74,11,11,11,11,11,0.031696,0.7395,0.9257
250000.00,250000.00,251852.04,10,10,10,10,10,0.031482,0.9720,0.9525
250000.00,250000.00,253008.84,11,11,11,11,11,0.031626,0.9610,0.9700
250000.00,250000.00,249504.57,12,12,12,12,12,0.031188,0.9532,0.9755
250000.00,250000.00,258236.89,12,12,12,12,12,0.032280,0.9459,0.9633
250000.00,250000.00,249542.24,11,11,11,11,11,0.031193,0.9342,0.9904
250000.00,250000.00,247655.87,10,10,10,10,10,0.030957,0.9018,0.9707
250000.00,187500.00,213292.12,11,10,10,10,10,0.026662,0.8691,0.8492
250000.00,250000.00,232734.68,11,11,11,11,11,0.029092,0.9409,0.9226
250000.00,250000.00,244749.07,12,12,12,12,12,0.030594,0.9335,0.9726
250000.00,250000.00,235016.82,11,11,11,11,11,0.029377,0.9176,0.9282
250000.00,250000.00,264528.27,10,10,10,10,10,0.033066,0.8261,0.8412
250000.00,250000.00,249999.05,10,10,10,10,10,0.031250,0.9778,0.9769
250000.00,250000.00,256024.36,10,10,10,10,10,0.032003,0.9729,0.9612
250000.00,250000.00,248700.14,11,11,11,11,11,0.031088,0.9611,0.9916
250000.00,250000.00,251899.27,12,12,12,12,12,0.031487,0.9487,0.9439
250000.00,250000.00,253754.62,11,11,11,11,11,0.031719,0.9322,0.9226
250000.00,250000.00,247460.37,10,10,10,10,10,0.030933,0.9771,0.9815
250000.00,250000.00,249013.19,10,10,10,10,10,0.031127,0.9621,0.9653
250000.00,250000.00,245871.78,11,11,11,11,11,0.030734,0.9583,0.9816
250000.00,250000.00,248106.00,10,10,10,10,10,0.031013,0.9706,0.9663
250000.00,250000.00,247860.31,11,11,11,11,11,0.030983,0.9551,0.9688
250000.00,250000.00,145434.77,11,11,11,9,9,0.018179,0.7363,0.8328
250000.00,250000.00,232907.30,10,10,10,10,10,0.029113,0.8067,0.8759
250000.00,250000.00,249586.11,11,11,11,11,11,0.031198,0.7358,0.9701
250000.00,250000.00,252024.65,11,11,11,11,11,0.031503,0.9743,0.9718
250000.00,250000.00,250017.17,12,12,12,12,12,0.031252,0.9543,0.9647
250000.00,250000.00,257315.64,12,12,12,12,12,0.032164,0.8749,0.9583
250000.00,250000.00,247257.71,12,12,12,12,12,0.030907,0.9799,0.9732
250000.00,250000.00,251134.87,10,10,10,10,10,0.031392,0.9733,0.9854
250000.00,250000.00,252582.55,10,10,10,10,10,0.031573,0.9567,0.9529
250000.00,250000.00,236337.66,12,12,12,12,12,0.029542,0.9068,0.9452
250000.00,250000.00,248454.81,10,10,10,10,10,0.031057,0.9763,0.9669
250000.00,250000.00,251691.34,12,12,12,12,12,0.031461,0.9671,0.9706
250000.00,250000.00,256279.71,10,10,10,10,10,0.032035,0.9635,0.9691
250000.00,250000.00,253113.27,11,11,11,11,11,0.031639,0.9546,0.9816
250000.00,250000.00,249942.78,12,12,12,12,12,0.031243,0.9291,0.9734
250000.00,250000.00,250186.92,10,10,10,10,10,0.031273,0.9023,0.9773
250000.00,375000.00,174012.27,10,11,11,9,9,0.021752,0.8732,0.8976
250000.00,250000.00,244552.61,10,10,10,10,10,0.030569,0.9427,0.9720
250000.00,250000.00,247095.11,11,11,11,11,11,0.030887,0.8888,0.8991
250000.00,250000.00,253714.44,10,10,10,10,10,0.031714,0.9784,0.9819
250000.00,250000.00,254253.39,11,11,11,11,11,0.031782,0.9699,0.9798
250000.00,250000.00,249965.67,12,12,12,12,12,0.031246,0.9562,0.9932
250000.00,250000.00,251961.71,10,10,10,10,10,0.031495,0.9557,0.9849
250000.00,250000.00,253273.61,12,12,12,12,12,0.031659,0.9037,0.9565
250000.00,250000.00,121242.02,12,12,12,10,10,0.015155,0.8276,0.7814
250000.00,187500.00,250706.67,11,10,11,10,11,0.031338,0.7099,0.9193
250000.00,250000.00,251785.28,11,11,11,11,11,0.031473,0.9606,0.9780
250000.00,250000.00,242975.23,10,10,10,10,10,0.030372,0.9490,0.9636
250000.00,250000.00,245147.23,10,10,10,10,10,0.030643,0.9471,0.9801
250000.00,250000.00,245626.45,11,11,11,11,11,0.030703,0.9350,0.9522
250000.00,250000.00,249284.27,12,12,12,12,12,0.031161,0.9090,0.9704
250000.00,250000.00,250000.00,10,10,10,10,10,0.031250,0.9736,0.9818
250000.00,250000.00,253501.89,10,10,10,10,10,0.031688,0.9729,0.9829
250000.00,250000.00,253381.49,10,10,10,10,10,0.031673,0.9664,0.9602
250000.00,250000.00,248061.18,12,12,12,12,12,0.031008,0.9460,0.9723
250000.00,250000.00,247074.01,12,12,12,12,12,0.030884,0.9387,0.9856
250000.00,250000.00,250194.55,12,12,12,12,12,0.031274,0.9085,0.9691
250000.00,250000.00,242895.13,11,11,11,11,11,0.030362,0.8535,0.9702
250000.00,250000.00,250171.66,11,11,11,11,11,0.031271,0.9694,0.9631
250000.00,250000.00,249738.69,12,12,12,12,12,0.031217,0.9644,0.9944
250000.00,250000.00,247037.41,11,11,11,11,11,0.030880,0.9612,0.9741
250000.00,250000.00,283748.63,12,12,12,12,12,0.035469,0.9349,0.8724
250000.00,250000.00,251060.49,11,11,11,11,11,0.031383,0.7885,0.9427
250000.00,250000.00,252840.04,10,10,10,10,10,0.031605,0.9741,0.9759
250000.00,250000.00,249509.81,11,11,11,11,11,0.031189,0.9508,0.9716
250000.00,250000.00,245146.75,10,10,10,10,10,0.030643,0.9431,0.9533
250000.00,250000.00,249337.67,10,10,10,10,10,0.031167,0.9410,0.9611
250000.00,250000.00,242633.82,11,11,11,11,11,0.030329,0.9261,0.5455
250000.00,250000.00,251712.20,12,12,12,12,12,0.031464,0.9662,0.9205
250000.00,250000.00,243458.75,11,11,11,11,11,0.030432,0.9530,0.9660
250000.00,250000.00,247963.43,11,11,11,11,11,0.030995,0.9499,0.9110
250000.00,250000.00,249296.19,11,11,11,11,11,0.031162,0.9445,0.9718
250000.00,250000.00,258462.91,12,12,12,12,12,0.032308,0.9381,0.9536
250000.00,250000.00,260877.61,12,12,12,12,12,0.032610,0.8454,0.8840
250000.00,250000.00,247371.67,12,12,12,12,12,0.030921,0.7921,0.5095
250000.00,250000.00,249263.76,12,12,12,12,12,0.031158,0.9436,0.9737
250000.00,250000.00,237444.40,11,11,11,11,11,0.029681,0.9277,0.7761
250000.00,250000.00,252786.64,12,12,12,12,12,0.031598,0.9196,0.8910
250000.00,250000.00,251003.27,11,11,11,11,11,0.031375,0.9159,0.9289
250000.00,250000.00,213825.82,11,11,11,11,11,0.026728,0.7719,0.8008
250000.00,250000.00,245071.41,10,10,10,10,10,0.030634,0.9820,0.9615
250000.00,250000.00,248041.99,10,10,10,10,10,0.031005,0.9595,0.9624
250000.00,250000.00,250490.19,12,12,12,12,12,0.031311,0.9581,0.9932
250000.00,250000.00,249141.69,11,11,11,11,11,0.031143,0.9340,0.9576
250000.00,250000.00,246559.14,11,11,11,11,11,0.030820,0.9030,0.9570
250000.00,250000.00,251619.34,11,11,11,11,11,0.031452,0.9823,0.9665
250000.00,250000.00,250157.36,10,10,10,10,10,0.031270,0.9715,0.9800
250000.00,250000.00,255371.03,10,10,10,10,10,0.031921,0.9711,0.9765
250000.00,250000.00,244530.20,12,12,12,12,12,0.030566,0.8858,0.9750
250000.00,187500.00,254906.65,10,9,10,9,10,0.031863,0.7795,0.9207
250000.00,250000.00,241781.23,12,12,12,12,12,0.030223,0.7465,0.9631
250000.00,250000.00,250200.75,11,11,11,11,11,0.031275,0.9695,0.9621
250000.00,250000.00,250621.80,10,10,10,10,10,0.031328,0.9583,0.9671
250000.00,250000.00,248690.61,12,12,12,12,12,0.031086,0.9125,0.9884
250000.00,250000.00,249917.98,12,12,12,12,12,0.031240,0.8939,0.9727
250000.00,250000.00,214099.88,10,10,10,10,10,0.026762,0.8328,0.8529
250000.00,187500.00,256275.18,11,10,11,10,11,0.032034,0.7348,0.7024
250000.00,250000.00,243661.40,10,10,10,10,10,0.030458,0.8671,0.8692
250000.00,250000.00,251483.92,11,11,11,11,11,0.031435,0.9726,0.8914
250000.00,250000.00,249769.21,11,11,11,11,11,0.031221,0.9611,0.9548
250000.00,250000.00,250516.41,11,11,11,11,11,0.031315,0.9501,0.9597
250000.00,250000.00,250177.38,10,10,10,10,10,0.031272,0.9051,0.9623
250000.00,250000.00,246547.70,10,10,10,10,10,0.030818,0.9044,0.9459
250000.00,250000.00,248722.08,11,11,11,11,11,0.031090,0.9650,0.8974
250000.00,250000.00,249683.38,12,12,12,12,12,0.031210,0.9468,0.9704
250000.00,250000.00,240245.48,10,10,10,10,10,0.030031,0.9096,0.9418
250000.00,250000.00,251566.89,12,12,12,12,12,0.031446,0.8251,0.9577
250000.00,250000.00,232847.93,11,11,11,11,11,0.029106,0.7909,0.9253
250000.00,250000.00,253400.09,11,11,11,11,11,0.031675,0.9658,0.9847
250000.00,250000.00,243186.00,11,11,11,11,11,0.030398,0.9146,0.9702
250000.00,250000.00,250638.96,11,11,11,11,11,0.031330,0.8822,0.9208
250000.00,250000.00,252944.95,10,10,10,10,10,0.031618,0.8448,0.9731
250000.00,250000.00,253361.70,11,11,11,11,11,0.031670,0.9438,0.9738
250000.00,250000.00,249691.01,10,10,10,10,10,0.031211,0.9701,0.9625
250000.00,250000.00,250440.60,11,11,11,11,11,0.031305,0.9636,0.9776
250000.00,250000.00,251564.32,12,12,12,12,12,0.031446,0.9557,0.9649
250000.00,250000.00,249231.34,10,10,10,10,10,0.031154,0.9741,0.9771
250000.00,250000.00,249508.86,10,10,10,10,10,0.031189,0.9719,0.9860
250000.00,250000.00,247264.39,11,11,11,11,11,0.030908,0.9675,0.9746
250000.00,250000.00,252399.44,10,10,10,10,10,0.031550,0.9603,0.9395
250000.00,250000.00,250056.03,12,12,12,12,12,0.031257,0.9495,0.9718
250000.00,250000.00,248330.59,11,11,11,11,11,0.031041,0.9789,0.9845
250000.00,250000.00,251928.09,10,10,10,10,10,0.031491,0.9562,0.9830
250000.00,250000.00,246143.34,10,10,10,10,10,0.030768,0.9358,0.9707
250000.00,250000.00,249519.35,10,10,10,10,10,0.031190,0.8125,0.9634
250000.00,250000.00,251445.77,12,12,12,12,12,0.031431,0.7732,0.9266
250000.00,250000.00,253023.68,11,11,11,11,11,0.031628,0.9738,0.9701
250000.00,250000.00,248203.75,12,12,12,12,12,0.031025,0.9683,0.9815
250000.00,250000.00,249486.03,11,11,11,11,11,0.031186,0.7515,0.9607
250000.00,250000.00,253595.83,11,11,11,11,11,0.031699,0.9650,0.9795
250000.00,250000.00,253271.10,10,10,10,10,10,0.031659,0.9631,0.9502
250000.00,250000.00,252651.21,10,10,10,10,10,0.031581,0.9566,0.9433
250000.00,250000.00,247005.22,12,12,12,12,12,0.030876,0.9427,0.9824
250000.00,250000.00,246625.90,12,12,12,12,12,0.030828,0.9067,0.9822
250000.00,250000.00,275584.58,10,10,10,10,10,0.034448,0.9067,0.8960
250000.00,250000.00,248961.45,10,10,10,10,10,0.031120,0.9691,0.9480
250000.00,250000.00,252484.32,12,12,12,12,12,0.031561,0.8895,0.9198
250000.00,250000.00,248220.44,10,10,10,10,10,0.031028,0.9788,0.9853
250000.00,250000.00,257239.34,12,12,12,12,12,0.032155,0.8631,0.8952
250000.00,250000.00,253749.37,12,12,12,12,12,0.031719,0.8334,0.9744
250000.00,250000.00,252868.65,11,11,11,11,11,0.031609,0.9649,0.9571
250000.00,250000.00,251671.85,12,12,12,12,12,0.031459,0.9522,0.9783
250000.00,250000.00,239015.58,10,10,10,10,10,0.029877,0.9506,0.9498
250000.00,250000.00,249649.35,12,12,12,12,12,0.031206,0.9440,0.9836
250000.00,250000.00,251592.64,10,10,10,10,10,0.031449,0.9869,0.9902
250000.00,250000.00,246246.34,10,10,10,10,10,0.030781,0.9706,0.9523
250000.00,250000.00,251588.82,10,10,10,10,10,0.031449,0.9676,0.9636
250000.00,250000.00,248262.88,12,12,12,12,12,0.031033,0.9582,0.9618
250000.00,250000.00,251581.67,11,11,11,11,11,0.031448,0.9762,0.9695
250000.00,250000.00,252590.18,10,10,10,10,10,0.031574,0.9626,0.9850
250000.00,250000.00,253540.04,11,11,11,11,11,0.031693,0.9621,0.9722
250000.00,250000.00,250840.66,12,12,12,12,12,0.031355,0.8998,0.9943
250000.00,250000.00,246540.07,10,10,10,10,10,0.030818,0.8050,0.9557
250000.00,250000.00,245091.44,11,11,11,11,11,0.030636,0.9142,0.9658
250000.00,250000.00,253004.07,12,12,12,12,12,0.031626,0.9098,0.9057
250000.00,250000.00,247429.85,12,12,12,12,12,0.030929,0.9058,0.8990
250000.00,187500.00,250410.56,10,9,10,9,10,0.031301,0.8605,0.9920
250000.00,250000.00,250036.24,10,10,10,10,10,0.031255,0.9861,0.9900
250000.00,250000.00,249848.37,12,12,12,12,12,0.031231,0.9743,0.9971
250000.00,250000.00,251396.18,12,12,12,12,12,0.031425,0.9682,0.9781
250000.00,250000.00,255626.62,10,10,10,10,10,0.031953,0.9774,0.9767
250000.00,250000.00,256704.33,12,12,12,12,12,0.032088,0.8976,0.9146
250000.00,250000.00,240005.49,11,11,11,11,11,0.030001,0.8962,0.9290
250000.00,250000.00,251016.62,12,12,12,12,12,0.031377,0.9679,0.9744
250000.00,250000.00,248031.62,10,10,10,10,10,0.031004,0.9566,0.9904
250000.00,250000.00,252548.22,11,11,11,11,11,0.031569,0.9507,0.9772
250000.00,250000.00,247939.83,12,12,12,12,12,0.030992,0.9202,0.9683
250000.00,250000.00,250187.16,10,10,10,10,10,0.031273,0.9746,0.9637
250000.00,250000.00,248250.48,11,11,11,11,11,0.031031,0.9340,0.9306
250000.00,250000.00,253712.65,12,12,12,12,12,0.031714,0.9137,0.9098
250000.00,250000.00,251461.03,12,12,12,12,12,0.031433,0.8892,0.9836
250000.00,250000.00,251026.15,12,12,12,12,12,0.031378,0.8398,0.9422
250000.00,250000.00,237930.30,11,11,11,11,11,0.029741,0.9136,0.7033
250000.00,250000.00,239357.11,12,12,12,12,12,0.029920,0.8240,0.5618
250000.00,250000.00,223599.43,10,10,10,10,10,0.027950,0.7774,0.6320
250000.00,250000.00,249538.72,10,10,10,10,10,0.031192,0.9690,0.9729
250000.00,250000.00,251436.23,10,10,10,10,10,0.031430,0.9561,0.9873
250000.00,250000.00,250928.40,11,11,11,11,11,0.031366,0.9533,0.9778
250000.00,250000.00,249237.06,10,10,10,10,10,0.031155,0.9476,0.8476
250000.00,250000.00,248547.55,12,12,12,12,12,0.031068,0.9470,0.9733
250000.00,250000.00,251891.61,11,11,11,11,11,0.031486,0.8537,0.9446
250000.00,250000.00,251413.35,10,10,10,10,10,0.031427,0.9592,0.9838
250000.00,250000.00,254025.94,12,12,12,12,12,0.031753,0.9553,0.9606
250000.00,250000.00,244486.81,12,12,12,12,12,0.030561,0.9525,0.9595
250000.00,250000.00,253631.06,12,12,12,12,12,0.031704,0.9476,0.9822
250000.00,250000.00,244956.97,11,11,11,11,11,0.030620,0.9272,0.9694
250000.00,250000.00,251411.44,11,11,11,11,11,0.031426,0.8869,0.9519
250000.00,250000.00,251231.19,10,10,10,10,10,0.031404,0.7997,0.9843
250000.00,250000.00,247468.95,11,11,11,11,11,0.030934,0.9158,0.9636
250000.00,250000.00,245944.98,10,10,10,10,10,0.030743,0.9118,0.9698
250000.00,250000.00,263656.62,11,11,11,11,11,0.032957,0.8347,0.5473
250000.00,250000.00,249052.05,10,10,10,10,10,0.031132,0.9690,0.9770
250000.00,250000.00,250928.88,10,10,10,10,10,0.031366,0.9514,0.9807
250000.00,250000.00,249784.47,12,12,12,12,12,0.031223,0.9480,0.9452
250000.00,250000.00,252571.11,11,11,11,11,11,0.031571,0.9057,0.9252
250000.00,250000.00,248238.56,12,12,12,12,12,0.031030,0.8960,0.9896
250000.00,250000.00,224916.46,11,11,11,11,11,0.028115,0.7200,0.8898
250000.00,250000.00,247690.68,12,12,12,12,12,0.030961,0.9682,0.9757
250000.00,250000.00,284986.50,12,12,12,12,12,0.035623,0.9569,0.8732
250000.00,250000.00,248889.92,12,12,12,12,12,0.031111,0.9514,0.9820
250000.00,250000.00,256341.93,11,11,11,11,11,0.032043,0.9428,0.9531
250000.00,250000.00,253150.94,11,11,11,11,11,0.031644,0.9226,0.9642
250000.00,250000.00,250831.60,11,11,11,11,11,0.031354,0.8998,0.9268
250000.00,250000.00,246353.39,12,12,12,12,12,0.030794,0.9465,0.9592
250000.00,250000.00,244423.39,12,12,12,12,12,0.030553,0.9338,0.9661
250000.00,250000.00,241266.25,11,11,11,11,11,0.030158,0.9007,0.9624
250000.00,250000.00,250755.79,10,10,10,10,10,0.031344,0.9080,0.9567
250000.00,250000.00,222537.99,11,11,11,11,11,0.027817,0.8951,0.5801
250000.00,250000.00,241412.16,11,11,11,11,11,0.030177,0.8789,0.9576
250000.00,250000.00,251191.62,11,11,11,11,11,0.031399,0.9662,0.9812
250000.00,250000.00,253746.03,11,11,11,11,11,0.031718,0.9266,0.9245
250000.00,250000.00,247165.68,10,10,10,10,10,0.030896,0.9758,0.9336
250000.00,250000.00,251338.96,10,10,10,10,10,0.031417,0.9651,0.9869
250000.00,250000.00,248063.09,10,10,10,10,10,0.031008,0.9568,0.9739
250000.00,250000.00,248176.57,11,11,11,11,11,0.031022,0.9474,0.9880
250000.00,250000.00,248315.81,11,11,11,11,11,0.031039,0.9073,0.9149
250000.00,250000.00,245450.29,12,12,12,12,12,0.030681,0.8888,0.9726
250000.00,250000.00,249902.73,10,10,10,10,10,0.031238,0.9694,0.9690
250000.00,250000.00,252439.50,10,10,10,10,10,0.031555,0.9674,0.9365
250000.00,250000.00,249103.55,11,11,11,11,11,0.031138,0.9706,0.9775
250000.00,250000.00,248016.36,10,10,10,10,10,0.031002,0.9601,0.9722
250000.00,250000.00,245693.21,12,12,12,12,12,0.030712,0.9577,0.9780
250000.00,250000.00,250750.54,11,11,11,11,11,0.031344,0.9078,0.9188
250000.00,250000.00,249371.53,11,11,11,11,11,0.031171,0.9359,0.9037
250000.00,250000.00,257652.28,11,11,11,11,11,0.032207,0.9357,0.9582
250000.00,250000.00,273159.27,10,10,10,10,10,0.034145,0.8976,0.9084
250000.00,250000.00,250770.57,10,10,10,10,10,0.031346,0.8905,0.9878
250000.00,250000.00,241065.98,10,10,10,10,10,0.030133,0.8109,0.9460
250000.00,250000.00,251049.52,10,10,10,10,10,0.031381,0.9707,0.9516
250000.00,250000.00,254230.98,10,10,10,10,10,0.031779,0.9594,0.9800
250000.00,250000.00,245580.67,12,12,12,12,12,0.030698,0.9588,0.9701
250000.00,250000.00,250467.54,12,12,12,12,12,0.031308,0.9528,0.9763
250000.00,250000.00,249866.49,12,12,12,12,12,0.031233,0.9414,0.9717
250000.00,250000.00,255230.78,12,12,12,12,12,0.031904,0.9034,0.9788
250000.00,250000.00,249015.81,10,10,10,10,10,0.031127,0.9722,0.9927
250000.00,250000.00,250280.86,11,11,11,11,11,0.031285,0.9624,0.9754
250000.00,250000.00,250490.19,10,10,10,10,10,0.031311,0.9531,0.9708
250000.00,250000.00,252220.15,11,11,11,11,11,0.031528,0.9365,0.8962
250000.00,250000.00,252510.19,10,10,10,10,10,0.031564,0.9171,0.9872
250000.00,250000.00,249481.20,11,11,11,11,11,0.031185,0.9159,0.9353
250000.00,250000.00,265456.20,12,12,12,12,12,0.033182,0.8929,0.9367
250000.00,250000.00,242374.42,11,11,11,11,11,0.030297,0.8809,0.6413
250000.00,187500.00,231909.75,12,11,12,11,12,0.028989,0.9133,0.8352
250000.00,250000.00,243471.21,11,11,11,11,11,0.030434,0.8644,0.9354
250000.00,187500.00,228824.62,12,11,12,11,12,0.028603,0.7938,0.9088
250000.00,250000.00,249657.63,10,10,10,10,10,0.031207,0.9636,0.9964
250000.00,250000.00,246603.01,12,12,12,12,12,0.030825,0.9607,0.9857
250000.00,250000.00,241643.91,10,10,10,10,10,0.030205,0.9196,0.8982
250000.00,250000.00,248216.15,10,10,10,10,10,0.031027,0.8546,0.9838
250000.00,250000.00,249467.85,10,10,10,10,10,0.031183,0.9698,0.9910
250000.00,250000.00,257208.35,11,11,11,11,11,0.032151,0.9678,0.9455
250000.00,250000.00,243879.32,12,12,12,12,12,0.030485,0.9649,0.9614
250000.00,250000.00,250923.16,12,12,12,12,12,0.031365,0.9601,0.9606
250000.00,250000.00,247919.08,11,11,11,11,11,0.030990,0.9544,0.9869
250000.00,250000.00,262677.19,12,12,12,12,12,0.032835,0.9469,0.9049
250000.00,250000.00,252111.43,10,10,10,10,10,0.031514,0.9333,0.9866
250000.00,250000.00,242881.77,12,12,12,12,12,0.030360,0.8734,0.9104
250000.00,250000.00,233422.52,11,11,11,11,11,0.029178,0.9494,0.9266
250000.00,250000.00,251939.77,12,12,12,12,12,0.031492,0.9467,0.9894
250000.00,250000.00,251372.81,12,12,12,12,12,0.031422,0.9286,0.9163
250000.00,250000.00,253341.67,10,10,10,10,10,0.031668,0.8787,0.9712
250000.00,250000.00,252067.09,11,11,11,11,11,0.031508,0.9764,0.9682
250000.00,250000.00,251148.22,11,11,11,11,11,0.031394,0.9460,0.9727
250000.00,250000.00,255418.78,10,10,10,10,10,0.031927,0.9072,0.9349
250000.00,187500.00,241996.77,11,10,11,10,11,0.030250,0.7784,0.9290
250000.00,187500.00,250647.07,10,9,10,9,10,0.031331,0.9088,0.9458
250000.00,250000.00,248381.02,12,12,12,12,12,0.031048,0.8772,0.8978
250000.00,187500.00,245345.12,12,11,12,11,12,0.030668,0.8650,0.9446
250000.00,187500.00,242413.52,10,9,10,9,10,0.030302,0.8211,0.9295
250000.00,250000.00,248104.78,11,11,11,11,11,0.031013,0.9608,0.9681
250000.00,250000.00,248430.97,10,10,10,10,10,0.031054,0.9323,0.9755
250000.00,187500.00,246467.59,12,12,13,12,13,0.030808,0.7467,0.8483
250000.00,250000.00,247101.31,12,12,12,12,12,0.030888,0.9752,0.9802
250000.00,250000.00,252630.59,11,11,11,11,11,0.031579,0.9744,0.9780
250000.00,250000.00,250902.18,11,11,11,11,11,0.031363,0.9618,0.9560
250000.00,250000.00,248878.72,10,10,10,10,10,0.031110,0.9515,0.9735
250000.00,250000.00,250857.35,12,12,12,12,12,0.031357,0.9511,0.9941
250000.00,250000.00,250121.12,12,12,12,12,12,0.031265,0.9491,0.9929
250000.00,250000.00,242802.71,11,11,11,11,11,0.030350,0.8751,0.9231
250000.00,187500.00,245427.13,11,10,11,10,11,0.030678,0.9571,0.7606
250000.00,187500.00,255430.22,11,10,11,10,11,0.031929,0.8890,0.8248
250000.00,187500.00,253270.15,11,10,11,10,11,0.031659,0.8632,0.9809
250000.00,250000.00,248632.61,10,10,10,10,10,0.031079,0.9293,0.9795
250000.00,250000.00,247313.98,12,12,12,12,12,0.030914,0.9241,0.9014
250000.00,250000.00,252458.57,10,10,10,10,10,0.031557,0.9174,0.9745
250000.00,250000.00,251564.98,10,10,10,10,10,0.031446,0.9136,0.9637
250000.00,250000.00,250044.82,10,10,10,10,10,0.031256,0.9120,0.9944
250000.00,250000.00,257279.40,12,12,12,12,12,0.032160,0.8957,0.8992
250000.00,250000.00,250015.26,12,12,12,12,12,0.031252,0.8417,0.9140
250000.00,250000.00,246341.71,10,10,10,10,10,0.030793,0.7308,0.9620
250000.00,250000.00,251605.81,12,12,12,12,12,0.031451,0.9577,0.9321
250000.00,250000.00,264319.90,12,12,12,12,12,0.033040,0.9463,0.8892
250000.00,250000.00,246806.38,12,12,12,12,12,0.030851,0.9033,0.9113
250000.00,250000.00,243481.43,12,12,12,12,12,0.030435,0.8939,0.9110
250000.00,250000.00,249114.04,12,12,12,12,12,0.031139,0.7983,0.9126
250000.00,250000.00,241940.50,12,12,12,12,12,0.030243,0.7955,0.9075
250000.00,187500.00,254587.17,12,11,12,11,12,0.031823,0.7815,0.6960
250000.00,250000.00,251029.97,12,12,12,12,12,0.031379,0.9276,0.9277
250000.00,250000.00,251388.07,12,12,12,12,12,0.031424,0.8686,0.8976
250000.00,250000.00,247145.18,11,11,11,11,11,0.030893,0.9447,0.9477
250000.00,250000.00,260135.41,11,11,11,11,11,0.032517,0.9248,0.9603
250000.00,250000.00,252499.58,11,11,11,11,11,0.031562,0.8598,0.9290
250000.00,250000.00,248981.48,11,11,11,11,11,0.031123,0.7905,0.9071
250000.00,250000.00,248887.27,10,10,10,10,10,0.031111,0.9787,0.9852
250000.00,250000.00,246797.56,10,10,10,10,10,0.030850,0.9722,0.9533
250000.00,250000.00,251271.25,10,10,10,10,10,0.031409,0.9693,0.9641
250000.00,250000.00,250994.68,10,10,10,10,10,0.031374,0.9677,0.9501
250000.00,250000.00,242200.85,10,10,10,10,10,0.030275,0.9569,0.9555
250000.00,250000.00,252793.07,12,12,12,12,12,0.031599,0.9803,0.9252
250000.00,250000.00,251932.14,10,10,10,10,10,0.031492,0.9675,0.9812
250000.00,250000.00,251407.62,10,10,10,10,10,0.031426,0.9675,0.9476
250000.00,250000.00,248955.23,12,12,12,12,12,0.031119,0.9581,0.9935
250000.00,187500.00,241943.36,10,9,10,9,10,0.030243,0.9265,0.9385
250000.00,250000.00,257738.11,12,12,12,12,12,0.032217,0.9138,0.9500
250000.00,187500.00,245485.31,10,9,10,9,10,0.030686,0.8952,0.9381
250000.00,250000.00,254375.46,12,12,12,12,12,0.031797,0.8492,0.8918
250000.00,250000.00,257406.23,12,12,12,12,12,0.032176,0.8221,0.9056
250000.00,187500.00,250586.03,10,9,10,9,10,0.031323,0.7960,0.9758
250000.00,250000.00,253451.82,12,12,12,12,12,0.031681,0.7684,0.8967
250000.00,187500.00,257865.91,10,9,10,9,10,0.032233,0.7371,0.9569
250000.00,250000.00,258274.08,12,12,12,12,12,0.032284,0.9613,0.9098
250000.00,187500.00,246790.41,10,9,10,9,10,0.030849,0.9158,0.9781
250000.00,187500.00,254136.26,10,9,10,9,10,0.031767,0.8967,0.9465
250000.00,250000.00,254083.63,12,12,12,12,12,0.031760,0.8199,0.9234
250000.00,187500.00,252642.39,12,11,12,11,12,0.031580,0.7757,0.9006
250000.00,250000.00,262283.33,11,11,11,11,11,0.032785,0.8901,0.8856
250000.00,250000.00,250816.35,11,11,11,11,11,0.031352,0.8840,0.9715
250000.00,187500.00,249691.96,11,10,11,10,11,0.031211,0.8492,0.9784
250000.00,250000.00,230262.76,11,11,11,11,11,0.028783,0.9755,0.6381
250000.00,250000.00,226827.62,11,11,11,11,11,0.028353,0.9406,0.9004
250000.00,250000.00,238749.98,12,12,12,12,12,0.029844,0.9307,0.8089
250000.00,250000.00,239390.37,12,12,12,12,12,0.029924,0.9076,0.7259
250000.00,250000.00,242333.41,12,12,12,12,12,0.030292,0.7707,0.7203
250000.00,250000.00,139343.57,12,12,12,10,10,0.017418,0.7007,0.8196
250000.00,250000.00,244503.97,11,11,11,11,11,0.030563,0.9442,0.6780
250000.00,187500.00,212931.63,11,11,11,11,11,0.026616,0.8113,0.5708
250000.00,250000.00,245559.45,11,11,11,11,11,0.030695,0.7514,0.5447
250000.00,250000.00,225704.19,11,11,11,11,11,0.028213,0.7497,0.5036
250000.00,250000.00,251272.20,11,11,11,11,11,0.031409,0.9397,0.9205
250000.00,250000.00,247006.42,11,11,11,11,11,0.030876,0.8175,0.9589
250000.00,250000.00,250254.63,11,11,11,11,11,0.031282,0.7251,0.7225
250000.00,250000.00,247814.18,11,11,11,11,11,0.030977,0.9760,0.9665
250000.00,250000.00,254158.02,11,11,11,11,11,0.031770,0.9525,0.9232
250000.00,250000.00,240116.12,11,11,11,11,11,0.030015,0.8980,0.9348
250000.00,250000.00,250894.55,11,11,11,11,11,0.031362,0.8583,0.9732
250000.00,250000.00,251312.73,10,10,10,10,10,0.031414,0.9681,0.9815
250000.00,250000.00,249361.52,10,10,10,10,10,0.031170,0.9170,0.9552
250000.00,250000.00,249158.86,10,10,10,10,10,0.031145,0.8977,0.9641
250000.00,250000.00,252186.78,10,10,10,10,10,0.031523,0.9714,0.9844
250000.00,250000.00,245867.73,10,10,10,10,10,0.030733,0.9688,0.9775
250000.00,250000.00,252644.06,10,10,10,10,10,0.031581,0.9562,0.9696
250000.00,250000.00,256720.54,10,10,10,10,10,0.032090,0.8778,0.9513
250000.00,250000.00,248336.79,10,10,10,10,10,0.031042,0.9416,0.9328
250000.00,250000.00,245155.33,10,10,10,10,10,0.030644,0.9271,0.9532
250000.00,250000.00,253191.47,10,10,10,10,10,0.031649,0.9063,0.9860
250000.00,250000.00,244680.40,10,10,10,10,10,0.030585,0.8765,0.9736
250000.00,250000.00,254211.43,12,12,12,12,12,0.031776,0.9268,0.9153
250000.00,250000.00,253585.46,12,12,12,12,12,0.031698,0.9189,0.9247
250000.00,250000.00,247017.86,12,12,12,12,12,0.030877,0.9008,0.9020
250000.00,250000.00,255835.53,12,12,12,12,12,0.031979,0.8693,0.9173
250000.00,250000.00,254985.81,12,12,12,12,12,0.031873,0.8663,0.9760
250000.00,250000.00,249067.31,12,12,12,12,12,0.031133,0.8662,0.9158
250000.00,250000.00,251986.50,12,12,12,12,12,0.031498,0.7861,0.9206
250000.00,250000.00,231231.69,12,12,12,12,12,0.028904,0.9173,0.8659
250000.00,250000.00,248770.65,12,12,12,12,12,0.031096,0.8986,0.8470
250000.00,250000.00,231056.21,12,12,12,12,12,0.028882,0.8725,0.8805
250000.00,250000.00,253638.27,12,12,12,12,12,0.031705,0.8472,0.9159
250000.00,250000.00,245924.95,12,12,12,12,12,0.030741,0.8376,0.5467
250000.00,250000.00,247327.80,12,12,12,12,12,0.030916,0.8229,0.6070
250000.00,250000.00,231949.81,10,10,10,10,10,0.028994,0.7000,0.7922
250000.00,250000.00,252868.65,11,11,11,11,11,0.031609,0.9803,0.9631
250000.00,250000.00,255388.26,11,11,11,11,11,0.031924,0.9660,0.9738
250000.00,250000.00,252327.92,11,11,11,11,11,0.031541,0.9348,0.9832
250000.00,250000.00,251085.76,11,11,11,11,11,0.031386,0.9243,0.9613
250000.00,250000.00,261242.87,11,11,11,11,11,0.032655,0.8323,0.9552
250000.00,250000.00,247463.23,11,11,11,11,11,0.030933,0.8035,0.9295
250000.00,250000.00,251254.08,11,11,11,11,11,0.031407,0.9188,0.9312
250000.00,250000.00,250455.86,10,10,10,10,10,0.031307,0.8966,0.9538
250000.00,250000.00,247823.72,11,11,11,11,11,0.030978,0.8946,0.8941
250000.00,250000.00,249870.30,10,10,10,10,10,0.031234,0.8919,0.9825
250000.00,250000.00,271831.93,10,10,10,10,10,0.033979,0.8710,0.9120
250000.00,250000.00,238682.03,10,10,10,10,10,0.029835,0.8685,0.9543
250000.00,250000.00,234777.45,10,10,10,10,10,0.029347,0.7362,0.9154
250000.00,250000.00,234575.75,11,11,11,11,11,0.029322,0.9589,0.5998
250000.00,250000.00,216484.07,11,11,11,11,11,0.027061,0.9309,0.8648
250000.00,250000.00,245834.35,10,10,10,10,10,0.030729,0.9122,0.9642
250000.00,250000.00,245708.47,11,11,11,11,11,0.030714,0.9065,0.9491
250000.00,250000.00,230093.96,11,11,11,11,11,0.028762,0.8990,0.9021
250000.00,250000.00,223453.52,11,11,11,11,11,0.027932,0.8680,0.8405
250000.00,250000.00,238943.10,10,10,10,10,10,0.029868,0.8475,0.6392
250000.00,250000.00,244204.52,10,10,10,10,10,0.030526,0.7943,0.9418
250000.00,250000.00,251226.43,11,11,11,11,11,0.031403,0.9823,0.9873
250000.00,250000.00,252241.13,11,11,11,11,11,0.031530,0.9560,0.9894
250000.00,250000.00,337644.58,12,12,13,12,13,0.042206,0.8320,0.7014
250000.00,250000.00,290088.65,12,12,12,12,12,0.036261,0.8229,0.7789
250000.00,187500.00,259114.50,12,11,12,11,12,0.032389,0.7373,0.9065
250000.00,250000.00,249004.13,12,12,12,12,12,0.031126,0.9682,0.9232
250000.00,250000.00,250370.03,12,12,12,12,12,0.031296,0.9612,0.9185
250000.00,250000.00,255386.35,12,12,12,12,12,0.031923,0.9555,0.9147
250000.00,250000.00,245245.93,12,12,12,12,12,0.030656,0.9364,0.9396
250000.00,250000.00,259080.89,12,12,12,12,12,0.032385,0.7102,0.9578
250000.00,250000.00,240924.84,12,12,12,12,12,0.030116,0.7560,0.9611
250000.00,250000.00,272886.63,12,12,12,12,12,0.034111,0.9511,0.9130
250000.00,250000.00,251440.05,12,12,12,12,12,0.031430,0.8979,0.9242
250000.00,250000.00,247550.01,12,12,12,12,12,0.030944,0.8972,0.9067
250000.00,250000.00,236680.98,12,12,12,12,12,0.029585,0.8875,0.8394
250000.00,250000.00,251834.63,12,12,12,12,12,0.031479,0.8165,0.8742
250000.00,250000.00,244766.24,12,12,12,12,12,0.030596,0.8144,0.5830
250000.00,250000.00,231956.48,12,12,12,12,12,0.028995,0.7934,0.6078
250000.00,250000.00,256274.82,12,12,12,12,12,0.032034,0.9725,0.9163
250000.00,250000.00,252612.59,12,12,12,12,12,0.031577,0.9685,0.9716
250000.00,250000.00,251843.45,12,12,12,12,12,0.031480,0.9057,0.9217
250000.00,250000.00,172343.98,12,12,12,11,11,0.021543,0.8915,0.9046
250000.00,250000.00,254758.83,10,10,10,10,10,0.031845,0.9653,0.9607
250000.00,250000.00,258102.42,10,10,10,10,10,0.032263,0.9368,0.9519
250000.00,250000.00,246289.97,10,10,10,10,10,0.030786,0.9127,0.9395
250000.00,250000.00,241515.87,10,10,10,10,10,0.030189,0.8877,0.9594
250000.00,250000.00,248682.02,10,10,10,10,10,0.031085,0.8520,0.9900
250000.00,250000.00,254431.61,10,10,10,10,10,0.031804,0.7790,0.9155
250000.00,250000.00,247967.72,12,12,12,12,12,0.030996,0.8249,0.9321
250000.00,250000.00,242448.81,10,10,10,10,10,0.030306,0.9867,0.9547
250000.00,250000.00,255418.78,10,10,10,10,10,0.031927,0.9698,0.9686
250000.00,250000.00,237618.92,10,10,10,10,10,0.029702,0.9548,0.9467
250000.00,250000.00,251552.58,10,10,10,10,10,0.031444,0.9418,0.9486
250000.00,250000.00,265342.71,10,10,10,10,10,0.033168,0.8743,0.9346
250000.00,250000.00,253694.77,12,12,12,12,12,0.031712,0.9170,0.9217
250000.00,250000.00,252587.32,12,12,12,12,12,0.031573,0.8866,0.9711
250000.00,250000.00,261782.65,12,12,12,12,12,0.032723,0.7974,0.8979
250000.00,250000.00,259294.51,12,12,12,12,12,0.032412,0.7938,0.9593
250000.00,250000.00,254558.56,12,12,12,12,12,0.031820,0.7803,0.9221
250000.00,250000.00,250835.42,12,12,12,12,12,0.031354,0.7623,0.9242
250000.00,250000.00,248101.71,11,11,11,11,11,0.031013,0.9729,0.9575
250000.00,250000.00,246263.50,11,11,11,11,11,0.030783,0.9594,0.9832
250000.00,250000.00,255760.19,11,11,11,11,11,0.031970,0.9423,0.9554
250000.00,187500.00,255234.24,10,9,10,9,10,0.031904,0.9641,0.9432
250000.00,187500.00,246181.49,11,10,11,10,11,0.030773,0.8497,0.6342
250000.00,250000.00,253492.36,11,11,11,11,11,0.031687,0.8431,0.9513
250000.00,187500.00,257927.78,11,10,11,10,11,0.032241,0.8073,0.9564
250000.00,187500.00,253690.72,11,10,11,10,11,0.031711,0.7053,0.8426
250000.00,187500.00,220986.37,11,10,10,10,10,0.027623,0.9618,0.8814
250000.00,187500.00,239179.61,11,10,11,10,11,0.029897,0.9608,0.8953
250000.00,187500.00,256217.48,11,10,11,10,11,0.032027,0.9139,0.8162
250000.00,187500.00,251999.38,11,10,11,10,11,0.031500,0.9080,0.9169
250000.00,187500.00,244750.98,11,10,11,10,11,0.030594,0.8673,0.8226
250000.00,187500.00,242933.27,11,10,11,10,11,0.030367,0.8467,0.8952
250000.00,187500.00,244599.34,11,10,11,10,11,0.030575,0.8061,0.9038
250000.00,187500.00,256471.63,10,10,11,10,11,0.032059,0.7231,0.8717
250000.00,187500.00,257557.87,10,10,11,10,11,0.032195,0.7127,0.9376
250000.00,187500.00,248661.04,11,10,11,10,11,0.031083,0.9562,0.8794
250000.00,250000.00,248988.15,10,10,10,10,10,0.031124,0.9531,0.9777
250000.00,187500.00,248659.13,11,10,11,10,11,0.031082,0.9110,0.9381
250000.00,250000.00,247601.51,10,10,10,10,10,0.030950,0.9074,0.9804
250000.00,187500.00,237278.94,11,10,11,10,11,0.029660,0.8489,0.8559
250000.00,187500.00,242399.22,11,10,11,10,11,0.030300,0.8272,0.9604
250000.00,250000.00,233669.28,10,10,10,10,10,0.029209,0.7959,0.9303
250000.00,250000.00,257520.68,10,10,10,10,10,0.032190,0.7566,0.9527
250000.00,187500.00,245138.17,11,10,11,10,11,0.030642,0.7554,0.9720
250000.00,250000.00,248253.11,11,11,11,11,11,0.031032,0.9457,0.9774
250000.00,250000.00,252148.63,11,11,11,11,11,0.031519,0.9366,0.9102
250000.00,250000.00,252084.73,11,11,11,11,11,0.031511,0.8852,0.9057
250000.00,250000.00,236414.91,11,11,11,11,11,0.029552,0.9302,0.8111
250000.00,250000.00,227722.17,11,11,11,11,11,0.028465,0.8539,0.9049
250000.00,250000.00,246315.96,11,11,11,11,11,0.030789,0.7594,0.5482
250000.00,250000.00,243724.82,11,11,11,11,11,0.030466,0.9681,0.9544
250000.00,250000.00,253270.63,11,11,11,11,11,0.031659,0.9388,0.9017
250000.00,250000.00,244908.33,11,11,11,11,11,0.030614,0.8896,0.9188
250000.00,250000.00,245492.46,12,12,12,12,12,0.030687,0.9356,0.9798
250000.00,250000.00,250395.77,12,12,12,12,12,0.031299,0.9296,0.9284
250000.00,250000.00,249641.18,12,12,12,12,12,0.031205,0.9326,0.8970
250000.00,250000.00,242483.14,12,12,12,12,12,0.030310,0.8479,0.8906
250000.00,250000.00,244933.13,12,12,12,12,12,0.030617,0.7093,0.8169
250000.00,250000.00,256040.69,12,12,12,12,12,0.032005,0.9799,0.9208
250000.00,250000.00,248674.15,12,12,12,12,12,0.031084,0.9688,0.9331
250000.00,250000.00,250613.21,12,12,12,12,12,0.031327,0.9687,0.9755
250000.00,250000.00,245658.87,12,12,12,12,12,0.030707,0.9647,0.9497
250000.00,250000.00,250234.60,12,12,12,12,12,0.031279,0.9606,0.9151
250000.00,250000.00,253179.79,12,12,12,12,12,0.031647,0.9076,0.9100
250000.00,250000.00,190100.88,12,12,12,11,11,0.023763,0.8957,0.7801
250000.00,250000.00,279481.17,12,12,12,12,12,0.034935,0.8894,0.7854
250000.00,250000.00,249529.84,11,11,11,11,11,0.031191,0.9605,0.9596
250000.00,250000.00,244882.11,11,11,11,11,11,0.030610,0.9167,0.9337
250000.00,250000.00,238054.28,11,11,11,11,11,0.029757,0.7571,0.6179
250000.00,250000.00,249248.50,10,10,10,10,10,0.031156,0.9798,0.9402
250000.00,250000.00,248722.31,11,11,11,11,11,0.031090,0.9710,0.8847
250000.00,250000.00,251696.83,10,10,10,10,10,0.031462,0.9659,0.9679
250000.00,250000.00,250997.54,10,10,10,10,10,0.031375,0.9635,0.9619
250000.00,250000.00,285408.50,11,11,11,11,11,0.035676,0.9521,0.8577
250000.00,250000.00,248290.06,10,10,10,10,10,0.031036,0.9476,0.9786
250000.00,250000.00,258355.62,11,11,11,11,11,0.032294,0.7278,0.9512
250000.00,250000.00,252632.38,11,11,11,11,11,0.031579,0.7057,0.7748
250000.00,250000.00,243114.47,12,12,12,12,12,0.030389,0.9323,0.9516
250000.00,250000.00,250864.03,12,12,12,12,12,0.031358,0.9272,0.9278
250000.00,250000.00,232034.68,12,12,12,12,12,0.029004,0.9197,0.8697
250000.00,250000.00,253698.59,10,10,10,10,10,0.031712,0.9775,0.9820
250000.00,250000.00,250057.70,10,10,10,10,10,0.031257,0.9760,0.9746
250000.00,250000.00,252584.46,10,10,10,10,10,0.031573,0.9699,0.9633
250000.00,250000.00,250846.86,10,10,10,10,10,0.031356,0.9668,0.9442
250000.00,250000.00,248829.84,10,10,10,10,10,0.031104,0.9619,0.9930
250000.00,250000.00,264087.20,10,10,10,10,10,0.033011,0.9486,0.9415
250000.00,250000.00,253399.37,10,10,10,10,10,0.031675,0.8551,0.9005
250000.00,250000.00,250504.49,10,10,10,10,10,0.031313,0.9908,0.9793
250000.00,250000.00,253136.63,10,10,10,10,10,0.031642,0.9606,0.9870
250000.00,250000.00,247864.25,10,10,10,10,10,0.030983,0.9241,0.9270
250000.00,250000.00,251262.66,12,12,12,12,12,0.031408,0.9760,0.9080
250000.00,250000.00,251105.31,12,12,12,12,12,0.031388,0.9729,0.9938
250000.00,250000.00,253274.92,12,12,12,12,12,0.031659,0.9698,0.9847
250000.00,250000.00,250128.75,12,12,12,12,12,0.031266,0.9596,0.8988
250000.00,250000.00,253741.26,12,12,12,12,12,0.031718,0.9806,0.9633
250000.00,250000.00,255065.92,12,12,12,12,12,0.031883,0.9746,0.9193
250000.00,250000.00,249289.51,12,12,12,12,12,0.031161,0.9116,0.9285
250000.00,250000.00,249058.49,12,12,12,12,12,0.031132,0.7130,0.8607
250000.00,250000.00,245553.97,12,12,12,12,12,0.030694,0.9735,0.9213
250000.00,250000.00,252801.90,12,12,12,12,12,0.031600,0.9541,0.8901
250000.00,250000.00,242406.85,12,12,12,12,12,0.030301,0.9496,0.9089
250000.00,250000.00,253379.34,12,12,12,12,12,0.031672,0.9298,0.9288
250000.00,250000.00,248312.95,10,10,10,10,10,0.031039,0.9720,0.9818
250000.00,250000.00,248682.98,10,10,10,10,10,0.031085,0.9603,0.9895
250000.00,250000.00,248770.71,10,10,10,10,10,0.031096,0.9516,0.9725
250000.00,250000.00,248102.19,10,10,10,10,10,0.031013,0.9263,0.9737
250000.00,250000.00,250384.81,10,10,10,10,10,0.031298,0.8741,0.9744
250000.00,250000.00,247909.55,10,10,10,10,10,0.030989,0.9832,0.9849
250000.00,250000.00,253921.99,10,10,10,10,10,0.031740,0.9831,0.9711
250000.00,250000.00,257898.33,10,10,10,10,10,0.032237,0.9771,0.9652
250000.00,250000.00,253438.95,10,10,10,10,10,0.031680,0.9718,0.9666
250000.00,250000.00,249965.67,10,10,10,10,10,0.031246,0.9703,0.9853
250000.00,250000.00,250995.64,10,10,10,10,10,0.031374,0.9420,0.7958
250000.00,250000.00,258672.71,10,10,10,10,10,0.032334,0.8831,0.9611
250000.00,250000.00,252051.35,10,10,10,10,10,0.031506,0.9633,0.9877
250000.00,250000.00,245251.66,12,12,12,12,12,0.030656,0.9483,0.9349
250000.00,250000.00,254412.65,10,10,10,10,10,0.031802,0.9426,0.9063
250000.00,250000.00,249240.88,12,12,12,12,12,0.031155,0.9360,0.9476
250000.00,250000.00,247940.06,10,10,10,10,10,0.030993,0.9318,0.6952
250000.00,250000.00,242113.74,10,10,10,10,10,0.030264,0.8784,0.7945
250000.00,250000.00,244091.03,12,12,12,12,12,0.030511,0.8176,0.7016
250000.00,250000.00,262606.62,10,10,10,10,10,0.032826,0.8140,0.8689
250000.00,250000.00,249183.65,12,12,12,12,12,0.031148,0.7988,0.6413
250000.00,250000.00,242110.01,10,10,10,10,10,0.030264,0.7138,0.9473
250000.00,250000.00,244686.13,11,11,11,11,11,0.030586,0.9759,0.9276
250000.00,250000.00,254436.97,11,11,11,11,11,0.031805,0.9568,0.9794
250000.00,250000.00,244429.17,11,11,11,11,11,0.030554,0.9474,0.5930
250000.00,250000.00,246715.55,11,11,11,11,11,0.030839,0.9313,0.8591
250000.00,250000.00,249376.30,11,11,11,11,11,0.031172,0.9292,0.9769
250000.00,250000.00,247665.41,11,11,11,11,11,0.030958,0.8759,0.9166
250000.00,250000.00,253192.42,11,11,11,11,11,0.031649,0.8477,0.7827
250000.00,250000.00,278499.60,11,11,11,11,11,0.034812,0.7533,0.7825
250000.00,250000.00,256544.11,10,10,10,10,10,0.032068,0.9779,0.9709
250000.00,250000.00,246635.44,10,10,10,10,10,0.030829,0.9674,0.9766
250000.00,250000.00,255775.45,10,10,10,10,10,0.031972,0.9502,0.9750
250000.00,250000.00,248955.73,10,10,10,10,10,0.031119,0.9165,0.9569
250000.00,250000.00,252361.30,10,10,10,10,10,0.031545,0.9743,0.9767
250000.00,250000.00,253699.90,10,10,10,10,10,0.031712,0.9290,0.9344
250000.00,250000.00,249243.74,10,10,10,10,10,0.031155,0.9276,0.9418
250000.00,250000.00,249787.33,10,10,10,10,10,0.031223,0.9108,0.9565
250000.00,250000.00,248002.17,10,10,10,10,10,0.031000,0.9820,0.9748
250000.00,250000.00,251048.09,10,10,10,10,10,0.031381,0.9722,0.9779
250000.00,250000.00,244627.48,10,10,10,10,10,0.030578,0.9709,0.9572
250000.00,250000.00,252100.94,10,10,10,10,10,0.031513,0.9667,0.9888
250000.00,250000.00,255088.81,10,10,10,10,10,0.031886,0.9575,0.9356
250000.00,250000.00,251712.80,11,11,11,11,11,0.031464,0.9724,0.9634
250000.00,250000.00,238685.61,11,11,11,11,11,0.029836,0.9601,0.8209
250000.00,250000.00,246293.07,10,10,10,10,10,0.030787,0.9730,0.9770
250000.00,250000.00,255659.10,10,10,10,10,10,0.031957,0.9717,0.9770
250000.00,250000.00,245300.29,11,11,11,11,11,0.030663,0.9613,0.9738
250000.00,250000.00,252029.42,10,10,10,10,10,0.031504,0.9333,0.9890
250000.00,250000.00,243442.54,10,10,10,10,10,0.030430,0.9246,0.9701
250000.00,250000.00,273949.62,10,10,10,10,10,0.034244,0.9137,0.9023
250000.00,250000.00,251962.66,10,10,10,10,10,0.031495,0.8909,0.9794
250000.00,250000.00,262638.21,10,10,10,10,10,0.032830,0.8600,0.9137
250000.00,250000.00,257810.12,11,11,11,11,11,0.032226,0.9796,0.9112
250000.00,250000.00,252913.59,12,12,12,12,12,0.031614,0.9726,0.9562
250000.00,250000.00,252357.48,11,11,11,11,11,0.031545,0.9641,0.9515
250000.00,250000.00,251237.87,11,11,11,11,11,0.031405,0.9549,0.9831
250000.00,250000.00,247552.87,11,11,11,11,11,0.030944,0.9547,0.8938
250000.00,250000.00,243438.72,12,12,12,12,12,0.030430,0.9514,0.9690
250000.00,250000.00,248548.63,11,11,11,11,11,0.031069,0.9238,0.9083
250000.00,250000.00,249461.17,12,12,12,12,12,0.031183,0.8866,0.9027
250000.00,250000.00,249837.88,12,12,12,12,12,0.031230,0.9488,0.9796
250000.00,250000.00,249588.01,12,12,12,12,12,0.031199,0.9418,0.9118
250000.00,250000.00,249951.36,12,12,12,12,12,0.031244,0.9314,0.9516
250000.00,250000.00,252652.17,11,11,11,11,11,0.031582,0.9274,0.9282
250000.00,250000.00,253056.53,12,12,12,12,12,0.031632,0.9208,0.9242
250000.00,250000.00,254855.16,11,11,11,11,11,0.031857,0.9090,0.9072
250000.00,250000.00,266388.89,11,11,11,11,11,0.033299,0.9072,0.9323
250000.00,250000.00,225241.42,12,12,12,12,12,0.028155,0.8888,0.8760
250000.00,250000.00,273265.84,11,11,11,11,11,0.034158,0.8729,0.8972
250000.00,250000.00,249923.71,11,11,11,11,11,0.031240,0.8549,0.9345
250000.00,250000.00,247143.75,11,11,11,11,11,0.030893,0.8374,0.9187
250000.00,250000.00,245475.77,11,11,11,11,11,0.030684,0.7689,0.9612
250000.00,250000.00,244266.93,11,11,11,11,11,0.030533,0.9840,0.9764
250000.00,250000.00,251702.67,11,11,11,11,11,0.031463,0.9828,0.9890
250000.00,250000.00,248580.93,11,11,11,11,11,0.031073,0.9774,0.9784
250000.00,250000.00,242564.32,11,11,11,11,11,0.030321,0.9741,0.9426
250000.00,250000.00,249694.35,11,11,11,11,11,0.031212,0.9381,0.9221
250000.00,250000.00,255311.97,11,11,11,11,11,0.031914,0.9206,0.9192
250000.00,250000.00,247061.25,11,11,11,11,11,0.030883,0.9734,0.9843
250000.00,250000.00,249679.57,11,11,11,11,11,0.031210,0.9448,0.8748
250000.00,250000.00,250783.92,11,11,11,11,11,0.031348,0.9272,0.5249
250000.00,250000.00,218824.39,11,11,11,11,11,0.027353,0.8546,0.8199
250000.00,250000.00,245272.16,12,12,12,12,12,0.030659,0.9661,0.9202
250000.00,250000.00,245877.74,12,12,12,12,12,0.030735,0.9622,0.9224
250000.00,250000.00,253114.70,12,12,12,12,12,0.031639,0.9261,0.9202
250000.00,250000.00,261920.03,12,12,12,12,12,0.032740,0.8636,0.8562
250000.00,250000.00,242071.15,12,12,12,12,12,0.030259,0.7769,0.9077
250000.00,250000.00,248441.70,12,12,12,12,12,0.031055,0.9487,0.9019
250000.00,250000.00,243746.76,12,12,12,12,12,0.030468,0.9318,0.9082
250000.00,250000.00,250332.83,12,12,12,12,12,0.031292,0.9316,0.9182
250000.00,250000.00,248122.22,12,12,12,12,12,0.031015,0.9630,0.9849
250000.00,250000.00,250262.26,12,12,12,12,12,0.031283,0.9345,0.9438
250000.00,250000.00,248251.68,12,12,12,12,12,0.031031,0.9314,0.9309
250000.00,250000.00,259413.24,12,12,12,12,12,0.032427,0.9290,0.9588
250000.00,250000.00,333501.82,12,12,13,12,13,0.041688,0.9208,0.7141
250000.00,250000.00,251402.85,12,12,12,12,12,0.031425,0.9786,0.9601
250000.00,250000.00,260382.65,12,12,12,12,12,0.032548,0.9697,0.9549
250000.00,250000.00,283418.66,12,12,12,12,12,0.035427,0.9545,0.8798
250000.00,250000.00,236077.31,12,12,12,12,12,0.029510,0.9493,0.9423
250000.00,250000.00,248874.43,12,12,12,12,12,0.031109,0.9479,0.9809
250000.00,250000.00,254926.68,12,12,12,12,12,0.031866,0.9453,0.9068
250000.00,250000.00,253639.22,12,12,12,12,12,0.031705,0.9259,0.9247
250000.00,250000.00,252947.81,10,10,10,10,10,0.031618,0.8598,0.9149
250000.00,250000.00,255701.54,10,10,10,10,10,0.031963,0.7861,0.9727
250000.00,250000.00,254324.91,12,12,12,12,12,0.031791,0.9626,0.9813
250000.00,250000.00,249215.13,12,12,12,12,12,0.031152,0.9495,0.9163
250000.00,250000.00,255087.38,12,12,12,12,12,0.031886,0.9397,0.9110
250000.00,250000.00,248456.95,12,12,12,12,12,0.031057,0.9387,0.7970
250000.00,250000.00,247176.17,10,10,10,10,10,0.030897,0.9704,0.9854
250000.00,250000.00,257193.33,10,10,10,10,10,0.032149,0.9631,0.9702
250000.00,250000.00,253561.02,10,10,10,10,10,0.031695,0.9628,0.9692
250000.00,250000.00,249087.81,10,10,10,10,10,0.031136,0.9416,0.9826
250000.00,250000.00,253039.84,10,10,10,10,10,0.031630,0.9829,0.9600
250000.00,250000.00,249588.01,10,10,10,10,10,0.031199,0.9723,0.9729
250000.00,250000.00,250569.34,10,10,10,10,10,0.031321,0.9723,0.9618
250000.00,250000.00,248033.52,10,10,10,10,10,0.031004,0.9696,0.9579
250000.00,250000.00,249144.55,10,10,10,10,10,0.031143,0.9551,0.9756
250000.00,250000.00,248768.09,10,10,10,10,10,0.031096,0.9494,0.9723
250000.00,250000.00,255702.02,11,11,11,11,11,0.031963,0.9797,0.9695
250000.00,250000.00,250601.29,11,11,11,11,11,0.031325,0.9581,0.9818
250000.00,250000.00,251415.73,11,11,11,11,11,0.031427,0.9451,0.9921
250000.00,250000.00,252887.73,12,12,12,12,12,0.031611,0.9448,0.9101
250000.00,250000.00,253375.05,12,12,12,12,12,0.031672,0.9335,0.9256
250000.00,250000.00,248729.71,12,12,12,12,12,0.031091,0.9066,0.9172
250000.00,250000.00,250864.03,11,11,11,11,11,0.031358,0.8920,0.8925
250000.00,250000.00,270948.44,11,11,11,11,11,0.033869,0.7945,0.8888
250000.00,250000.00,250156.40,11,11,11,11,11,0.031270,0.9848,0.9562
250000.00,250000.00,248646.26,12,12,12,12,12,0.031081,0.9833,0.9324
250000.00,250000.00,254348.75,11,11,11,11,11,0.031794,0.9778,0.9793
250000.00,250000.00,248847.96,11,11,11,11,11,0.031106,0.9692,0.9677
250000.00,250000.00,249437.81,12,12,12,12,12,0.031180,0.9664,0.9943
250000.00,250000.00,248379.23,11,11,11,11,11,0.031047,0.9548,0.9879
250000.00,250000.00,254176.14,12,12,12,12,12,0.031772,0.9396,0.8828
250000.00,250000.00,250542.64,11,11,11,11,11,0.031318,0.8934,0.8090
250000.00,250000.00,293855.67,11,11,11,11,11,0.036732,0.7722,0.6731
250000.00,250000.00,243079.19,11,11,11,11,11,0.030385,0.7353,0.9140
250000.00,250000.00,242061.14,12,12,12,12,12,0.030258,0.7195,0.7466
250000.00,250000.00,254978.18,11,11,11,11,11,0.031872,0.9460,0.9052
250000.00,187500.00,262734.41,11,10,11,10,11,0.032842,0.8809,0.9510
250000.00,250000.00,240545.27,11,11,11,11,11,0.030068,0.8309,0.9259
250000.00,187500.00,244499.21,11,10,11,10,11,0.030562,0.8284,0.9039
250000.00,187500.00,241359.71,11,10,11,10,11,0.030170,0.8105,0.9487
250000.00,250000.00,242519.38,11,11,11,11,11,0.030315,0.7488,0.9676
250000.00,250000.00,255834.58,11,11,11,11,11,0.031979,0.9374,0.9312
250000.00,250000.00,250010.01,11,11,11,11,11,0.031251,0.8820,0.5541
250000.00,250000.00,253336.91,11,11,11,11,11,0.031667,0.8775,0.9258
250000.00,250000.00,245501.52,11,11,11,11,11,0.030688,0.8665,0.8962
250000.00,187500.00,250377.66,11,10,11,10,11,0.031297,0.7423,0.9294
250000.00,250000.00,250888.82,12,12,12,12,12,0.031361,0.9453,0.9873
250000.00,250000.00,254733.09,12,12,12,12,12,0.031842,0.8393,0.9212
250000.00,250000.00,251401.42,12,12,12,12,12,0.031425,0.7898,0.7787
250000.00,187500.00,251217.84,12,11,12,11,12,0.031402,0.9073,0.8691
250000.00,250000.00,254924.77,12,12,12,12,12,0.031866,0.7038,0.9199
250000.00,250000.00,250769.14,11,11,11,11,11,0.031346,0.9738,0.9831
250000.00,250000.00,254743.34,11,11,11,11,11,0.031843,0.9649,0.9215
250000.00,250000.00,257173.54,11,11,11,11,11,0.032147,0.8801,0.9645
250000.00,187500.00,251177.07,12,11,12,11,12,0.031397,0.8846,0.9287
250000.00,250000.00,246864.32,12,12,12,12,12,0.030858,0.9698,0.8931
250000.00,250000.00,251320.84,12,12,12,12,12,0.031415,0.9402,0.9752
250000.00,250000.00,242655.63,12,12,12,12,12,0.030332,0.8989,0.9091
250000.00,250000.00,292901.99,12,12,12,12,12,0.036613,0.8527,0.8230
250000.00,250000.00,251185.89,10,10,10,10,10,0.031398,0.9651,0.9812
250000.00,250000.00,249827.38,10,10,10,10,10,0.031228,0.9268,0.9969
250000.00,250000.00,248847.96,10,10,10,10,10,0.031106,0.8891,0.9707
250000.00,250000.00,254047.87,10,10,10,10,10,0.031756,0.9618,0.9813
250000.00,250000.00,245874.88,10,10,10,10,10,0.030734,0.9574,0.9528
250000.00,250000.00,253475.19,10,10,10,10,10,0.031684,0.9487,0.9359
250000.00,250000.00,242565.63,10,10,10,10,10,0.030321,0.9375,0.9560
250000.00,250000.00,247929.57,10,10,10,10,10,0.030991,0.9200,0.9865
250000.00,250000.00,245048.52,10,10,10,10,10,0.030631,0.9070,0.9661
250000.00,250000.00,244010.93,11,11,11,11,11,0.030501,0.9585,0.9708
250000.00,250000.00,246232.99,11,11,11,11,11,0.030779,0.9121,0.9514
250000.00,250000.00,258602.14,11,11,11,11,11,0.032325,0.9597,0.9579
250000.00,250000.00,244754.79,12,12,12,12,12,0.030594,0.9326,0.9705
250000.00,250000.00,247333.53,12,12,12,12,12,0.030917,0.8942,0.9272
250000.00,250000.00,253281.59,11,11,11,11,11,0.031660,0.8560,0.9545
250000.00,250000.00,260583.88,11,11,11,11,11,0.032573,0.8558,0.9014
250000.00,250000.00,240377.43,11,11,11,11,11,0.030047,0.7443,0.9550
250000.00,250000.00,253061.77,11,11,11,11,11,0.031633,0.9785,0.9859
250000.00,250000.00,244148.25,11,11,11,11,11,0.030519,0.9771,0.9745
250000.00,250000.00,250373.84,11,11,11,11,11,0.031297,0.9728,0.9610
250000.00,250000.00,254309.65,11,11,11,11,11,0.031789,0.9444,0.9225
250000.00,250000.00,254363.78,11,11,11,11,11,0.031795,0.8915,0.9633
250000.00,250000.00,237640.62,11,11,11,11,11,0.029705,0.8694,0.8751
250000.00,250000.00,251163.01,12,12,12,12,12,0.031395,0.8632,0.9895
250000.00,375000.00,392808.68,11,12,12,12,12,0.049101,0.7482,0.6357
250000.00,187500.00,253582.00,12,11,12,11,12,0.031698,0.9271,0.8862
250000.00,187500.00,254429.82,12,11,12,11,12,0.031804,0.9194,0.8849
250000.00,187500.00,253926.28,11,10,11,10,11,0.031741,0.9033,0.9784
250000.00,187500.00,251186.37,12,11,12,11,12,0.031398,0.8810,0.9049
250000.00,187500.00,270324.71,12,11,12,11,12,0.033791,0.8414,0.8692
250000.00,250000.00,349923.13,11,11,12,11,12,0.043740,0.7940,0.6894
250000.00,187500.00,246151.92,12,11,12,11,12,0.030769,0.7269,0.9030
250000.00,250000.00,253310.20,11,11,11,11,11,0.031664,0.7045,0.9263
250000.00,187500.00,260047.91,12,11,12,11,12,0.032506,0.9654,0.9039
250000.00,187500.00,252754.21,12,11,12,11,12,0.031594,0.9599,0.8918
250000.00,250000.00,252333.88,12,12,12,12,12,0.031542,0.9131,0.9868
250000.00,250000.00,252410.89,11,11,11,11,11,0.031551,0.9096,0.9767
250000.00,187500.00,249903.68,11,10,11,10,11,0.031238,0.8712,0.9039
250000.00,187500.00,243803.02,11,10,11,10,11,0.030475,0.7945,0.9169
250000.00,187500.00,255867.48,11,10,11,10,11,0.031983,0.7630,0.9673
250000.00,250000.00,249265.67,11,11,11,11,11,0.031158,0.7571,0.9305
250000.00,250000.00,257329.94,10,10,10,10,10,0.032166,0.9424,0.9353
250000.00,250000.00,250808.72,10,10,10,10,10,0.031351,0.9858,0.9557
250000.00,250000.00,252809.52,10,10,10,10,10,0.031601,0.9805,0.9839
250000.00,250000.00,248891.83,10,10,10,10,10,0.031111,0.9743,0.9735
250000.00,250000.00,251015.19,10,10,10,10,10,0.031377,0.9730,0.9599
250000.00,250000.00,252103.81,10,10,10,10,10,0.031513,0.9708,0.9887
250000.00,250000.00,249953.27,10,10,10,10,10,0.031244,0.9567,0.9608
250000.00,250000.00,242526.05,12,12,12,12,12,0.030316,0.8598,0.7898
250000.00,250000.00,242285.73,12,12,12,12,12,0.030286,0.8225,0.7790
250000.00,250000.00,249228.48,12,12,12,12,12,0.031154,0.9757,0.9740
250000.00,250000.00,246335.03,10,10,10,10,10,0.030792,0.9755,0.9845
250000.00,250000.00,258396.15,10,10,10,10,10,0.032300,0.9720,0.9655
250000.00,250000.00,244959.35,12,12,12,12,12,0.030620,0.9642,0.9078
250000.00,250000.00,249022.48,10,10,10,10,10,0.031128,0.9629,0.9826
250000.00,250000.00,248092.41,10,10,10,10,10,0.031012,0.9568,0.9854
250000.00,250000.00,249200.82,10,10,10,10,10,0.031150,0.9539,0.9108
250000.00,250000.00,247334.96,12,12,12,12,12,0.030917,0.9486,0.8873
250000.00,250000.00,254196.17,12,12,12,12,12,0.031775,0.9411,0.9814
250000.00,250000.00,248608.59,12,12,12,12,12,0.031076,0.9260,0.8703
250000.00,250000.00,248430.97,10,10,10,10,10,0.031054,0.8891,0.9521
250000.00,250000.00,234177.11,10,10,10,10,10,0.029272,0.9540,0.9314
250000.00,250000.00,250375.51,10,10,10,10,10,0.031297,0.9186,0.9794
250000.00,250000.00,255791.43,10,10,10,10,10,0.031974,0.7978,0.8900
250000.00,250000.00,244824.41,10,10,10,10,10,0.030603,0.9847,0.9581
250000.00,250000.00,252910.14,10,10,10,10,10,0.031614,0.9667,0.9515
250000.00,250000.00,248929.98,10,10,10,10,10,0.031116,0.9273,0.9144
250000.00,250000.00,241654.40,10,10,10,10,10,0.030207,0.9479,0.9419
250000.00,250000.00,250941.28,10,10,10,10,10,0.031368,0.8826,0.9535
250000.00,250000.00,240132.81,10,10,10,10,10,0.030017,0.8390,0.7328
250000.00,250000.00,248041.15,10,10,10,10,10,0.031005,0.8052,0.9452
250000.00,250000.00,219230.65,10,10,10,10,10,0.027404,0.7860,0.8639
250000.00,250000.00,251232.15,10,10,10,10,10,0.031404,0.9893,0.9604
250000.00,250000.00,249397.28,10,10,10,10,10,0.031175,0.9756,0.9768
250000.00,250000.00,244609.83,10,10,10,10,10,0.030576,0.9732,0.9755
250000.00,250000.00,250358.58,10,10,10,10,10,0.031295,0.9704,0.9685
250000.00,250000.00,250046.73,10,10,10,10,10,0.031256,0.9667,0.9645
250000.00,250000.00,251002.79,10,10,10,10,10,0.031375,0.9179,0.9909
250000.00,250000.00,247840.88,12,12,12,12,12,0.030980,0.9099,0.9299
250000.00,250000.00,248199.46,12,12,12,12,12,0.031025,0.8830,0.9838
250000.00,250000.00,249627.11,12,12,12,12,12,0.031203,0.8731,0.9697
250000.00,250000.00,258842.47,12,12,12,12,12,0.032355,0.7689,0.9067
250000.00,250000.00,256353.38,11,11,11,11,11,0.032044,0.9602,0.9709
250000.00,250000.00,249034.88,11,11,11,11,11,0.031129,0.9514,0.9022
250000.00,250000.00,271815.30,11,11,11,11,11,0.033977,0.8949,0.8667
250000.00,250000.00,234119.42,11,11,11,11,11,0.029265,0.8450,0.8851
250000.00,250000.00,253238.68,11,11,11,11,11,0.031655,0.9655,0.9671
250000.00,250000.00,246119.14,11,11,11,11,11,0.030765,0.9615,0.9826
250000.00,187500.00,231957.91,11,10,11,10,11,0.028995,0.8041,0.8099
250000.00,250000.00,238410.12,12,12,12,12,12,0.029801,0.9138,0.9319
250000.00,250000.00,235630.04,12,12,12,12,12,0.029454,0.9040,0.6828
250000.00,250000.00,243659.97,12,12,12,12,12,0.030457,0.8962,0.9487
250000.00,250000.00,239199.64,12,12,12,12,12,0.029900,0.8823,0.7966
250000.00,250000.00,233579.64,12,12,12,12,12,0.029197,0.8775,0.6136
250000.00,250000.00,236713.29,12,12,12,12,12,0.029589,0.8701,0.7518
250000.00,250000.00,248361.59,12,12,12,12,12,0.031045,0.8371,0.5056
250000.00,250000.00,283109.07,12,12,12,12,12,0.035389,0.9208,0.8815
250000.00,250000.00,248790.74,12,12,12,12,12,0.031099,0.8308,0.9834
250000.00,250000.00,242750.17,12,12,12,12,12,0.030344,0.8222,0.8891
250000.00,250000.00,250061.04,12,12,12,12,12,0.031258,0.7643,0.9057
250000.00,187500.00,251903.53,12,12,13,12,13,0.031488,0.7528,0.8528
250000.00,250000.00,249237.06,12,12,12,12,12,0.031155,0.9578,0.9349
250000.00,250000.00,251165.63,12,12,12,12,12,0.031396,0.9457,0.9803
250000.00,250000.00,253199.58,12,12,12,12,12,0.031650,0.8809,0.9094
250000.00,250000.00,200013.58,12,12,12,11,11,0.025002,0.8744,0.8042
250000.00,250000.00,249082.57,11,11,11,11,11,0.031135,0.9819,0.9763
250000.00,250000.00,255212.07,11,11,11,11,11,0.031902,0.9738,0.9638
250000.00,250000.00,250648.50,11,11,11,11,11,0.031331,0.9695,0.9898
250000.00,250000.00,248866.56,10,10,10,10,10,0.031108,0.9715,0.9895
250000.00,250000.00,250888.59,10,10,10,10,10,0.031361,0.9689,0.9429
250000.00,250000.00,246962.55,10,10,10,10,10,0.030870,0.9564,0.9692
250000.00,250000.00,250840.19,10,10,10,10,10,0.031355,0.8971,0.9510
250000.00,250000.00,247926.71,10,10,10,10,10,0.030991,0.9782,0.9800
250000.00,250000.00,253347.16,10,10,10,10,10,0.031668,0.9535,0.9826
250000.00,250000.00,246868.13,10,10,10,10,10,0.030859,0.9371,0.9570
250000.00,250000.00,316764.83,10,10,11,10,11,0.039596,0.8207,0.7368
250000.00,250000.00,243551.25,10,10,10,10,10,0.030444,0.9551,0.8729
250000.00,250000.00,254957.20,10,10,10,10,10,0.031870,0.9545,0.9743
250000.00,250000.00,248760.22,10,10,10,10,10,0.031095,0.9497,0.9581
250000.00,250000.00,254280.57,10,10,10,10,10,0.031785,0.9145,0.9501
250000.00,250000.00,246748.92,10,10,10,10,10,0.030844,0.8391,0.9634
250000.00,250000.00,235452.65,10,10,10,10,10,0.029432,0.7788,0.6540
250000.00,250000.00,256910.09,11,11,11,11,11,0.032114,0.9563,0.8896
250000.00,250000.00,256397.25,11,11,11,11,11,0.032050,0.9533,0.9615
250000.00,250000.00,256245.61,11,11,11,11,11,0.032031,0.9263,0.9738
250000.00,250000.00,260455.61,11,11,11,11,11,0.032557,0.8797,0.9022
250000.00,250000.00,258739.47,11,11,11,11,11,0.032342,0.8337,0.9078
250000.00,250000.00,243729.11,11,11,11,11,11,0.030466,0.9636,0.9696
250000.00,250000.00,252309.80,11,11,11,11,11,0.031539,0.9585,0.9283
250000.00,250000.00,241056.44,11,11,11,11,11,0.030132,0.9209,0.6306
250000.00,250000.00,240036.01,11,11,11,11,11,0.030005,0.8150,0.8507
250000.00,250000.00,251936.91,10,10,10,10,10,0.031492,0.9648,0.9491
250000.00,250000.00,271193.50,10,10,10,10,10,0.033899,0.9452,0.9064
250000.00,250000.00,240734.10,10,10,10,10,10,0.030092,0.9296,0.9313
250000.00,250000.00,257137.30,10,10,10,10,10,0.032142,0.8895,0.9493
250000.00,250000.00,263416.29,10,10,10,10,10,0.032927,0.8651,0.8879
250000.00,250000.00,246530.06,10,10,10,10,10,0.030816,0.9777,0.9554
250000.00,250000.00,240508.08,10,10,10,10,10,0.030064,0.9712,0.9447
250000.00,250000.00,247430.32,10,10,10,10,10,0.030929,0.9694,0.9450
250000.00,250000.00,246013.16,10,10,10,10,10,0.030752,0.9553,0.9557
250000.00,250000.00,255438.39,10,10,10,10,10,0.031930,0.9532,0.9269
250000.00,250000.00,266381.26,10,10,10,10,10,0.033298,0.9407,0.9152
250000.00,250000.00,253698.35,10,10,10,10,10,0.031712,0.9268,0.9119
250000.00,250000.00,256081.58,10,10,10,10,10,0.032010,0.7701,0.9521
250000.00,250000.00,271101.00,10,10,10,10,10,0.033888,0.8730,0.7300
250000.00,250000.00,262130.74,10,10,10,10,10,0.032766,0.8708,0.9267
250000.00,250000.00,241447.45,10,10,10,10,10,0.030181,0.7742,0.8581
250000.00,250000.00,242657.66,10,10,10,10,10,0.030332,0.8956,0.9520
250000.00,250000.00,249456.88,11,11,11,11,11,0.031182,0.9631,0.9640
250000.00,250000.00,254333.50,11,11,11,11,11,0.031792,0.9624,0.9791
250000.00,250000.00,259057.04,11,11,11,11,11,0.032382,0.9471,0.8912
250000.00,250000.00,245509.15,11,11,11,11,11,0.030689,0.9081,0.9142
250000.00,250000.00,317257.64,11,11,12,11,12,0.039657,0.8860,0.7135
250000.00,250000.00,248147.73,11,11,11,11,11,0.031018,0.9719,0.9920
250000.00,250000.00,254415.51,11,11,11,11,11,0.031802,0.9394,0.9317
250000.00,250000.00,249561.31,12,12,12,12,12,0.031195,0.9482,0.9188
250000.00,250000.00,256258.01,12,12,12,12,12,0.032032,0.9116,0.9160
250000.00,250000.00,253218.65,12,12,12,12,12,0.031652,0.8798,0.9124
250000.00,250000.00,261524.20,12,12,12,12,12,0.032691,0.7859,0.9066
250000.00,250000.00,256435.39,12,12,12,12,12,0.032054,0.7314,0.8992
250000.00,250000.00,252380.37,12,12,12,12,12,0.031548,0.9415,0.9693
250000.00,250000.00,245547.41,12,12,12,12,12,0.030693,0.8989,0.9177
250000.00,250000.00,271797.18,12,12,12,12,12,0.033975,0.8926,0.8010
250000.00,250000.00,242662.43,11,11,11,11,11,0.030333,0.9783,0.9680
250000.00,250000.00,245191.57,10,10,10,10,10,0.030649,0.9705,0.9766
250000.00,250000.00,246261.60,10,10,10,10,10,0.030783,0.9618,0.9415
250000.00,250000.00,248640.95,11,11,11,11,11,0.031080,0.9606,0.9506
250000.00,250000.00,249142.65,10,10,10,10,10,0.031143,0.9574,0.9815
250000.00,250000.00,242049.22,10,10,10,10,10,0.030256,0.9568,0.9449
250000.00,250000.00,250475.41,10,10,10,10,10,0.031309,0.9253,0.9802
250000.00,250000.00,251812.99,10,10,10,10,10,0.031477,0.9182,0.9829
250000.00,250000.00,259262.32,11,11,11,11,11,0.032408,0.9801,0.8434
250000.00,250000.00,258107.90,11,11,11,11,11,0.032263,0.9736,0.9634
250000.00,250000.00,253955.36,11,11,11,11,11,0.031744,0.9628,0.9236
250000.00,250000.00,257555.01,11,11,11,11,11,0.032194,0.9585,0.9686
250000.00,250000.00,259637.83,11,11,11,11,11,0.032455,0.9363,0.9049
250000.00,250000.00,240583.42,11,11,11,11,11,0.030073,0.8749,0.9016
250000.00,250000.00,248198.51,11,11,11,11,11,0.031025,0.9670,0.9719
250000.00,250000.00,260148.53,11,11,11,11,11,0.032519,0.9639,0.9258
250000.00,250000.00,261501.31,11,11,11,11,11,0.032688,0.9348,0.8989
250000.00,250000.00,253293.99,11,11,11,11,11,0.031662,0.8764,0.9263
250000.00,250000.00,256675.72,11,11,11,11,11,0.032084,0.9760,0.9662
250000.00,250000.00,247776.03,11,11,11,11,11,0.030972,0.9562,0.9719
250000.00,250000.00,253906.25,11,11,11,11,11,0.031738,0.9455,0.9009
250000.00,250000.00,250243.19,11,11,11,11,11,0.031280,0.9430,0.9217
250000.00,250000.00,250026.70,11,11,11,11,11,0.031253,0.8945,0.9244
250000.00,250000.00,248318.67,11,11,11,11,11,0.031040,0.9732,0.9634
250000.00,250000.00,249817.85,11,11,11,11,11,0.031227,0.9722,0.6338
250000.00,250000.00,231125.35,11,11,11,11,11,0.028891,0.9319,0.8997
250000.00,250000.00,247168.78,11,11,11,11,11,0.030896,0.9767,0.9790
250000.00,250000.00,252337.52,12,12,12,12,12,0.031542,0.9627,0.9847
250000.00,250000.00,249880.31,11,11,11,11,11,0.031235,0.9600,0.8532
250000.00,250000.00,256404.88,11,11,11,11,11,0.032051,0.9513,0.9008
250000.00,250000.00,260550.02,12,12,12,12,12,0.032569,0.9447,0.8928
250000.00,250000.00,253580.09,12,12,12,12,12,0.031698,0.9446,0.8896
250000.00,250000.00,242652.89,11,11,11,11,11,0.030332,0.9329,0.9510
250000.00,250000.00,263031.01,12,12,12,12,12,0.032879,0.9325,0.8212
250000.00,250000.00,258080.48,11,11,11,11,11,0.032260,0.9258,0.9632
250000.00,250000.00,261710.17,11,11,11,11,11,0.032714,0.9044,0.8840
250000.00,250000.00,252895.36,11,11,11,11,11,0.031612,0.8981,0.9683
250000.00,250000.00,257614.14,12,12,12,12,12,0.032202,0.8611,0.9119
250000.00,250000.00,245371.82,11,11,11,11,11,0.030671,0.9707,0.9803
250000.00,250000.00,249866.49,11,11,11,11,11,0.031233,0.9706,0.9882
250000.00,250000.00,255432.84,11,11,11,11,11,0.031929,0.9571,0.9621
250000.00,250000.00,253437.76,11,11,11,11,11,0.031680,0.9541,0.9762
250000.00,250000.00,256856.44,10,10,10,10,10,0.032107,0.9291,0.9712
250000.00,250000.00,250262.74,10,10,10,10,10,0.031283,0.8878,0.9776
250000.00,250000.00,252630.23,10,10,10,10,10,0.031579,0.7980,0.9589
250000.00,250000.00,262424.47,10,10,10,10,10,0.032803,0.7347,0.9280
250000.00,250000.00,247330.67,11,11,11,11,11,0.030916,0.9688,0.9854
250000.00,250000.00,245415.69,10,10,10,10,10,0.030677,0.9487,0.9455
250000.00,250000.00,243993.76,11,11,11,11,11,0.030499,0.9308,0.9148
250000.00,250000.00,250154.50,11,11,11,11,11,0.031269,0.9073,0.9812
250000.00,250000.00,235256.20,11,11,11,11,11,0.029407,0.8910,0.8682
250000.00,250000.00,277818.68,11,11,11,11,11,0.034727,0.8715,0.8693
250000.00,250000.00,252374.65,11,11,11,11,11,0.031547,0.8621,0.8915
250000.00,250000.00,224063.87,11,11,11,11,11,0.028008,0.8476,0.8233
250000.00,250000.00,248937.61,12,12,12,12,12,0.031117,0.9528,0.9633
250000.00,250000.00,255142.21,12,12,12,12,12,0.031893,0.9469,0.9198
250000.00,250000.00,255229.95,12,12,12,12,12,0.031904,0.9452,0.9416
250000.00,250000.00,250883.10,12,12,12,12,12,0.031360,0.9432,0.9212
250000.00,250000.00,245524.41,12,12,12,12,12,0.030691,0.9423,0.9762
250000.00,250000.00,254405.02,10,10,10,10,10,0.031801,0.9486,0.9144
250000.00,250000.00,255297.66,10,10,10,10,10,0.031912,0.9426,0.9749
250000.00,250000.00,244616.51,10,10,10,10,10,0.030577,0.9416,0.9738
250000.00,250000.00,249170.30,10,10,10,10,10,0.031146,0.9388,0.9526
250000.00,250000.00,251640.32,10,10,10,10,10,0.031455,0.9128,0.9788
250000.00,250000.00,263351.44,10,10,10,10,10,0.032919,0.8577,0.9477
250000.00,250000.00,277978.87,10,10,10,10,10,0.034747,0.7547,0.8947
250000.00,250000.00,253755.57,11,11,11,11,11,0.031719,0.9478,0.9133
250000.00,250000.00,249557.50,11,11,11,11,11,0.031195,0.9065,0.9661
250000.00,250000.00,264360.43,11,11,11,11,11,0.033045,0.8940,0.8896
250000.00,250000.00,262673.38,11,11,11,11,11,0.032834,0.8927,0.7234
250000.00,250000.00,247736.93,11,11,11,11,11,0.030967,0.8255,0.9753
250000.00,250000.00,256102.09,10,10,10,10,10,0.032013,0.9333,0.9600
250000.00,250000.00,248174.67,10,10,10,10,10,0.031022,0.9217,0.9817
250000.00,250000.00,251747.85,10,10,10,10,10,0.031468,0.9163,0.9684
250000.00,250000.00,238506.32,10,10,10,10,10,0.029813,0.9028,0.9530
250000.00,250000.00,249444.96,10,10,10,10,10,0.031181,0.9750,0.9542
250000.00,250000.00,251764.30,10,10,10,10,10,0.031471,0.9742,0.9489
250000.00,250000.00,251986.50,10,10,10,10,10,0.031498,0.9630,0.9343
250000.00,250000.00,255974.23,10,10,10,10,10,0.031997,0.9133,0.9722
250000.00,250000.00,251547.81,10,10,10,10,10,0.031443,0.8888,0.9530
250000.00,250000.00,249450.21,10,10,10,10,10,0.031181,0.8346,0.9537
250000.00,250000.00,250416.82,10,10,10,10,10,0.031302,0.8178,0.9607
250000.00,250000.00,249169.35,10,10,10,10,10,0.031146,0.7902,0.9202
250000.00,250000.00,235848.07,10,10,10,10,10,0.029481,0.7741,0.9034
250000.00,250000.00,253613.47,10,10,10,10,10,0.031702,0.7361,0.9766
250000.00,250000.00,247151.85,10,10,10,10,10,0.030894,0.7184,0.9259
250000.00,250000.00,250970.84,11,11,11,11,11,0.031371,0.9678,0.9584
250000.00,250000.00,253766.54,11,11,11,11,11,0.031721,0.9562,0.9796
250000.00,250000.00,250281.33,11,11,11,11,11,0.031285,0.9549,0.9000
250000.00,250000.00,257234.57,11,11,11,11,11,0.032154,0.9474,0.9218
250000.00,250000.00,264184.95,11,11,11,11,11,0.033023,0.9248,0.8901
250000.00,250000.00,255838.39,11,11,11,11,11,0.031980,0.9100,0.9175
250000.00,250000.00,261658.67,11,11,11,11,11,0.032707,0.8948,0.8815
250000.00,250000.00,250955.58,11,11,11,11,11,0.031369,0.9781,0.9329
250000.00,250000.00,250240.74,11,11,11,11,11,0.031280,0.9702,0.9813
250000.00,250000.00,256097.79,11,11,11,11,11,0.032012,0.9625,0.9481
250000.00,250000.00,257616.04,11,11,11,11,11,0.032202,0.9602,0.9116
250000.00,250000.00,280923.84,11,11,11,11,11,0.035115,0.9520,0.8827
250000.00,250000.00,251386.64,11,11,11,11,11,0.031423,0.9503,0.9618
250000.00,250000.00,256339.07,11,11,11,11,11,0.032042,0.9268,0.8699
250000.00,250000.00,246969.22,11,11,11,11,11,0.030871,0.8740,0.9502
250000.00,250000.00,247414.59,11,11,11,11,11,0.030927,0.9712,0.9811
250000.00,250000.00,250526.67,11,11,11,11,11,0.031316,0.9674,0.8157
250000.00,250000.00,253442.65,11,11,11,11,11,0.031680,0.9480,0.9254
250000.00,250000.00,256301.88,11,11,11,11,11,0.032038,0.9351,0.9160
250000.00,250000.00,247942.92,11,11,11,11,11,0.030993,0.9292,0.9340
250000.00,250000.00,251017.57,11,11,11,11,11,0.031377,0.9253,0.8430
250000.00,250000.00,248209.95,11,11,11,11,11,0.031026,0.9102,0.9598
250000.00,250000.00,256189.35,11,11,11,11,11,0.032024,0.8950,0.9181
250000.00,250000.00,254109.38,11,11,11,11,11,0.031764,0.9735,0.9675
250000.00,250000.00,247489.93,11,11,11,11,11,0.030936,0.9708,0.9794
250000.00,250000.00,250109.67,11,11,11,11,11,0.031264,0.9558,0.9792
250000.00,250000.00,252369.88,11,11,11,11,11,0.031546,0.9524,0.9620
250000.00,250000.00,248156.55,11,11,11,11,11,0.031020,0.9446,0.9139
250000.00,250000.00,227565.77,11,11,11,11,11,0.028446,0.8708,0.8678
250000.00,250000.00,270426.75,10,10,10,10,10,0.033803,0.8746,0.8306
250000.00,250000.00,267440.80,10,10,10,10,10,0.033430,0.9780,0.8718
250000.00,250000.00,253734.59,10,10,10,10,10,0.031717,0.8993,0.9534
250000.00,250000.00,249296.19,10,10,10,10,10,0.031162,0.7826,0.9188
250000.00,250000.00,264606.48,10,10,10,10,10,0.033076,0.7286,0.9430
250000.00,250000.00,242341.04,10,10,10,10,10,0.030293,0.9655,0.9685
250000.00,250000.00,242463.11,10,10,10,10,10,0.030308,0.9611,0.9416
250000.00,250000.00,245509.15,10,10,10,10,10,0.030689,0.9441,0.9491
250000.00,250000.00,258709.91,10,10,10,10,10,0.032339,0.8126,0.8892
250000.00,250000.00,243682.15,12,12,12,12,12,0.030460,0.9675,0.9445
250000.00,250000.00,256255.63,12,12,12,12,12,0.032032,0.9630,0.9162
250000.00,250000.00,265844.82,12,12,12,12,12,0.033231,0.9538,0.8849
250000.00,250000.00,256186.01,12,12,12,12,12,0.032023,0.9529,0.8522
250000.00,250000.00,244029.05,12,12,12,12,12,0.030504,0.9349,0.9685
250000.00,250000.00,262174.61,10,10,10,10,10,0.032772,0.9139,0.9380
250000.00,250000.00,265476.23,12,12,12,12,12,0.033185,0.8693,0.8720
250000.00,250000.00,255676.98,12,12,12,12,12,0.031960,0.9007,0.9182
250000.00,250000.00,248735.43,12,12,12,12,12,0.031092,0.8940,0.9256
250000.00,250000.00,256000.52,12,12,12,12,12,0.032000,0.8780,0.9161
250000.00,250000.00,250571.25,12,12,12,12,12,0.031321,0.8130,0.9189
250000.00,250000.00,246145.96,11,11,11,11,11,0.030768,0.9768,0.5265
250000.00,250000.00,246359.62,11,11,11,11,11,0.030795,0.9708,0.9722
250000.00,250000.00,251336.16,11,11,11,11,11,0.031417,0.9667,0.9935
250000.00,250000.00,247825.62,11,11,11,11,11,0.030978,0.9109,0.9170
250000.00,250000.00,251638.41,11,11,11,11,11,0.031455,0.9096,0.9321
250000.00,250000.00,247022.63,10,10,10,10,10,0.030878,0.9778,0.9846
250000.00,250000.00,246401.31,10,10,10,10,10,0.030800,0.9737,0.9592
250000.00,250000.00,253397.46,10,10,10,10,10,0.031675,0.9649,0.9844
250000.00,250000.00,255884.17,10,10,10,10,10,0.031986,0.7524,0.9627
250000.00,250000.00,246854.78,11,11,11,11,11,0.030857,0.9778,0.9725
250000.00,250000.00,258179.19,11,11,11,11,11,0.032272,0.9751,0.9650
250000.00,250000.00,242348.19,11,11,11,11,11,0.030294,0.9560,0.9665
250000.00,250000.00,251142.50,11,11,11,11,11,0.031393,0.9507,0.9581
250000.00,250000.00,249698.64,11,11,11,11,11,0.031212,0.8742,0.9229
250000.00,250000.00,252933.50,10,10,10,10,10,0.031617,0.9641,0.9881
250000.00,250000.00,252717.97,10,10,10,10,10,0.031590,0.9576,0.9041
250000.00,250000.00,246865.27,10,10,10,10,10,0.030858,0.9217,0.9806
250000.00,250000.00,253338.81,10,10,10,10,10,0.031667,0.9164,0.9248
250000.00,250000.00,259041.31,10,10,10,10,10,0.032380,0.9102,0.9593
250000.00,250000.00,296064.38,10,10,10,10,10,0.037008,0.8869,0.8052
250000.00,250000.00,260367.87,12,12,12,12,12,0.032546,0.9622,0.7891
250000.00,250000.00,254043.58,12,12,12,12,12,0.031755,0.9612,0.9101
250000.00,250000.00,248970.99,12,12,12,12,12,0.031121,0.9548,0.9596
250000.00,250000.00,238414.76,12,12,12,12,12,0.029802,0.9268,0.8886
250000.00,250000.00,259192.94,12,12,12,12,12,0.032399,0.8832,0.9061
250000.00,250000.00,254447.94,11,11,11,11,11,0.031806,0.9858,0.9541
250000.00,250000.00,247367.86,11,11,11,11,11,0.030921,0.9765,0.9763
250000.00,250000.00,247741.94,11,11,11,11,11,0.030968,0.9690,0.9683
250000.00,250000.00,251762.39,11,11,11,11,11,0.031470,0.9584,0.8879
250000.00,250000.00,247735.02,11,11,11,11,11,0.030967,0.9577,0.9351
250000.00,250000.00,253713.61,11,11,11,11,11,0.031714,0.9278,0.9114
250000.00,250000.00,263469.70,11,11,11,11,11,0.032934,0.7933,0.8908
250000.00,250000.00,247016.91,11,11,11,11,11,0.030877,0.7376,0.8281
250000.00,250000.00,243912.22,12,12,12,12,12,0.030489,0.9691,0.9145
250000.00,250000.00,250290.39,12,12,12,12,12,0.031286,0.9578,0.9323
250000.00,250000.00,251063.35,12,12,12,12,12,0.031383,0.9464,0.9315
250000.00,250000.00,259756.57,12,12,12,12,12,0.032470,0.9581,0.9228
250000.00,250000.00,247568.62,12,12,12,12,12,0.030946,0.9093,0.9188
250000.00,250000.00,255600.93,12,12,12,12,12,0.031950,0.8588,0.9018
250000.00,250000.00,258656.98,10,10,10,10,10,0.032332,0.9449,0.9153
250000.00,250000.00,252135.75,10,10,10,10,10,0.031517,0.9391,0.9527
250000.00,250000.00,249746.32,10,10,10,10,10,0.031218,0.8819,0.9608
250000.00,250000.00,253171.92,10,10,10,10,10,0.031646,0.8644,0.9622
250000.00,250000.00,245893.48,10,10,10,10,10,0.030737,0.7901,0.9779
250000.00,250000.00,261939.05,10,10,10,10,10,0.032742,0.9383,0.9508
250000.00,187500.00,271827.70,11,10,11,10,11,0.033978,0.9267,0.9174
250000.00,187500.00,246100.43,11,10,11,10,11,0.030763,0.8844,0.6393
250000.00,187500.00,250621.80,11,10,11,10,11,0.031328,0.8559,0.6130
250000.00,187500.00,228897.09,11,10,11,10,11,0.028612,0.8420,0.5433
250000.00,250000.00,258969.31,12,12,12,12,12,0.032371,0.9704,0.9449
250000.00,250000.00,300316.81,12,12,13,12,13,0.037540,0.9547,0.7750
250000.00,250000.00,268920.90,12,12,12,12,12,0.033615,0.9447,0.8937
250000.00,250000.00,260940.55,12,12,12,12,12,0.032618,0.9274,0.8998
250000.00,250000.00,245331.76,12,12,12,12,12,0.030666,0.9726,0.8809
250000.00,250000.00,256154.06,12,12,12,12,12,0.032019,0.9300,0.9685
250000.00,250000.00,270549.77,12,12,12,12,12,0.033819,0.9087,0.9114
250000.00,250000.00,243554.12,12,12,12,12,12,0.030444,0.9064,0.9012
250000.00,250000.00,278213.50,12,12,12,12,12,0.034777,0.8598,0.5260
250000.00,250000.00,271472.93,12,12,12,12,12,0.033934,0.8334,0.7556
250000.00,250000.00,249645.23,11,11,11,11,11,0.031206,0.9593,0.9681
250000.00,250000.00,255605.70,11,11,11,11,11,0.031951,0.9577,0.9180
250000.00,250000.00,261721.61,11,11,11,11,11,0.032715,0.9563,0.8982
250000.00,250000.00,259593.96,11,11,11,11,11,0.032449,0.9395,0.9469
250000.00,250000.00,244457.02,11,11,11,11,11,0.030557,0.9652,0.9612
250000.00,250000.00,254913.33,11,11,11,11,11,0.031864,0.9578,0.9207
250000.00,250000.00,251705.17,11,11,11,11,11,0.031463,0.9455,0.9475
250000.00,250000.00,258914.95,11,11,11,11,11,0.032364,0.9068,0.9632
250000.00,187500.00,248328.69,11,10,11,10,11,0.031041,0.8485,0.9317
250000.00,250000.00,244259.83,11,11,11,11,11,0.030532,0.7735,0.9330
250000.00,250000.00,255781.17,11,11,11,11,11,0.031973,0.7568,0.9712
250000.00,250000.00,274372.58,11,11,11,11,11,0.034297,0.7502,0.8888
250000.00,250000.00,259111.40,11,11,11,11,11,0.032389,0.7452,0.8772
250000.00,250000.00,249307.63,11,11,11,11,11,0.031163,0.8992,0.9658
250000.00,250000.00,253494.26,11,11,11,11,11,0.031687,0.8569,0.9140
250000.00,250000.00,255210.88,11,11,11,11,11,0.031901,0.8503,0.9552
250000.00,250000.00,276792.05,11,11,11,11,11,0.034599,0.7043,0.5284
250000.00,250000.00,267501.83,10,10,10,10,10,0.033438,0.9723,0.9310
250000.00,250000.00,254234.79,10,10,10,10,10,0.031779,0.9496,0.8994
250000.00,187500.00,215532.54,10,9,9,9,9,0.026942,0.9149,0.7240
250000.00,250000.00,247412.68,10,10,10,10,10,0.030927,0.7989,0.9297
250000.00,250000.00,256414.41,11,11,11,11,11,0.032052,0.9659,0.9579
250000.00,250000.00,250020.03,11,11,11,11,11,0.031253,0.9591,0.9764
250000.00,250000.00,249595.64,11,11,11,11,11,0.031199,0.8888,0.9261
250000.00,250000.00,249117.64,11,11,11,11,11,0.031140,0.7244,0.9685
250000.00,250000.00,263776.30,11,11,11,11,11,0.032972,0.8371,0.8648
250000.00,250000.00,249282.57,11,11,11,11,11,0.031160,0.7751,0.9874
250000.00,187500.00,270600.32,11,10,11,10,11,0.033825,0.7409,0.8635
250000.00,250000.00,271173.48,11,11,11,11,11,0.033897,0.9455,0.9047
250000.00,250000.00,252160.10,11,11,11,11,11,0.031520,0.9286,0.9024
250000.00,250000.00,242353.44,11,11,11,11,11,0.030294,0.8334,0.9140
250000.00,250000.00,266263.48,11,11,11,11,11,0.033283,0.7021,0.8653
250000.00,250000.00,254955.29,12,12,12,12,12,0.031869,0.9674,0.8930
250000.00,250000.00,248993.40,12,12,12,12,12,0.031124,0.9567,0.9213
250000.00,250000.00,248865.13,12,12,12,12,12,0.031108,0.9032,0.9220
250000.00,250000.00,246737.78,12,12,12,12,12,0.030842,0.8571,0.8941
250000.00,250000.00,242864.61,12,12,12,12,12,0.030358,0.7238,0.9101
250000.00,250000.00,252265.93,11,11,11,11,11,0.031533,0.9895,0.9810
250000.00,250000.00,245775.22,11,11,11,11,11,0.030722,0.9677,0.9218
250000.00,250000.00,256776.81,11,11,11,11,11,0.032097,0.9564,0.9716
250000.00,250000.00,243033.41,11,11,11,11,11,0.030379,0.9433,0.9633
250000.00,250000.00,249235.15,11,11,11,11,11,0.031154,0.8562,0.5357
250000.00,250000.00,254124.16,11,11,11,11,11,0.031766,0.9577,0.9237
250000.00,250000.00,246986.39,11,11,11,11,11,0.030873,0.9345,0.9788
250000.00,250000.00,269343.26,11,11,11,11,11,0.033668,0.9195,0.7605
250000.00,250000.00,245147.71,11,11,11,11,11,0.030643,0.7311,0.9326
250000.00,250000.00,246756.55,11,11,11,11,11,0.030845,0.9704,0.9584
250000.00,250000.00,255300.52,11,11,11,11,11,0.031913,0.9699,0.9745
250000.00,250000.00,252290.73,11,11,11,11,11,0.031536,0.9661,0.9745
250000.00,250000.00,248519.90,11,11,11,11,11,0.031065,0.9643,0.8652
250000.00,250000.00,246567.73,11,11,11,11,11,0.030821,0.9621,0.9246
250000.00,250000.00,256149.53,11,11,11,11,11,0.032019,0.9403,0.8633
250000.00,250000.00,251450.54,11,11,11,11,11,0.031431,0.7905,0.9408
250000.00,250000.00,253248.21,11,11,11,11,11,0.031656,0.9533,0.9096
250000.00,250000.00,233503.34,11,11,11,11,11,0.029188,0.9223,0.8587
250000.00,250000.00,248612.88,11,11,11,11,11,0.031077,0.9165,0.8983
250000.00,250000.00,245574.95,11,11,11,11,11,0.030697,0.7674,0.8519
250000.00,250000.00,263666.15,12,12,12,12,12,0.032958,0.9142,0.9436
250000.00,250000.00,250045.78,12,12,12,12,12,0.031256,0.8964,0.9224
250000.00,250000.00,257437.94,12,12,12,12,12,0.032180,0.8833,0.9122
250000.00,250000.00,248604.77,12,12,12,12,12,0.031076,0.8772,0.9915
250000.00,250000.00,250793.46,12,12,12,12,12,0.031349,0.7680,0.7622
250000.00,250000.00,252910.61,12,12,12,12,12,0.031614,0.9148,0.9726
250000.00,250000.00,265483.86,12,12,12,12,12,0.033185,0.8518,0.8385
250000.00,250000.00,260971.55,12,12,12,12,12,0.032621,0.8199,0.8587
250000.00,250000.00,262945.18,12,12,12,12,12,0.032868,0.7671,0.8484
250000.00,250000.00,267485.62,12,12,12,12,12,0.033436,0.7484,0.8347
250000.00,250000.00,250534.06,11,11,11,11,11,0.031317,0.9643,0.9810
250000.00,250000.00,252481.46,11,11,11,11,11,0.031560,0.9632,0.9759
250000.00,250000.00,244833.95,11,11,11,11,11,0.030604,0.9379,0.9754
250000.00,250000.00,251144.89,11,11,11,11,11,0.031393,0.9169,0.9247
250000.00,250000.00,251568.79,11,11,11,11,11,0.031446,0.9048,0.9164
250000.00,250000.00,241093.64,11,11,11,11,11,0.030137,0.8770,0.9446
250000.00,250000.00,256732.94,11,11,11,11,11,0.032092,0.8480,0.9142
250000.00,250000.00,244760.51,11,11,11,11,11,0.030595,0.8393,0.8458
250000.00,250000.00,251711.85,12,12,12,12,12,0.031464,0.9564,0.9822
250000.00,250000.00,252540.59,12,12,12,12,12,0.031568,0.9486,0.8868
250000.00,250000.00,255711.56,12,12,12,12,12,0.031964,0.9453,0.9183
250000.00,250000.00,257494.93,12,12,12,12,12,0.032187,0.9451,0.9118
250000.00,250000.00,248006.82,12,12,12,12,12,0.031001,0.9331,0.9775
250000.00,250000.00,255486.49,12,12,12,12,12,0.031936,0.9138,0.9156
250000.00,250000.00,259437.56,12,12,12,12,12,0.032430,0.8971,0.9026
250000.00,250000.00,239031.79,12,12,12,12,12,0.029879,0.7066,0.8597
250000.00,250000.00,332303.52,12,12,13,12,13,0.041538,0.8401,0.6509
250000.00,250000.00,247260.09,12,12,12,12,12,0.030908,0.9248,0.9414
250000.00,250000.00,251306.06,12,12,12,12,12,0.031413,0.9213,0.8847
250000.00,250000.00,246025.09,12,12,12,12,12,0.030753,0.9155,0.8498
250000.00,250000.00,345634.46,12,12,13,12,13,0.043204,0.9174,0.6900
250000.00,250000.00,245225.91,12,12,12,12,12,0.030653,0.7485,0.8302
250000.00,250000.00,251339.91,12,12,12,12,12,0.031417,0.9336,0.9040
250000.00,250000.00,251119.61,12,12,12,12,12,0.031390,0.9259,0.9142
250000.00,250000.00,263581.90,12,12,12,12,12,0.032948,0.9169,0.9276
250000.00,250000.00,344877.24,12,12,13,12,13,0.043110,0.9141,0.6867
250000.00,250000.00,255303.38,12,12,12,12,12,0.031913,0.8939,0.9193
250000.00,250000.00,257408.14,12,12,12,12,12,0.032176,0.8845,0.8997
250000.00,250000.00,239906.31,12,12,12,12,12,0.029988,0.8943,0.9274
250000.00,250000.00,248525.62,10,10,10,10,10,0.031066,0.9783,0.9666
250000.00,250000.00,229373.93,10,10,10,10,10,0.028672,0.9612,0.9145
250000.00,250000.00,250642.78,10,10,10,10,10,0.031330,0.9501,0.9168
250000.00,250000.00,255682.47,10,10,10,10,10,0.031960,0.9311,0.9627
250000.00,250000.00,260929.58,10,10,10,10,10,0.032616,0.9063,0.8321
250000.00,250000.00,222105.98,10,10,10,10,10,0.027763,0.8864,0.8742
250000.00,250000.00,251420.02,10,10,10,10,10,0.031428,0.9716,0.9832
250000.00,250000.00,262647.27,10,10,10,10,10,0.032831,0.9565,0.9481
250000.00,250000.00,250887.87,10,10,10,10,10,0.031361,0.9417,0.9794
250000.00,250000.00,243150.71,10,10,10,10,10,0.030394,0.9372,0.8655
250000.00,250000.00,256284.71,10,10,10,10,10,0.032036,0.9308,0.9720
250000.00,250000.00,240559.58,10,10,10,10,10,0.030070,0.7497,0.9513
250000.00,250000.00,247457.98,11,11,11,11,11,0.030932,0.7781,0.8610
250000.00,250000.00,251667.02,10,10,10,10,10,0.031458,0.9721,0.9730
250000.00,250000.00,241579.06,10,10,10,10,10,0.030197,0.9379,0.9258
250000.00,250000.00,257621.77,10,10,10,10,10,0.032203,0.8825,0.8866
250000.00,250000.00,254992.49,10,10,10,10,10,0.031874,0.8614,0.8999
250000.00,250000.00,278641.70,11,11,11,11,11,0.034830,0.8404,0.8922
250000.00,250000.00,255592.35,11,11,11,11,11,0.031949,0.9657,0.8305
250000.00,250000.00,249193.43,11,11,11,11,11,0.031149,0.9634,0.9939
250000.00,250000.00,287675.86,11,11,11,11,11,0.035959,0.9262,0.8558
250000.00,250000.00,231652.26,11,11,11,11,11,0.028957,0.8939,0.8876
250000.00,250000.00,264501.57,11,11,11,11,11,0.033063,0.8869,0.9082
250000.00,187500.00,240660.67,11,10,11,10,11,0.030083,0.8713,0.9273
250000.00,250000.00,249739.65,11,11,11,11,11,0.031217,0.9750,0.9670
250000.00,250000.00,255593.30,11,11,11,11,11,0.031949,0.9549,0.7161
250000.00,250000.00,248914.72,11,11,11,11,11,0.031114,0.9520,0.9486
250000.00,250000.00,248319.63,11,11,11,11,11,0.031040,0.9420,0.9514
250000.00,250000.00,262174.61,11,11,11,11,11,0.032772,0.9352,0.9494
250000.00,250000.00,252635.00,11,11,11,11,11,0.031579,0.9044,0.6351
250000.00,250000.00,264320.37,11,11,11,11,11,0.033040,0.9019,0.6335
250000.00,250000.00,246847.15,11,11,11,11,11,0.030856,0.8131,0.9854
250000.00,250000.00,251000.40,11,11,11,11,11,0.031375,0.9543,0.9808
250000.00,250000.00,280714.51,11,11,11,11,11,0.035089,0.9409,0.8852
250000.00,250000.00,243659.97,11,11,11,11,11,0.030457,0.9345,0.8586
250000.00,250000.00,267608.64,11,11,11,11,11,0.033451,0.9270,0.9179
250000.00,250000.00,267482.76,11,11,11,11,11,0.033435,0.9080,0.8488
250000.00,250000.00,248596.88,11,11,11,11,11,0.031075,0.7744,0.9268
250000.00,250000.00,252965.93,12,12,12,12,12,0.031621,0.9571,0.9115
250000.00,250000.00,255840.78,12,12,12,12,12,0.031980,0.9160,0.9030
250000.00,250000.00,265594.48,12,12,12,12,12,0.033199,0.8469,0.9062
250000.00,250000.00,260576.25,12,12,12,12,12,0.032572,0.8240,0.8811
250000.00,250000.00,267425.54,12,12,12,12,12,0.033428,0.9365,0.8965
250000.00,250000.00,261131.08,12,12,12,12,12,0.032641,0.9349,0.8859
250000.00,250000.00,254996.30,12,12,12,12,12,0.031875,0.8899,0.9740
250000.00,250000.00,251367.57,12,12,12,12,12,0.031421,0.8847,0.9402
250000.00,250000.00,251252.06,12,12,12,12,12,0.031407,0.8891,0.9883
250000.00,250000.00,265645.98,12,12,12,12,12,0.033206,0.8339,0.9132
250000.00,250000.00,247204.78,12,12,12,12,12,0.030901,0.9707,0.8996
250000.00,250000.00,236039.16,12,12,12,12,12,0.029505,0.9165,0.8656
250000.00,250000.00,268083.57,12,12,12,12,12,0.033510,0.8745,0.8779
250000.00,187500.00,250407.22,12,11,12,11,12,0.031301,0.7758,0.9322
250000.00,250000.00,246435.17,12,12,12,12,12,0.030804,0.7030,0.7672
250000.00,250000.00,250312.81,12,12,12,12,12,0.031289,0.9654,0.8280
250000.00,250000.00,248829.84,12,12,12,12,12,0.031104,0.9540,0.9783
250000.00,250000.00,257691.38,12,12,12,12,12,0.032211,0.9510,0.9114
250000.00,250000.00,244506.84,10,10,10,10,10,0.030563,0.9651,0.9725
250000.00,250000.00,229867.94,10,10,10,10,10,0.028733,0.8883,0.9099
250000.00,250000.00,250445.37,10,10,10,10,10,0.031306,0.8648,0.9429
250000.00,250000.00,244319.92,10,10,10,10,10,0.030540,0.8629,0.9590
250000.00,250000.00,251590.73,10,10,10,10,10,0.031449,0.7729,0.9055
250000.00,250000.00,242662.91,11,11,11,11,11,0.030333,0.7592,0.9327
250000.00,250000.00,248735.43,11,11,11,11,11,0.031092,0.7240,0.9633
250000.00,187500.00,265058.04,12,11,12,11,12,0.033132,0.7254,0.8719
250000.00,250000.00,251674.65,10,10,10,10,10,0.031459,0.9730,0.9497
250000.00,250000.00,271354.68,10,10,10,10,10,0.033919,0.9593,0.9207
250000.00,250000.00,246969.22,10,10,10,10,10,0.030871,0.9463,0.9366
250000.00,250000.00,253884.32,10,10,10,10,10,0.031736,0.9436,0.8869
250000.00,250000.00,286042.21,10,10,10,10,10,0.035755,0.9317,0.8550
250000.00,250000.00,264628.41,10,10,10,10,10,0.033079,0.9036,0.9155
250000.00,250000.00,234414.10,10,10,10,10,10,0.029302,0.8943,0.9336
250000.00,250000.00,250514.98,12,12,12,12,12,0.031314,0.9579,0.9766
250000.00,250000.00,249444.96,12,12,12,12,12,0.031181,0.9575,0.9809
250000.00,250000.00,259090.42,12,12,12,12,12,0.032386,0.7352,0.8068
250000.00,250000.00,247441.29,12,12,12,12,12,0.030930,0.9369,0.9478
250000.00,250000.00,243056.30,12,12,12,12,12,0.030382,0.8711,0.9022
250000.00,250000.00,257595.06,12,12,12,12,12,0.032199,0.8643,0.9378
250000.00,250000.00,271568.30,12,12,12,12,12,0.033946,0.8286,0.8663
250000.00,250000.00,287311.97,12,12,12,12,12,0.035914,0.8169,0.8220
250000.00,250000.00,257411.00,12,12,12,12,12,0.032176,0.7933,0.9124
250000.00,250000.00,252698.42,12,12,12,12,12,0.031587,0.7376,0.9085
250000.00,250000.00,260499.00,12,12,12,12,12,0.032562,0.8703,0.9580
250000.00,250000.00,250572.20,12,12,12,12,12,0.031322,0.7142,0.9328
250000.00,250000.00,274038.31,12,12,12,12,12,0.034255,0.8976,0.8806
250000.00,250000.00,287235.26,11,11,11,11,11,0.035904,0.8758,0.6333
250000.00,250000.00,341487.41,11,11,12,11,12,0.042686,0.8600,0.7226
250000.00,250000.00,293214.80,12,12,12,12,12,0.036652,0.8532,0.8454
250000.00,250000.00,254288.67,11,11,11,11,11,0.031786,0.8412,0.9036
250000.00,250000.00,274665.83,12,11,11,11,11,0.034333,0.7572,0.7604
250000.00,250000.00,248878.48,11,11,11,11,11,0.031110,0.9818,0.9929
250000.00,250000.00,254400.25,11,11,11,11,11,0.031800,0.9678,0.9559
250000.00,250000.00,248496.26,11,11,11,11,11,0.031062,0.9564,0.9258
250000.00,250000.00,254757.88,11,11,11,11,11,0.031845,0.9456,0.9740
250000.00,250000.00,262985.23,11,11,11,11,11,0.032873,0.9487,0.9326
250000.00,250000.00,255298.61,11,11,11,11,11,0.031912,0.9158,0.9607
250000.00,250000.00,260331.15,11,11,11,11,11,0.032541,0.8835,0.9024
250000.00,250000.00,259464.26,11,11,11,11,11,0.032433,0.8789,0.8952
250000.00,250000.00,250630.38,11,11,11,11,11,0.031329,0.8732,0.9824
250000.00,250000.00,241697.31,11,11,11,11,11,0.030212,0.8539,0.9205
250000.00,250000.00,260830.88,11,11,11,11,11,0.032604,0.8380,0.9013
250000.00,250000.00,251478.20,11,11,11,11,11,0.031435,0.9654,0.9573
250000.00,250000.00,246630.91,11,11,11,11,11,0.030829,0.9461,0.9631
250000.00,250000.00,250390.05,11,11,11,11,11,0.031299,0.7449,0.9199
250000.00,250000.00,254945.76,11,11,11,11,11,0.031868,0.9619,0.9753
250000.00,250000.00,271560.67,11,11,11,11,11,0.033945,0.9378,0.8666
250000.00,250000.00,250354.77,11,11,11,11,11,0.031294,0.9299,0.9792
250000.00,250000.00,252422.81,11,11,11,11,11,0.031553,0.9156,0.9289
250000.00,250000.00,246441.84,11,11,11,11,11,0.030805,0.9144,0.9835
250000.00,250000.00,248049.26,11,11,11,11,11,0.031006,0.8728,0.9855
250000.00,250000.00,251438.14,11,11,11,11,11,0.031430,0.9807,0.9536
250000.00,250000.00,234979.63,11,11,11,11,11,0.029372,0.9427,0.9324
250000.00,250000.00,253958.70,12,12,12,12,12,0.031745,0.9624,0.9238
250000.00,250000.00,250649.21,12,12,12,12,12,0.031331,0.8455,0.8590
250000.00,250000.00,254344.94,12,12,12,12,12,0.031793,0.8411,0.8633
250000.00,250000.00,262493.13,12,12,12,12,12,0.032812,0.7994,0.8544
250000.00,250000.00,251525.88,11,11,11,11,11,0.031441,0.9475,0.9528
250000.00,250000.00,260511.64,11,11,11,11,11,0.032564,0.9330,0.9475
250000.00,250000.00,244924.55,11,11,11,11,11,0.030616,0.9311,0.9365
250000.00,250000.00,266636.85,11,11,11,11,11,0.033330,0.9292,0.8823
250000.00,250000.00,254201.41,11,11,11,11,11,0.031775,0.9276,0.9077
250000.00,250000.00,240464.21,11,11,11,11,11,0.030058,0.8962,0.9579
250000.00,250000.00,247879.03,11,11,11,11,11,0.030985,0.8808,0.8675
250000.00,250000.00,241632.12,11,11,11,11,11,0.030204,0.9757,0.9591
250000.00,250000.00,246309.28,11,11,11,11,11,0.030789,0.9650,0.9825
250000.00,250000.00,263793.47,11,11,11,11,11,0.032974,0.9605,0.9418
250000.00,250000.00,251058.58,10,10,10,10,10,0.031382,0.9574,0.9539
250000.00,250000.00,239574.43,10,10,10,10,10,0.029947,0.9345,0.8877
250000.00,250000.00,252433.30,10,10,10,10,10,0.031554,0.9051,0.9648
250000.00,250000.00,243513.11,11,11,11,11,11,0.030439,0.8014,0.9601
250000.00,250000.00,258594.51,10,10,10,10,10,0.032324,0.9342,0.9645
250000.00,250000.00,250262.26,10,10,10,10,10,0.031283,0.9270,0.9867
250000.00,250000.00,261973.38,11,11,11,11,11,0.032747,0.8986,0.8780
250000.00,250000.00,248500.82,11,11,11,11,11,0.031063,0.8566,0.9318
250000.00,250000.00,267766.95,11,11,11,11,11,0.033471,0.8312,0.7166
250000.00,250000.00,268982.89,11,11,11,11,11,0.033623,0.7948,0.8896
250000.00,250000.00,228538.51,11,11,11,11,11,0.028567,0.7819,0.8731
250000.00,250000.00,247684.48,12,12,12,12,12,0.030961,0.9704,0.9445
250000.00,250000.00,255818.37,10,10,10,10,10,0.031977,0.8229,0.8063
250000.00,250000.00,251390.70,12,12,12,12,12,0.031424,0.7477,0.7821
250000.00,250000.00,253598.21,12,12,12,12,12,0.031700,0.9322,0.9390
250000.00,250000.00,251058.58,12,12,12,12,12,0.031382,0.9277,0.9200
250000.00,250000.00,253366.95,12,12,12,12,12,0.031671,0.9165,0.9134
250000.00,250000.00,252660.75,12,12,12,12,12,0.031583,0.9766,0.9706
250000.00,250000.00,267377.85,12,12,12,12,12,0.033422,0.9421,0.8697
250000.00,250000.00,255525.11,12,12,12,12,12,0.031941,0.9398,0.9749
250000.00,250000.00,270834.92,12,12,12,12,12,0.033854,0.9218,0.8513
250000.00,250000.00,268178.94,12,12,12,12,12,0.033522,0.8918,0.9297
250000.00,250000.00,304596.90,12,12,13,12,13,0.038075,0.9509,0.7839
250000.00,250000.00,250305.18,12,12,12,12,12,0.031288,0.9072,0.9897
250000.00,250000.00,258675.58,12,12,12,12,12,0.032334,0.9001,0.9013
250000.00,250000.00,250743.99,12,12,12,12,12,0.031343,0.8940,0.6097
250000.00,250000.00,253818.04,12,12,12,12,12,0.031727,0.8641,0.9406
250000.00,250000.00,252133.37,10,10,10,10,10,0.031517,0.9651,0.9824
250000.00,250000.00,244389.06,10,10,10,10,10,0.030549,0.9566,0.9663
250000.00,250000.00,237706.66,10,10,10,10,10,0.029713,0.9550,0.9449
250000.00,250000.00,246678.83,10,10,10,10,10,0.030835,0.9448,0.9468
250000.00,250000.00,261407.85,10,10,10,10,10,0.032676,0.9343,0.9183
250000.00,250000.00,267440.80,10,10,10,10,10,0.033430,0.8791,0.9215
250000.00,250000.00,255960.46,12,12,12,12,12,0.031995,0.9736,0.9173
250000.00,250000.00,250433.92,12,12,12,12,12,0.031304,0.9607,0.9436
250000.00,250000.00,254909.52,12,12,12,12,12,0.031864,0.9531,0.8873
250000.00,250000.00,246739.39,12,12,12,12,12,0.030842,0.9466,0.9249
250000.00,250000.00,255360.13,12,12,12,12,12,0.031920,0.9225,0.7061
250000.00,250000.00,237529.75,12,12,12,12,12,0.029691,0.9026,0.8906
250000.00,250000.00,245990.75,10,10,10,10,10,0.030749,0.8873,0.9460
250000.00,250000.00,249227.52,10,10,10,10,10,0.031153,0.8811,0.9144
250000.00,250000.00,254251.48,10,10,10,10,10,0.031781,0.8714,0.9734
250000.00,250000.00,250450.61,10,10,10,10,10,0.031306,0.8244,0.7038
250000.00,250000.00,253060.34,12,12,12,12,12,0.031633,0.9627,0.9269
250000.00,250000.00,256095.89,12,12,12,12,12,0.032012,0.9507,0.9746
250000.00,250000.00,245032.31,12,12,12,12,12,0.030629,0.8906,0.9020
250000.00,250000.00,248182.30,12,12,12,12,12,0.031023,0.8473,0.8519
250000.00,250000.00,276926.52,12,12,12,12,12,0.034616,0.8131,0.7324
250000.00,250000.00,266694.07,12,12,12,12,12,0.033337,0.7565,0.6724
250000.00,250000.00,250487.33,11,11,11,11,11,0.031311,0.9566,0.8998
250000.00,250000.00,255227.09,11,11,11,11,11,0.031903,0.9514,0.9156
250000.00,250000.00,260570.53,11,11,11,11,11,0.032571,0.9372,0.8995
250000.00,250000.00,266342.16,11,11,11,11,11,0.033293,0.9325,0.8824
250000.00,250000.00,266911.51,11,11,11,11,11,0.033364,0.9260,0.9330
250000.00,250000.00,310571.07,11,11,12,11,12,0.038821,0.7916,0.7950
250000.00,250000.00,251572.13,10,10,10,10,10,0.031447,0.9756,0.9736
250000.00,250000.00,249586.11,10,10,10,10,10,0.031198,0.9713,0.9917
250000.00,250000.00,257518.89,10,10,10,10,10,0.032190,0.9557,0.9361
250000.00,250000.00,254517.56,11,11,11,11,11,0.031815,0.9657,0.9100
250000.00,250000.00,236781.12,11,11,11,11,11,0.029598,0.9496,0.9444
250000.00,250000.00,251709.94,11,11,11,11,11,0.031464,0.8598,0.9394
250000.00,250000.00,273405.08,11,11,11,11,11,0.034176,0.8542,0.7941
250000.00,250000.00,255779.03,11,11,11,11,11,0.031972,0.7496,0.9746
250000.00,250000.00,253176.21,11,11,11,11,11,0.031647,0.9720,0.9323
250000.00,250000.00,262632.37,11,11,11,11,11,0.032829,0.9516,0.9458
250000.00,250000.00,263353.35,11,11,11,11,11,0.032919,0.9298,0.9427
250000.00,250000.00,267141.58,11,11,11,11,11,0.033393,0.8958,0.9059
250000.00,250000.00,221634.15,11,11,11,11,11,0.027704,0.8043,0.8585
250000.00,250000.00,263011.93,10,10,10,10,10,0.032876,0.8326,0.7628
250000.00,250000.00,250427.25,10,10,10,10,10,0.031303,0.9682,0.9818
250000.00,250000.00,251335.14,10,10,10,10,10,0.031417,0.9665,0.9920
250000.00,250000.00,257805.82,10,10,10,10,10,0.032226,0.9632,0.9566
250000.00,250000.00,247300.15,10,10,10,10,10,0.030913,0.9601,0.9822
250000.00,250000.00,254354.48,10,10,10,10,10,0.031794,0.9512,0.9734
250000.00,250000.00,254537.58,10,10,10,10,10,0.031817,0.9408,0.9728
250000.00,250000.00,248297.90,10,10,10,10,10,0.031037,0.8829,0.8731
250000.00,250000.00,254599.09,10,10,10,10,10,0.031825,0.8382,0.9771
250000.00,250000.00,285977.36,10,10,10,10,10,0.035747,0.7107,0.8347
250000.00,250000.00,252043.72,10,10,10,10,10,0.031505,0.9793,0.9901
250000.00,250000.00,254068.37,10,10,10,10,10,0.031759,0.9509,0.9378
250000.00,250000.00,240259.17,10,10,10,10,10,0.030032,0.9429,0.9420
250000.00,250000.00,252691.27,10,10,10,10,10,0.031586,0.9414,0.9165
250000.00,250000.00,253526.69,10,10,10,10,10,0.031691,0.9384,0.9713
250000.00,250000.00,233751.30,10,10,10,10,10,0.029219,0.9232,0.9269
250000.00,250000.00,245750.43,10,10,10,10,10,0.030719,0.8844,0.9058
250000.00,250000.00,251133.92,11,11,11,11,11,0.031392,0.9681,0.9649
250000.00,250000.00,248271.94,11,11,11,11,11,0.031034,0.9601,0.9485
250000.00,250000.00,246553.42,11,11,11,11,11,0.030819,0.9556,0.9851
250000.00,250000.00,250883.58,11,11,11,11,11,0.031360,0.9150,0.9032
250000.00,250000.00,287876.13,11,11,11,11,11,0.035985,0.7436,0.8038
250000.00,250000.00,238677.98,11,11,11,11,11,0.029835,0.9614,0.9519
250000.00,250000.00,250509.50,11,11,11,11,11,0.031314,0.9516,0.9917
250000.00,250000.00,241585.52,11,11,11,11,11,0.030198,0.8170,0.9360
250000.00,250000.00,250117.78,12,12,12,12,12,0.031265,0.9630,0.9111
250000.00,250000.00,251457.21,12,12,12,12,12,0.031432,0.9586,0.9399
250000.00,250000.00,256185.53,12,12,12,12,12,0.032023,0.8873,0.9012
250000.00,250000.00,247187.14,10,10,10,10,10,0.030898,0.9247,0.8756
250000.00,250000.00,248518.94,10,10,10,10,10,0.031065,0.9195,0.9852
250000.00,250000.00,259500.50,10,10,10,10,10,0.032438,0.9054,0.9091
250000.00,250000.00,255164.15,11,11,11,11,11,0.031896,0.9512,0.9068
250000.00,250000.00,254972.34,11,11,11,11,11,0.031872,0.9469,0.9196
250000.00,250000.00,242027.28,11,11,11,11,11,0.030253,0.8675,0.8551
250000.00,250000.00,261021.14,11,11,11,11,11,0.032628,0.7965,0.8284
250000.00,250000.00,254288.67,11,11,11,11,11,0.031786,0.7092,0.9319
250000.00,250000.00,266141.89,10,10,10,10,10,0.033268,0.9048,0.9210
250000.00,250000.00,217524.53,10,10,10,10,10,0.027191,0.8957,0.8422
250000.00,250000.00,249058.25,10,10,10,10,10,0.031132,0.7107,0.8464
250000.00,250000.00,251050.00,12,12,12,12,12,0.031381,0.9587,0.9169
250000.00,250000.00,234250.78,12,12,12,12,12,0.029281,0.9546,0.7492
250000.00,250000.00,255316.73,12,12,12,12,12,0.031915,0.8585,0.5527
250000.00,250000.00,294231.41,12,12,12,12,12,0.036779,0.7761,0.6038
250000.00,250000.00,247432.71,12,12,12,12,12,0.030929,0.9695,0.9071
250000.00,250000.00,239117.62,12,12,12,12,12,0.029890,0.9608,0.9552
250000.00,250000.00,246159.08,12,12,12,12,12,0.030770,0.9517,0.9227
250000.00,250000.00,249010.09,12,12,12,12,12,0.031126,0.9500,0.9164
250000.00,250000.00,257082.94,12,12,12,12,12,0.032135,0.9034,0.9130
250000.00,250000.00,251868.72,12,12,12,12,12,0.031484,0.9011,0.8812
250000.00,250000.00,270524.98,11,11,11,11,11,0.033816,0.9741,0.9119
250000.00,250000.00,246976.85,11,11,11,11,11,0.030872,0.9599,0.9553
250000.00,250000.00,249305.73,11,11,11,11,11,0.031163,0.9597,0.8363
250000.00,250000.00,248861.31,11,11,11,11,11,0.031108,0.9492,0.9313
250000.00,250000.00,250607.49,11,11,11,11,11,0.031326,0.9263,0.9288
250000.00,250000.00,251378.06,11,11,11,11,11,0.031422,0.9015,0.9149
250000.00,250000.00,243966.34,11,11,11,11,11,0.030496,0.8944,0.9122
250000.00,250000.00,247461.32,12,12,12,12,12,0.030933,0.9764,0.9282
250000.00,250000.00,256362.92,12,12,12,12,12,0.032045,0.9606,0.9608
250000.00,250000.00,254238.13,12,12,12,12,12,0.031780,0.9355,0.9097
250000.00,250000.00,245694.16,12,12,12,12,12,0.030712,0.9013,0.9193
250000.00,250000.00,260011.67,12,12,12,12,12,0.032501,0.7448,0.8861
250000.00,250000.00,244256.02,10,10,10,10,10,0.030532,0.9708,0.9710
250000.00,250000.00,246039.39,10,10,10,10,10,0.030755,0.9663,0.9765
250000.00,250000.00,249083.52,10,10,10,10,10,0.031135,0.9623,0.9914
250000.00,250000.00,255044.94,10,10,10,10,10,0.031881,0.9457,0.9783
250000.00,250000.00,249082.57,10,10,10,10,10,0.031135,0.8643,0.9837
250000.00,250000.00,255100.25,10,10,10,10,10,0.031888,0.9797,0.9690
250000.00,250000.00,251976.49,10,10,10,10,10,0.031497,0.9789,0.9893
250000.00,250000.00,248686.79,10,10,10,10,10,0.031086,0.9779,0.9756
250000.00,250000.00,250791.55,10,10,10,10,10,0.031349,0.9698,0.9605
250000.00,250000.00,251459.12,10,10,10,10,10,0.031432,0.9673,0.9628
250000.00,250000.00,247368.34,10,10,10,10,10,0.030921,0.9572,0.9788
250000.00,250000.00,250499.73,10,10,10,10,10,0.031312,0.9531,0.9861
250000.00,250000.00,252980.98,10,10,10,10,10,0.031623,0.9514,0.9803
250000.00,250000.00,243229.39,10,10,10,10,10,0.030404,0.9473,0.9124
250000.00,250000.00,249261.86,10,10,10,10,10,0.031158,0.9008,0.9638
250000.00,250000.00,251888.28,10,10,10,10,10,0.031486,0.8481,0.9611
250000.00,250000.00,248651.98,11,11,11,11,11,0.031081,0.9586,0.9621
250000.00,250000.00,252660.75,11,11,11,11,11,0.031583,0.9579,0.9830
250000.00,250000.00,252731.32,11,11,11,11,11,0.031591,0.9561,0.9596
250000.00,250000.00,260782.00,11,11,11,11,11,0.032598,0.9320,0.9252
250000.00,250000.00,248454.08,12,12,12,12,12,0.031057,0.9142,0.9062
250000.00,250000.00,253559.11,11,11,11,11,11,0.031695,0.9124,0.9134
250000.00,250000.00,246838.57,12,12,12,12,12,0.030855,0.9811,0.9659
250000.00,250000.00,253080.37,12,12,12,12,12,0.031635,0.9710,0.9846
250000.00,250000.00,253037.45,12,12,12,12,12,0.031630,0.9665,0.9837
250000.00,250000.00,249300.00,12,12,12,12,12,0.031163,0.9591,0.9798
250000.00,250000.00,256780.62,12,12,12,12,12,0.032098,0.9586,0.9726
250000.00,250000.00,248029.71,12,12,12,12,12,0.031004,0.9583,0.9299
250000.00,250000.00,253559.11,12,12,12,12,12,0.031695,0.9410,0.6575
250000.00,250000.00,248280.53,12,12,12,12,12,0.031035,0.9259,0.8962
250000.00,250000.00,252040.86,12,12,12,12,12,0.031505,0.9208,0.9288
250000.00,250000.00,250747.68,11,11,11,11,11,0.031343,0.9762,0.9594
250000.00,250000.00,250911.71,11,11,11,11,11,0.031364,0.9704,0.9907
250000.00,250000.00,243141.65,11,11,11,11,11,0.030393,0.9376,0.9035
250000.00,250000.00,253385.54,11,11,11,11,11,0.031673,0.9889,0.9767
250000.00,250000.00,244636.54,11,11,11,11,11,0.030580,0.9011,0.9748
250000.00,250000.00,270236.97,11,11,11,11,11,0.033780,0.8443,0.7861
250000.00,250000.00,256122.59,11,11,11,11,11,0.032015,0.8401,0.7953
250000.00,250000.00,279237.75,11,11,11,11,11,0.034905,0.7176,0.8312
250000.00,250000.00,249119.76,10,10,10,10,10,0.031140,0.9900,0.9640
250000.00,250000.00,243931.53,10,10,10,10,10,0.030491,0.9857,0.9667
250000.00,250000.00,252033.00,10,10,10,10,10,0.031504,0.9856,0.9837
250000.00,250000.00,252953.77,10,10,10,10,10,0.031619,0.9691,0.9664
250000.00,250000.00,248758.35,10,10,10,10,10,0.031095,0.9688,0.9716
250000.00,250000.00,251676.56,10,10,10,10,10,0.031460,0.9650,0.9698
250000.00,250000.00,250904.08,10,10,10,10,10,0.031363,0.9578,0.9831
250000.00,250000.00,256483.08,10,10,10,10,10,0.032060,0.9176,0.9633
250000.00,250000.00,243101.12,10,10,10,10,10,0.030388,0.8814,0.9500
250000.00,250000.00,253128.77,10,10,10,10,10,0.031641,0.7165,0.9375
250000.00,250000.00,250267.03,10,10,10,10,10,0.031283,0.9785,0.9664
250000.00,250000.00,248598.10,10,10,10,10,10,0.031075,0.9680,0.9810
250000.00,250000.00,253837.59,10,10,10,10,10,0.031730,0.9631,0.9519
250000.00,250000.00,249396.32,10,10,10,10,10,0.031175,0.9630,0.9817
250000.00,250000.00,253753.66,10,10,10,10,10,0.031719,0.9264,0.9418
250000.00,250000.00,276759.15,12,12,12,12,12,0.034595,0.9352,0.8375
250000.00,250000.00,260196.45,12,12,12,12,12,0.032525,0.9191,0.9023
250000.00,250000.00,253486.63,12,12,12,12,12,0.031686,0.9075,0.9004
250000.00,250000.00,255120.04,12,12,12,12,12,0.031890,0.8225,0.5565
250000.00,250000.00,279504.78,12,12,12,12,12,0.034938,0.9627,0.8443
250000.00,250000.00,245074.27,12,12,12,12,12,0.030634,0.9412,0.9187
250000.00,250000.00,276910.78,12,12,12,12,12,0.034614,0.9313,0.8484
250000.00,250000.00,248744.19,12,12,12,12,12,0.031093,0.9123,0.9944
250000.00,250000.00,253350.79,11,11,11,11,11,0.031669,0.8653,0.9120
250000.00,250000.00,254552.36,11,11,11,11,11,0.031819,0.8341,0.9211
250000.00,250000.00,248418.81,11,11,11,11,11,0.031052,0.7815,0.9899
250000.00,250000.00,256635.67,12,12,12,12,12,0.032079,0.7797,0.8760
250000.00,250000.00,251844.41,11,11,11,11,11,0.031481,0.9826,0.9733
250000.00,250000.00,249419.21,12,12,12,12,12,0.031177,0.9695,0.9702
250000.00,250000.00,250324.25,11,11,11,11,11,0.031291,0.9695,0.9726
250000.00,250000.00,248331.55,12,12,12,12,12,0.031041,0.9612,0.9634
250000.00,250000.00,242660.52,12,12,12,12,12,0.030333,0.9604,0.9674
250000.00,250000.00,255516.05,11,11,11,11,11,0.031940,0.9583,0.9142
250000.00,250000.00,256457.33,11,11,11,11,11,0.032057,0.9526,0.9624
250000.00,250000.00,241221.43,11,11,11,11,11,0.030153,0.9447,0.9253
250000.00,250000.00,239925.38,12,12,12,12,12,0.029991,0.9320,0.9579
250000.00,250000.00,258950.00,11,11,11,11,11,0.032369,0.9183,0.9119
250000.00,250000.00,240637.78,12,12,12,12,12,0.030080,0.8916,0.8868
250000.00,250000.00,249683.38,12,12,12,12,12,0.031210,0.8829,0.9773
250000.00,250000.00,271878.36,11,11,11,11,11,0.033985,0.7590,0.7948
250000.00,250000.00,253549.58,11,11,11,11,11,0.031694,0.9423,0.9255
250000.00,250000.00,256079.67,12,12,12,12,12,0.032010,0.9357,0.8555
250000.00,250000.00,251619.34,12,12,12,12,12,0.031452,0.9124,0.9072
250000.00,250000.00,241610.53,12,12,12,12,12,0.030201,0.8864,0.9061
250000.00,250000.00,240261.08,12,12,12,12,12,0.030033,0.8648,0.8960
250000.00,250000.00,285544.40,12,12,12,12,12,0.035693,0.8211,0.7664
250000.00,250000.00,251923.08,12,12,12,12,12,0.031490,0.9569,0.9835
250000.00,250000.00,250243.66,12,12,12,12,12,0.031280,0.9520,0.9460
250000.00,250000.00,259641.65,12,12,12,12,12,0.032455,0.9432,0.9048
250000.00,250000.00,253545.76,12,12,12,12,12,0.031693,0.9333,0.9214
250000.00,250000.00,259676.22,12,12,12,12,12,0.032460,0.9332,0.9050
250000.00,250000.00,248317.72,12,12,12,12,12,0.031040,0.8475,0.9277
250000.00,250000.00,251799.58,12,12,12,12,12,0.031475,0.8179,0.9163
250000.00,250000.00,253916.62,12,12,12,12,12,0.031740,0.9753,0.9732
250000.00,250000.00,250460.74,12,12,12,12,12,0.031308,0.9517,0.9179
250000.00,250000.00,250006.68,12,12,12,12,12,0.031251,0.8934,0.9379
250000.00,250000.00,251465.80,12,12,12,12,12,0.031433,0.9726,0.9318
250000.00,250000.00,254164.70,12,12,12,12,12,0.031771,0.9222,0.9011
250000.00,250000.00,288558.96,12,12,12,12,12,0.036070,0.8407,0.7771
250000.00,250000.00,248929.98,12,12,12,12,12,0.031116,0.9642,0.9739
250000.00,250000.00,251755.71,12,12,12,12,12,0.031469,0.9425,0.9735
250000.00,250000.00,246820.45,12,12,12,12,12,0.030853,0.9253,0.9258
250000.00,250000.00,265652.66,12,12,12,12,12,0.033207,0.8950,0.8854
250000.00,250000.00,247449.64,12,12,12,12,12,0.030931,0.9621,0.9882
250000.00,250000.00,254624.55,12,12,12,12,12,0.031828,0.9323,0.9743
250000.00,250000.00,251423.84,12,12,12,12,12,0.031428,0.9035,0.9237
250000.00,250000.00,251831.05,12,12,12,12,12,0.031479,0.8814,0.9061
250000.00,250000.00,251442.91,12,12,12,12,12,0.031430,0.9425,0.8873
250000.00,250000.00,272830.96,12,12,12,12,12,0.034104,0.9334,0.8633
250000.00,250000.00,250863.08,12,12,12,12,12,0.031358,0.9297,0.9196
250000.00,250000.00,250103.00,12,12,12,12,12,0.031263,0.9077,0.8795
250000.00,250000.00,262376.79,12,12,12,12,12,0.032797,0.8875,0.8794
250000.00,250000.00,245661.85,12,12,12,12,12,0.030708,0.9199,0.8572
250000.00,250000.00,260631.56,12,12,12,12,12,0.032579,0.8574,0.9015
250000.00,250000.00,263236.05,12,12,12,12,12,0.032905,0.8029,0.8928
250000.00,250000.00,245124.82,12,12,12,12,12,0.030641,0.7725,0.9594
250000.00,250000.00,257962.23,12,12,12,12,12,0.032245,0.9545,0.9023
250000.00,250000.00,253511.43,12,12,12,12,12,0.031689,0.9525,0.9839
250000.00,250000.00,244400.02,12,12,12,12,12,0.030550,0.9172,0.9161
250000.00,250000.00,247507.10,12,12,12,12,12,0.030938,0.8508,0.8699
250000.00,250000.00,250786.78,12,12,12,12,12,0.031348,0.7624,0.6947
250000.00,250000.00,254745.01,12,12,12,12,12,0.031843,0.9708,0.9081
250000.00,250000.00,249784.95,12,12,12,12,12,0.031223,0.9652,0.9164
250000.00,250000.00,251451.49,12,12,12,12,12,0.031431,0.9555,0.8893
250000.00,250000.00,279921.50,12,12,12,12,12,0.034990,0.9507,0.8434
250000.00,250000.00,264785.77,12,12,12,12,12,0.033098,0.9446,0.8885
250000.00,250000.00,251486.30,12,12,12,12,12,0.031436,0.9418,0.9413
250000.00,250000.00,245489.95,12,12,12,12,12,0.030686,0.9312,0.9770
250000.00,250000.00,254440.31,12,12,12,12,12,0.031805,0.9229,0.9105
250000.00,250000.00,257919.31,12,12,12,12,12,0.032240,0.8702,0.9107
250000.00,250000.00,256314.75,12,12,12,12,12,0.032039,0.7382,0.9002
250000.00,250000.00,247474.67,12,12,12,12,12,0.030934,0.9676,0.9878
250000.00,250000.00,248239.52,12,12,12,12,12,0.031030,0.9530,0.9222
250000.00,250000.00,252752.30,12,12,12,12,12,0.031594,0.9430,0.9175
250000.00,250000.00,251966.00,12,12,12,12,12,0.031496,0.9283,0.8814
250000.00,250000.00,248054.50,11,11,11,11,11,0.031007,0.9819,0.9557
250000.00,250000.00,246300.28,11,11,11,11,11,0.030788,0.9766,0.9816
250000.00,250000.00,248310.09,11,11,11,11,11,0.031039,0.9691,0.9811
250000.00,250000.00,251732.35,11,11,11,11,11,0.031467,0.9556,0.9165
250000.00,250000.00,248835.56,11,11,11,11,11,0.031104,0.9020,0.8813
250000.00,250000.00,273537.64,11,11,11,11,11,0.034192,0.8669,0.8204
250000.00,250000.00,251167.30,11,11,11,11,11,0.031396,0.9704,0.9800
250000.00,250000.00,249908.45,11,11,11,11,11,0.031239,0.9663,0.9888
250000.00,250000.00,262882.47,11,11,11,11,11,0.032860,0.8624,0.8946
250000.00,250000.00,249156.95,11,11,11,11,11,0.031145,0.7960,0.9364
250000.00,250000.00,245951.18,11,11,11,11,11,0.030744,0.7126,0.9790
250000.00,250000.00,241076.95,11,11,11,11,11,0.030135,0.9761,0.9176
250000.00,250000.00,247243.88,11,11,11,11,11,0.030905,0.9651,0.9877
250000.00,250000.00,249895.10,11,11,11,11,11,0.031237,0.9646,0.9205
250000.00,250000.00,256234.65,11,11,11,11,11,0.032029,0.9583,0.8976
250000.00,250000.00,249402.52,11,11,11,11,11,0.031175,0.9563,0.9771
250000.00,250000.00,286370.75,11,11,11,11,11,0.035796,0.9480,0.8657
250000.00,250000.00,254362.11,11,11,11,11,11,0.031795,0.9099,0.5494
250000.00,250000.00,260681.15,11,11,11,11,11,0.032585,0.9063,0.9019
250000.00,250000.00,249932.77,11,11,11,11,11,0.031242,0.7612,0.8351
250000.00,250000.00,248000.62,11,11,11,11,11,0.031000,0.9736,0.9874
250000.00,250000.00,247974.40,11,11,11,11,11,0.030997,0.9584,0.9552
250000.00,250000.00,244997.98,11,11,11,11,11,0.030625,0.9471,0.9186
250000.00,250000.00,248260.50,11,11,11,11,11,0.031033,0.9335,0.9649
250000.00,250000.00,240736.90,10,10,10,10,10,0.030092,0.9568,0.9598
250000.00,250000.00,238616.47,10,10,10,10,10,0.029827,0.9454,0.9475
250000.00,250000.00,247446.06,10,10,10,10,10,0.030931,0.8859,0.9737
250000.00,250000.00,244082.45,10,10,10,10,10,0.030510,0.9573,0.9623
250000.00,250000.00,251704.69,10,10,10,10,10,0.031463,0.9530,0.9648
250000.00,250000.00,259650.47,10,10,10,10,10,0.032456,0.9459,0.9228
250000.00,250000.00,249971.39,10,10,10,10,10,0.031246,0.9332,0.9643
250000.00,250000.00,233428.96,10,10,10,10,10,0.029179,0.9332,0.9151
250000.00,250000.00,248509.41,10,10,10,10,10,0.031064,0.9259,0.9856
250000.00,250000.00,255251.88,12,12,12,12,12,0.031906,0.9680,0.8976
250000.00,250000.00,248788.54,12,12,12,12,12,0.031099,0.9256,0.9239
250000.00,250000.00,262382.51,12,12,12,12,12,0.032798,0.8197,0.9468
250000.00,250000.00,299115.18,12,12,13,12,13,0.037389,0.7599,0.7911
250000.00,250000.00,249451.64,10,10,10,10,10,0.031181,0.9797,0.9781
250000.00,250000.00,244731.80,10,10,10,10,10,0.030591,0.9613,0.9731
250000.00,250000.00,246896.74,10,10,10,10,10,0.030862,0.9365,0.9756
250000.00,250000.00,254302.98,10,10,10,10,10,0.031788,0.9563,0.9671
250000.00,250000.00,255799.29,10,10,10,10,10,0.031975,0.9755,0.9178
250000.00,250000.00,249133.59,10,10,10,10,10,0.031142,0.9719,0.8842
250000.00,250000.00,245489.12,10,10,10,10,10,0.030686,0.9694,0.9788
250000.00,250000.00,253348.83,10,10,10,10,10,0.031669,0.9513,0.9769
250000.00,250000.00,251535.42,10,10,10,10,10,0.031442,0.9511,0.9862
250000.00,250000.00,247870.45,10,10,10,10,10,0.030984,0.9470,0.9744
250000.00,250000.00,252248.76,10,10,10,10,10,0.031531,0.9351,0.9637
250000.00,250000.00,249315.26,10,10,10,10,10,0.031164,0.9106,0.9604
250000.00,250000.00,246109.01,10,10,10,10,10,0.030764,0.9151,0.9793
250000.00,250000.00,254194.14,10,10,10,10,10,0.031774,0.8995,0.9782
250000.00,250000.00,240324.02,10,10,10,10,10,0.030041,0.8735,0.9467
250000.00,250000.00,252202.99,12,12,12,12,12,0.031525,0.9821,0.9765
250000.00,250000.00,258979.80,12,12,12,12,12,0.032372,0.9687,0.9620
250000.00,250000.00,251119.38,12,12,12,12,12,0.031390,0.9540,0.9674
250000.00,250000.00,252061.84,12,12,12,12,12,0.031508,0.9515,0.9257
250000.00,250000.00,251107.22,12,12,12,12,12,0.031388,0.9080,0.9770
250000.00,250000.00,274355.89,12,12,12,12,12,0.034294,0.8441,0.8948
250000.00,250000.00,247564.49,11,11,11,11,11,0.030946,0.9743,0.9597
250000.00,250000.00,250081.54,11,11,11,11,11,0.031260,0.9647,0.9868
250000.00,250000.00,262165.07,11,11,11,11,11,0.032771,0.9506,0.8549
250000.00,250000.00,252527.24,11,11,11,11,11,0.031566,0.9421,0.9286
250000.00,250000.00,251794.82,11,11,11,11,11,0.031474,0.8700,0.9096
250000.00,250000.00,250724.79,11,11,11,11,11,0.031341,0.8469,0.9161
250000.00,250000.00,257086.75,12,12,12,12,12,0.032136,0.9469,0.9456
250000.00,250000.00,268865.59,12,12,12,12,12,0.033608,0.9383,0.8759
250000.00,250000.00,250150.68,12,12,12,12,12,0.031269,0.9369,0.9173
250000.00,250000.00,264116.29,12,12,12,12,12,0.033015,0.9225,0.8903
250000.00,250000.00,250875.00,12,12,12,12,12,0.031359,0.9149,0.9033
250000.00,250000.00,293650.75,12,12,12,12,12,0.036706,0.9120,0.8032
250000.00,250000.00,257094.38,12,12,12,12,12,0.032137,0.9043,0.9564
250000.00,250000.00,262146.95,12,12,12,12,12,0.032768,0.8941,0.8965
250000.00,250000.00,252681.73,12,12,12,12,12,0.031585,0.8506,0.8873
250000.00,250000.00,285830.97,12,12,12,12,12,0.035729,0.7532,0.7636
250000.00,250000.00,250219.35,12,12,12,12,12,0.031277,0.7148,0.8997
250000.00,250000.00,240825.18,12,12,12,12,12,0.030103,0.9662,0.9027
250000.00,250000.00,248711.11,12,12,12,12,12,0.031089,0.9386,0.9708
250000.00,250000.00,247120.86,12,12,12,12,12,0.030890,0.9030,0.9221
250000.00,250000.00,232571.84,12,12,12,12,12,0.029071,0.8877,0.8717
250000.00,250000.00,251993.18,12,12,12,12,12,0.031499,0.9556,0.9544
250000.00,250000.00,249242.78,12,12,12,12,12,0.031155,0.9556,0.8952
250000.00,250000.00,255563.74,12,12,12,12,12,0.031945,0.9519,0.9776
250000.00,250000.00,249241.96,12,12,12,12,12,0.031155,0.9426,0.9935
250000.00,250000.00,252450.94,12,12,12,12,12,0.031556,0.9280,0.9005
250000.00,250000.00,252949.71,12,12,12,12,12,0.031619,0.9253,0.9240
250000.00,250000.00,250371.93,11,11,11,11,11,0.031296,0.9667,0.9779
250000.00,250000.00,251462.94,11,11,11,11,11,0.031433,0.9660,0.9911
250000.00,250000.00,249755.50,11,11,11,11,11,0.031219,0.9586,0.9902
250000.00,250000.00,251379.01,11,11,11,11,11,0.031422,0.9490,0.9182
250000.00,250000.00,251739.50,11,11,11,11,11,0.031467,0.9233,0.9289
250000.00,250000.00,262663.84,11,11,11,11,11,0.032833,0.9758,0.9466
250000.00,250000.00,253581.52,11,11,11,11,11,0.031698,0.9733,0.8023
250000.00,250000.00,249542.24,11,11,11,11,11,0.031193,0.9653,0.9429
250000.00,250000.00,252991.68,11,11,11,11,11,0.031624,0.9639,0.9310
250000.00,250000.00,248441.70,11,11,11,11,11,0.031055,0.9611,0.9063
250000.00,250000.00,246580.12,11,11,11,11,11,0.030823,0.9588,0.9834
250000.00,250000.00,263813.50,11,11,11,11,11,0.032977,0.9529,0.9233
250000.00,250000.00,245713.71,11,11,11,11,11,0.030714,0.9215,0.9209
250000.00,250000.00,245153.43,10,10,10,10,10,0.030644,0.9709,0.9790
250000.00,250000.00,252498.63,10,10,10,10,10,0.031562,0.9657,0.9818
250000.00,250000.00,254252.43,10,10,10,10,10,0.031782,0.9570,0.9404
250000.00,250000.00,254604.34,10,10,10,10,10,0.031826,0.9464,0.9577
250000.00,250000.00,254182.82,10,10,10,10,10,0.031773,0.9668,0.9139
250000.00,250000.00,255585.43,10,10,10,10,10,0.031948,0.9660,0.9682
250000.00,250000.00,250294.69,10,10,10,10,10,0.031287,0.9637,0.9770
250000.00,250000.00,252676.01,10,10,10,10,10,0.031585,0.9476,0.9472
250000.00,250000.00,281256.68,10,10,10,10,10,0.035157,0.9400,0.8800
250000.00,250000.00,295040.13,10,10,10,10,10,0.036880,0.7171,0.7991
250000.00,250000.00,249233.25,12,12,12,12,12,0.031154,0.9610,0.9464
250000.00,250000.00,246446.61,12,12,12,12,12,0.030806,0.9322,0.9208
250000.00,250000.00,258184.55,12,12,12,12,12,0.032273,0.9794,0.9101
250000.00,250000.00,246988.30,12,12,12,12,12,0.030874,0.9583,0.9262
250000.00,250000.00,249667.17,12,12,12,12,12,0.031208,0.9483,0.9328
250000.00,250000.00,250749.59,12,12,12,12,12,0.031344,0.9267,0.9162
250000.00,250000.00,258197.78,12,12,12,12,12,0.032275,0.9206,0.8947
250000.00,250000.00,251456.98,12,12,12,12,12,0.031432,0.9174,0.9116
250000.00,250000.00,252453.80,12,12,12,12,12,0.031557,0.9165,0.8992
250000.00,250000.00,282990.46,12,12,12,12,12,0.035374,0.8577,0.8137
250000.00,250000.00,251077.65,10,10,10,10,10,0.031385,0.9735,0.9882
250000.00,250000.00,251415.25,10,10,10,10,10,0.031427,0.9697,0.9880
250000.00,250000.00,250121.12,10,10,10,10,10,0.031265,0.9626,0.9918
250000.00,250000.00,255035.88,10,10,10,10,10,0.031879,0.9325,0.9198
250000.00,250000.00,268114.09,10,10,10,10,10,0.033514,0.8869,0.9224
500000.00,500000.00,507673.26,11,11,11,11,11,0.063459,0.9492,0.9758
500000.00,500000.00,501352.31,12,12,12,12,12,0.062669,0.9710,0.9792
500000.00,500000.00,499954.22,12,12,12,12,12,0.062494,0.9702,0.9859
500000.00,500000.00,522163.15,11,11,11,11,11,0.065270,0.9492,0.9539
500000.00,500000.00,495574.95,12,12,12,12,12,0.061947,0.9747,0.9811
500000.00,500000.00,495711.33,12,12,12,12,12,0.061964,0.9706,0.9868
500000.00,500000.00,501802.44,11,11,11,11,11,0.062725,0.9634,0.9917
500000.00,500000.00,487267.02,12,12,12,12,12,0.060908,0.9624,0.9505
500000.00,500000.00,494138.24,11,11,11,11,11,0.061767,0.9847,0.9779
500000.00,500000.00,499324.80,11,11,11,11,11,0.062416,0.9746,0.9840
500000.00,500000.00,487442.02,12,12,12,12,12,0.060930,0.9517,0.9326
500000.00,500000.00,465355.37,12,12,12,12,12,0.058169,0.9764,0.9538
500000.00,500000.00,498447.42,11,11,11,11,11,0.062306,0.9404,0.9711
500000.00,500000.00,485596.66,12,12,12,12,12,0.060700,0.9184,0.9703
500000.00,500000.00,504198.07,11,11,11,11,11,0.063025,0.9524,0.9404
500000.00,500000.00,502482.41,11,11,11,11,11,0.062810,0.9324,0.9813
500000.00,500000.00,512308.12,11,11,11,11,11,0.064039,0.9388,0.9565
500000.00,500000.00,499392.99,12,12,12,12,12,0.062424,0.9704,0.9291
500000.00,500000.00,494203.57,12,12,12,12,12,0.061775,0.9680,0.9723
500000.00,375000.00,447782.52,11,10,11,10,11,0.055973,0.9171,0.8598
500000.00,375000.00,497947.69,11,10,11,10,11,0.062243,0.7972,0.9774
500000.00,500000.00,498832.70,12,12,12,12,12,0.062354,0.9752,0.9883
500000.00,500000.00,505501.57,11,11,11,11,11,0.063188,0.9706,0.9727
500000.00,500000.00,501037.60,12,12,12,12,12,0.062630,0.9790,0.9845
500000.00,500000.00,506916.05,11,11,11,11,11,0.063365,0.7790,0.9628
500000.00,500000.00,498847.96,11,11,11,11,11,0.062356,0.9773,0.9877
500000.00,500000.00,497748.85,11,11,11,11,11,0.062219,0.9465,0.9779
500000.00,500000.00,525361.06,11,11,11,11,11,0.065670,0.8862,0.8776
500000.00,500000.00,521982.19,11,11,11,11,11,0.065248,0.9715,0.9549
500000.00,500000.00,339893.28,11,11,11,10,10,0.042487,0.9383,0.8328
500000.00,500000.00,506224.16,12,12,12,12,12,0.063278,0.9544,0.9824
500000.00,500000.00,519662.86,12,12,12,12,12,0.064958,0.9483,0.9560
500000.00,500000.00,509305.95,11,11,11,11,11,0.063663,0.9688,0.9759
500000.00,500000.00,500089.88,12,12,12,12,12,0.062511,0.9432,0.9745
500000.00,500000.00,499244.69,11,11,11,11,11,0.062406,0.9157,0.9633
500000.00,500000.00,507901.19,12,12,12,12,12,0.063488,0.9404,0.9109
500000.00,500000.00,501260.76,11,11,11,11,11,0.062658,0.9825,0.9832
500000.00,500000.00,503427.51,12,12,12,12,12,0.062928,0.9487,0.9875
500000.00,500000.00,519251.82,11,11,11,11,11,0.064906,0.7584,0.9430
500000.00,500000.00,497922.90,12,12,12,12,12,0.062240,0.9514,0.9848
500000.00,375000.00,460656.17,11,10,11,10,11,0.057582,0.9102,0.8620
500000.00,375000.00,503020.76,11,10,11,10,11,0.062878,0.8885,0.9651
500000.00,500000.00,503164.29,11,11,11,11,11,0.062896,0.8989,0.9581
500000.00,375000.00,494705.20,11,10,11,10,11,0.061838,0.8893,0.9825
500000.00,375000.00,493505.00,12,11,12,11,12,0.061688,0.7878,0.9618
500000.00,500000.00,502611.16,11,11,11,11,11,0.062826,0.9746,0.9852
500000.00,500000.00,502712.25,12,12,12,12,12,0.062839,0.9691,0.9925
500000.00,500000.00,444844.84,12,12,12,12,12,0.055606,0.9503,0.9600
500000.00,500000.00,502096.18,11,11,11,11,11,0.062762,0.9645,0.9493
500000.00,500000.00,502733.23,11,11,11,11,11,0.062842,0.9026,0.9798
500000.00,500000.00,501434.33,11,11,11,11,11,0.062679,0.9490,0.9728
500000.00,500000.00,580169.68,11,11,11,11,11,0.072521,0.8453,0.8419
500000.00,500000.00,502239.23,12,12,12,12,12,0.062780,0.8690,0.7513
500000.00,500000.00,495357.51,12,12,12,12,12,0.061920,0.7981,0.9573
500000.00,500000.00,506015.78,12,12,12,12,12,0.063252,0.7910,0.9620
500000.00,500000.00,564930.92,12,12,12,12,12,0.070616,0.7621,0.8659
500000.00,500000.00,478500.37,12,12,12,12,12,0.059813,0.7436,0.5289
500000.00,500000.00,493868.83,12,12,12,12,12,0.061734,0.9702,0.9731
500000.00,500000.00,504564.29,12,12,12,12,12,0.063071,0.9597,0.9845
500000.00,500000.00,508773.80,12,12,12,12,12,0.063597,0.9474,0.9748
500000.00,500000.00,463665.25,11,11,11,11,11,0.057958,0.9205,0.9142
500000.00,500000.00,497082.71,12,12,12,12,12,0.062135,0.9710,0.9911
500000.00,500000.00,499473.09,12,12,12,12,12,0.062434,0.9480,0.9826
500000.00,375000.00,469655.99,11,10,11,10,11,0.058707,0.7476,0.9376
500000.00,500000.00,506286.62,11,11,11,11,11,0.063286,0.9590,0.9720
500000.00,500000.00,511377.33,12,12,12,12,12,0.063922,0.9574,0.9433
500000.00,500000.00,506127.36,12,12,12,12,12,0.063266,0.9500,0.9194
500000.00,500000.00,504108.43,11,11,11,11,11,0.063014,0.9881,0.9888
500000.00,500000.00,507116.26,12,12,12,12,12,0.063390,0.9697,0.9852
500000.00,500000.00,507193.80,11,11,11,11,11,0.063399,0.9671,0.9543
500000.00,500000.00,453899.38,12,12,12,12,12,0.056737,0.9391,0.9030
500000.00,500000.00,496255.87,11,11,11,11,11,0.062032,0.9071,0.9767
500000.00,500000.00,502731.20,12,12,12,12,12,0.062841,0.9734,0.9753
500000.00,500000.00,500591.28,12,12,12,12,12,0.062574,0.9587,0.9791
500000.00,500000.00,526905.06,11,11,11,11,11,0.065863,0.9512,0.9389
500000.00,500000.00,513786.44,11,11,11,11,11,0.064223,0.9123,0.9643
500000.00,500000.00,504008.05,11,11,11,11,11,0.063001,0.9662,0.9766
500000.00,500000.00,514809.61,12,12,12,12,12,0.064351,0.7386,0.9563
500000.00,500000.00,507005.69,11,11,11,11,11,0.063376,0.9775,0.9772
500000.00,500000.00,511668.15,11,11,11,11,11,0.063959,0.9740,0.9767
500000.00,500000.00,505187.03,12,12,12,12,12,0.063148,0.9673,0.8926
500000.00,500000.00,509265.42,12,12,12,12,12,0.063658,0.9449,0.9564
500000.00,500000.00,496448.40,11,11,11,11,11,0.062056,0.9781,0.9925
500000.00,500000.00,506833.55,12,12,12,12,12,0.063354,0.9755,0.9823
500000.00,500000.00,516038.89,12,12,12,12,12,0.064505,0.9578,0.9657
500000.00,500000.00,504125.60,11,11,11,11,11,0.063016,0.9823,0.9743
500000.00,500000.00,504349.71,11,11,11,11,11,0.063044,0.9762,0.9853
500000.00,500000.00,513308.53,12,12,12,12,12,0.064164,0.9543,0.9717
500000.00,500000.00,502923.97,12,12,12,12,12,0.062865,0.9741,0.9759
500000.00,500000.00,505511.52,12,12,12,12,12,0.063189,0.9679,0.9870
500000.00,500000.00,502421.38,11,11,11,11,11,0.062803,0.9857,0.9810
500000.00,500000.00,504644.39,11,11,11,11,11,0.063081,0.9799,0.9800
500000.00,500000.00,504979.61,11,11,11,11,11,0.063122,0.9777,0.9853
500000.00,500000.00,499939.86,12,12,12,12,12,0.062492,0.9776,0.9894
500000.00,500000.00,498672.49,11,11,11,11,11,0.062334,0.9756,0.9917
500000.00,500000.00,551447.39,12,12,12,12,12,0.068931,0.9579,0.8553
500000.00,500000.00,500280.38,11,11,11,11,11,0.062535,0.9789,0.9781
500000.00,500000.00,498153.69,12,12,12,12,12,0.062269,0.9762,0.9911
500000.00,500000.00,507270.57,11,11,11,11,11,0.063409,0.9754,0.9817
500000.00,500000.00,503188.13,11,11,11,11,11,0.062899,0.9631,0.9745
500000.00,500000.00,514515.88,12,12,12,12,12,0.064314,0.9589,0.9467
500000.00,500000.00,504654.88,12,12,12,12,12,0.063082,0.9575,0.9783
500000.00,500000.00,495761.39,11,11,11,11,11,0.061970,0.9317,0.9798
500000.00,500000.00,506555.56,12,12,12,12,12,0.063319,0.9779,0.9732
500000.00,500000.00,501556.40,12,12,12,12,12,0.062695,0.9609,0.9925
500000.00,500000.00,273215.23,12,12,12,10,10,0.034152,0.8390,0.8912
500000.00,500000.00,503971.10,12,12,12,12,12,0.062996,0.9477,0.9816
500000.00,500000.00,503951.07,11,11,11,11,11,0.062994,0.9344,0.9683
500000.00,500000.00,498184.20,12,12,12,12,12,0.062273,0.9634,0.9769
500000.00,500000.00,504621.03,12,12,12,12,12,0.063078,0.9371,0.7222
500000.00,500000.00,482335.09,12,12,12,12,12,0.060292,0.8960,0.9545
500000.00,500000.00,492561.34,11,11,11,11,11,0.061570,0.8284,0.8934
500000.00,725000.00,431519.00,11,12,12,11,11,0.053940,0.8048,0.9451
500000.00,500000.00,490221.38,11,11,11,11,11,0.061278,0.7259,0.9354
500000.00,500000.00,491514.21,12,12,12,12,12,0.061439,0.9704,0.9640
500000.00,500000.00,504549.03,12,12,12,12,12,0.063069,0.9689,0.9560
500000.00,375000.00,494942.67,11,10,11,10,11,0.061868,0.9620,0.9703
500000.00,500000.00,493584.63,12,12,12,12,12,0.061698,0.9426,0.9833
500000.00,375000.00,497036.93,11,10,11,10,11,0.062130,0.9372,0.9727
500000.00,500000.00,501888.28,12,12,12,12,12,0.062736,0.9358,0.9795
500000.00,375000.00,498824.12,12,11,12,11,12,0.062353,0.7140,0.9842
500000.00,500000.00,503302.81,12,12,12,12,12,0.062913,0.9686,0.9888
500000.00,500000.00,505511.34,11,11,11,11,11,0.063189,0.9642,0.8252
500000.00,500000.00,511343.00,12,12,12,12,12,0.063918,0.9605,0.9393
500000.00,500000.00,529305.93,11,11,11,11,11,0.066163,0.7684,0.9259
500000.00,500000.00,497325.66,12,12,12,12,12,0.062166,0.9623,0.9850
500000.00,500000.00,515996.93,12,12,12,12,12,0.064500,0.9604,0.9484
500000.00,500000.00,502467.63,11,11,11,11,11,0.062808,0.9764,0.9899
500000.00,500000.00,504842.76,12,12,12,12,12,0.063105,0.9724,0.9861
500000.00,500000.00,497521.88,12,12,12,12,12,0.062190,0.9385,0.9691
500000.00,500000.00,384989.68,12,12,12,11,11,0.048124,0.9347,0.8961
500000.00,500000.00,397410.57,12,12,12,11,11,0.049676,0.8200,0.8767
500000.00,500000.00,451448.44,11,11,11,11,11,0.056431,0.7089,0.8836
500000.00,500000.00,509035.11,11,11,11,11,11,0.063629,0.9778,0.9675
500000.00,500000.00,501823.43,12,12,12,12,12,0.062728,0.9708,0.9773
500000.00,500000.00,498952.87,12,12,12,12,12,0.062369,0.9634,0.9752
500000.00,500000.00,501160.62,12,12,12,12,12,0.062645,0.9532,0.9862
500000.00,500000.00,506440.64,11,11,11,11,11,0.063305,0.9770,0.9818
500000.00,500000.00,503870.96,12,12,12,12,12,0.062984,0.9701,0.9815
500000.00,500000.00,502955.44,12,12,12,12,12,0.062869,0.9527,0.9147
500000.00,500000.00,496622.80,12,12,12,12,12,0.062078,0.9145,0.9706
500000.00,500000.00,163139.79,11,11,11,8,8,0.020392,0.8708,0.8685
500000.00,500000.00,504943.13,11,11,11,11,11,0.063118,0.9190,0.8721
500000.00,500000.00,501911.16,11,11,11,11,11,0.062739,0.9765,0.9943
500000.00,500000.00,497715.00,11,11,11,11,11,0.062214,0.9739,0.9845
500000.00,500000.00,508145.09,12,12,12,12,12,0.063518,0.9522,0.9819
500000.00,500000.00,507256.51,11,11,11,11,11,0.063407,0.9757,0.9817
500000.00,500000.00,502267.84,12,12,12,12,12,0.062783,0.9567,0.9837
500000.00,500000.00,512626.65,11,11,11,11,11,0.064078,0.9194,0.9751
500000.00,500000.00,512607.57,11,11,11,11,11,0.064076,0.9154,0.9696
500000.00,500000.00,499566.56,11,11,11,11,11,0.062446,0.8401,0.9185
500000.00,500000.00,501285.55,11,11,11,11,11,0.062661,0.9784,0.9942
500000.00,500000.00,502482.41,11,11,11,11,11,0.062810,0.9671,0.9927
500000.00,500000.00,498146.06,12,12,12,12,12,0.062268,0.9284,0.9222
500000.00,500000.00,507462.50,12,12,12,12,12,0.063433,0.9198,0.9823
500000.00,500000.00,506683.35,11,11,11,11,11,0.063335,0.7409,0.9742
500000.00,500000.00,506847.38,12,12,12,12,12,0.063356,0.9731,0.9829
500000.00,500000.00,500539.06,12,12,12,12,12,0.062567,0.9705,0.9785
500000.00,500000.00,498831.75,12,12,12,12,12,0.062354,0.9643,0.9695
500000.00,500000.00,510347.37,11,11,11,11,11,0.063793,0.9569,0.9757
500000.00,500000.00,513386.73,11,11,11,11,11,0.064173,0.8870,0.9585
500000.00,500000.00,498905.18,12,12,12,12,12,0.062363,0.9807,0.9852
500000.00,500000.00,503967.29,11,11,11,11,11,0.062996,0.9735,0.9767
500000.00,500000.00,524806.98,11,11,11,11,11,0.065601,0.8953,0.8771
500000.00,500000.00,506622.31,11,11,11,11,11,0.063328,0.9727,0.9752
500000.00,500000.00,494333.74,12,12,12,12,12,0.061792,0.9568,0.9784
500000.00,500000.00,503927.71,12,12,12,12,12,0.062991,0.9674,0.9894
500000.00,500000.00,489187.24,12,12,12,12,12,0.061148,0.9645,0.9730
500000.00,500000.00,509115.22,12,12,12,12,12,0.063639,0.9628,0.9609
500000.00,500000.00,363691.33,12,12,12,11,11,0.045461,0.8763,0.6806
500000.00,500000.00,487410.55,12,12,12,12,12,0.060926,0.9675,0.9639
500000.00,500000.00,418637.75,12,12,12,11,11,0.052330,0.9055,0.8342
500000.00,500000.00,510423.66,11,11,11,11,11,0.063803,0.9039,0.9596
500000.00,500000.00,485568.05,11,11,11,11,11,0.060696,0.9008,0.9078
500000.00,500000.00,502377.03,11,11,11,11,11,0.062797,0.9825,0.9928
500000.00,500000.00,505293.85,11,11,11,11,11,0.063162,0.9792,0.9753
500000.00,500000.00,502574.92,12,12,12,12,12,0.062822,0.9726,0.9871
500000.00,500000.00,503480.91,12,12,12,12,12,0.062935,0.9682,0.9746
500000.00,500000.00,498451.71,12,12,12,12,12,0.062306,0.9675,0.9685
500000.00,500000.00,504076.96,12,12,12,12,12,0.063010,0.9565,0.9819
500000.00,725000.00,234582.41,11,12,12,9,9,0.029323,0.8871,0.9013
500000.00,500000.00,500160.22,12,12,12,12,12,0.062520,0.9763,0.9939
500000.00,500000.00,502171.99,12,12,12,12,12,0.062771,0.9512,0.9243
500000.00,500000.00,554698.94,11,11,11,11,11,0.069337,0.8464,0.8968
500000.00,500000.00,507421.97,11,11,11,11,11,0.063428,0.9804,0.9790
500000.00,500000.00,506842.14,11,11,11,11,11,0.063355,0.9702,0.9716
500000.00,500000.00,367537.92,11,11,11,10,10,0.045942,0.9874,0.9190
500000.00,500000.00,486563.68,11,11,11,11,11,0.060820,0.9558,0.9686
500000.00,500000.00,498620.51,11,11,11,11,11,0.062328,0.8251,0.9932
500000.00,500000.00,503652.57,11,11,11,11,11,0.062957,0.9750,0.9824
500000.00,500000.00,500815.39,12,12,12,12,12,0.062602,0.9694,0.9901
500000.00,500000.00,503480.91,11,11,11,11,11,0.062935,0.9779,0.9893
500000.00,500000.00,503644.94,12,12,12,12,12,0.062956,0.9720,0.9828
500000.00,500000.00,507450.10,11,11,11,11,11,0.063431,0.9592,0.9513
500000.00,500000.00,500581.74,11,11,11,11,11,0.062573,0.9556,0.9621
500000.00,500000.00,507232.67,12,12,12,12,12,0.063404,0.7282,0.8159
500000.00,500000.00,503942.49,11,11,11,11,11,0.062993,0.9744,0.9872
500000.00,500000.00,500233.65,12,12,12,12,12,0.062529,0.9709,0.9845
500000.00,500000.00,499773.03,12,12,12,12,12,0.062472,0.9597,0.9785
500000.00,500000.00,424903.87,12,12,12,12,12,0.053113,0.7284,0.8201
500000.00,500000.00,472333.91,11,11,11,11,11,0.059042,0.9682,0.9398
500000.00,500000.00,498655.80,11,11,11,11,11,0.062332,0.9533,0.9754
500000.00,500000.00,510190.01,12,12,12,12,12,0.063774,0.9460,0.9752
500000.00,500000.00,526450.16,12,12,12,12,12,0.065806,0.9340,0.8844
500000.00,500000.00,501421.69,12,12,12,12,12,0.062678,0.9437,0.9905
500000.00,500000.00,537107.47,11,11,11,11,11,0.067138,0.7433,0.9037
500000.00,500000.00,501840.59,12,12,12,12,12,0.062730,0.9776,0.9652
500000.00,500000.00,500447.27,12,12,12,12,12,0.062556,0.9465,0.9967
500000.00,500000.00,491843.19,12,12,12,12,12,0.061480,0.9712,0.9765
500000.00,500000.00,288921.77,12,12,12,10,10,0.036115,0.8704,0.8461
500000.00,500000.00,497948.88,11,11,11,11,11,0.062244,0.8703,0.9874
500000.00,500000.00,508293.15,12,12,12,12,12,0.063537,0.9394,0.9679
500000.00,500000.00,503544.09,12,12,12,12,12,0.062943,0.8222,0.8986
500000.00,500000.00,504429.34,11,11,11,11,11,0.063054,0.9420,0.9657
500000.00,500000.00,502465.25,12,12,12,12,12,0.062808,0.9647,0.9774
500000.00,500000.00,498456.00,11,11,11,11,11,0.062307,0.9546,0.9494
500000.00,500000.00,505084.51,12,12,12,12,12,0.063136,0.9785,0.9808
500000.00,500000.00,496426.46,12,12,12,12,12,0.062053,0.9365,0.9669
500000.00,500000.00,502621.65,11,11,11,11,11,0.062828,0.8230,0.9809
500000.00,500000.00,505569.46,11,11,11,11,11,0.063196,0.9800,0.9813
500000.00,500000.00,499623.30,11,11,11,11,11,0.062453,0.9652,0.9904
500000.00,500000.00,500769.62,12,12,12,12,12,0.062596,0.9152,0.9366
500000.00,500000.00,515236.85,11,11,11,11,11,0.064405,0.8001,0.9629
500000.00,500000.00,179478.70,11,11,11,8,8,0.022435,0.7507,0.8603
500000.00,500000.00,503574.37,12,12,12,12,12,0.062947,0.9652,0.9761
500000.00,500000.00,450970.41,12,12,12,12,12,0.056371,0.9459,0.9586
500000.00,500000.00,504006.39,11,11,11,11,11,0.063001,0.9731,0.9856
500000.00,500000.00,498364.45,12,12,12,12,12,0.062296,0.9691,0.9856
500000.00,500000.00,506694.79,11,11,11,11,11,0.063337,0.9577,0.9847
500000.00,500000.00,495682.72,12,12,12,12,12,0.061960,0.9469,0.9840
500000.00,500000.00,504139.90,12,12,12,12,12,0.063017,0.9571,0.9847
500000.00,500000.00,512866.97,12,12,12,12,12,0.064108,0.9420,0.9685
500000.00,500000.00,502557.75,12,12,12,12,12,0.062820,0.9773,0.9837
500000.00,500000.00,503333.09,12,12,12,12,12,0.062917,0.9646,0.9906
500000.00,500000.00,511086.94,12,12,12,12,12,0.063886,0.9614,0.9783
500000.00,500000.00,493204.12,12,12,12,12,12,0.061651,0.9633,0.9803
500000.00,500000.00,516274.69,11,11,11,11,11,0.064534,0.9638,0.9683
500000.00,500000.00,503305.44,12,12,12,12,12,0.062913,0.9620,0.9904
500000.00,500000.00,497991.32,11,11,11,11,11,0.062249,0.9810,0.9851
500000.00,500000.00,506449.22,11,11,11,11,11,0.063306,0.9604,0.9859
500000.00,500000.00,503181.22,12,12,12,12,12,0.062898,0.9521,0.9759
500000.00,500000.00,514430.05,12,12,12,12,12,0.064304,0.9398,0.9547
500000.00,500000.00,485198.97,12,12,12,12,12,0.060650,0.8980,0.9531
500000.00,500000.00,509763.72,12,12,12,12,12,0.063720,0.9496,0.9759
500000.00,500000.00,502897.26,11,11,11,11,11,0.062862,0.9327,0.9673
500000.00,500000.00,503646.85,12,12,12,12,12,0.062956,0.8880,0.9815
500000.00,500000.00,534457.21,11,11,11,11,11,0.066807,0.7555,0.9132
500000.00,500000.00,500338.55,12,12,12,12,12,0.062542,0.9739,0.9870
500000.00,500000.00,520830.15,11,11,11,11,11,0.065104,0.9602,0.9548
500000.00,500000.00,498237.61,12,12,12,12,12,0.062280,0.9410,0.9814
500000.00,500000.00,532817.84,12,12,12,12,12,0.066602,0.9363,0.9085
500000.00,725000.00,360710.95,11,12,12,10,10,0.045089,0.9457,0.9384
500000.00,500000.00,537302.02,11,11,11,11,11,0.067163,0.9799,0.9279
500000.00,500000.00,507508.75,11,11,11,11,11,0.063439,0.9761,0.9757
500000.00,500000.00,271061.66,12,12,12,10,10,0.033883,0.8672,0.9094
500000.00,500000.00,501356.12,12,12,12,12,12,0.062670,0.9735,0.9888
500000.00,500000.00,510154.13,11,11,11,11,11,0.063769,0.9726,0.9746
500000.00,500000.00,494122.03,11,11,11,11,11,0.061765,0.9670,0.9685
500000.00,500000.00,502269.74,11,11,11,11,11,0.062784,0.9635,0.9915
500000.00,500000.00,505359.65,11,11,11,11,11,0.063170,0.9787,0.9841
500000.00,500000.00,499179.84,12,12,12,12,12,0.062397,0.9576,0.9754
500000.00,500000.00,457304.95,11,11,11,11,11,0.057163,0.9021,0.8745
500000.00,500000.00,513785.36,11,11,11,11,11,0.064223,0.9760,0.9418
500000.00,500000.00,497625.35,12,12,12,12,12,0.062203,0.9727,0.9845
500000.00,500000.00,498716.35,12,12,12,12,12,0.062340,0.9617,0.9884
500000.00,500000.00,503331.36,12,12,12,12,12,0.062916,0.7537,0.9785
500000.00,500000.00,496720.31,11,11,11,11,11,0.062090,0.9839,0.9744
500000.00,500000.00,501593.59,12,12,12,12,12,0.062699,0.9722,0.9794
500000.00,500000.00,501719.47,11,11,11,11,11,0.062715,0.9871,0.9875
500000.00,500000.00,504361.15,12,12,12,12,12,0.063045,0.9649,0.9818
500000.00,500000.00,501485.35,12,12,12,12,12,0.062686,0.9696,0.9824
500000.00,500000.00,521521.57,11,11,11,11,11,0.065190,0.9666,0.9376
500000.00,500000.00,508455.28,11,11,11,11,11,0.063557,0.8198,0.9590
500000.00,500000.00,508385.66,11,11,11,11,11,0.063548,0.9761,0.9776
500000.00,500000.00,504682.54,11,11,11,11,11,0.063085,0.9771,0.9881
500000.00,500000.00,487831.12,11,11,11,11,11,0.060979,0.9723,0.9632
500000.00,500000.00,502577.78,11,11,11,11,11,0.062822,0.9561,0.9931
500000.00,500000.00,503655.43,12,12,12,12,12,0.062957,0.8593,0.9393
500000.00,500000.00,432516.10,12,12,12,12,12,0.054065,0.8669,0.8094
500000.00,500000.00,494142.29,12,12,12,12,12,0.061768,0.8379,0.8754
500000.00,500000.00,496408.46,12,12,12,12,12,0.062051,0.9455,0.9224
500000.00,500000.00,517419.82,11,11,11,11,11,0.064677,0.9442,0.9528
500000.00,500000.00,550246.24,12,12,12,12,12,0.068781,0.9382,0.9039
500000.00,500000.00,474597.93,12,12,12,12,12,0.059325,0.8392,0.9246
500000.00,500000.00,488712.31,12,12,12,12,12,0.061089,0.8243,0.7887
500000.00,500000.00,503133.77,12,12,12,12,12,0.062892,0.7989,0.5289
500000.00,500000.00,499499.32,11,11,11,11,11,0.062437,0.9801,0.9979
500000.00,500000.00,520082.47,11,11,11,11,11,0.065010,0.9738,0.9389
500000.00,500000.00,493294.72,12,12,12,12,12,0.061662,0.9515,0.9813
500000.00,500000.00,509944.92,11,11,11,11,11,0.063743,0.9911,0.9505
500000.00,500000.00,511276.25,12,12,12,12,12,0.063910,0.9716,0.9545
500000.00,500000.00,490894.32,12,12,12,12,12,0.061362,0.9701,0.9760
500000.00,500000.00,499431.61,11,11,11,11,11,0.062429,0.9678,0.9806
500000.00,500000.00,529144.53,12,12,12,12,12,0.066143,0.9358,0.9207
500000.00,500000.00,505752.56,11,11,11,11,11,0.063219,0.9732,0.9838
500000.00,500000.00,509287.83,11,11,11,11,11,0.063661,0.9104,0.9211
500000.00,500000.00,505950.93,12,12,12,12,12,0.063244,0.9608,0.9454
500000.00,500000.00,521735.19,12,12,12,12,12,0.065217,0.9440,0.9353
500000.00,500000.00,506239.89,12,12,12,12,12,0.063280,0.9214,0.9241
500000.00,500000.00,508046.15,12,12,12,12,12,0.063506,0.9572,0.6920
500000.00,500000.00,502412.80,11,12,12,12,12,0.062802,0.9410,0.5138
500000.00,500000.00,515153.88,11,11,11,11,11,0.064394,0.8977,0.9668
500000.00,500000.00,503030.54,12,12,12,12,12,0.062879,0.9641,0.9845
500000.00,500000.00,194602.13,12,12,12,9,9,0.024325,0.8581,0.8949
500000.00,500000.00,498081.21,11,11,11,11,11,0.062260,0.9743,0.9895
500000.00,500000.00,504495.62,11,11,11,11,11,0.063062,0.9478,0.9849
500000.00,500000.00,498785.97,11,11,11,11,11,0.062348,0.9881,0.9834
500000.00,500000.00,503474.24,11,11,11,11,11,0.062934,0.9821,0.9803
500000.00,500000.00,498139.38,11,11,11,11,11,0.062267,0.9743,0.9869
500000.00,500000.00,485193.25,12,12,12,12,12,0.060649,0.9395,0.9670
500000.00,500000.00,435669.90,12,12,12,12,12,0.054459,0.9261,0.7960
500000.00,500000.00,470803.26,12,12,12,12,12,0.058850,0.8096,0.9122
500000.00,500000.00,495923.04,12,12,12,12,12,0.061990,0.7777,0.5490
500000.00,500000.00,360643.09,11,11,11,10,10,0.045080,0.9451,0.9413
500000.00,500000.00,497156.14,12,12,12,12,12,0.062145,0.9791,0.9817
500000.00,500000.00,501658.44,12,12,12,12,12,0.062707,0.9771,0.9910
500000.00,500000.00,497573.85,12,12,12,12,12,0.062197,0.9763,0.9884
500000.00,500000.00,501623.15,11,11,11,11,11,0.062703,0.9644,0.9950
500000.00,500000.00,502374.17,11,11,11,11,11,0.062797,0.9280,0.9071
500000.00,500000.00,223410.76,12,12,12,10,10,0.027926,0.9099,0.8842
500000.00,500000.00,491003.04,12,12,12,12,12,0.061375,0.8833,0.9200
500000.00,375000.00,499815.94,11,10,11,10,11,0.062477,0.8408,0.9690
500000.00,500000.00,507207.75,11,11,11,11,11,0.063401,0.9739,0.9809
500000.00,500000.00,502762.79,11,11,11,11,11,0.062845,0.9680,0.9857
500000.00,500000.00,500854.49,12,12,12,12,12,0.062607,0.9598,0.9804
500000.00,500000.00,504674.91,12,12,12,12,12,0.063084,0.9342,0.9227
500000.00,500000.00,506238.94,11,11,11,11,11,0.063280,0.9667,0.9868
500000.00,500000.00,505054.47,12,12,12,12,12,0.063132,0.9653,0.9856
500000.00,500000.00,505418.30,12,12,12,12,12,0.063177,0.9513,0.9767
500000.00,500000.00,503118.28,11,11,11,11,11,0.062890,0.9800,0.9896
500000.00,500000.00,506553.65,11,11,11,11,11,0.063319,0.9693,0.9839
500000.00,500000.00,489484.79,12,12,12,12,12,0.061186,0.9421,0.9432
500000.00,500000.00,517738.34,12,12,12,12,12,0.064717,0.9060,0.9314
500000.00,500000.00,511210.92,12,12,12,12,12,0.063901,0.8840,0.9253
500000.00,500000.00,508554.70,11,11,11,11,11,0.063569,0.7597,0.9546
500000.00,500000.00,396113.81,11,11,11,10,10,0.049514,0.9511,0.9614
500000.00,500000.00,336840.15,11,11,11,10,10,0.042105,0.9798,0.9487
500000.00,500000.00,504680.63,12,12,12,12,12,0.063085,0.9635,0.9905
500000.00,500000.00,504175.19,11,11,11,11,11,0.063022,0.9606,0.9848
500000.00,500000.00,497681.62,12,12,12,12,12,0.062210,0.9601,0.9886
500000.00,500000.00,504395.96,12,12,12,12,12,0.063049,0.8448,0.9235
500000.00,500000.00,501897.81,11,11,11,11,11,0.062737,0.9795,0.9840
500000.00,500000.00,540211.44,11,11,11,11,11,0.067526,0.8517,0.9206
500000.00,500000.00,498809.81,11,11,11,11,11,0.062351,0.9816,0.9695
500000.00,500000.00,511554.72,11,11,11,11,11,0.063944,0.9712,0.9707
500000.00,500000.00,506519.32,12,12,12,12,12,0.063315,0.9481,0.9861
500000.00,500000.00,502198.22,12,12,12,12,12,0.062775,0.9462,0.9746
500000.00,500000.00,507801.06,11,11,11,11,11,0.063475,0.9191,0.9829
500000.00,500000.00,515772.82,11,11,11,11,11,0.064472,0.8690,0.9632
500000.00,500000.00,438674.93,12,12,12,12,12,0.054834,0.8428,0.8658
500000.00,500000.00,534250.74,12,12,12,12,12,0.066781,0.9331,0.9323
500000.00,500000.00,556912.42,12,12,12,12,12,0.069614,0.9454,0.8958
500000.00,500000.00,502930.64,12,12,12,12,12,0.062866,0.8742,0.9463
500000.00,375000.00,396034.96,11,10,10,10,10,0.049504,0.8638,0.7647
500000.00,375000.00,496660.23,11,10,11,10,11,0.062083,0.8136,0.9374
500000.00,500000.00,527070.05,12,12,12,12,12,0.065884,0.9628,0.9037
500000.00,500000.00,504914.28,11,11,11,11,11,0.063114,0.9059,0.9731
500000.00,375000.00,502603.77,11,10,11,10,11,0.062825,0.9260,0.9639
500000.00,500000.00,526782.99,12,12,12,12,12,0.065848,0.9173,0.8315
500000.00,375000.00,482284.55,11,10,11,10,11,0.060286,0.8974,0.9408
500000.00,500000.00,495615.01,12,12,12,12,12,0.061952,0.8418,0.9283
500000.00,500000.00,499977.11,12,12,12,12,12,0.062497,0.7832,0.7668
500000.00,500000.00,525861.74,11,11,11,11,11,0.065733,0.9691,0.9236
500000.00,500000.00,506463.05,11,11,11,11,11,0.063308,0.9563,0.9242
500000.00,500000.00,482772.83,12,12,12,12,12,0.060347,0.9629,0.9415
500000.00,500000.00,498605.73,12,12,12,12,12,0.062326,0.9484,0.9805
500000.00,500000.00,507647.99,12,12,12,12,12,0.063456,0.9363,0.9739
500000.00,500000.00,500030.52,11,11,11,11,11,0.062504,0.8448,0.9665
500000.00,375000.00,442313.19,11,10,10,10,10,0.055289,0.9008,0.8766
500000.00,500000.00,430743.22,12,12,12,12,12,0.053843,0.8981,0.6647
500000.00,500000.00,215875.09,11,11,11,9,9,0.026984,0.9729,0.8916
500000.00,500000.00,504167.56,11,11,11,11,11,0.063021,0.9692,0.9916
500000.00,500000.00,492136.96,12,12,12,12,12,0.061517,0.9459,0.9711
500000.00,500000.00,507931.71,12,12,12,12,12,0.063491,0.9077,0.9083
500000.00,500000.00,503784.18,12,12,12,12,12,0.062973,0.9605,0.9908
500000.00,500000.00,495027.54,12,12,12,12,12,0.061878,0.9571,0.9842
500000.00,500000.00,508493.42,11,11,11,11,11,0.063562,0.8923,0.9740
500000.00,500000.00,492707.73,12,12,12,12,12,0.061588,0.9759,0.9762
500000.00,500000.00,542273.52,12,12,12,12,12,0.067784,0.9355,0.8887
500000.00,500000.00,502487.18,12,12,12,12,12,0.062811,0.9737,0.9802
500000.00,500000.00,506376.27,11,11,11,11,11,0.063297,0.9694,0.9850
500000.00,500000.00,496137.62,11,11,11,11,11,0.062017,0.9733,0.9776
500000.00,500000.00,505685.81,11,11,11,11,11,0.063211,0.9717,0.9854
500000.00,500000.00,504840.61,12,12,12,12,12,0.063105,0.9690,0.9770
500000.00,500000.00,512910.84,12,12,12,12,12,0.064114,0.9571,0.9707
500000.00,500000.00,509090.42,11,11,11,11,11,0.063636,0.9015,0.9721
500000.00,500000.00,504444.12,12,12,12,12,12,0.063056,0.9644,0.9753
500000.00,500000.00,495283.60,12,12,12,12,12,0.061910,0.9637,0.9830
500000.00,500000.00,507501.60,12,12,12,12,12,0.063438,0.9630,0.9820
500000.00,500000.00,497709.27,12,12,12,12,12,0.062214,0.9523,0.9536
500000.00,500000.00,512281.06,11,11,11,11,11,0.064035,0.9818,0.9734
500000.00,500000.00,504114.15,11,11,11,11,11,0.063014,0.9640,0.9635
500000.00,500000.00,503746.03,11,11,11,11,11,0.062968,0.8150,0.9870
500000.00,500000.00,508704.19,11,11,11,11,11,0.063588,0.9761,0.9760
500000.00,500000.00,502937.32,11,11,11,11,11,0.062867,0.9745,0.9871
500000.00,500000.00,503673.97,12,12,12,12,12,0.062959,0.9711,0.9896
500000.00,500000.00,503768.92,12,12,12,12,12,0.062971,0.9654,0.9827
500000.00,500000.00,502374.65,11,11,11,11,11,0.062797,0.9813,0.9833
500000.00,500000.00,503958.11,12,12,12,12,12,0.062995,0.9668,0.9699
500000.00,500000.00,351001.38,11,11,11,10,10,0.043875,0.9893,0.9434
500000.00,500000.00,521856.19,11,11,11,11,11,0.065232,0.9244,0.9560
500000.00,500000.00,498171.33,12,12,12,12,12,0.062271,0.9244,0.9811
500000.00,500000.00,507640.84,11,11,11,11,11,0.063455,0.9019,0.9563
500000.00,500000.00,495019.91,12,12,12,12,12,0.061877,0.9780,0.9888
500000.00,500000.00,504282.00,11,11,11,11,11,0.063035,0.9705,0.9791
500000.00,500000.00,515707.97,12,12,12,12,12,0.064463,0.9626,0.9585
500000.00,500000.00,489056.11,12,12,12,12,12,0.061132,0.7665,0.9561
500000.00,500000.00,504106.52,12,12,12,12,12,0.063013,0.9838,0.9904
500000.00,500000.00,499919.89,11,11,11,11,11,0.062490,0.9751,0.9899
500000.00,500000.00,501485.82,12,12,12,12,12,0.062686,0.9596,0.9870
500000.00,500000.00,500720.02,11,11,11,11,11,0.062590,0.9822,0.9864
500000.00,500000.00,501204.49,11,11,11,11,11,0.062651,0.9758,0.9841
500000.00,500000.00,501256.94,12,12,12,12,12,0.062657,0.9742,0.9828
500000.00,500000.00,496884.35,11,11,11,11,11,0.062111,0.9707,0.9894
500000.00,500000.00,496271.13,12,12,12,12,12,0.062034,0.9622,0.9846
500000.00,500000.00,493082.05,11,11,11,11,11,0.061635,0.9572,0.9428
500000.00,375000.00,509302.62,11,10,11,10,11,0.063663,0.8778,0.9743
500000.00,500000.00,495936.63,11,11,11,11,11,0.061992,0.9735,0.9878
500000.00,500000.00,516679.29,12,12,12,12,12,0.064585,0.9299,0.9435
500000.00,500000.00,505913.73,12,12,12,12,12,0.063239,0.9166,0.9523
500000.00,500000.00,504440.90,11,11,11,11,11,0.063055,0.9552,0.9853
500000.00,500000.00,505050.66,12,12,12,12,12,0.063131,0.9396,0.9287
500000.00,500000.00,405267.63,12,12,12,11,11,0.050658,0.9382,0.9599
500000.00,500000.00,518087.39,11,11,11,11,11,0.064761,0.7708,0.9062
500000.00,500000.00,505544.19,11,11,11,11,11,0.063193,0.9667,0.9852
500000.00,500000.00,501507.28,11,11,11,11,11,0.062688,0.9558,0.9947
500000.00,500000.00,490297.32,12,12,12,12,12,0.061287,0.9692,0.9431
500000.00,500000.00,496295.93,11,11,11,11,11,0.062037,0.8214,0.9751
500000.00,500000.00,498814.58,11,11,11,11,11,0.062352,0.9792,0.9689
500000.00,500000.00,503862.38,11,11,11,11,11,0.062983,0.9675,0.9896
500000.00,500000.00,493793.01,12,12,12,12,12,0.061724,0.9551,0.9848
500000.00,500000.00,517240.52,12,12,12,12,12,0.064655,0.8803,0.9587
500000.00,500000.00,501073.84,12,12,12,12,12,0.062634,0.8639,0.9505
500000.00,500000.00,496889.11,11,11,11,11,11,0.062111,0.9834,0.9804
500000.00,500000.00,500428.68,11,11,11,11,11,0.062554,0.9813,0.9951
500000.00,500000.00,511971.47,11,11,11,11,11,0.063996,0.9745,0.9712
500000.00,500000.00,513559.34,12,12,12,12,12,0.064195,0.9202,0.8879
500000.00,500000.00,509325.03,11,11,11,11,11,0.063666,0.9757,0.9795
500000.00,500000.00,496046.07,11,11,11,11,11,0.062006,0.9733,0.9898
500000.00,500000.00,505637.17,12,12,12,12,12,0.063205,0.9679,0.9864
500000.00,500000.00,499168.40,11,11,11,11,11,0.062396,0.9656,0.9880
500000.00,500000.00,493260.38,12,12,12,12,12,0.061658,0.9624,0.9685
500000.00,500000.00,415613.41,11,11,11,10,10,0.051952,0.9718,0.9540
500000.00,500000.00,499240.88,11,11,11,11,11,0.062405,0.9231,0.9795
500000.00,500000.00,506505.01,11,11,11,11,11,0.063313,0.9520,0.9662
500000.00,500000.00,490026.59,12,12,12,12,12,0.061253,0.9470,0.9713
500000.00,500000.00,489236.83,11,11,11,11,11,0.061155,0.9731,0.9541
500000.00,500000.00,480977.89,11,11,11,11,11,0.060122,0.9658,0.9074
500000.00,500000.00,523353.58,12,12,12,12,12,0.065419,0.9524,0.9515
500000.00,500000.00,504548.07,12,12,12,12,12,0.063069,0.9639,0.9755
500000.00,500000.00,498594.28,12,12,12,12,12,0.062324,0.9573,0.9856
500000.00,500000.00,498588.56,11,11,11,11,11,0.062324,0.9627,0.9890
500000.00,500000.00,464597.70,12,12,12,12,12,0.058075,0.9306,0.6659
500000.00,500000.00,491672.04,11,11,11,11,11,0.061459,0.7401,0.9769
500000.00,500000.00,496300.22,12,12,12,12,12,0.062038,0.9258,0.9895
500000.00,500000.00,469141.01,11,11,11,11,11,0.058643,0.8456,0.9222
500000.00,500000.00,499200.82,11,11,11,11,11,0.062400,0.7898,0.9692
500000.00,500000.00,502489.09,11,11,11,11,11,0.062811,0.9790,0.9750
500000.00,500000.00,517726.90,12,12,12,12,12,0.064716,0.9595,0.9640
500000.00,500000.00,495889.90,11,11,11,11,11,0.061986,0.9166,0.9125
500000.00,500000.00,500583.65,11,11,11,11,11,0.062573,0.9492,0.9903
500000.00,500000.00,439529.42,12,12,12,12,12,0.054941,0.9600,0.8594
500000.00,500000.00,489786.15,12,12,12,12,12,0.061223,0.9214,0.9788
500000.00,500000.00,500752.21,11,11,11,11,11,0.062594,0.9205,0.9769
500000.00,500000.00,505626.08,11,11,11,11,11,0.063203,0.9840,0.9587
500000.00,500000.00,500099.18,11,11,11,11,11,0.062512,0.9830,0.9924
500000.00,500000.00,495536.80,11,11,11,11,11,0.061942,0.9672,0.9863
500000.00,500000.00,456653.12,12,12,12,12,12,0.057082,0.9774,0.8956
500000.00,500000.00,476201.42,11,11,11,11,11,0.059525,0.9496,0.9470
500000.00,375000.00,490718.72,11,10,11,10,11,0.061340,0.8034,0.9650
500000.00,375000.00,391188.62,11,10,10,10,10,0.048899,0.7936,0.7786
500000.00,500000.00,500587.94,11,11,11,11,11,0.062573,0.9772,0.9817
500000.00,500000.00,505125.52,11,11,11,11,11,0.063141,0.9825,0.9864
500000.00,500000.00,527629.85,12,12,12,12,12,0.065954,0.9809,0.9395
500000.00,500000.00,501898.77,11,11,11,11,11,0.062737,0.9772,0.9768
500000.00,500000.00,503856.18,12,12,12,12,12,0.062982,0.9720,0.9759
500000.00,500000.00,481019.97,12,12,12,12,12,0.060127,0.9767,0.9594
500000.00,500000.00,476846.69,12,12,12,12,12,0.059606,0.9697,0.9519
500000.00,500000.00,496856.69,11,11,11,11,11,0.062107,0.9498,0.9921
500000.00,500000.00,507482.53,11,11,11,11,11,0.063435,0.9464,0.9815
500000.00,500000.00,447873.95,11,11,11,11,11,0.055984,0.9406,0.9598
500000.00,500000.00,467188.72,11,11,11,11,11,0.058399,0.9665,0.9160
500000.00,500000.00,501220.23,12,12,12,12,12,0.062653,0.9480,0.9910
500000.00,500000.00,498329.16,12,12,12,12,12,0.062291,0.9426,0.9906
500000.00,500000.00,506801.13,12,12,12,12,12,0.063350,0.9338,0.9422
500000.00,500000.00,500416.76,11,11,11,11,11,0.062552,0.9535,0.9841
500000.00,500000.00,504056.93,12,12,12,12,12,0.063007,0.9310,0.9590
500000.00,500000.00,469924.93,11,11,11,11,11,0.058741,0.7977,0.7431
500000.00,500000.00,504955.29,12,12,12,12,12,0.063119,0.9651,0.9613
500000.00,500000.00,504838.94,11,11,11,11,11,0.063105,0.9850,0.9842
500000.00,500000.00,495270.25,12,12,12,12,12,0.061909,0.9708,0.9830
500000.00,500000.00,498929.98,12,12,12,12,12,0.062366,0.9672,0.9796
500000.00,500000.00,496752.74,11,11,11,11,11,0.062094,0.9671,0.9870
500000.00,500000.00,478064.78,12,12,12,12,12,0.059758,0.9623,0.9374
500000.00,500000.00,500619.89,11,11,11,11,11,0.062577,0.9802,0.9753
500000.00,500000.00,498448.13,11,11,11,11,11,0.062306,0.9759,0.9828
500000.00,500000.00,504798.89,12,12,12,12,12,0.063100,0.8565,0.7779
500000.00,500000.00,388068.68,12,12,12,11,11,0.048509,0.7829,0.7431
500000.00,500000.00,506517.41,11,11,11,11,11,0.063315,0.7636,0.9789
500000.00,500000.00,501212.12,12,12,12,12,12,0.062652,0.9799,0.9941
500000.00,500000.00,497409.82,12,12,12,12,12,0.062176,0.9651,0.9873
500000.00,500000.00,466914.18,12,12,12,12,12,0.058364,0.9603,0.9329
500000.00,500000.00,510407.45,12,12,12,12,12,0.063801,0.9485,0.9465
500000.00,500000.00,508016.71,11,11,11,11,11,0.063502,0.9327,0.9831
500000.00,500000.00,499161.72,11,11,11,11,11,0.062395,0.8240,0.9795
500000.00,500000.00,497356.41,12,12,12,12,12,0.062170,0.9550,0.9597
500000.00,375000.00,437932.01,11,10,10,10,10,0.054742,0.9548,0.8468
500000.00,500000.00,481559.75,12,12,12,12,12,0.060195,0.8894,0.9385
500000.00,375000.00,495971.20,11,10,11,10,11,0.061996,0.8153,0.9742
500000.00,500000.00,379425.38,11,11,11,10,10,0.047428,0.9927,0.9153
500000.00,500000.00,501329.42,11,11,11,11,11,0.062666,0.9838,0.9811
500000.00,500000.00,504586.22,12,12,12,12,12,0.063073,0.9742,0.9870
500000.00,500000.00,494547.84,12,12,12,12,12,0.061818,0.9768,0.9855
500000.00,500000.00,508632.66,11,11,11,11,11,0.063579,0.7873,0.9290
500000.00,500000.00,504583.36,12,12,12,12,12,0.063073,0.9773,0.9829
500000.00,500000.00,501260.76,12,12,12,12,12,0.062658,0.9731,0.9864
500000.00,500000.00,493773.46,11,11,11,11,11,0.061722,0.9487,0.9833
500000.00,500000.00,334284.04,11,11,11,10,10,0.041786,0.9799,0.9337
500000.00,500000.00,506260.87,12,12,12,12,12,0.063283,0.9569,0.9808
500000.00,500000.00,502628.33,12,12,12,12,12,0.062829,0.9458,0.9880
500000.00,500000.00,499702.22,11,11,11,11,11,0.062463,0.9841,0.9900
500000.00,500000.00,500364.30,12,12,12,12,12,0.062546,0.9706,0.9785
500000.00,500000.00,503016.47,12,12,12,12,12,0.062877,0.9492,0.9672
500000.00,500000.00,509680.75,11,11,11,11,11,0.063710,0.9871,0.9731
500000.00,500000.00,500049.83,12,12,12,12,12,0.062506,0.9633,0.9920
500000.00,500000.00,503170.01,11,11,11,11,11,0.062896,0.9602,0.9829
500000.00,500000.00,509002.69,11,11,11,11,11,0.063625,0.9614,0.9808
500000.00,500000.00,496779.92,12,12,12,12,12,0.062097,0.9545,0.9878
500000.00,500000.00,506013.63,12,12,12,12,12,0.063252,0.9144,0.9257
500000.00,500000.00,496635.44,11,11,11,11,11,0.062079,0.8641,0.7997
500000.00,500000.00,492195.96,12,12,12,12,12,0.061524,0.9102,0.9696
500000.00,500000.00,506613.73,11,11,11,11,11,0.063327,0.8526,0.9848
500000.00,725000.00,455480.58,11,12,12,11,11,0.056935,0.8136,0.8981
500000.00,500000.00,506044.39,11,11,11,11,11,0.063256,0.9667,0.9825
500000.00,500000.00,496383.67,11,11,11,11,11,0.062048,0.9567,0.9817
500000.00,500000.00,428477.29,12,12,12,12,12,0.053560,0.8105,0.8435
500000.00,500000.00,501251.22,12,12,12,12,12,0.062656,0.9716,0.9922
500000.00,500000.00,506571.77,11,11,11,11,11,0.063321,0.9589,0.9711
500000.00,500000.00,502027.51,12,12,12,12,12,0.062753,0.9350,0.9815
500000.00,500000.00,503602.98,12,12,12,12,12,0.062950,0.9784,0.9842
500000.00,500000.00,508024.22,12,12,12,12,12,0.063503,0.9624,0.9688
500000.00,500000.00,393007.16,12,12,12,11,11,0.049126,0.9308,0.9011
500000.00,500000.00,535832.41,11,11,11,11,11,0.066979,0.8494,0.9293
500000.00,500000.00,504506.11,11,11,11,11,11,0.063063,0.9348,0.9768
500000.00,500000.00,503136.40,11,11,11,11,11,0.062892,0.9731,0.9903
500000.00,500000.00,505837.44,12,12,12,12,12,0.063230,0.9643,0.9832
500000.00,500000.00,430240.63,12,12,12,12,12,0.053780,0.8859,0.8001
500000.00,500000.00,487033.84,12,12,12,12,12,0.060879,0.7726,0.9334
500000.00,500000.00,469695.09,12,12,12,12,12,0.058712,0.9032,0.8838
500000.00,500000.00,505851.75,11,11,11,11,11,0.063231,0.9781,0.9843
500000.00,500000.00,512525.56,11,11,11,11,11,0.064066,0.9647,0.9650
500000.00,500000.00,498552.56,11,11,11,11,11,0.062319,0.9555,0.9942
500000.00,500000.00,498118.40,12,12,12,12,12,0.062265,0.9385,0.9948
500000.00,500000.00,501482.25,11,11,11,11,11,0.062685,0.9462,0.9899
500000.00,500000.00,493046.76,12,12,12,12,12,0.061631,0.9788,0.9781
500000.00,500000.00,484643.94,12,12,12,12,12,0.060580,0.8985,0.9564
500000.00,500000.00,509284.97,12,12,12,12,12,0.063661,0.9026,0.9795
500000.00,500000.00,509645.46,12,12,12,12,12,0.063706,0.7560,0.9438
500000.00,500000.00,503732.68,12,12,12,12,12,0.062967,0.9668,0.9894
500000.00,500000.00,250302.76,11,11,11,9,9,0.031288,0.9470,0.8529
500000.00,500000.00,501352.31,11,11,11,11,11,0.062669,0.9388,0.9838
500000.00,500000.00,472527.62,11,11,11,11,11,0.059066,0.8809,0.9373
500000.00,500000.00,495093.82,12,12,12,12,12,0.061887,0.9584,0.9844
500000.00,500000.00,504846.57,12,12,12,12,12,0.063106,0.9149,0.9788
500000.00,500000.00,435615.54,12,12,12,12,12,0.054452,0.8545,0.6969
500000.00,500000.00,511607.17,11,11,11,11,11,0.063951,0.8108,0.7642
500000.00,500000.00,488661.77,11,11,11,11,11,0.061083,0.9163,0.9746
500000.00,500000.00,508315.09,12,12,12,12,12,0.063539,0.9112,0.9547
500000.00,500000.00,503955.13,12,12,12,12,12,0.062994,0.9701,0.9889
500000.00,500000.00,598991.87,12,12,13,12,13,0.074874,0.9463,0.7844
500000.00,500000.00,505388.74,11,11,11,11,11,0.063174,0.9219,0.9717
500000.00,500000.00,509473.80,11,11,11,11,11,0.063684,0.9818,0.9753
500000.00,500000.00,431839.94,12,12,12,12,12,0.053980,0.9560,0.8525
500000.00,500000.00,499790.19,11,11,11,11,11,0.062474,0.9876,0.9952
500000.00,500000.00,515025.14,11,11,11,11,11,0.064378,0.9392,0.9301
500000.00,500000.00,500490.19,12,12,12,12,12,0.062561,0.9355,0.9831
500000.00,500000.00,505725.86,12,12,12,12,12,0.063216,0.9700,0.9845
500000.00,500000.00,503568.65,11,11,11,11,11,0.062946,0.9714,0.9768
500000.00,500000.00,216312.80,11,11,11,9,9,0.027039,0.9677,0.9140
500000.00,500000.00,506024.36,11,11,11,11,11,0.063253,0.9469,0.6110
500000.00,500000.00,468633.65,12,12,12,12,12,0.058579,0.9175,0.9329
500000.00,500000.00,497876.17,11,11,11,11,11,0.062235,0.9804,0.9777
500000.00,500000.00,493879.05,12,12,12,12,12,0.061735,0.9718,0.9862
500000.00,500000.00,496406.56,12,12,12,12,12,0.062051,0.9540,0.9893
500000.00,500000.00,496336.46,12,12,12,12,12,0.062042,0.9356,0.9704
500000.00,500000.00,500179.29,12,12,12,12,12,0.062522,0.9689,0.9738
500000.00,500000.00,504593.85,11,11,11,11,11,0.063074,0.9574,0.9814
500000.00,500000.00,481362.82,11,11,11,11,11,0.060170,0.9110,0.9482
500000.00,500000.00,499399.19,11,11,11,11,11,0.062425,0.8946,0.9797
500000.00,500000.00,512443.07,11,11,11,11,11,0.064055,0.8597,0.9642
500000.00,500000.00,503828.05,11,11,11,11,11,0.062979,0.9784,0.9906
500000.00,500000.00,502475.98,11,11,11,11,11,0.062809,0.9617,0.9858
500000.00,500000.00,503746.99,11,11,11,11,11,0.062968,0.9825,0.9858
500000.00,500000.00,503358.84,12,12,12,12,12,0.062920,0.9694,0.9791
500000.00,500000.00,498326.30,12,12,12,12,12,0.062291,0.9636,0.9665
500000.00,500000.00,519340.52,11,11,11,11,11,0.064918,0.8710,0.9276
500000.00,500000.00,511335.37,11,11,11,11,11,0.063917,0.9434,0.9688
500000.00,500000.00,504163.74,11,11,11,11,11,0.063020,0.9805,0.9877
500000.00,500000.00,500865.04,12,12,12,12,12,0.062608,0.7354,0.9699
500000.00,500000.00,498432.16,12,12,12,12,12,0.062304,0.9735,0.9964
500000.00,500000.00,503049.85,12,12,12,12,12,0.062881,0.9697,0.9902
500000.00,500000.00,499248.50,12,12,12,12,12,0.062406,0.9680,0.9852
500000.00,500000.00,504288.67,11,11,11,11,11,0.063036,0.8074,0.9730
500000.00,500000.00,493994.71,12,12,12,12,12,0.061749,0.9597,0.9819
500000.00,500000.00,513771.06,11,11,11,11,11,0.064221,0.9446,0.9593
500000.00,500000.00,515791.89,12,12,12,12,12,0.064474,0.9389,0.9529
500000.00,500000.00,505578.99,12,12,12,12,12,0.063197,0.9752,0.9881
500000.00,500000.00,517446.99,11,11,11,11,11,0.064681,0.9607,0.9640
500000.00,500000.00,348643.42,12,12,12,11,11,0.043580,0.9577,0.9297
500000.00,500000.00,503297.81,11,11,11,11,11,0.062912,0.9537,0.9908
500000.00,500000.00,506725.07,12,12,12,12,12,0.063341,0.8614,0.8598
500000.00,500000.00,492980.96,11,11,11,11,11,0.061623,0.7139,0.9669
500000.00,500000.00,504359.96,12,12,12,12,12,0.063045,0.9605,0.9871
500000.00,500000.00,497785.57,12,12,12,12,12,0.062223,0.9317,0.9922
500000.00,500000.00,504469.87,12,12,12,12,12,0.063059,0.8997,0.9242
500000.00,500000.00,501327.51,11,11,11,11,11,0.062666,0.9773,0.9767
500000.00,500000.00,503337.86,12,12,12,12,12,0.062917,0.9607,0.9928
500000.00,725000.00,658962.25,11,12,12,12,12,0.082370,0.9090,0.7585
500000.00,500000.00,476431.85,12,12,12,12,12,0.059554,0.9275,0.9164
500000.00,500000.00,485879.90,11,11,11,11,11,0.060735,0.8108,0.9320
500000.00,500000.00,503457.31,11,11,11,11,11,0.062932,0.7610,0.9214
500000.00,500000.00,503095.63,11,11,11,11,11,0.062887,0.9757,0.9751
500000.00,500000.00,497838.97,11,11,11,11,11,0.062230,0.9669,0.9820
500000.00,500000.00,479597.09,12,12,12,12,12,0.059950,0.9605,0.9504
500000.00,500000.00,334496.62,12,12,12,11,11,0.041812,0.9521,0.9439
500000.00,500000.00,510628.70,11,11,11,11,11,0.063829,0.9431,0.9732
500000.00,500000.00,510615.29,12,12,12,12,12,0.063827,0.9360,0.9674
500000.00,500000.00,507167.82,12,12,12,12,12,0.063396,0.9151,0.9783
500000.00,500000.00,514856.34,12,12,12,12,12,0.064357,0.9093,0.9090
500000.00,500000.00,499239.92,11,11,11,11,11,0.062405,0.9604,0.9781
500000.00,500000.00,503129.96,12,12,12,12,12,0.062891,0.9490,0.9857
500000.00,500000.00,490542.41,12,12,12,12,12,0.061318,0.9731,0.9768
500000.00,500000.00,504092.69,11,11,11,11,11,0.063012,0.9624,0.9856
500000.00,500000.00,509707.45,12,12,12,12,12,0.063713,0.9359,0.8419
500000.00,500000.00,503488.06,11,11,11,11,11,0.062936,0.9713,0.9783
500000.00,500000.00,502897.26,12,12,12,12,12,0.062862,0.9470,0.9813
500000.00,500000.00,498771.67,11,11,11,11,11,0.062346,0.9771,0.9938
500000.00,500000.00,507897.38,12,12,12,12,12,0.063487,0.9727,0.9806
500000.00,500000.00,499875.07,12,12,12,12,12,0.062484,0.9503,0.9951
500000.00,500000.00,189738.54,12,12,12,9,9,0.023717,0.8940,0.9038
500000.00,500000.00,500822.07,11,11,11,11,11,0.062603,0.9746,0.9924
500000.00,500000.00,501646.04,12,12,12,12,12,0.062706,0.9742,0.9879
500000.00,500000.00,510551.45,12,12,12,12,12,0.063819,0.9757,0.9073
500000.00,500000.00,499703.88,12,12,12,12,12,0.062463,0.9641,0.9837
500000.00,500000.00,505657.20,12,12,12,12,12,0.063207,0.9758,0.9861
500000.00,500000.00,504501.34,12,12,12,12,12,0.063063,0.9610,0.9896
500000.00,500000.00,503644.94,11,11,11,11,11,0.062956,0.9571,0.9851
500000.00,500000.00,564126.97,11,11,11,11,11,0.070516,0.9440,0.8645
500000.00,500000.00,508830.55,12,12,12,12,12,0.063604,0.9384,0.9224
500000.00,500000.00,496858.60,11,11,11,11,11,0.062107,0.9187,0.9443
500000.00,500000.00,510448.58,11,11,11,11,11,0.063806,0.9757,0.9782
500000.00,500000.00,501468.66,11,11,11,11,11,0.062684,0.9615,0.9811
500000.00,500000.00,192456.38,12,12,12,9,9,0.024057,0.7786,0.8398
500000.00,500000.00,485891.61,11,11,11,11,11,0.060736,0.9022,0.9639
500000.00,725000.00,517484.66,11,12,12,11,11,0.064686,0.8151,0.9620
500000.00,725000.00,351096.39,11,12,12,10,10,0.043887,0.7274,0.8861
500000.00,500000.00,514797.21,12,12,12,12,12,0.064350,0.9766,0.9600
500000.00,500000.00,496461.87,12,12,12,12,12,0.062058,0.9557,0.9813
500000.00,500000.00,502937.32,12,12,12,12,12,0.062867,0.9242,0.9582
500000.00,500000.00,490547.18,12,12,12,12,12,0.061318,0.8324,0.7409
500000.00,375000.00,494600.77,11,10,11,10,11,0.061825,0.7378,0.5418
500000.00,500000.00,500557.90,12,12,12,12,12,0.062570,0.9737,0.9892
500000.00,500000.00,494336.13,11,11,11,11,11,0.061792,0.9702,0.9823
500000.00,500000.00,485946.66,12,12,12,12,12,0.060743,0.7319,0.5352
500000.00,500000.00,506348.61,11,11,11,11,11,0.063294,0.9833,0.9807
500000.00,500000.00,492124.56,11,11,11,11,11,0.061516,0.9818,0.9811
500000.00,500000.00,504996.54,12,12,12,12,12,0.063125,0.9602,0.9842
500000.00,500000.00,509298.32,12,12,12,12,12,0.063662,0.9401,0.9596
500000.00,500000.00,517395.02,11,11,11,11,11,0.064674,0.9212,0.9613
500000.00,500000.00,325226.60,12,12,12,11,11,0.040653,0.8888,0.8802
500000.00,375000.00,435571.67,12,11,11,11,11,0.054446,0.7361,0.8521
500000.00,500000.00,508676.53,11,11,11,11,11,0.063585,0.9752,0.9824
500000.00,500000.00,519701.00,11,11,11,11,11,0.064963,0.9622,0.9542
500000.00,500000.00,496175.77,11,11,11,11,11,0.062022,0.9608,0.9879
500000.00,500000.00,498108.86,12,12,12,12,12,0.062264,0.9553,0.9901
500000.00,500000.00,486815.75,12,12,12,12,12,0.060852,0.7309,0.8980
500000.00,500000.00,498534.20,12,12,12,12,12,0.062317,0.9695,0.9934
500000.00,500000.00,508365.63,11,11,11,11,11,0.063546,0.9633,0.9798
500000.00,500000.00,504812.24,12,12,12,12,12,0.063102,0.9568,0.9162
500000.00,500000.00,489599.70,12,12,12,12,12,0.061200,0.9564,0.9749
500000.00,500000.00,507583.62,11,11,11,11,11,0.063448,0.9493,0.9744
500000.00,500000.00,497054.10,11,11,11,11,11,0.062132,0.9435,0.7793
500000.00,500000.00,495959.28,12,12,12,12,12,0.061995,0.9410,0.9872
500000.00,500000.00,500229.84,12,12,12,12,12,0.062529,0.9285,0.9887
500000.00,500000.00,486592.53,11,11,11,11,11,0.060824,0.9265,0.9681
500000.00,500000.00,487070.08,12,12,12,12,12,0.060884,0.9106,0.9725
500000.00,500000.00,418624.88,12,12,12,11,11,0.052328,0.8804,0.6149
500000.00,375000.00,494306.80,11,10,11,10,11,0.061788,0.9685,0.9646
500000.00,500000.00,502247.81,11,11,11,11,11,0.062781,0.9685,0.9827
500000.00,500000.00,496959.69,11,11,11,11,11,0.062120,0.9659,0.9679
500000.00,500000.00,503026.96,12,12,12,12,12,0.062878,0.9532,0.9933
500000.00,500000.00,503175.74,11,11,11,11,11,0.062897,0.9520,0.9868
500000.00,500000.00,511794.09,12,12,12,12,12,0.063974,0.8627,0.7771
500000.00,500000.00,517749.79,12,12,12,12,12,0.064719,0.9727,0.9624
500000.00,500000.00,509537.46,11,11,11,11,11,0.063692,0.9008,0.9526
500000.00,500000.00,154600.65,11,11,11,8,8,0.019325,0.7486,0.9027
500000.00,500000.00,546193.12,11,11,11,11,11,0.068274,0.9690,0.8927
500000.00,375000.00,511052.13,11,10,11,10,11,0.063882,0.7549,0.9549
500000.00,500000.00,499448.30,12,12,12,12,12,0.062431,0.9730,0.9420
500000.00,500000.00,500974.66,12,12,12,12,12,0.062622,0.9687,0.9857
500000.00,500000.00,281094.19,12,12,12,10,10,0.035137,0.9429,0.9293
500000.00,500000.00,506690.98,11,11,11,11,11,0.063336,0.9183,0.9693
500000.00,500000.00,452146.53,12,12,12,12,12,0.056518,0.8649,0.8691
500000.00,500000.00,499545.10,12,12,12,12,12,0.062443,0.9791,0.9930
500000.00,500000.00,495126.72,12,12,12,12,12,0.061891,0.9596,0.9833
500000.00,500000.00,491265.30,12,12,12,12,12,0.061408,0.9414,0.9765
500000.00,500000.00,477662.09,12,12,12,12,12,0.059708,0.9123,0.9277
500000.00,500000.00,499724.86,12,12,12,12,12,0.062466,0.9510,0.9907
500000.00,500000.00,563258.17,12,12,12,12,12,0.070407,0.7926,0.8479
500000.00,500000.00,503728.87,11,11,11,11,11,0.062966,0.9515,0.9885
500000.00,500000.00,269185.42,11,11,11,9,9,0.033648,0.9218,0.9189
500000.00,375000.00,489657.40,12,11,12,11,12,0.061207,0.7721,0.9241
500000.00,500000.00,492219.92,11,11,11,11,11,0.061527,0.9718,0.9737
500000.00,500000.00,504664.90,11,11,11,11,11,0.063083,0.9714,0.9842
500000.00,500000.00,485931.40,11,11,11,11,11,0.060741,0.9698,0.9598
500000.00,500000.00,497433.66,12,12,12,12,12,0.062179,0.9669,0.9869
500000.00,500000.00,498814.58,12,12,12,12,12,0.062352,0.9609,0.9719
500000.00,500000.00,501860.62,11,11,11,11,11,0.062733,0.9741,0.9774
500000.00,500000.00,524328.71,12,12,12,12,12,0.065541,0.7755,0.9492
500000.00,500000.00,499601.36,11,11,11,11,11,0.062450,0.9845,0.9764
500000.00,500000.00,511306.76,12,12,12,12,12,0.063913,0.9709,0.9736
500000.00,500000.00,502570.15,11,11,11,11,11,0.062821,0.9690,0.9942
500000.00,500000.00,522384.29,11,11,11,11,11,0.065298,0.9517,0.9497
500000.00,500000.00,498870.85,12,12,12,12,12,0.062359,0.9732,0.9836
500000.00,500000.00,496112.82,11,11,11,11,11,0.062014,0.9396,0.9873
500000.00,500000.00,504343.99,11,11,11,11,11,0.063043,0.8992,0.9800
500000.00,500000.00,507514.95,11,11,11,11,11,0.063439,0.9869,0.9769
500000.00,500000.00,504818.92,12,12,12,12,12,0.063102,0.9671,0.9806
500000.00,500000.00,507067.20,12,12,12,12,12,0.063383,0.9555,0.9801
500000.00,500000.00,512548.80,12,12,12,12,12,0.064069,0.9105,0.9618
500000.00,500000.00,499879.84,11,11,11,11,11,0.062485,0.9773,0.9876
500000.00,500000.00,500826.84,12,12,12,12,12,0.062603,0.9740,0.9859
500000.00,500000.00,472021.10,11,11,11,11,11,0.059003,0.9654,0.9193
500000.00,500000.00,500477.31,12,12,12,12,12,0.062560,0.9566,0.9656
500000.00,500000.00,489951.13,12,12,12,12,12,0.061244,0.8813,0.9355
500000.00,375000.00,428188.32,11,10,10,10,10,0.053524,0.7200,0.8488
500000.00,500000.00,477771.76,12,12,12,12,12,0.059721,0.8440,0.8882
500000.00,500000.00,500766.99,11,11,11,11,11,0.062596,0.9783,0.9693
500000.00,500000.00,504900.81,11,11,11,11,11,0.063113,0.9742,0.8679
500000.00,500000.00,503085.14,12,11,11,11,11,0.062886,0.8423,0.6423
500000.00,500000.00,501438.14,11,11,11,11,11,0.062680,0.9781,0.9736
500000.00,500000.00,504747.51,12,12,12,12,12,0.063093,0.9758,0.9876
500000.00,500000.00,502504.35,12,12,12,12,12,0.062813,0.9712,0.9879
500000.00,500000.00,506257.53,12,12,12,12,12,0.063282,0.9692,0.9837
500000.00,500000.00,500613.21,12,12,12,12,12,0.062577,0.9744,0.9905
500000.00,500000.00,496883.39,12,12,12,12,12,0.062110,0.9517,0.9886
500000.00,500000.00,505193.71,11,11,11,11,11,0.063149,0.9758,0.9846
500000.00,500000.00,510183.33,11,11,11,11,11,0.063773,0.9493,0.9777
500000.00,500000.00,495854.62,12,12,12,12,12,0.061982,0.9274,0.9777
500000.00,500000.00,509000.78,11,11,11,11,11,0.063625,0.9710,0.9581
500000.00,500000.00,502000.81,12,12,12,12,12,0.062750,0.9485,0.9831
500000.00,500000.00,502292.63,12,12,12,12,12,0.062787,0.8880,0.9290
500000.00,500000.00,495672.23,12,12,12,12,12,0.061959,0.9607,0.9880
500000.00,500000.00,506678.58,11,11,11,11,11,0.063335,0.9889,0.9738
500000.00,500000.00,500442.03,12,12,12,12,12,0.062555,0.9730,0.9737
500000.00,500000.00,520090.10,12,12,12,12,12,0.065011,0.9600,0.9567
500000.00,500000.00,500714.30,11,11,11,11,11,0.062589,0.9597,0.9891
500000.00,500000.00,501091.00,11,11,11,11,11,0.062636,0.9874,0.9947
500000.00,500000.00,526264.91,12,12,12,12,12,0.065783,0.9548,0.8934
500000.00,500000.00,499853.13,12,12,12,12,12,0.062482,0.9407,0.9788
500000.00,500000.00,504311.56,12,12,12,12,12,0.063039,0.9030,0.9799
500000.00,500000.00,502809.52,11,11,11,11,11,0.062851,0.9814,0.9892
500000.00,500000.00,450349.81,11,11,11,11,11,0.056294,0.8272,0.8968
500000.00,500000.00,505406.38,11,11,11,11,11,0.063176,0.9766,0.9801
500000.00,500000.00,512696.62,11,11,11,11,11,0.064087,0.9636,0.9707
500000.00,500000.00,495383.26,12,12,12,12,12,0.061923,0.9570,0.9665
500000.00,500000.00,503541.95,11,11,11,11,11,0.062943,0.9793,0.9899
500000.00,500000.00,495992.66,12,12,12,12,12,0.061999,0.9681,0.9874
500000.00,500000.00,538392.07,12,12,12,12,12,0.067299,0.9636,0.9172
500000.00,500000.00,496433.26,12,12,12,12,12,0.062054,0.9602,0.9786
500000.00,500000.00,520254.61,11,11,11,11,11,0.065032,0.8625,0.9452
500000.00,500000.00,483428.96,11,11,11,11,11,0.060429,0.7848,0.9221
500000.00,500000.00,494480.13,11,11,11,11,11,0.061810,0.9710,0.9872
500000.00,500000.00,502269.74,11,11,11,11,11,0.062784,0.9672,0.9873
500000.00,500000.00,501271.25,12,12,12,12,12,0.062659,0.9621,0.9899
500000.00,500000.00,500749.59,12,12,12,12,12,0.062594,0.9600,0.9823
500000.00,500000.00,548232.08,11,11,11,11,11,0.068529,0.9474,0.8974
500000.00,500000.00,499684.33,12,12,12,12,12,0.062461,0.9701,0.9940
500000.00,500000.00,457473.75,12,12,12,12,12,0.057184,0.9646,0.6618
500000.00,500000.00,469453.81,12,12,12,12,12,0.058682,0.9578,0.9222
500000.00,500000.00,508237.84,11,11,11,11,11,0.063530,0.8908,0.9715
500000.00,500000.00,516466.14,11,11,11,11,11,0.064558,0.8479,0.9613
500000.00,500000.00,498254.78,11,11,11,11,11,0.062282,0.9637,0.9820
500000.00,500000.00,500462.06,12,12,12,12,12,0.062558,0.7516,0.9919
500000.00,500000.00,491267.68,12,12,12,12,12,0.061408,0.9649,0.9762
500000.00,500000.00,522671.70,11,11,11,11,11,0.065334,0.8727,0.9516
500000.00,500000.00,503625.39,12,12,12,12,12,0.062953,0.9722,0.9478
500000.00,375000.00,489548.68,12,11,12,11,12,0.061194,0.9558,0.9710
500000.00,500000.00,487772.82,12,12,12,12,12,0.060972,0.8852,0.9566
500000.00,500000.00,493179.32,12,12,12,12,12,0.061647,0.8668,0.9528
500000.00,500000.00,356367.11,12,12,12,11,11,0.044546,0.8182,0.6519
500000.00,500000.00,502184.87,12,12,12,12,12,0.062773,0.9698,0.9910
500000.00,500000.00,501590.73,11,11,11,11,11,0.062699,0.9694,0.9895
500000.00,500000.00,524171.83,11,11,11,11,11,0.065521,0.8990,0.9465
500000.00,500000.00,501483.92,12,12,12,12,12,0.062685,0.9414,0.9347
500000.00,500000.00,501480.10,11,11,11,11,11,0.062685,0.7638,0.9528
500000.00,500000.00,500535.01,11,11,11,11,11,0.062567,0.9738,0.9722
500000.00,500000.00,493285.18,12,12,12,12,12,0.061661,0.9696,0.9655
500000.00,500000.00,501222.61,11,11,11,11,11,0.062653,0.9630,0.9785
500000.00,500000.00,503043.47,12,12,12,12,12,0.062880,0.9337,0.9847
500000.00,500000.00,497828.48,12,12,12,12,12,0.062229,0.9716,0.9798
500000.00,500000.00,506706.60,11,11,11,11,11,0.063338,0.9383,0.9846
500000.00,500000.00,508483.17,11,11,11,11,11,0.063560,0.9020,0.9594
500000.00,500000.00,497050.29,11,11,11,11,11,0.062131,0.8984,0.9851
500000.00,500000.00,492845.54,12,12,12,12,12,0.061606,0.9445,0.9841
500000.00,500000.00,495195.39,12,12,12,12,12,0.061899,0.9822,0.9817
500000.00,500000.00,487716.67,11,11,11,11,11,0.060965,0.9524,0.9706
500000.00,500000.00,573584.08,11,11,11,11,11,0.071698,0.9208,0.8629
500000.00,500000.00,502979.28,11,11,11,11,11,0.062872,0.9907,0.9907
500000.00,500000.00,507440.57,11,11,11,11,11,0.063430,0.9729,0.9665
500000.00,500000.00,500692.37,12,12,12,12,12,0.062587,0.9615,0.9885
500000.00,500000.00,503912.45,12,12,12,12,12,0.062989,0.8947,0.9231
500000.00,500000.00,500055.31,12,12,12,12,12,0.062507,0.9728,0.9862
500000.00,500000.00,502902.03,12,12,12,12,12,0.062863,0.9011,0.9757
500000.00,500000.00,493419.65,11,11,11,11,11,0.061677,0.9675,0.9778
500000.00,500000.00,506719.59,11,11,11,11,11,0.063340,0.9651,0.9847
500000.00,500000.00,499252.32,11,11,11,11,11,0.062407,0.9610,0.9580
500000.00,500000.00,507623.67,11,11,11,11,11,0.063453,0.9690,0.9716
500000.00,500000.00,501326.56,11,11,11,11,11,0.062666,0.9620,0.9853
500000.00,500000.00,502540.59,11,11,11,11,11,0.062818,0.9650,0.9802
500000.00,500000.00,480854.33,12,12,12,12,12,0.060107,0.9370,0.9583
500000.00,500000.00,466264.72,12,12,12,12,12,0.058283,0.9122,0.9274
500000.00,500000.00,505653.38,11,11,11,11,11,0.063207,0.9864,0.9871
500000.00,500000.00,501159.67,12,12,12,12,12,0.062645,0.9181,0.9795
500000.00,500000.00,493537.90,12,12,12,12,12,0.061692,0.9032,0.7538
500000.00,500000.00,501369.95,11,11,11,11,11,0.062671,0.8963,0.9912
500000.00,725000.00,252518.83,11,12,12,9,9,0.031565,0.8139,0.8688
500000.00,500000.00,492431.64,12,12,12,12,12,0.061554,0.9242,0.9547
500000.00,500000.00,501314.16,12,12,12,12,12,0.062664,0.7318,0.9262
500000.00,500000.00,499144.55,11,11,11,11,11,0.062393,0.9684,0.9932
500000.00,500000.00,498992.68,12,12,12,12,12,0.062374,0.9638,0.9770
500000.00,500000.00,504882.81,11,11,11,11,11,0.063110,0.9710,0.9778
500000.00,500000.00,499944.21,11,11,11,11,11,0.062493,0.9694,0.9919
500000.00,500000.00,500505.45,12,12,12,12,12,0.062563,0.9648,0.9904
500000.00,500000.00,509811.40,11,11,11,11,11,0.063726,0.9798,0.9702
500000.00,500000.00,503541.95,12,12,12,12,12,0.062943,0.9370,0.9433
500000.00,500000.00,502712.85,11,11,11,11,11,0.062839,0.9814,0.9734
500000.00,500000.00,495179.53,12,12,12,12,12,0.061897,0.9337,0.9884
500000.00,500000.00,488213.54,11,11,11,11,11,0.061027,0.8169,0.9317
500000.00,500000.00,500977.52,12,12,12,12,12,0.062622,0.9625,0.9892
500000.00,500000.00,489488.60,11,11,11,11,11,0.061186,0.9517,0.9613
500000.00,500000.00,505312.68,11,11,11,11,11,0.063164,0.9730,0.9808
500000.00,500000.00,499145.51,12,12,12,12,12,0.062393,0.9693,0.9713
500000.00,500000.00,499142.65,12,12,12,12,12,0.062393,0.9587,0.9895
500000.00,500000.00,490898.13,11,11,11,11,11,0.061362,0.9791,0.9616
500000.00,500000.00,504997.25,12,12,12,12,12,0.063125,0.9590,0.9798
500000.00,500000.00,504816.06,12,12,12,12,12,0.063102,0.9516,0.9852
500000.00,500000.00,490089.42,12,12,12,12,12,0.061261,0.9503,0.9688
500000.00,500000.00,497613.91,11,11,11,11,11,0.062202,0.9590,0.9936
500000.00,500000.00,497675.90,12,12,12,12,12,0.062209,0.7677,0.9735
500000.00,500000.00,504144.67,11,11,11,11,11,0.063018,0.9764,0.9871
500000.00,500000.00,271811.78,11,11,11,9,9,0.033976,0.9742,0.9075
500000.00,500000.00,511923.79,11,11,11,11,11,0.063990,0.9722,0.9709
500000.00,500000.00,425036.88,12,12,12,12,12,0.053130,0.9541,0.9747
500000.00,500000.00,497449.99,11,11,11,11,11,0.062181,0.9031,0.9801
500000.00,500000.00,489853.86,11,11,11,11,11,0.061232,0.9766,0.9414
500000.00,500000.00,499101.16,11,11,11,11,11,0.062388,0.9732,0.9902
500000.00,500000.00,507465.36,12,12,12,12,12,0.063433,0.9579,0.9820
500000.00,500000.00,498772.62,11,11,11,11,11,0.062347,0.9767,0.9877
500000.00,500000.00,494874.48,11,11,11,11,11,0.061859,0.9687,0.9789
500000.00,500000.00,500854.49,12,12,12,12,12,0.062607,0.9537,0.9658
500000.00,500000.00,498082.22,12,12,12,12,12,0.062260,0.8776,0.9944
500000.00,500000.00,498388.29,12,12,12,12,12,0.062299,0.9730,0.9864
500000.00,500000.00,493837.36,11,11,11,11,11,0.061730,0.9727,0.9834
500000.00,500000.00,500816.35,11,11,11,11,11,0.062602,0.9355,0.9672
500000.00,500000.00,501710.89,12,12,12,12,12,0.062714,0.9614,0.9900
500000.00,500000.00,499570.31,12,12,12,12,12,0.062446,0.9755,0.9885
500000.00,500000.00,519138.34,11,11,11,11,11,0.064892,0.8942,0.9620
500000.00,500000.00,501381.40,12,12,12,12,12,0.062673,0.9498,0.9318
500000.00,500000.00,503521.20,12,12,12,12,12,0.062940,0.9746,0.9737
500000.00,375000.00,492208.96,11,10,11,10,11,0.061526,0.9538,0.9746
500000.00,500000.00,193426.89,12,12,12,9,9,0.024178,0.9264,0.9009
500000.00,500000.00,493516.45,11,11,11,11,11,0.061690,0.8983,0.9811
500000.00,375000.00,491799.35,11,10,11,10,11,0.061475,0.8799,0.9648
500000.00,500000.00,505247.12,11,11,11,11,11,0.063156,0.9832,0.9888
500000.00,500000.00,501245.50,12,12,12,12,12,0.062656,0.9689,0.9753
500000.00,500000.00,501878.74,11,11,11,11,11,0.062735,0.9621,0.9869
500000.00,500000.00,504914.28,12,12,12,12,12,0.063114,0.9796,0.9803
500000.00,375000.00,416161.18,11,10,10,10,10,0.052020,0.7575,0.8044
500000.00,500000.00,506561.28,11,11,11,11,11,0.063320,0.7080,0.8417
500000.00,500000.00,505059.48,11,11,11,11,11,0.063132,0.9790,0.9822
500000.00,500000.00,486629.49,12,12,12,12,12,0.060829,0.9745,0.9614
500000.00,500000.00,501484.87,11,11,11,11,11,0.062686,0.9737,0.9938
500000.00,500000.00,506883.62,12,12,12,12,12,0.063360,0.9825,0.9842
500000.00,500000.00,545090.20,12,12,12,12,12,0.068136,0.9703,0.9141
500000.00,500000.00,508811.95,12,12,12,12,12,0.063601,0.9501,0.9585
500000.00,500000.00,500925.06,11,11,11,11,11,0.062616,0.9060,0.9705
500000.00,500000.00,503417.49,12,12,12,12,12,0.062927,0.9434,0.9672
500000.00,500000.00,496858.60,12,12,12,12,12,0.062107,0.8532,0.7340
500000.00,500000.00,502464.29,11,11,11,11,11,0.062808,0.7732,0.9763
500000.00,500000.00,500469.21,11,11,11,11,11,0.062559,0.9830,0.9940
500000.00,500000.00,500624.66,11,11,11,11,11,0.062578,0.9768,0.9424
500000.00,500000.00,503458.02,11,11,11,11,11,0.062932,0.9699,0.9797
500000.00,500000.00,518921.85,12,12,12,12,12,0.064865,0.9601,0.9594
500000.00,500000.00,488821.03,11,11,11,11,11,0.061103,0.9417,0.9703
500000.00,500000.00,503454.21,12,12,12,12,12,0.062932,0.9612,0.9829
500000.00,500000.00,516548.16,11,11,11,11,11,0.064569,0.7505,0.9607
500000.00,500000.00,497060.78,11,11,11,11,11,0.062133,0.9827,0.9651
500000.00,500000.00,505233.76,12,12,12,12,12,0.063154,0.9641,0.9714
500000.00,500000.00,505007.27,12,12,12,12,12,0.063126,0.9338,0.9844
500000.00,500000.00,496757.98,11,11,11,11,11,0.062095,0.9826,0.9629
500000.00,500000.00,505290.99,11,11,11,11,11,0.063161,0.9607,0.9824
500000.00,500000.00,496372.22,12,12,12,12,12,0.062047,0.9639,0.9845
500000.00,500000.00,518390.66,12,12,12,12,12,0.064799,0.9383,0.9506
500000.00,500000.00,505069.73,12,12,12,12,12,0.063134,0.9297,0.9119
500000.00,500000.00,503516.20,12,12,12,12,12,0.062940,0.9199,0.9799
500000.00,500000.00,493391.04,11,11,11,11,11,0.061674,0.9862,0.9451
500000.00,500000.00,503733.63,11,11,11,11,11,0.062967,0.9756,0.9825
500000.00,500000.00,503355.03,11,11,11,11,11,0.062919,0.9166,0.9889
500000.00,500000.00,503575.33,12,12,12,12,12,0.062947,0.7361,0.9701
500000.00,500000.00,411632.66,11,11,11,10,10,0.051454,0.8145,0.9515
500000.00,500000.00,501451.49,11,11,11,11,11,0.062681,0.9769,0.9663
500000.00,500000.00,488554.00,11,11,11,11,11,0.061069,0.9491,0.9739
500000.00,500000.00,505962.37,12,12,12,12,12,0.063245,0.9432,0.9847
500000.00,500000.00,483705.04,11,11,11,11,11,0.060463,0.9162,0.9569
500000.00,500000.00,494411.47,12,12,12,12,12,0.061801,0.9691,0.9847
500000.00,500000.00,502734.07,11,11,11,11,11,0.062842,0.9447,0.9873
500000.00,500000.00,510170.04,12,12,12,12,12,0.063771,0.9485,0.9517
500000.00,500000.00,494915.01,11,11,11,11,11,0.061864,0.9413,0.9799
500000.00,500000.00,514908.79,12,12,12,12,12,0.064364,0.9186,0.9525
500000.00,500000.00,506159.31,11,11,11,11,11,0.063270,0.9747,0.9833
500000.00,500000.00,509223.94,11,11,11,11,11,0.063653,0.9828,0.9780
500000.00,500000.00,504897.12,11,11,11,11,11,0.063112,0.9800,0.9670
500000.00,500000.00,502446.12,12,12,12,12,12,0.062806,0.9765,0.9875
500000.00,500000.00,499473.09,12,12,12,12,12,0.062434,0.9748,0.9853
500000.00,500000.00,507633.69,12,12,12,12,12,0.063454,0.9486,0.9685
500000.00,500000.00,503945.35,11,11,11,11,11,0.062993,0.9166,0.9264
500000.00,500000.00,539734.84,11,11,11,11,11,0.067467,0.7351,0.9250
500000.00,500000.00,501407.62,12,12,12,12,12,0.062676,0.9446,0.9519
500000.00,500000.00,515480.04,12,12,12,12,12,0.064435,0.9221,0.9116
500000.00,500000.00,525280.95,11,11,11,11,11,0.065660,0.9349,0.9288
500000.00,500000.00,516882.90,12,12,12,12,12,0.064610,0.9183,0.9639
500000.00,500000.00,501045.23,12,12,12,12,12,0.062631,0.8967,0.9776
500000.00,500000.00,501376.39,11,11,11,11,11,0.062672,0.9792,0.9928
500000.00,500000.00,495411.87,12,12,12,12,12,0.061926,0.9751,0.9867
500000.00,500000.00,495556.83,12,12,12,12,12,0.061945,0.9670,0.9604
500000.00,500000.00,462571.14,12,12,12,12,12,0.057821,0.9156,0.9005
500000.00,500000.00,492340.09,11,11,11,11,11,0.061543,0.9141,0.9794
500000.00,500000.00,494285.58,12,12,12,12,12,0.061786,0.9670,0.9743
500000.00,500000.00,517727.85,11,11,11,11,11,0.064716,0.8262,0.9070
500000.00,500000.00,501775.74,11,11,11,11,11,0.062722,0.9746,0.9713
500000.00,500000.00,507467.27,12,12,12,12,12,0.063433,0.9692,0.9668
500000.00,500000.00,504530.43,12,12,12,12,12,0.063066,0.9664,0.9822
500000.00,500000.00,504522.32,11,11,11,11,11,0.063065,0.9559,0.9783
500000.00,500000.00,497468.32,12,12,12,12,12,0.062184,0.9534,0.9576
500000.00,500000.00,548686.98,12,12,12,12,12,0.068586,0.7936,0.8996
500000.00,500000.00,498355.15,12,12,12,12,12,0.062294,0.9825,0.9843
500000.00,500000.00,504404.07,12,12,12,12,12,0.063051,0.9766,0.9783
500000.00,375000.00,477703.57,11,10,11,10,11,0.059713,0.7701,0.9237
500000.00,500000.00,490318.30,12,12,12,12,12,0.061290,0.9829,0.9732
500000.00,500000.00,516656.88,11,11,11,11,11,0.064582,0.9622,0.9618
500000.00,500000.00,498121.26,11,11,11,11,11,0.062265,0.9539,0.9748
500000.00,500000.00,502570.15,11,11,11,11,11,0.062821,0.9525,0.9203
500000.00,500000.00,486419.68,12,12,12,12,12,0.060802,0.9496,0.9626
500000.00,500000.00,507296.86,12,12,12,12,12,0.063412,0.9815,0.9817
500000.00,500000.00,502161.98,11,11,11,11,11,0.062770,0.9807,0.9953
500000.00,500000.00,503271.10,11,11,11,11,11,0.062909,0.9632,0.9817
500000.00,500000.00,500260.35,11,11,11,11,11,0.062533,0.9821,0.9950
500000.00,500000.00,499139.90,11,11,11,11,11,0.062392,0.9845,0.9960
500000.00,500000.00,497156.14,12,12,12,12,12,0.062145,0.9737,0.9834
500000.00,500000.00,509954.45,11,11,11,11,11,0.063744,0.9673,0.9773
500000.00,500000.00,501845.36,12,12,12,12,12,0.062731,0.9428,0.9821
500000.00,500000.00,502534.87,11,11,11,11,11,0.062817,0.8365,0.6772
500000.00,500000.00,507455.83,11,11,11,11,11,0.063432,0.8259,0.9153
500000.00,500000.00,502050.40,12,12,12,12,12,0.062756,0.9688,0.9697
500000.00,500000.00,506707.19,12,12,12,12,12,0.063338,0.9676,0.9671
500000.00,500000.00,475793.84,11,11,11,11,11,0.059474,0.9289,0.9353
500000.00,500000.00,429983.14,11,11,11,11,11,0.053748,0.8528,0.6753
500000.00,500000.00,504320.14,12,12,12,12,12,0.063040,0.9681,0.9751
500000.00,500000.00,500116.35,11,11,11,11,11,0.062515,0.9625,0.9929
500000.00,500000.00,498327.26,12,12,12,12,12,0.062291,0.9595,0.9764
500000.00,500000.00,478921.41,12,12,12,12,12,0.059865,0.9465,0.9556
500000.00,500000.00,530837.06,12,12,12,12,12,0.066355,0.8920,0.8393
500000.00,500000.00,496967.32,11,11,11,11,11,0.062121,0.9782,0.9937
500000.00,500000.00,507754.39,12,12,12,12,12,0.063469,0.9674,0.9672
500000.00,500000.00,502791.40,12,12,12,12,12,0.062849,0.9651,0.9676
500000.00,500000.00,500677.11,12,12,12,12,12,0.062585,0.9622,0.9613
500000.00,500000.00,507714.27,11,11,11,11,11,0.063464,0.9387,0.9796
500000.00,500000.00,148260.74,11,11,11,7,7,0.018533,0.8717,0.8156
500000.00,500000.00,486989.97,12,12,12,12,12,0.060874,0.8630,0.6566
500000.00,500000.00,497460.37,12,12,12,12,12,0.062183,0.7925,0.9876
500000.00,500000.00,496757.03,11,11,11,11,11,0.062095,0.9417,0.9766
500000.00,375000.00,520767.21,11,10,11,10,11,0.065096,0.8950,0.9058
500000.00,500000.00,501828.43,11,11,11,11,11,0.062729,0.9873,0.9928
500000.00,500000.00,507864.95,11,11,11,11,11,0.063483,0.9845,0.9711
500000.00,500000.00,502279.28,12,12,12,12,12,0.062785,0.9532,0.9197
500000.00,500000.00,511680.60,11,11,11,11,11,0.063960,0.9478,0.9748
500000.00,500000.00,500720.98,12,12,12,12,12,0.062590,0.9354,0.9753
500000.00,500000.00,505517.48,11,11,11,11,11,0.063190,0.8116,0.8924
500000.00,500000.00,497130.39,11,11,11,11,11,0.062141,0.9500,0.9824
500000.00,500000.00,497061.04,12,12,12,12,12,0.062133,0.9029,0.8948
500000.00,500000.00,499839.19,11,11,11,11,11,0.062480,0.9875,0.9864
500000.00,500000.00,319020.03,12,12,12,11,11,0.039878,0.9461,0.9408
500000.00,500000.00,508604.05,11,11,11,11,11,0.063576,0.9381,0.9785
500000.00,500000.00,197737.49,11,11,11,8,8,0.024717,0.7177,0.8383
500000.00,500000.00,500472.55,12,12,12,12,12,0.062559,0.9746,0.9767
500000.00,500000.00,505742.07,11,11,11,11,11,0.063218,0.9638,0.9826
500000.00,500000.00,498897.08,12,12,12,12,12,0.062362,0.9699,0.9841
500000.00,500000.00,505969.05,12,12,12,12,12,0.063246,0.9616,0.9615
500000.00,500000.00,498554.23,11,11,11,11,11,0.062319,0.9239,0.9742
500000.00,375000.00,487192.15,11,10,11,10,11,0.060899,0.8189,0.9634
500000.00,500000.00,506682.40,12,12,12,12,12,0.063335,0.9640,0.9829
500000.00,500000.00,498258.59,12,12,12,12,12,0.062282,0.9713,0.9709
500000.00,375000.00,506490.71,11,10,11,10,11,0.063311,0.9610,0.8609
500000.00,500000.00,494122.51,11,11,11,11,11,0.061765,0.9081,0.9783
500000.00,500000.00,498899.46,11,11,11,11,11,0.062362,0.8967,0.9714
500000.00,375000.00,481191.64,11,10,11,10,11,0.060149,0.7888,0.9510
500000.00,500000.00,492176.06,11,11,11,11,11,0.061522,0.7177,0.9771
500000.00,500000.00,510150.91,12,12,12,12,12,0.063769,0.9700,0.9775
500000.00,500000.00,507088.42,11,11,11,11,11,0.063386,0.9172,0.9254
500000.00,500000.00,505315.78,11,11,11,11,11,0.063164,0.9857,0.9859
500000.00,500000.00,495267.39,11,11,11,11,11,0.061908,0.9647,0.9623
500000.00,500000.00,536528.59,12,12,12,12,12,0.067066,0.9610,0.9281
500000.00,500000.00,500204.09,11,11,11,11,11,0.062526,0.9530,0.9848
500000.00,500000.00,502985.00,12,12,12,12,12,0.062873,0.9266,0.9195
500000.00,500000.00,503578.19,12,12,12,12,12,0.062947,0.8761,0.9305
500000.00,500000.00,489140.51,11,11,11,11,11,0.061143,0.9487,0.9689
500000.00,500000.00,504287.72,11,11,11,11,11,0.063036,0.9695,0.9833
500000.00,500000.00,503608.70,12,12,12,12,12,0.062951,0.9694,0.9874
500000.00,500000.00,501286.51,12,12,12,12,12,0.062661,0.9048,0.9566
500000.00,500000.00,481190.20,12,12,12,12,12,0.060149,0.9020,0.9594
500000.00,500000.00,504467.01,11,11,11,11,11,0.063058,0.9825,0.9894
500000.00,500000.00,501100.54,11,11,11,11,11,0.062638,0.9755,0.9503
500000.00,500000.00,507390.02,11,11,11,11,11,0.063424,0.9566,0.9812
500000.00,500000.00,501379.01,12,12,12,12,12,0.062672,0.9407,0.9949
500000.00,500000.00,501770.97,11,11,11,11,11,0.062721,0.9719,0.9935
500000.00,500000.00,504009.25,12,12,12,12,12,0.063001,0.9649,0.9824
500000.00,500000.00,508589.74,12,12,12,12,12,0.063574,0.9566,0.9668
500000.00,500000.00,496168.14,12,12,12,12,12,0.062021,0.9286,0.9454
500000.00,500000.00,506646.63,12,12,12,12,12,0.063331,0.7274,0.9438
500000.00,500000.00,501409.53,12,12,12,12,12,0.062676,0.9736,0.9884
500000.00,500000.00,509201.05,11,11,11,11,11,0.063650,0.9616,0.8796
500000.00,500000.00,507582.66,11,11,11,11,11,0.063448,0.9383,0.8698
500000.00,500000.00,508350.85,12,12,12,12,12,0.063544,0.9624,0.9804
500000.00,375000.00,499773.03,11,10,11,10,11,0.062472,0.9492,0.9626
500000.00,375000.00,519732.48,11,10,11,10,11,0.064967,0.9411,0.9448
500000.00,500000.00,493344.31,12,12,12,12,12,0.061668,0.9728,0.9706
500000.00,500000.00,499935.51,11,11,11,11,11,0.062492,0.9696,0.9938
500000.00,500000.00,505283.36,11,11,11,11,11,0.063160,0.9653,0.9806
500000.00,500000.00,544391.63,12,12,12,12,12,0.068049,0.9471,0.9141
500000.00,500000.00,500415.80,12,12,12,12,12,0.062552,0.9231,0.9756
500000.00,500000.00,520570.76,11,11,11,11,11,0.065071,0.8145,0.9451
500000.00,500000.00,444761.99,11,11,11,11,11,0.055595,0.7154,0.8651
500000.00,500000.00,500949.62,12,12,12,12,12,0.062619,0.9750,0.9948
500000.00,500000.00,507255.55,11,11,11,11,11,0.063407,0.9673,0.9030
500000.00,500000.00,465766.91,12,12,12,12,12,0.058221,0.9254,0.8733
500000.00,500000.00,149809.24,12,12,12,9,9,0.018726,0.8959,0.7058
500000.00,500000.00,492687.23,11,11,11,11,11,0.061586,0.9671,0.9800
500000.00,500000.00,499366.76,12,12,12,12,12,0.062421,0.8637,0.9879
500000.00,375000.00,506347.89,11,10,11,10,11,0.063293,0.7415,0.9379
500000.00,500000.00,504058.84,12,12,12,12,12,0.063007,0.7394,0.9699
500000.00,500000.00,504474.64,11,11,11,11,11,0.063059,0.9797,0.9855
500000.00,500000.00,501916.89,11,11,11,11,11,0.062740,0.9665,0.9808
500000.00,500000.00,530675.89,12,12,12,12,12,0.066334,0.9275,0.9373
500000.00,500000.00,502536.77,11,11,11,11,11,0.062817,0.8421,0.9536
500000.00,500000.00,496454.24,12,12,12,12,12,0.062057,0.9677,0.9856
500000.00,500000.00,510388.37,12,12,12,12,12,0.063799,0.9676,0.9695
500000.00,500000.00,492114.07,12,12,12,12,12,0.061514,0.9403,0.9629
500000.00,500000.00,496580.12,12,12,12,12,12,0.062073,0.9673,0.9775
500000.00,500000.00,497873.31,11,11,11,11,11,0.062234,0.9550,0.9770
500000.00,500000.00,500062.47,11,11,11,11,11,0.062508,0.9549,0.9791
500000.00,500000.00,496648.79,12,12,12,12,12,0.062081,0.9465,0.9778
500000.00,500000.00,490179.06,12,12,12,12,12,0.061272,0.9159,0.9759
500000.00,500000.00,502449.99,12,12,12,12,12,0.062806,0.9784,0.9826
500000.00,500000.00,502445.22,11,11,11,11,11,0.062806,0.9771,0.9923
500000.00,500000.00,496068.00,12,12,12,12,12,0.062009,0.9614,0.9821
500000.00,500000.00,498357.77,12,12,12,12,12,0.062295,0.9646,0.9908
500000.00,500000.00,424457.76,12,12,12,12,12,0.053057,0.9215,0.9420
500000.00,500000.00,489095.69,11,11,11,11,11,0.061137,0.8924,0.9078
500000.00,375000.00,492692.95,11,10,11,10,11,0.061587,0.8037,0.9630
500000.00,500000.00,493942.38,11,11,11,11,11,0.061743,0.9762,0.9872
500000.00,500000.00,498640.06,11,11,11,11,11,0.062330,0.9716,0.9700
500000.00,500000.00,504633.90,11,11,11,11,11,0.063079,0.9543,0.9871
500000.00,500000.00,510398.98,12,12,12,12,12,0.063800,0.9724,0.9765
500000.00,500000.00,509392.86,12,12,12,12,12,0.063674,0.9569,0.9794
500000.00,500000.00,505861.28,11,11,11,11,11,0.063233,0.9654,0.9758
500000.00,500000.00,497468.95,12,12,12,12,12,0.062184,0.9548,0.9910
500000.00,500000.00,479599.48,12,12,12,12,12,0.059950,0.9110,0.8873
500000.00,500000.00,458034.04,11,11,11,11,11,0.057254,0.8344,0.5285
500000.00,500000.00,496375.98,11,11,11,11,11,0.062047,0.7076,0.9679
500000.00,500000.00,500988.01,11,11,11,11,11,0.062624,0.9896,0.9896
500000.00,500000.00,500592.23,11,11,11,11,11,0.062574,0.9602,0.9947
500000.00,500000.00,517392.16,11,11,11,11,11,0.064674,0.9394,0.9606
500000.00,500000.00,530499.22,12,12,12,12,12,0.066312,0.7588,0.8780
500000.00,500000.00,502674.10,11,11,11,11,11,0.062834,0.9739,0.9892
500000.00,500000.00,507121.09,12,12,12,12,12,0.063390,0.9720,0.9814
500000.00,500000.00,496725.08,12,12,12,12,12,0.062091,0.9613,0.9814
500000.00,500000.00,493620.87,12,12,12,12,12,0.061703,0.9460,0.9811
500000.00,500000.00,465742.11,12,12,12,12,12,0.058218,0.9388,0.9265
500000.00,500000.00,493452.55,11,11,11,11,11,0.061682,0.9132,0.9687
500000.00,500000.00,491357.68,12,12,12,12,12,0.061420,0.9058,0.8871
500000.00,500000.00,496681.21,11,11,11,11,11,0.062085,0.9317,0.6494
500000.00,500000.00,503594.04,12,12,12,12,12,0.062949,0.8056,0.8726
500000.00,500000.00,281015.52,12,12,12,10,10,0.035127,0.7515,0.8844
500000.00,500000.00,510290.15,11,11,11,11,11,0.063786,0.9553,0.9733
500000.00,500000.00,499505.04,11,11,11,11,11,0.062438,0.9661,0.9948
500000.00,500000.00,504019.74,11,11,11,11,11,0.063002,0.9530,0.9784
500000.00,500000.00,499673.84,12,12,12,12,12,0.062459,0.9337,0.9333
500000.00,500000.00,502618.79,12,12,12,12,12,0.062827,0.9733,0.9928
500000.00,500000.00,505059.24,11,11,11,11,11,0.063132,0.9676,0.9629
500000.00,500000.00,503245.71,12,12,12,12,12,0.062906,0.9573,0.9881
500000.00,500000.00,502098.08,12,12,12,12,12,0.062762,0.9695,0.9939
500000.00,500000.00,506572.72,11,11,11,11,11,0.063322,0.9643,0.9802
500000.00,500000.00,500430.82,11,11,11,11,11,0.062554,0.9790,0.9791
500000.00,500000.00,563832.76,11,11,11,11,11,0.070479,0.9476,0.8522
500000.00,500000.00,526977.06,11,11,11,11,11,0.065872,0.8130,0.9484
500000.00,500000.00,498238.33,12,12,12,12,12,0.062280,0.9612,0.9872
500000.00,500000.00,507431.27,12,12,12,12,12,0.063429,0.9583,0.9214
500000.00,500000.00,513738.63,12,12,12,12,12,0.064217,0.9158,0.8045
500000.00,500000.00,502987.38,12,12,12,12,12,0.062873,0.9790,0.9850
500000.00,500000.00,497483.25,12,12,12,12,12,0.062185,0.9674,0.9908
500000.00,500000.00,496638.54,12,12,12,12,12,0.062080,0.9380,0.9831
500000.00,500000.00,497554.36,11,11,11,11,11,0.062194,0.9013,0.9631
500000.00,500000.00,494228.36,11,11,11,11,11,0.061779,0.7004,0.9318
500000.00,500000.00,492767.33,11,11,11,11,11,0.061596,0.9041,0.9814
500000.00,500000.00,503017.43,12,12,12,12,12,0.062877,0.8885,0.9873
500000.00,500000.00,444591.52,11,11,11,11,11,0.055574,0.9549,0.8518
500000.00,500000.00,512004.85,12,12,12,12,12,0.064001,0.9724,0.9651
500000.00,375000.00,480978.49,11,10,11,10,11,0.060122,0.9519,0.9528
500000.00,500000.00,496158.60,12,12,12,12,12,0.062020,0.9495,0.9691
500000.00,375000.00,506619.45,11,10,11,10,11,0.063327,0.8051,0.9603
500000.00,500000.00,507943.15,12,12,12,12,12,0.063493,0.7668,0.9071
500000.00,500000.00,507347.11,11,11,11,11,11,0.063418,0.9802,0.9776
500000.00,500000.00,517568.59,11,11,11,11,11,0.064696,0.9578,0.9492
500000.00,500000.00,498658.42,12,12,12,12,12,0.062332,0.9361,0.9628
500000.00,500000.00,503965.38,11,11,11,11,11,0.062996,0.7580,0.9685
500000.00,500000.00,570280.55,12,12,12,12,12,0.071285,0.9346,0.8287
500000.00,500000.00,500634.19,12,12,12,12,12,0.062579,0.8466,0.9302
500000.00,500000.00,360609.35,11,11,11,10,10,0.045076,0.9876,0.9465
500000.00,500000.00,500209.81,11,11,11,11,11,0.062526,0.9775,0.9828
500000.00,500000.00,501177.79,12,12,12,12,12,0.062647,0.9691,0.9872
500000.00,500000.00,504223.82,12,12,12,12,12,0.063028,0.8571,0.9255
500000.00,500000.00,407022.48,12,12,12,11,11,0.050878,0.9141,0.7918
500000.00,375000.00,449386.84,11,10,11,10,11,0.056173,0.9118,0.8750
500000.00,375000.00,420608.40,11,10,10,10,10,0.052576,0.8281,0.8062
500000.00,500000.00,495364.43,12,12,12,12,12,0.061921,0.9634,0.9865
500000.00,500000.00,503515.24,12,12,12,12,12,0.062939,0.9779,0.9929
500000.00,500000.00,504867.55,11,11,11,11,11,0.063108,0.9370,0.9713
500000.00,500000.00,501243.59,11,11,11,11,11,0.062655,0.9498,0.9935
500000.00,500000.00,502002.72,11,11,11,11,11,0.062750,0.9809,0.9952
500000.00,500000.00,499509.81,12,12,12,12,12,0.062439,0.9754,0.9864
500000.00,500000.00,501747.13,12,12,12,12,12,0.062718,0.9600,0.9790
500000.00,500000.00,506431.58,11,11,11,11,11,0.063304,0.9880,0.9836
500000.00,500000.00,507308.96,12,12,12,12,12,0.063414,0.9704,0.9759
500000.00,500000.00,490911.48,11,11,11,11,11,0.061364,0.9489,0.9811
500000.00,500000.00,484024.17,12,12,12,12,12,0.060503,0.8858,0.9513
500000.00,500000.00,501874.92,12,12,12,12,12,0.062734,0.9865,0.9887
500000.00,500000.00,501645.09,12,12,12,12,12,0.062706,0.9742,0.9888
500000.00,500000.00,505185.84,12,12,12,12,12,0.063148,0.9519,0.9675
500000.00,500000.00,493718.56,11,11,11,11,11,0.061715,0.8029,0.9742
500000.00,500000.00,501966.00,12,12,12,12,12,0.062746,0.9766,0.9953
500000.00,500000.00,503005.98,12,12,12,12,12,0.062876,0.9569,0.9851
500000.00,500000.00,503865.24,11,11,11,11,11,0.062983,0.9875,0.9785
500000.00,500000.00,498766.90,12,12,12,12,12,0.062346,0.9591,0.9927
500000.00,500000.00,497284.20,12,12,12,12,12,0.062161,0.9350,0.9318
500000.00,500000.00,457845.18,11,11,11,11,11,0.057231,0.9135,0.9420
500000.00,500000.00,483826.64,12,12,12,12,12,0.060478,0.9576,0.9264
500000.00,500000.00,512281.42,11,11,11,11,11,0.064035,0.7884,0.9721
500000.00,500000.00,496167.18,11,11,11,11,11,0.062021,0.9720,0.9832
500000.00,500000.00,133058.32,11,11,11,7,7,0.016632,0.8880,0.8353
500000.00,500000.00,477070.81,12,12,12,12,12,0.059634,0.9663,0.9451
500000.00,500000.00,497246.74,12,12,12,12,12,0.062156,0.9488,0.9751
500000.00,500000.00,501800.54,11,11,11,11,11,0.062725,0.9383,0.9905
500000.00,500000.00,531748.77,12,12,12,12,12,0.066469,0.9259,0.8847
500000.00,500000.00,454046.96,12,12,12,12,12,0.056756,0.7462,0.8564
500000.00,500000.00,509840.01,11,11,11,11,11,0.063730,0.9776,0.9771
500000.00,500000.00,504306.79,12,12,12,12,12,0.063038,0.9387,0.9614
500000.00,500000.00,503843.31,12,12,12,12,12,0.062980,0.9347,0.9310
500000.00,500000.00,457653.05,12,12,12,12,12,0.057207,0.9786,0.9039
500000.00,500000.00,498170.85,12,12,12,12,12,0.062271,0.9675,0.9817
500000.00,500000.00,500580.79,11,11,11,11,11,0.062573,0.9674,0.9889
500000.00,500000.00,505377.77,11,11,11,11,11,0.063172,0.9558,0.9280
500000.00,500000.00,456072.81,12,12,12,12,12,0.057009,0.9142,0.8319
500000.00,500000.00,469956.40,11,11,11,11,11,0.058745,0.8057,0.8847
500000.00,500000.00,501134.87,12,12,12,12,12,0.062642,0.9659,0.9205
500000.00,375000.00,506584.17,11,11,12,11,12,0.063323,0.8393,0.8974
500000.00,500000.00,503414.15,11,11,11,11,11,0.062927,0.9822,0.9910
500000.00,500000.00,500236.51,11,11,11,11,11,0.062530,0.9716,0.9814
500000.00,500000.00,506722.93,12,12,12,12,12,0.063340,0.9672,0.9784
500000.00,500000.00,502152.44,11,11,11,11,11,0.062769,0.9535,0.9907
500000.00,500000.00,501260.76,12,12,12,12,12,0.062658,0.9457,0.9842
500000.00,500000.00,500030.52,12,12,12,12,12,0.062504,0.9341,0.9899
500000.00,500000.00,499415.40,11,11,11,11,11,0.062427,0.9598,0.9686
500000.00,500000.00,501045.23,11,11,11,11,11,0.062631,0.9535,0.9823
500000.00,500000.00,500515.10,11,11,11,11,11,0.062564,0.9801,0.9917
500000.00,500000.00,485944.75,12,12,12,12,12,0.060743,0.9560,0.9662
500000.00,500000.00,521740.91,12,12,12,12,12,0.065218,0.9437,0.9476
500000.00,500000.00,505235.67,11,11,11,11,11,0.063154,0.9651,0.9855
500000.00,500000.00,493990.90,12,12,12,12,12,0.061749,0.9619,0.9817
500000.00,500000.00,504603.39,12,12,12,12,12,0.063075,0.9563,0.9877
500000.00,500000.00,462269.66,12,12,12,12,12,0.057784,0.9612,0.9101
500000.00,375000.00,369205.47,11,10,10,10,10,0.046151,0.9295,0.7303
500000.00,500000.00,518999.10,12,12,12,12,12,0.064875,0.9706,0.9535
500000.00,500000.00,496011.73,12,12,12,12,12,0.062001,0.9596,0.9896
500000.00,500000.00,503515.24,11,11,11,11,11,0.062939,0.8769,0.9105
500000.00,500000.00,498785.97,12,12,12,12,12,0.062348,0.8577,0.9496
500000.00,500000.00,466392.52,12,12,12,12,12,0.058299,0.7854,0.5684
500000.00,500000.00,467471.72,11,11,11,11,11,0.058434,0.7171,0.9305
500000.00,500000.00,499166.49,11,11,11,11,11,0.062396,0.9831,0.9746
500000.00,500000.00,498998.64,12,12,12,12,12,0.062375,0.9521,0.9816
500000.00,500000.00,515207.29,12,12,12,12,12,0.064401,0.9283,0.9678
500000.00,500000.00,509511.95,11,11,11,11,11,0.063689,0.9853,0.9577
500000.00,500000.00,519220.35,12,12,12,12,12,0.064903,0.9434,0.9506
500000.00,500000.00,497090.34,11,11,11,11,11,0.062136,0.9811,0.9928
500000.00,500000.00,507710.46,11,11,11,11,11,0.063464,0.9782,0.9825
500000.00,500000.00,505272.87,12,12,12,12,12,0.063159,0.9771,0.9843
500000.00,500000.00,498795.99,12,12,12,12,12,0.062349,0.9711,0.9898
500000.00,500000.00,510743.80,12,12,12,12,12,0.063843,0.9618,0.9776
500000.00,500000.00,501594.54,12,12,12,12,12,0.062699,0.9577,0.9754
500000.00,500000.00,495889.66,12,12,12,12,12,0.061986,0.9725,0.9702
500000.00,500000.00,498782.10,12,12,12,12,12,0.062348,0.9633,0.9684
500000.00,500000.00,499643.33,11,11,11,11,11,0.062455,0.9531,0.9625
500000.00,500000.00,499522.21,12,12,12,12,12,0.062440,0.9524,0.9869
500000.00,500000.00,494953.16,11,11,11,11,11,0.061869,0.9094,0.9823
500000.00,500000.00,515504.84,12,12,12,12,12,0.064438,0.9556,0.9661
500000.00,375000.00,513196.95,11,10,11,10,11,0.064150,0.9096,0.9572
500000.00,500000.00,501063.35,12,12,12,12,12,0.062633,0.7397,0.9825
500000.00,500000.00,496852.87,12,12,12,12,12,0.062107,0.9548,0.9905
500000.00,500000.00,495828.63,12,12,12,12,12,0.061979,0.9002,0.6772
500000.00,725000.00,616628.17,11,11,11,11,11,0.077079,0.8419,0.6698
500000.00,375000.00,504041.67,11,10,11,10,11,0.063005,0.7298,0.9891
500000.00,500000.00,515438.08,12,12,12,12,12,0.064430,0.9639,0.9546
500000.00,500000.00,498792.65,12,12,12,12,12,0.062349,0.9491,0.9226
500000.00,500000.00,498008.73,11,11,11,11,11,0.062251,0.9459,0.9878
500000.00,500000.00,493728.64,12,12,12,12,12,0.061716,0.9373,0.9798
500000.00,500000.00,502900.12,12,12,12,12,12,0.062863,0.8069,0.9315
500000.00,500000.00,503114.70,12,12,12,12,12,0.062889,0.9627,0.9752
500000.00,500000.00,503607.75,11,11,11,11,11,0.062951,0.9587,0.9904
500000.00,500000.00,501815.32,12,12,12,12,12,0.062727,0.9553,0.9921
500000.00,500000.00,486536.03,11,11,11,11,11,0.060817,0.7977,0.9547
500000.00,500000.00,502326.01,11,11,11,11,11,0.062791,0.9720,0.9850
500000.00,500000.00,487077.71,11,11,11,11,11,0.060885,0.9158,0.9454
500000.00,500000.00,421337.13,12,12,12,12,12,0.052667,0.7046,0.8243
500000.00,500000.00,501627.92,12,12,12,12,12,0.062703,0.9818,0.9796
500000.00,500000.00,502538.68,11,11,11,11,11,0.062817,0.9763,0.9878
500000.00,500000.00,503624.92,11,11,11,11,11,0.062953,0.9611,0.9908
500000.00,500000.00,498169.78,12,12,12,12,12,0.062271,0.9516,0.6590
500000.00,500000.00,496553.42,12,12,12,12,12,0.062069,0.9638,0.9897
500000.00,500000.00,500360.49,11,11,11,11,11,0.062545,0.9595,0.9837
500000.00,500000.00,496582.03,12,12,12,12,12,0.062073,0.9517,0.9822
500000.00,500000.00,517019.27,12,12,12,12,12,0.064627,0.9465,0.9564
500000.00,500000.00,506183.62,11,11,11,11,11,0.063273,0.9711,0.9844
500000.00,500000.00,471776.01,12,12,12,12,12,0.058972,0.9318,0.9354
500000.00,500000.00,502836.23,11,11,11,11,11,0.062855,0.9104,0.7880
500000.00,500000.00,500898.36,12,12,12,12,12,0.062612,0.8345,0.6157
500000.00,500000.00,504614.35,12,12,12,12,12,0.063077,0.9710,0.9665
500000.00,500000.00,500880.00,11,11,11,11,11,0.062610,0.9703,0.9703
500000.00,375000.00,509445.19,11,10,11,10,11,0.063681,0.9275,0.9695
500000.00,500000.00,506511.69,12,12,12,12,12,0.063314,0.9255,0.9786
500000.00,500000.00,491361.62,12,12,12,12,12,0.061420,0.8245,0.9725
500000.00,500000.00,498675.35,12,12,12,12,12,0.062334,0.9718,0.9770
500000.00,500000.00,492243.29,12,12,12,12,12,0.061530,0.9573,0.9808
500000.00,500000.00,498594.76,12,12,12,12,12,0.062324,0.9463,0.9854
500000.00,500000.00,508550.64,11,11,11,11,11,0.063569,0.7128,0.9784
500000.00,500000.00,504968.64,11,11,11,11,11,0.063121,0.9602,0.9855
500000.00,500000.00,543664.93,12,12,12,12,12,0.067958,0.9226,0.8964
500000.00,500000.00,504399.06,11,11,11,11,11,0.063050,0.9852,0.9715
500000.00,500000.00,497260.03,12,12,12,12,12,0.062158,0.9821,0.9877
500000.00,500000.00,498090.74,11,11,11,11,11,0.062261,0.9795,0.9931
500000.00,500000.00,496664.05,11,11,11,11,11,0.062083,0.9707,0.9827
500000.00,500000.00,438198.09,12,12,12,12,12,0.054775,0.9074,0.8458
500000.00,500000.00,531176.57,11,11,11,11,11,0.066397,0.8683,0.9321
500000.00,375000.00,486505.51,11,10,11,10,11,0.060813,0.9489,0.9539
500000.00,375000.00,504309.65,11,10,11,10,11,0.063039,0.8495,0.9667
500000.00,500000.00,505005.84,11,11,11,11,11,0.063126,0.9766,0.9859
500000.00,500000.00,505021.57,12,12,12,12,12,0.063128,0.9711,0.9836
500000.00,500000.00,506570.82,11,11,11,11,11,0.063321,0.9549,0.9073
500000.00,500000.00,503808.98,12,12,12,12,12,0.062976,0.9716,0.9736
500000.00,500000.00,504343.27,11,11,11,11,11,0.063043,0.9685,0.9705
500000.00,500000.00,502793.19,12,12,12,12,12,0.062849,0.9534,0.9925
500000.00,500000.00,482703.92,12,12,12,12,12,0.060338,0.9438,0.9616
500000.00,500000.00,502120.97,12,12,12,12,12,0.062765,0.9748,0.9833
500000.00,500000.00,515768.29,11,11,11,11,11,0.064471,0.9477,0.9619
500000.00,500000.00,277020.22,12,12,12,10,10,0.034628,0.9275,0.8460
500000.00,500000.00,499246.12,12,12,12,12,12,0.062406,0.9626,0.9952
500000.00,500000.00,488976.72,11,11,11,11,11,0.061122,0.9555,0.9567
500000.00,500000.00,496219.64,12,12,12,12,12,0.062027,0.9434,0.9154
500000.00,500000.00,501238.82,11,11,11,11,11,0.062655,0.9329,0.9511
500000.00,500000.00,249154.42,11,11,11,9,9,0.031144,0.9328,0.8998
500000.00,500000.00,514593.12,12,12,12,12,12,0.064324,0.9290,0.9649
500000.00,500000.00,505954.74,11,11,11,11,11,0.063244,0.9185,0.9772
500000.00,500000.00,494955.06,11,11,11,11,11,0.061869,0.9118,0.9887
500000.00,500000.00,501288.41,12,12,12,12,12,0.062661,0.9101,0.9543
500000.00,500000.00,525606.63,11,11,11,11,11,0.065701,0.8779,0.9292
500000.00,500000.00,497787.95,12,12,12,12,12,0.062223,0.8655,0.9682
500000.00,500000.00,508518.22,12,12,12,12,12,0.063565,0.9783,0.9808
500000.00,500000.00,501728.77,12,12,12,12,12,0.062716,0.9639,0.9885
500000.00,500000.00,507866.86,12,12,12,12,12,0.063483,0.9221,0.9063
500000.00,500000.00,510595.32,12,12,12,12,12,0.063824,0.8861,0.9741
500000.00,500000.00,514345.17,12,12,12,12,12,0.064293,0.8104,0.9134
500000.00,500000.00,513168.33,12,12,12,12,12,0.064146,0.8042,0.9691
500000.00,500000.00,498739.66,11,11,11,11,11,0.062342,0.9669,0.9751
500000.00,500000.00,501873.02,11,11,11,11,11,0.062734,0.9611,0.9588
500000.00,500000.00,504203.80,11,11,11,11,11,0.063025,0.9540,0.9790
500000.00,500000.00,501272.20,11,11,11,11,11,0.062659,0.9535,0.9728
500000.00,500000.00,528129.46,12,12,12,12,12,0.066016,0.9628,0.9253
500000.00,500000.00,501791.00,12,12,12,12,12,0.062724,0.9166,0.9854
500000.00,500000.00,506054.88,12,12,12,12,12,0.063257,0.9156,0.9770
500000.00,500000.00,494775.30,12,12,12,12,12,0.061847,0.9067,0.9244
500000.00,500000.00,502210.62,12,12,12,12,12,0.062776,0.8446,0.9681
500000.00,500000.00,509323.12,12,12,12,12,12,0.063665,0.8217,0.9527
500000.00,375000.00,497735.98,12,11,12,11,12,0.062217,0.7959,0.9575
500000.00,500000.00,590250.02,12,12,12,12,12,0.073781,0.7631,0.8450
500000.00,500000.00,507135.39,12,12,12,12,12,0.063392,0.9551,0.5142
500000.00,500000.00,507389.07,12,12,12,12,12,0.063424,0.9111,0.5120
500000.00,500000.00,475730.90,12,12,12,12,12,0.059466,0.8290,0.9338
500000.00,500000.00,482896.80,11,11,11,11,11,0.060362,0.9435,0.9585
500000.00,500000.00,506792.07,11,11,11,11,11,0.063349,0.9118,0.6612
500000.00,500000.00,506093.98,11,11,11,11,11,0.063262,0.8515,0.7370
500000.00,500000.00,499998.09,11,11,11,11,11,0.062500,0.9667,0.9871
500000.00,500000.00,498130.80,11,11,11,11,11,0.062266,0.9658,0.9566
500000.00,500000.00,493720.05,11,11,11,11,11,0.061715,0.9388,0.9841
500000.00,500000.00,540615.08,11,11,11,11,11,0.067577,0.9304,0.9181
500000.00,500000.00,504060.27,11,11,11,11,11,0.063008,0.8711,0.9424
500000.00,500000.00,502618.79,12,12,12,12,12,0.062827,0.9688,0.9903
500000.00,500000.00,499219.89,11,11,11,11,11,0.062402,0.9335,0.9425
500000.00,500000.00,499161.12,12,12,12,12,12,0.062395,0.9179,0.9345
500000.00,500000.00,498775.48,11,11,11,11,11,0.062347,0.8985,0.9895
500000.00,500000.00,493770.60,11,11,11,11,11,0.061721,0.8949,0.9817
500000.00,500000.00,499469.76,12,12,12,12,12,0.062434,0.8946,0.9213
500000.00,375000.00,365496.81,12,11,11,11,11,0.045687,0.8233,0.9019
500000.00,500000.00,502589.23,11,11,11,11,11,0.062824,0.9760,0.9730
500000.00,500000.00,496269.23,11,11,11,11,11,0.062034,0.9695,0.9768
500000.00,500000.00,489691.02,11,11,11,11,11,0.061211,0.9591,0.9634
500000.00,500000.00,500236.51,11,11,11,11,11,0.062530,0.9588,0.9983
500000.00,500000.00,497129.44,11,11,11,11,11,0.062141,0.9402,0.9710
500000.00,500000.00,534008.03,11,11,11,11,11,0.066751,0.9166,0.9271
500000.00,500000.00,538282.87,11,11,11,11,11,0.067285,0.8404,0.8832
500000.00,500000.00,529502.87,12,12,12,12,12,0.066188,0.9414,0.9202
500000.00,500000.00,504896.16,12,12,12,12,12,0.063112,0.8825,0.9059
500000.00,500000.00,501039.51,12,12,12,12,12,0.062630,0.8211,0.5498
500000.00,500000.00,484748.84,12,12,12,12,12,0.060594,0.7083,0.8502
500000.00,375000.00,491041.18,11,10,11,10,11,0.061380,0.9728,0.9488
500000.00,375000.00,500510.22,11,10,11,10,11,0.062564,0.9725,0.9652
500000.00,375000.00,500580.79,11,10,11,10,11,0.062573,0.9637,0.9762
500000.00,375000.00,480758.67,11,10,11,10,11,0.060095,0.9100,0.8880
500000.00,375000.00,468851.09,11,10,11,10,11,0.058606,0.7765,0.8010
500000.00,500000.00,451256.75,12,12,12,12,12,0.056407,0.8694,0.8900
500000.00,500000.00,501331.33,12,12,12,12,12,0.062666,0.8636,0.8624
500000.00,500000.00,521686.55,12,12,12,12,12,0.065211,0.8272,0.6841
500000.00,500000.00,503466.61,11,11,11,11,11,0.062933,0.9733,0.9675
500000.00,500000.00,507597.92,11,11,11,11,11,0.063450,0.9691,0.9829
500000.00,500000.00,496147.16,11,11,11,11,11,0.062018,0.9647,0.9853
500000.00,500000.00,511823.65,11,11,11,11,11,0.063978,0.9646,0.9634
500000.00,500000.00,518206.60,11,11,11,11,11,0.064776,0.9502,0.9626
500000.00,500000.00,222770.27,12,12,12,10,10,0.027846,0.9453,0.8881
500000.00,500000.00,500537.87,12,12,12,12,12,0.062567,0.8229,0.9631
500000.00,375000.00,494583.13,12,11,12,11,12,0.061823,0.8196,0.9784
500000.00,500000.00,493803.98,12,12,12,12,12,0.061725,0.7429,0.9420
500000.00,375000.00,499369.62,12,11,12,11,12,0.062421,0.7218,0.9874
500000.00,500000.00,509727.84,12,12,12,12,12,0.063716,0.9729,0.9792
500000.00,500000.00,504341.13,12,12,12,12,12,0.063043,0.9722,0.9893
500000.00,500000.00,510934.59,12,12,12,12,12,0.063867,0.9701,0.9701
500000.00,500000.00,545047.76,12,12,12,12,12,0.068131,0.9514,0.9071
500000.00,375000.00,491983.41,12,11,12,11,12,0.061498,0.9247,0.9704
500000.00,500000.00,495584.49,12,12,12,12,12,0.061948,0.8786,0.9849
500000.00,375000.00,501890.18,12,11,12,11,12,0.062736,0.8260,0.9585
500000.00,500000.00,511746.88,11,11,11,11,11,0.063968,0.9710,0.9714
500000.00,500000.00,501547.81,11,11,11,11,11,0.062693,0.9709,0.9892
500000.00,500000.00,499725.34,11,11,11,11,11,0.062466,0.9498,0.9821
500000.00,500000.00,497653.96,11,11,11,11,11,0.062207,0.9256,0.9688
500000.00,500000.00,499203.44,11,11,11,11,11,0.062400,0.9197,0.9883
500000.00,500000.00,501230.24,11,11,11,11,11,0.062654,0.8917,0.9681
500000.00,500000.00,505714.42,11,11,11,11,11,0.063214,0.8326,0.9503
500000.00,375000.00,475823.16,12,11,12,11,12,0.059478,0.8495,0.8930
500000.00,500000.00,502226.11,12,12,12,12,12,0.062778,0.9740,0.9674
500000.00,500000.00,499399.19,12,12,12,12,12,0.062425,0.9684,0.9897
500000.00,500000.00,496410.37,12,12,12,12,12,0.062051,0.9620,0.9510
500000.00,500000.00,495433.33,12,12,12,12,12,0.061929,0.9513,0.9277
500000.00,500000.00,495330.81,12,12,12,12,12,0.061916,0.9147,0.9889
500000.00,500000.00,532199.86,12,12,12,12,12,0.066525,0.9096,0.7798
500000.00,500000.00,498773.22,12,12,12,12,12,0.062347,0.9605,0.9182
500000.00,500000.00,514455.80,12,12,12,12,12,0.064307,0.9524,0.9642
500000.00,500000.00,498355.87,12,12,12,12,12,0.062294,0.9289,0.9591
500000.00,500000.00,350483.78,12,12,12,11,11,0.043810,0.9239,0.8791
500000.00,500000.00,522531.51,12,12,12,12,12,0.065316,0.8164,0.8961
500000.00,500000.00,505980.01,12,12,12,12,12,0.063248,0.7141,0.8883
500000.00,500000.00,517824.23,12,12,12,12,12,0.064728,0.9647,0.9610
500000.00,500000.00,496728.90,12,12,12,12,12,0.062091,0.9609,0.9914
500000.00,500000.00,490396.41,11,11,11,11,11,0.061300,0.9809,0.9630
500000.00,500000.00,507815.36,11,11,11,11,11,0.063477,0.9593,0.9761
500000.00,500000.00,506986.86,11,11,11,11,11,0.063373,0.9279,0.9622
500000.00,500000.00,492269.52,11,11,11,11,11,0.061534,0.9105,0.9513
500000.00,500000.00,501972.20,11,11,11,11,11,0.062747,0.9088,0.9790
500000.00,500000.00,499498.37,11,11,11,11,11,0.062437,0.8492,0.9917
500000.00,500000.00,496474.86,11,11,11,11,11,0.062059,0.8014,0.9811
500000.00,500000.00,495082.86,11,11,11,11,11,0.061885,0.7962,0.9644
500000.00,500000.00,495792.39,12,12,12,12,12,0.061974,0.9580,0.9562
500000.00,500000.00,600883.07,12,12,13,12,13,0.075110,0.9511,0.7979
500000.00,500000.00,500508.55,12,12,12,12,12,0.062564,0.9467,0.9917
500000.00,500000.00,463502.88,12,12,12,12,12,0.057938,0.9424,0.8960
500000.00,500000.00,529107.33,12,12,12,12,12,0.066138,0.8901,0.7048
500000.00,500000.00,533523.56,12,12,12,12,12,0.066690,0.9615,0.9334
500000.00,500000.00,486692.43,12,12,12,12,12,0.060837,0.9105,0.9492
500000.00,500000.00,502377.99,12,12,12,12,12,0.062797,0.8896,0.9256
500000.00,500000.00,500833.03,11,11,11,11,11,0.062604,0.9525,0.9760
500000.00,500000.00,500184.06,11,11,11,11,11,0.062523,0.9685,0.9931
500000.00,500000.00,489851.47,11,11,11,11,11,0.061231,0.9583,0.9457
500000.00,500000.00,505668.64,11,11,11,11,11,0.063209,0.9499,0.9849
500000.00,500000.00,506136.66,11,11,11,11,11,0.063267,0.8856,0.9854
500000.00,500000.00,480379.10,11,11,11,11,11,0.060047,0.9295,0.9579
500000.00,500000.00,483729.60,11,11,11,11,11,0.060466,0.9213,0.9485
500000.00,500000.00,477346.42,11,11,11,11,11,0.059668,0.9004,0.9123
500000.00,500000.00,497654.91,11,11,11,11,11,0.062207,0.9464,0.9752
500000.00,500000.00,521598.82,11,11,11,11,11,0.065200,0.8885,0.9567
500000.00,500000.00,500350.95,11,11,11,11,11,0.062544,0.9716,0.9854
500000.00,500000.00,500040.29,11,11,11,11,11,0.062505,0.9699,0.9923
500000.00,500000.00,496919.63,11,11,11,11,11,0.062115,0.9690,0.9872
500000.00,500000.00,495897.29,11,11,11,11,11,0.061987,0.9668,0.9803
500000.00,500000.00,503285.41,11,11,11,11,11,0.062911,0.9641,0.9556
500000.00,500000.00,498422.62,11,11,11,11,11,0.062303,0.9660,0.9779
500000.00,500000.00,494076.73,11,11,11,11,11,0.061760,0.9555,0.9842
500000.00,500000.00,498211.38,11,11,11,11,11,0.062276,0.9372,0.9841
500000.00,500000.00,498985.17,11,11,11,11,11,0.062373,0.9231,0.9788
500000.00,500000.00,501990.32,11,11,11,11,11,0.062749,0.8824,0.9865
500000.00,500000.00,498572.35,11,11,11,11,11,0.062322,0.9351,0.9805
500000.00,500000.00,511426.93,11,11,11,11,11,0.063928,0.8731,0.8151
500000.00,500000.00,493142.13,11,11,11,11,11,0.061643,0.9658,0.9855
500000.00,500000.00,497756.96,11,11,11,11,11,0.062220,0.9585,0.9602
500000.00,500000.00,489227.29,11,11,11,11,11,0.061153,0.9442,0.9645
500000.00,500000.00,501759.53,11,11,11,11,11,0.062720,0.9692,0.9677
500000.00,500000.00,501117.47,11,11,11,11,11,0.062640,0.9038,0.9721
500000.00,500000.00,472354.77,11,11,11,11,11,0.059044,0.8700,0.9087
500000.00,500000.00,510154.25,11,11,11,11,11,0.063769,0.8371,0.9719
500000.00,500000.00,414998.56,11,11,11,10,10,0.051875,0.7142,0.9576
500000.00,500000.00,501933.10,12,12,12,12,12,0.062742,0.9621,0.9276
500000.00,500000.00,597711.56,12,12,13,12,13,0.074714,0.9570,0.8337
500000.00,500000.00,503686.90,12,12,12,12,12,0.062961,0.9513,0.9767
500000.00,500000.00,521956.92,12,12,12,12,12,0.065245,0.9288,0.8715
500000.00,500000.00,496160.51,12,12,12,12,12,0.062020,0.8411,0.9395
500000.00,500000.00,500796.79,12,12,12,12,12,0.062600,0.7970,0.9889
500000.00,500000.00,500609.64,11,11,11,11,11,0.062576,0.9318,0.9671
500000.00,500000.00,488395.45,11,11,11,11,11,0.061049,0.8247,0.9537
500000.00,375000.00,501531.60,11,10,11,10,11,0.062691,0.8066,0.9804
500000.00,500000.00,491158.49,12,12,12,12,12,0.061395,0.9780,0.9763
500000.00,500000.00,499761.58,12,12,12,12,12,0.062470,0.9752,0.9889
500000.00,500000.00,501305.58,12,12,12,12,12,0.062663,0.9465,0.9356
500000.00,500000.00,507795.33,12,12,12,12,12,0.063474,0.9413,0.9241
500000.00,500000.00,505215.64,12,12,12,12,12,0.063152,0.9167,0.9652
500000.00,500000.00,496471.41,12,12,12,12,12,0.062059,0.8947,0.9225
500000.00,500000.00,499623.72,12,12,12,12,12,0.062453,0.9596,0.9860
500000.00,500000.00,528181.08,12,12,12,12,12,0.066023,0.9534,0.9223
500000.00,500000.00,498148.92,12,12,12,12,12,0.062269,0.9489,0.9134
500000.00,500000.00,502712.25,12,12,12,12,12,0.062839,0.8989,0.8985
500000.00,500000.00,518815.99,12,12,12,12,12,0.064852,0.8164,0.8200
500000.00,500000.00,505097.39,12,12,12,12,12,0.063137,0.9734,0.9825
500000.00,500000.00,507480.62,12,12,12,12,12,0.063435,0.9660,0.9758
500000.00,500000.00,495417.83,12,12,12,12,12,0.061927,0.9581,0.9736
500000.00,500000.00,496803.28,12,12,12,12,12,0.062100,0.9516,0.9847
500000.00,500000.00,494228.36,11,11,11,11,11,0.061779,0.9093,0.9855
500000.00,500000.00,497148.51,11,11,11,11,11,0.062144,0.9767,0.9832
500000.00,500000.00,503250.12,11,11,11,11,11,0.062906,0.9607,0.9736
500000.00,500000.00,502561.81,11,11,11,11,11,0.062820,0.9797,0.9661
500000.00,500000.00,493331.91,11,11,11,11,11,0.061666,0.9762,0.9754
500000.00,500000.00,509964.70,11,11,11,11,11,0.063746,0.9685,0.9731
500000.00,500000.00,515653.61,11,11,11,11,11,0.064457,0.9589,0.9488
500000.00,500000.00,437261.76,11,11,11,11,11,0.054658,0.9582,0.9688
500000.00,500000.00,494893.07,11,11,11,11,11,0.061862,0.9197,0.9600
500000.00,500000.00,495883.46,11,11,11,11,11,0.061985,0.9776,0.9916
500000.00,500000.00,498826.98,11,11,11,11,11,0.062353,0.9747,0.9820
500000.00,500000.00,500576.50,11,11,11,11,11,0.062572,0.9671,0.9982
500000.00,500000.00,497614.86,11,11,11,11,11,0.062202,0.9559,0.9934
500000.00,500000.00,499885.08,11,11,11,11,11,0.062486,0.9556,0.9950
500000.00,500000.00,503644.94,11,11,11,11,11,0.062956,0.9535,0.9770
500000.00,500000.00,475461.01,11,11,11,11,11,0.059433,0.7435,0.9325
500000.00,375000.00,491060.26,11,10,11,10,11,0.061383,0.9553,0.9580
500000.00,375000.00,492557.53,11,10,11,10,11,0.061570,0.7714,0.9647
500000.00,375000.00,489704.37,11,10,11,10,11,0.061213,0.7650,0.9664
500000.00,500000.00,510597.71,12,12,12,12,12,0.063825,0.9068,0.9186
500000.00,500000.00,494935.04,12,12,12,12,12,0.061867,0.9587,0.9837
500000.00,500000.00,507850.65,12,12,12,12,12,0.063481,0.9569,0.9586
500000.00,500000.00,500996.11,12,12,12,12,12,0.062625,0.9511,0.9705
500000.00,500000.00,487590.31,12,12,12,12,12,0.060949,0.9371,0.9705
500000.00,500000.00,560717.58,12,12,12,12,12,0.070090,0.8583,0.8846
500000.00,500000.00,498970.09,12,12,12,12,12,0.062371,0.9818,0.9770
500000.00,500000.00,502349.85,12,12,12,12,12,0.062794,0.9719,0.9922
500000.00,500000.00,500268.94,12,12,12,12,12,0.062534,0.9715,0.9828
500000.00,500000.00,514844.18,12,12,12,12,12,0.064356,0.9710,0.9467
500000.00,500000.00,496868.13,12,12,12,12,12,0.062109,0.9625,0.9765
500000.00,500000.00,507025.72,12,12,12,12,12,0.063378,0.9581,0.9603
500000.00,500000.00,550168.04,12,12,12,12,12,0.068771,0.9563,0.8680
500000.00,500000.00,504626.04,12,12,12,12,12,0.063078,0.8884,0.9032
500000.00,500000.00,499844.55,12,12,12,12,12,0.062481,0.9653,0.9910
500000.00,500000.00,194354.30,12,12,12,9,9,0.024294,0.9493,0.8726
500000.00,500000.00,481412.17,12,12,12,12,12,0.060177,0.7101,0.8866
500000.00,500000.00,497926.71,11,11,11,11,11,0.062241,0.9444,0.9852
500000.00,500000.00,490702.63,11,11,11,11,11,0.061338,0.9258,0.9753
500000.00,500000.00,469866.75,11,11,11,11,11,0.058733,0.8688,0.9179
500000.00,500000.00,496839.28,11,11,11,11,11,0.062105,0.8669,0.9459
500000.00,500000.00,410023.75,11,11,11,10,10,0.051253,0.7868,0.9356
500000.00,500000.00,503774.64,11,11,11,11,11,0.062972,0.9745,0.9745
500000.00,500000.00,490223.88,11,11,11,11,11,0.061278,0.9699,0.9734
500000.00,500000.00,500235.50,12,12,12,12,12,0.062529,0.9816,0.9658
500000.00,500000.00,500741.96,12,12,12,12,12,0.062593,0.9670,0.9930
500000.00,500000.00,495835.30,12,12,12,12,12,0.061979,0.9653,0.9855
500000.00,500000.00,494928.84,12,12,12,12,12,0.061866,0.9636,0.9619
500000.00,500000.00,540266.99,12,12,12,12,12,0.067533,0.9306,0.7938
500000.00,500000.00,504503.25,12,12,12,12,12,0.063063,0.8872,0.9302
500000.00,500000.00,496940.61,12,12,12,12,12,0.062118,0.9724,0.9897
500000.00,500000.00,508160.59,12,12,12,12,12,0.063520,0.9201,0.9628
500000.00,500000.00,501581.67,12,12,12,12,12,0.062698,0.8492,0.8951
500000.00,375000.00,426066.94,12,12,12,12,12,0.053258,0.7408,0.6572
500000.00,500000.00,498359.92,11,11,11,11,11,0.062295,0.9781,0.9960
500000.00,500000.00,497920.04,11,11,11,11,11,0.062240,0.9741,0.9840
500000.00,500000.00,493078.23,11,11,11,11,11,0.061635,0.9702,0.9796
500000.00,500000.00,495159.86,11,11,11,11,11,0.061895,0.9653,0.9865
500000.00,500000.00,502677.92,11,11,11,11,11,0.062835,0.9763,0.9676
500000.00,500000.00,504323.96,11,11,11,11,11,0.063040,0.9727,0.9856
500000.00,500000.00,497585.77,11,11,11,11,11,0.062198,0.9674,0.9935
500000.00,500000.00,494255.07,11,11,11,11,11,0.061782,0.9595,0.9676
500000.00,500000.00,497269.63,11,11,11,11,11,0.062159,0.9709,0.9627
500000.00,500000.00,485349.66,11,11,11,11,11,0.060669,0.9690,0.9687
500000.00,500000.00,508310.32,11,11,11,11,11,0.063539,0.9688,0.9602
500000.00,500000.00,510778.19,11,11,11,11,11,0.063847,0.9202,0.8200
500000.00,500000.00,501719.47,11,11,11,11,11,0.062715,0.9689,0.9310
500000.00,500000.00,499433.52,11,11,11,11,11,0.062429,0.9686,0.9873
500000.00,500000.00,501694.68,11,11,11,11,11,0.062712,0.9666,0.9807
500000.00,500000.00,508331.30,11,11,11,11,11,0.063541,0.9660,0.9781
500000.00,500000.00,499452.59,11,11,11,11,11,0.062432,0.9551,0.9763
500000.00,500000.00,601574.54,11,11,12,11,12,0.075197,0.9507,0.7625
500000.00,500000.00,500097.87,11,11,11,11,11,0.062512,0.8932,0.9787
500000.00,500000.00,511589.05,12,12,12,12,12,0.063949,0.9760,0.9069
500000.00,500000.00,536468.98,12,12,12,12,12,0.067059,0.9646,0.9125
500000.00,500000.00,507063.87,12,12,12,12,12,0.063383,0.9557,0.9062
500000.00,500000.00,501049.52,12,12,12,12,12,0.062631,0.9520,0.9203
500000.00,500000.00,518131.26,12,12,12,12,12,0.064766,0.9415,0.9531
500000.00,500000.00,500392.56,12,12,12,12,12,0.062549,0.9406,0.9361
500000.00,500000.00,538005.83,11,11,11,11,11,0.067251,0.9603,0.9220
500000.00,500000.00,507789.61,11,11,11,11,11,0.063474,0.9216,0.9841
500000.00,500000.00,498991.01,11,11,11,11,11,0.062374,0.7127,0.9821
500000.00,500000.00,501062.39,11,11,11,11,11,0.062633,0.9749,0.9769
500000.00,500000.00,500797.27,11,11,11,11,11,0.062600,0.9162,0.9763
500000.00,500000.00,501560.21,11,11,11,11,11,0.062695,0.8518,0.9629
500000.00,375000.00,509521.72,11,10,11,10,11,0.063690,0.8461,0.9581
500000.00,500000.00,505467.41,11,11,11,11,11,0.063183,0.9734,0.9881
500000.00,500000.00,496896.74,11,11,11,11,11,0.062112,0.9727,0.9900
500000.00,500000.00,492434.62,11,11,11,11,11,0.061554,0.9687,0.9745
500000.00,500000.00,502695.56,11,11,11,11,11,0.062837,0.9621,0.9932
500000.00,500000.00,507670.40,11,11,11,11,11,0.063459,0.9483,0.9747
500000.00,500000.00,502825.74,11,11,11,11,11,0.062853,0.7458,0.8907
500000.00,500000.00,495421.41,11,11,11,11,11,0.061928,0.9630,0.9715
500000.00,500000.00,503198.62,11,11,11,11,11,0.062900,0.9484,0.9569
500000.00,500000.00,548156.50,11,11,11,11,11,0.068520,0.9418,0.8960
500000.00,500000.00,361108.75,11,11,11,10,10,0.045139,0.9566,0.9461
500000.00,500000.00,502764.70,11,11,11,11,11,0.062846,0.9554,0.9768
500000.00,500000.00,500545.50,11,11,11,11,11,0.062568,0.9329,0.9660
500000.00,500000.00,507115.84,11,11,11,11,11,0.063389,0.9145,0.9537
500000.00,500000.00,597298.62,11,11,12,11,12,0.074662,0.9106,0.8161
500000.00,375000.00,515686.04,11,10,11,10,11,0.064461,0.7151,0.9306
500000.00,500000.00,498891.83,12,12,12,12,12,0.062361,0.7958,0.6876
500000.00,500000.00,531732.56,12,12,12,12,12,0.066467,0.7802,0.6500
500000.00,500000.00,496779.68,11,11,11,11,11,0.062097,0.9675,0.9477
500000.00,500000.00,505866.77,11,11,11,11,11,0.063233,0.9432,0.9626
500000.00,500000.00,516775.85,11,11,11,11,11,0.064597,0.9410,0.9555
500000.00,500000.00,507102.01,11,11,11,11,11,0.063388,0.8838,0.9631
500000.00,500000.00,501196.38,11,11,11,11,11,0.062650,0.7632,0.9872
500000.00,500000.00,494373.32,11,11,11,11,11,0.061797,0.9477,0.9775
500000.00,500000.00,501965.52,11,11,11,11,11,0.062746,0.9419,0.9646
500000.00,500000.00,497162.82,11,11,11,11,11,0.062145,0.9269,0.9840
500000.00,500000.00,501600.27,11,11,11,11,11,0.062700,0.9113,0.9798
500000.00,500000.00,439808.91,11,11,11,11,11,0.054976,0.9099,0.9085
500000.00,500000.00,498992.92,11,11,11,11,11,0.062374,0.9543,0.9888
500000.00,500000.00,507463.46,11,11,11,11,11,0.063433,0.9432,0.9804
500000.00,500000.00,498308.18,11,11,11,11,11,0.062289,0.9366,0.9669
500000.00,500000.00,497869.49,12,12,12,12,12,0.062234,0.8920,0.9778
500000.00,500000.00,509195.33,12,12,12,12,12,0.063649,0.8906,0.9006
500000.00,500000.00,495895.39,12,12,12,12,12,0.061987,0.7834,0.9302
500000.00,500000.00,503835.68,12,12,12,12,12,0.062979,0.9738,0.9659
500000.00,500000.00,509402.75,12,12,12,12,12,0.063675,0.9702,0.9745
500000.00,500000.00,505063.06,12,12,12,12,12,0.063133,0.9691,0.9736
500000.00,500000.00,508678.44,12,12,12,12,12,0.063585,0.9644,0.9778
500000.00,500000.00,501441.96,12,12,12,12,12,0.062680,0.9611,0.9883
500000.00,500000.00,505392.07,12,12,12,12,12,0.063174,0.9405,0.9278
500000.00,500000.00,506225.59,12,12,12,12,12,0.063278,0.9097,0.9670
500000.00,500000.00,492025.38,12,12,12,12,12,0.061503,0.9733,0.9817
500000.00,500000.00,497278.21,12,12,12,12,12,0.062160,0.9684,0.9810
500000.00,500000.00,498319.63,12,12,12,12,12,0.062290,0.9485,0.9904
500000.00,500000.00,502277.37,12,12,12,12,12,0.062785,0.9357,0.9341
500000.00,500000.00,496511.46,12,12,12,12,12,0.062064,0.9350,0.9771
500000.00,500000.00,505831.72,12,12,12,12,12,0.063229,0.8885,0.9567
500000.00,500000.00,502201.08,12,12,12,12,12,0.062775,0.8183,0.9060
500000.00,500000.00,496863.37,12,12,12,12,12,0.062108,0.9190,0.9245
500000.00,500000.00,507961.27,12,12,12,12,12,0.063495,0.9167,0.9791
500000.00,500000.00,538775.44,12,12,12,12,12,0.067347,0.8868,0.8738
500000.00,500000.00,497976.30,12,12,12,12,12,0.062247,0.8068,0.9116
500000.00,725000.00,508045.20,11,12,12,11,11,0.063506,0.9116,0.9609
500000.00,500000.00,494663.24,11,11,11,11,11,0.061833,0.9113,0.9675
500000.00,500000.00,502417.56,11,11,11,11,11,0.062802,0.9762,0.9919
500000.00,500000.00,506070.14,11,11,11,11,11,0.063259,0.9729,0.9754
500000.00,500000.00,496059.42,11,11,11,11,11,0.062007,0.9708,0.9881
500000.00,500000.00,496473.31,11,11,11,11,11,0.062059,0.9617,0.9852
500000.00,500000.00,499495.51,12,12,12,12,12,0.062437,0.9509,0.9138
500000.00,500000.00,503393.17,12,12,12,12,12,0.062924,0.8305,0.9175
500000.00,500000.00,503651.50,11,11,11,11,11,0.062956,0.9754,0.9731
500000.00,500000.00,494029.28,11,11,11,11,11,0.061754,0.9681,0.9845
500000.00,500000.00,494810.10,11,11,11,11,11,0.061851,0.9170,0.9849
500000.00,500000.00,496432.78,11,11,11,11,11,0.062054,0.8737,0.9750
500000.00,500000.00,457212.45,11,11,11,11,11,0.057152,0.7073,0.8954
500000.00,500000.00,669964.79,12,12,13,12,13,0.083746,0.9200,0.7109
500000.00,500000.00,498111.25,12,12,12,12,12,0.062264,0.9119,0.9872
500000.00,500000.00,520120.62,12,12,12,12,12,0.065015,0.8514,0.6878
500000.00,500000.00,477955.34,11,11,11,11,11,0.059744,0.9548,0.9534
500000.00,500000.00,494268.66,11,11,11,11,11,0.061784,0.9392,0.9723
500000.00,500000.00,489712.72,11,11,11,11,11,0.061214,0.9307,0.9468
500000.00,500000.00,543149.95,11,11,11,11,11,0.067894,0.8813,0.8860
500000.00,500000.00,523939.13,11,11,11,11,11,0.065492,0.7669,0.9416
500000.00,500000.00,537519.93,11,11,11,11,11,0.067190,0.9505,0.8928
500000.00,500000.00,504157.07,11,11,11,11,11,0.063020,0.9498,0.9757
500000.00,500000.00,499052.29,12,12,12,12,12,0.062382,0.9490,0.9915
500000.00,500000.00,497254.85,11,11,11,11,11,0.062157,0.9437,0.9752
500000.00,500000.00,488132.00,11,11,11,11,11,0.061016,0.9429,0.9678
500000.00,500000.00,515400.89,11,11,11,11,11,0.064425,0.9372,0.9154
500000.00,500000.00,489269.26,11,11,11,11,11,0.061159,0.9008,0.9753
500000.00,500000.00,492132.19,12,12,12,12,12,0.061517,0.8687,0.9782
500000.00,500000.00,502882.48,12,12,12,12,12,0.062860,0.9690,0.9728
500000.00,500000.00,510334.25,12,12,12,12,12,0.063792,0.9679,0.9755
500000.00,500000.00,505548.48,11,11,11,11,11,0.063194,0.9602,0.9486
500000.00,500000.00,501932.14,12,12,12,12,12,0.062742,0.9342,0.9279
500000.00,500000.00,484058.38,11,11,11,11,11,0.060507,0.9086,0.8708
500000.00,500000.00,522556.30,12,12,12,12,12,0.065320,0.9055,0.9116
500000.00,500000.00,610469.82,12,12,13,12,13,0.076309,0.8873,0.8048
500000.00,500000.00,507442.47,12,12,12,12,12,0.063430,0.8069,0.8272
500000.00,500000.00,517744.06,11,11,11,11,11,0.064718,0.7108,0.9597
500000.00,500000.00,495971.68,11,11,11,11,11,0.061996,0.9541,0.9363
500000.00,500000.00,514229.30,11,11,11,11,11,0.064279,0.9442,0.9646
500000.00,500000.00,491799.35,11,11,11,11,11,0.061475,0.9281,0.9726
500000.00,500000.00,478114.58,11,11,11,11,11,0.059764,0.9125,0.9438
500000.00,500000.00,510311.13,12,12,12,12,12,0.063789,0.8929,0.9694
500000.00,500000.00,463758.47,11,11,11,11,11,0.057970,0.8051,0.9132
500000.00,500000.00,513418.20,11,11,11,11,11,0.064177,0.7211,0.9336
500000.00,500000.00,495207.79,11,11,11,11,11,0.061901,0.8747,0.9665
500000.00,500000.00,551552.77,11,11,11,11,11,0.068944,0.7751,0.8348
500000.00,500000.00,485843.66,11,11,11,11,11,0.060730,0.9155,0.9266
500000.00,500000.00,573226.93,11,11,11,11,11,0.071653,0.7078,0.8015
500000.00,500000.00,498792.65,11,11,11,11,11,0.062349,0.9305,0.9684
500000.00,500000.00,493998.17,11,11,11,11,11,0.061750,0.8477,0.9456
500000.00,500000.00,502263.67,11,11,11,11,11,0.062783,0.7705,0.9242
500000.00,500000.00,503486.63,11,11,11,11,11,0.062936,0.9586,0.9764
500000.00,500000.00,489419.82,11,11,11,11,11,0.061177,0.9456,0.9600
500000.00,500000.00,488620.76,11,11,11,11,11,0.061078,0.9388,0.9738
500000.00,500000.00,539061.55,11,11,11,11,11,0.067383,0.8546,0.8529
500000.00,500000.00,500600.04,11,11,11,11,11,0.062575,0.9504,0.9552
500000.00,500000.00,482437.13,11,11,11,11,11,0.060305,0.7749,0.9049
500000.00,500000.00,493806.84,11,11,11,11,11,0.061726,0.9773,0.9831
500000.00,500000.00,501258.61,11,11,11,11,11,0.062657,0.9686,0.9448
500000.00,500000.00,510112.76,11,11,11,11,11,0.063764,0.9620,0.9742
500000.00,500000.00,502497.20,12,12,12,12,12,0.062812,0.9602,0.9270
500000.00,500000.00,498134.61,11,11,11,11,11,0.062267,0.9580,0.9751
500000.00,500000.00,515114.78,12,12,12,12,12,0.064389,0.9571,0.9671
500000.00,500000.00,504042.63,12,12,12,12,12,0.063005,0.9510,0.9791
500000.00,500000.00,565721.51,12,12,12,12,12,0.070715,0.9425,0.8654
500000.00,500000.00,504656.79,12,12,12,12,12,0.063082,0.9055,0.9780
500000.00,500000.00,510617.26,12,12,12,12,12,0.063827,0.7643,0.9041
500000.00,500000.00,556566.24,12,12,12,12,12,0.069571,0.7507,0.8156
500000.00,500000.00,496660.71,12,12,12,12,12,0.062083,0.9612,0.9824
500000.00,500000.00,509531.02,12,12,12,12,12,0.063691,0.9462,0.9741
500000.00,500000.00,527648.93,12,12,12,12,12,0.065956,0.8877,0.8899
500000.00,500000.00,543301.58,12,12,12,12,12,0.067913,0.8719,0.8493
500000.00,500000.00,504815.10,12,12,12,12,12,0.063102,0.8410,0.9430
500000.00,500000.00,503859.52,12,12,12,12,12,0.062982,0.9752,0.9912
500000.00,500000.00,503789.90,12,12,12,12,12,0.062974,0.9684,0.9879
500000.00,500000.00,502334.59,12,12,12,12,12,0.062792,0.9546,0.9802
500000.00,500000.00,502101.90,12,12,12,12,12,0.062763,0.9345,0.9775
500000.00,500000.00,511810.30,11,11,11,11,11,0.063976,0.9635,0.9683
500000.00,500000.00,495320.32,11,11,11,11,11,0.061915,0.9546,0.9310
500000.00,500000.00,506006.42,11,11,11,11,11,0.063251,0.9539,0.9863
500000.00,500000.00,504689.10,11,11,11,11,11,0.063086,0.9552,0.9343
500000.00,500000.00,502705.57,11,11,11,11,11,0.062838,0.9366,0.9677
500000.00,500000.00,497927.67,11,11,11,11,11,0.062241,0.9339,0.9730
500000.00,500000.00,487386.70,11,11,11,11,11,0.060923,0.9301,0.9608
500000.00,500000.00,479056.36,11,11,11,11,11,0.059882,0.8737,0.8414
500000.00,500000.00,483751.98,12,12,12,12,12,0.060469,0.9607,0.9102
500000.00,500000.00,497803.69,12,12,12,12,12,0.062225,0.9458,0.9846
500000.00,500000.00,511981.01,12,12,12,12,12,0.063998,0.9260,0.9713
500000.00,500000.00,493937.02,12,12,12,12,12,0.061742,0.9526,0.9860
500000.00,500000.00,527270.32,12,12,12,12,12,0.065909,0.9324,0.8506
500000.00,500000.00,657695.77,12,12,13,12,13,0.082212,0.8827,0.7286
500000.00,500000.00,507519.25,12,12,12,12,12,0.063440,0.8179,0.8716
500000.00,500000.00,561768.65,12,12,12,12,12,0.070221,0.7802,0.7645
500000.00,500000.00,502336.50,11,11,11,11,11,0.062792,0.9675,0.9598
500000.00,500000.00,492174.03,11,11,11,11,11,0.061522,0.9655,0.9762
500000.00,500000.00,480410.10,11,11,11,11,11,0.060051,0.9594,0.9578
500000.00,500000.00,514737.61,11,11,11,11,11,0.064342,0.9213,0.9661
500000.00,500000.00,496089.94,11,11,11,11,11,0.062011,0.8905,0.9347
500000.00,500000.00,490523.70,11,11,11,11,11,0.061315,0.9432,0.9593
500000.00,500000.00,489318.13,11,11,11,11,11,0.061165,0.9376,0.9747
500000.00,500000.00,538111.69,11,11,11,11,11,0.067264,0.9003,0.8836
500000.00,500000.00,486349.11,11,11,11,11,11,0.060794,0.8196,0.8321
500000.00,500000.00,498797.42,12,12,12,12,12,0.062350,0.9671,0.9478
500000.00,500000.00,546725.75,12,12,12,12,12,0.068341,0.9592,0.9122
500000.00,500000.00,497816.32,12,12,12,12,12,0.062227,0.9771,0.9887
500000.00,500000.00,496215.82,12,12,12,12,12,0.062027,0.9718,0.9848
500000.00,500000.00,505331.04,12,12,12,12,12,0.063166,0.9594,0.9083
500000.00,500000.00,494181.63,12,12,12,12,12,0.061773,0.9523,0.9541
500000.00,500000.00,534708.02,12,12,12,12,12,0.066839,0.9381,0.8690
500000.00,500000.00,607374.19,12,12,13,12,13,0.075922,0.8823,0.7069
500000.00,500000.00,502043.25,11,11,11,11,11,0.062755,0.9384,0.9852
500000.00,500000.00,495432.85,11,11,11,11,11,0.061929,0.8466,0.8744
500000.00,500000.00,520154.00,11,11,11,11,11,0.065019,0.8430,0.9234
500000.00,500000.00,502223.97,11,11,11,11,11,0.062778,0.8219,0.8821
500000.00,500000.00,520668.98,11,11,11,11,11,0.065084,0.8209,0.8623
500000.00,500000.00,497402.19,11,11,11,11,11,0.062175,0.9480,0.9797
500000.00,500000.00,504311.56,11,11,11,11,11,0.063039,0.9311,0.9738
500000.00,500000.00,549808.50,11,11,11,11,11,0.068726,0.8982,0.8298
500000.00,500000.00,481044.29,11,11,11,11,11,0.060131,0.8541,0.7632
500000.00,500000.00,502474.78,11,11,11,11,11,0.062809,0.9623,0.9501
500000.00,500000.00,504329.68,11,11,11,11,11,0.063041,0.9587,0.9777
500000.00,500000.00,495914.46,11,11,11,11,11,0.061989,0.9300,0.9827
500000.00,500000.00,554018.02,11,11,11,11,11,0.069252,0.8844,0.8450
500000.00,500000.00,504164.10,11,11,11,11,11,0.063021,0.8525,0.9290
500000.00,500000.00,529059.83,11,11,11,11,11,0.066132,0.8120,0.9328
500000.00,500000.00,532799.24,11,11,11,11,11,0.066600,0.7875,0.9139
500000.00,500000.00,507366.18,11,11,11,11,11,0.063421,0.9309,0.9424
500000.00,500000.00,473446.61,11,11,11,11,11,0.059181,0.9050,0.9418
500000.00,500000.00,566497.80,11,11,11,11,11,0.070812,0.8858,0.8405
500000.00,500000.00,509100.91,11,11,11,11,11,0.063638,0.9642,0.9753
500000.00,500000.00,521706.58,11,11,11,11,11,0.065213,0.8412,0.9546
500000.00,500000.00,500802.99,11,11,11,11,11,0.062600,0.9697,0.9601
500000.00,500000.00,504971.27,11,11,11,11,11,0.063121,0.9654,0.9739
500000.00,500000.00,506335.26,11,11,11,11,11,0.063292,0.9648,0.9837
500000.00,500000.00,497329.71,11,11,11,11,11,0.062166,0.9602,0.9773
500000.00,500000.00,502141.95,11,11,11,11,11,0.062768,0.9526,0.9677
500000.00,500000.00,497912.41,11,11,11,11,11,0.062239,0.9196,0.9818
500000.00,500000.00,477809.91,11,11,11,11,11,0.059726,0.9180,0.9471
500000.00,500000.00,495134.35,11,11,11,11,11,0.061892,0.8276,0.9618
500000.00,500000.00,488368.51,11,11,11,11,11,0.061046,0.8633,0.8950
500000.00,500000.00,510570.53,11,11,11,11,11,0.063821,0.8473,0.9630
500000.00,500000.00,530108.45,11,11,11,11,11,0.066264,0.7708,0.9021
500000.00,500000.00,496173.86,11,11,11,11,11,0.062022,0.9313,0.9272
500000.00,500000.00,453581.09,11,11,11,11,11,0.056698,0.9218,0.8997
500000.00,500000.00,468480.59,11,11,11,11,11,0.058560,0.9037,0.8993
500000.00,500000.00,496440.41,12,12,12,12,12,0.062055,0.9714,0.9808
500000.00,500000.00,496122.36,12,12,12,12,12,0.062015,0.9702,0.9739
500000.00,500000.00,516108.99,12,12,12,12,12,0.064514,0.9310,0.9099
500000.00,375000.00,426198.96,12,11,11,11,11,0.053275,0.8639,0.8225
500000.00,500000.00,499060.63,11,11,11,11,11,0.062383,0.9772,0.9825
500000.00,500000.00,500166.89,11,11,11,11,11,0.062521,0.9723,0.9763
500000.00,500000.00,501544.00,11,11,11,11,11,0.062693,0.9700,0.9799
500000.00,500000.00,487303.73,11,11,11,11,11,0.060913,0.9477,0.9735
500000.00,500000.00,479326.25,11,11,11,11,11,0.059916,0.9324,0.9405
500000.00,500000.00,504126.73,11,11,11,11,11,0.063016,0.7415,0.9550
500000.00,500000.00,497786.64,11,11,11,11,11,0.062223,0.9547,0.8871
500000.00,500000.00,498827.93,12,12,12,12,12,0.062353,0.9557,0.9266
500000.00,500000.00,581821.44,12,12,12,12,12,0.072728,0.9258,0.8309
500000.00,500000.00,497659.68,12,12,12,12,12,0.062207,0.9180,0.7732
500000.00,500000.00,531889.92,12,12,12,12,12,0.066486,0.8968,0.8575
500000.00,500000.00,630100.25,12,12,13,12,13,0.078763,0.8305,0.7686
500000.00,500000.00,505515.10,12,12,12,12,12,0.063189,0.9467,0.9566
500000.00,500000.00,497248.65,12,12,12,12,12,0.062156,0.9465,0.9893
500000.00,500000.00,488548.28,12,12,12,12,12,0.061069,0.9455,0.9612
500000.00,500000.00,510114.67,12,12,12,12,12,0.063764,0.8818,0.9188
500000.00,375000.00,384969.71,12,11,11,11,11,0.048121,0.8884,0.7160
500000.00,500000.00,498382.57,12,12,12,12,12,0.062298,0.8873,0.9315
500000.00,500000.00,488803.18,12,12,12,12,12,0.061100,0.9551,0.9656
500000.00,500000.00,550189.97,12,12,12,12,12,0.068774,0.9456,0.8930
500000.00,500000.00,505016.33,12,12,12,12,12,0.063127,0.9439,0.9189
500000.00,500000.00,496362.21,12,12,12,12,12,0.062045,0.9243,0.8974
500000.00,500000.00,505558.01,12,12,12,12,12,0.063195,0.9224,0.9389
500000.00,500000.00,500107.82,12,12,12,12,12,0.062513,0.8951,0.9069
500000.00,500000.00,584445.95,12,12,12,12,12,0.073056,0.8678,0.8080
500000.00,500000.00,575105.67,12,12,12,12,12,0.071888,0.8201,0.8453
500000.00,500000.00,520172.12,12,12,12,12,12,0.065022,0.8133,0.7899
500000.00,500000.00,501792.91,12,12,12,12,12,0.062724,0.7652,0.8718
500000.00,500000.00,499207.50,11,11,11,11,11,0.062401,0.9445,0.9803
500000.00,500000.00,516332.63,11,11,11,11,11,0.064542,0.9320,0.9466
500000.00,500000.00,510107.99,11,11,11,11,11,0.063763,0.9160,0.9474
500000.00,500000.00,520929.34,11,11,11,11,11,0.065116,0.9151,0.9382
500000.00,500000.00,503112.79,11,11,11,11,11,0.062889,0.9057,0.9806
500000.00,500000.00,531883.72,11,11,11,11,11,0.066485,0.8594,0.8756
500000.00,500000.00,502131.94,11,11,11,11,11,0.062766,0.8283,0.8913
500000.00,500000.00,491852.76,11,11,11,11,11,0.061482,0.9120,0.9424
500000.00,500000.00,488036.16,11,11,11,11,11,0.061005,0.8975,0.9635
500000.00,500000.00,521623.61,11,11,11,11,11,0.065203,0.8695,0.9445
500000.00,500000.00,534656.52,11,11,11,11,11,0.066832,0.8297,0.9314
500000.00,500000.00,489767.79,11,11,11,11,11,0.061221,0.8139,0.9769
500000.00,500000.00,619525.91,11,11,12,11,12,0.077441,0.7430,0.8017
500000.00,500000.00,489265.44,11,11,11,11,11,0.061158,0.9547,0.9731
500000.00,500000.00,503704.07,11,11,11,11,11,0.062963,0.9542,0.9875
500000.00,500000.00,500233.65,11,11,11,11,11,0.062529,0.9447,0.9927
500000.00,500000.00,485554.70,11,11,11,11,11,0.060694,0.9305,0.8894
500000.00,500000.00,500457.76,11,11,11,11,11,0.062557,0.9051,0.9571
500000.00,500000.00,534504.89,11,11,11,11,11,0.066813,0.8774,0.9103
500000.00,500000.00,490328.79,11,11,11,11,11,0.061291,0.8249,0.9700
500000.00,500000.00,502025.60,11,11,11,11,11,0.062753,0.9661,0.9793
500000.00,500000.00,505609.99,11,11,11,11,11,0.063201,0.9601,0.9638
500000.00,500000.00,500400.54,11,11,11,11,11,0.062550,0.9577,0.9809
500000.00,500000.00,482237.82,11,11,11,11,11,0.060280,0.9575,0.9610
500000.00,500000.00,499708.18,11,11,11,11,11,0.062464,0.9096,0.9643
500000.00,500000.00,505266.31,11,11,11,11,11,0.063158,0.8969,0.9673
500000.00,500000.00,508110.05,11,11,11,11,11,0.063514,0.9523,0.9466
500000.00,500000.00,501725.20,11,11,11,11,11,0.062716,0.9260,0.9770
500000.00,500000.00,533269.88,11,11,11,11,11,0.066659,0.8228,0.9293
500000.00,500000.00,501346.05,11,11,11,11,11,0.062668,0.9554,0.9740
500000.00,500000.00,527262.69,11,11,11,11,11,0.065908,0.8637,0.9440
500000.00,500000.00,503623.72,12,12,12,12,12,0.062953,0.9597,0.9718
500000.00,500000.00,499082.57,12,12,12,12,12,0.062385,0.9460,0.9537
500000.00,500000.00,502983.93,12,12,12,12,12,0.062873,0.8242,0.9298
500000.00,500000.00,486070.63,12,12,12,12,12,0.060759,0.9656,0.9674
500000.00,500000.00,507579.80,12,12,12,12,12,0.063447,0.9455,0.9463
500000.00,500000.00,483818.53,12,12,12,12,12,0.060477,0.9358,0.9484
500000.00,500000.00,506031.04,12,12,12,12,12,0.063254,0.9292,0.9267
500000.00,500000.00,535943.98,12,12,12,12,12,0.066993,0.9369,0.8784
500000.00,500000.00,519907.00,12,12,12,12,12,0.064988,0.9069,0.9542
500000.00,500000.00,501102.45,12,12,12,12,12,0.062638,0.8991,0.9253
500000.00,500000.00,505636.22,12,12,12,12,12,0.063205,0.8628,0.9059
500000.00,500000.00,597339.87,12,12,13,12,13,0.074667,0.8313,0.7925
500000.00,500000.00,676136.97,12,12,13,12,13,0.084517,0.7199,0.6914
500000.00,500000.00,613454.82,12,12,13,12,13,0.076682,0.8792,0.6734
500000.00,500000.00,493852.62,11,11,11,11,11,0.061732,0.9791,0.9837
500000.00,500000.00,516318.08,11,11,11,11,11,0.064540,0.9735,0.9536
500000.00,500000.00,508338.69,11,11,11,11,11,0.063542,0.9660,0.9731
500000.00,500000.00,525656.70,11,11,11,11,11,0.065707,0.9638,0.9451
500000.00,500000.00,497924.80,11,11,11,11,11,0.062241,0.9632,0.9516
500000.00,500000.00,500964.16,11,11,11,11,11,0.062621,0.9544,0.9577
500000.00,500000.00,512998.58,11,11,11,11,11,0.064125,0.9810,0.9506
500000.00,500000.00,499824.52,11,11,11,11,11,0.062478,0.9744,0.9975
500000.00,500000.00,505455.02,11,11,11,11,11,0.063182,0.9677,0.9871
500000.00,500000.00,524091.72,11,11,11,11,11,0.065511,0.9289,0.9224
500000.00,500000.00,468177.80,11,11,11,11,11,0.058522,0.7769,0.9335
500000.00,500000.00,487985.61,12,12,12,12,12,0.060998,0.9713,0.9657
500000.00,500000.00,539989.47,12,12,12,12,12,0.067499,0.9612,0.9238
500000.00,500000.00,503256.80,12,12,12,12,12,0.062907,0.9539,0.9279
500000.00,500000.00,509689.33,12,12,12,12,12,0.063711,0.9359,0.9720
500000.00,500000.00,500496.98,12,12,12,12,12,0.062562,0.9341,0.9704
500000.00,500000.00,513034.82,12,12,12,12,12,0.064129,0.9138,0.9028
500000.00,500000.00,495383.26,12,12,12,12,12,0.061923,0.9657,0.9833
500000.00,500000.00,483463.29,12,12,12,12,12,0.060433,0.9604,0.9604
500000.00,500000.00,485621.45,12,12,12,12,12,0.060703,0.9193,0.9631
500000.00,500000.00,516882.90,12,12,12,12,12,0.064610,0.7057,0.8809
500000.00,375000.00,523826.12,11,10,11,10,11,0.065478,0.8345,0.9102
500000.00,375000.00,493440.63,11,10,11,10,11,0.061680,0.8043,0.8902
500000.00,500000.00,521515.31,11,11,11,11,11,0.065189,0.9664,0.9453
500000.00,500000.00,560777.66,11,11,11,11,11,0.070097,0.9535,0.7545
500000.00,500000.00,504594.80,11,11,11,11,11,0.063074,0.9515,0.8577
500000.00,500000.00,493757.25,11,11,11,11,11,0.061720,0.9512,0.9594
500000.00,500000.00,500134.47,11,11,11,11,11,0.062517,0.9510,0.9596
500000.00,500000.00,488681.79,11,11,11,11,11,0.061085,0.9157,0.8513
500000.00,500000.00,517261.51,11,11,11,11,11,0.064658,0.9155,0.9653
500000.00,500000.00,507239.34,11,11,11,11,11,0.063405,0.9177,0.9682
500000.00,500000.00,509703.16,11,11,11,11,11,0.063713,0.8159,0.9761
500000.00,500000.00,547010.42,11,11,11,11,11,0.068376,0.7750,0.8061
500000.00,500000.00,531720.70,12,12,12,12,12,0.066465,0.9639,0.9363
500000.00,500000.00,495583.53,12,12,12,12,12,0.061948,0.9569,0.9710
500000.00,500000.00,491113.66,12,12,12,12,12,0.061389,0.9545,0.8779
500000.00,500000.00,525296.21,12,12,12,12,12,0.065662,0.9483,0.9269
500000.00,500000.00,523954.39,12,12,12,12,12,0.065494,0.9207,0.9146
500000.00,500000.00,610755.92,12,12,13,12,13,0.076344,0.7954,0.7425
500000.00,500000.00,521997.93,12,12,12,12,12,0.065250,0.8084,0.8938
500000.00,500000.00,606559.51,12,12,13,12,13,0.075820,0.8083,0.7194
500000.00,500000.00,505187.03,12,12,12,12,12,0.063148,0.9684,0.9812
500000.00,500000.00,521943.09,12,12,12,12,12,0.065243,0.9333,0.9475
500000.00,500000.00,525709.75,12,12,12,12,12,0.065714,0.9277,0.9068
500000.00,500000.00,490269.66,12,12,12,12,12,0.061284,0.9245,0.9193
500000.00,500000.00,496049.88,12,12,12,12,12,0.062006,0.8473,0.9655
500000.00,500000.00,527715.68,12,12,12,12,12,0.065964,0.8111,0.9022
500000.00,500000.00,493945.72,12,12,12,12,12,0.061743,0.9756,0.9693
500000.00,500000.00,505762.10,12,12,12,12,12,0.063220,0.9525,0.9235
500000.00,500000.00,476417.54,12,12,12,12,12,0.059552,0.9103,0.8936
500000.00,500000.00,491073.73,12,12,12,12,12,0.061384,0.9667,0.9208
500000.00,500000.00,543935.78,12,12,12,12,12,0.067992,0.9227,0.9130
500000.00,500000.00,570396.42,12,12,12,12,12,0.071300,0.9163,0.8717
500000.00,500000.00,503276.35,12,12,12,12,12,0.062910,0.9064,0.9867
500000.00,500000.00,529415.13,12,12,12,12,12,0.066177,0.7376,0.8879
500000.00,500000.00,506779.67,12,12,12,12,12,0.063347,0.9796,0.9229
500000.00,500000.00,506035.09,12,12,12,12,12,0.063254,0.9395,0.9505
500000.00,500000.00,490738.39,12,12,12,12,12,0.061342,0.8975,0.9579
500000.00,500000.00,567668.91,12,12,12,12,12,0.070959,0.8460,0.8316
500000.00,500000.00,535317.66,12,12,12,12,12,0.066915,0.8383,0.9171
500000.00,500000.00,569566.61,12,12,12,12,12,0.071196,0.7434,0.8717
500000.00,500000.00,514585.02,12,12,12,12,12,0.064323,0.7065,0.9087
500000.00,500000.00,551383.97,11,11,11,11,11,0.068923,0.7633,0.9046
500000.00,500000.00,526466.85,11,11,11,11,11,0.065808,0.7299,0.9073
500000.00,500000.00,513044.36,11,11,11,11,11,0.064131,0.9677,0.9677
500000.00,500000.00,498973.85,11,11,11,11,11,0.062372,0.9622,0.9796
500000.00,500000.00,499633.79,11,11,11,11,11,0.062454,0.9618,0.9841
500000.00,500000.00,510003.45,11,11,11,11,11,0.063750,0.9616,0.9732
500000.00,500000.00,519481.66,11,11,11,11,11,0.064935,0.9503,0.9447
500000.00,500000.00,476085.66,11,11,11,11,11,0.059511,0.9474,0.9441
500000.00,500000.00,471832.28,11,11,11,11,11,0.058979,0.8990,0.9307
500000.00,500000.00,502489.09,11,11,11,11,11,0.062811,0.8824,0.9849
500000.00,500000.00,499186.99,11,11,11,11,11,0.062398,0.8746,0.9821
500000.00,500000.00,464029.31,11,11,11,11,11,0.058004,0.8539,0.8939
500000.00,500000.00,523121.36,11,11,11,11,11,0.065390,0.7813,0.7845
500000.00,500000.00,523322.11,11,11,11,11,11,0.065415,0.9714,0.9494
500000.00,500000.00,501738.55,11,11,11,11,11,0.062717,0.9596,0.9653
500000.00,500000.00,464126.59,11,11,11,11,11,0.058016,0.9426,0.9051
500000.00,500000.00,522695.54,11,11,11,11,11,0.065337,0.7629,0.8127
500000.00,500000.00,509323.12,12,12,12,12,12,0.063665,0.9705,0.9797
500000.00,500000.00,501491.55,12,12,12,12,12,0.062686,0.9651,0.9864
500000.00,500000.00,461820.60,12,12,12,12,12,0.057728,0.9605,0.9204
500000.00,500000.00,549650.79,12,12,12,12,12,0.068706,0.9407,0.8573
500000.00,500000.00,564079.28,12,12,12,12,12,0.070510,0.8976,0.6641
500000.00,500000.00,593462.94,12,12,12,12,12,0.074183,0.8588,0.8244
500000.00,500000.00,501369.48,12,12,12,12,12,0.062671,0.8616,0.9640
500000.00,500000.00,645257.95,12,12,13,12,13,0.080657,0.8214,0.6340
500000.00,375000.00,496630.19,12,11,12,11,12,0.062079,0.8313,0.9853
500000.00,500000.00,611775.40,12,12,13,12,13,0.076472,0.7808,0.7754
500000.00,500000.00,599596.98,12,12,13,12,13,0.074950,0.7129,0.8204
500000.00,500000.00,569517.14,12,12,12,12,12,0.071190,0.7059,0.8240
500000.00,375000.00,508306.98,12,11,12,11,12,0.063538,0.7002,0.9016
500000.00,500000.00,501493.45,11,11,11,11,11,0.062687,0.9738,0.9696
500000.00,500000.00,512400.51,11,11,11,11,11,0.064050,0.9608,0.9510
500000.00,500000.00,498964.31,11,11,11,11,11,0.062371,0.9547,0.9875
500000.00,375000.00,438565.25,11,10,10,10,10,0.054821,0.7038,0.8648
500000.00,500000.00,502398.49,12,12,12,12,12,0.062800,0.9650,0.9887
500000.00,500000.00,500173.57,12,12,12,12,12,0.062522,0.9625,0.9805
500000.00,500000.00,505007.74,12,12,12,12,12,0.063126,0.9487,0.9291
500000.00,500000.00,498375.42,12,12,12,12,12,0.062297,0.9427,0.9249
500000.00,500000.00,498017.31,12,12,12,12,12,0.062252,0.9024,0.9190
500000.00,500000.00,511748.31,12,12,12,12,12,0.063969,0.8819,0.9173
500000.00,500000.00,499192.71,11,11,11,11,11,0.062399,0.9680,0.9513
500000.00,500000.00,499761.58,11,11,11,11,11,0.062470,0.9505,0.9696
500000.00,500000.00,491496.09,11,11,11,11,11,0.061437,0.9412,0.9744
500000.00,500000.00,472509.62,11,11,11,11,11,0.059064,0.8381,0.9262
500000.00,500000.00,518638.13,11,11,11,11,11,0.064830,0.9738,0.9538
500000.00,500000.00,505187.51,11,11,11,11,11,0.063148,0.9590,0.9734
500000.00,500000.00,482001.30,11,11,11,11,11,0.060250,0.9524,0.9560
500000.00,500000.00,512731.55,11,11,11,11,11,0.064091,0.9287,0.9179
500000.00,500000.00,461815.83,11,11,11,11,11,0.057727,0.8067,0.9229
500000.00,500000.00,488672.26,11,11,11,11,11,0.061084,0.9262,0.9416
500000.00,500000.00,494154.93,11,11,11,11,11,0.061769,0.8997,0.9619
500000.00,500000.00,494485.86,11,11,11,11,11,0.061811,0.8575,0.9745
500000.00,500000.00,480497.36,11,11,11,11,11,0.060062,0.8947,0.9501
500000.00,500000.00,485080.72,11,11,11,11,11,0.060635,0.8736,0.9562
500000.00,500000.00,534467.28,11,11,11,11,11,0.066808,0.7382,0.7732
500000.00,500000.00,522201.54,11,11,11,11,11,0.065275,0.9650,0.9486
500000.00,500000.00,498845.10,11,11,11,11,11,0.062356,0.9582,0.9911
500000.00,500000.00,515367.51,11,11,11,11,11,0.064421,0.9490,0.9683
500000.00,500000.00,495292.66,12,12,12,12,12,0.061912,0.9387,0.9293
500000.00,500000.00,498680.11,12,12,12,12,12,0.062335,0.9307,0.9498
500000.00,500000.00,539904.59,12,12,12,12,12,0.067488,0.9265,0.8662
500000.00,500000.00,597060.20,11,11,12,11,12,0.074633,0.9251,0.8168
500000.00,500000.00,525664.33,11,11,11,11,11,0.065708,0.9062,0.8915
500000.00,500000.00,503487.47,12,12,12,12,12,0.062936,0.8748,0.9098
500000.00,500000.00,516635.89,11,11,11,11,11,0.064579,0.8484,0.8440
500000.00,500000.00,535890.58,12,12,12,12,12,0.066986,0.7652,0.8776
500000.00,500000.00,537964.34,12,12,12,12,12,0.067246,0.7646,0.8146
500000.00,500000.00,490624.07,11,11,11,11,11,0.061328,0.9498,0.9669
500000.00,500000.00,496626.73,11,11,11,11,11,0.062078,0.8428,0.9316
500000.00,500000.00,493429.18,11,11,11,11,11,0.061679,0.8074,0.9322
500000.00,500000.00,501441.00,11,11,11,11,11,0.062680,0.7055,0.9877
500000.00,500000.00,507566.45,11,11,11,11,11,0.063446,0.9598,0.9725
500000.00,500000.00,487269.40,11,11,11,11,11,0.060909,0.9527,0.9439
500000.00,500000.00,508760.69,11,11,11,11,11,0.063595,0.9473,0.9784
500000.00,500000.00,491811.75,11,11,11,11,11,0.061476,0.9445,0.9802
500000.00,500000.00,505662.92,11,11,11,11,11,0.063208,0.9280,0.8989
500000.00,500000.00,554124.83,11,11,11,11,11,0.069266,0.8946,0.8810
500000.00,500000.00,483077.05,11,11,11,11,11,0.060385,0.8334,0.9492
500000.00,500000.00,487223.63,11,11,11,11,11,0.060903,0.7453,0.8659
500000.00,500000.00,496545.79,11,11,11,11,11,0.062068,0.9572,0.9590
500000.00,500000.00,523895.26,11,11,11,11,11,0.065487,0.9511,0.9403
500000.00,500000.00,495872.50,11,11,11,11,11,0.061984,0.9506,0.9881
500000.00,500000.00,552477.36,11,11,11,11,11,0.069060,0.9072,0.8799
500000.00,500000.00,518514.75,11,11,11,11,11,0.064814,0.8498,0.8810
500000.00,500000.00,498461.72,11,11,11,11,11,0.062308,0.8047,0.9486
500000.00,500000.00,502670.29,11,11,11,11,11,0.062834,0.9319,0.9231
500000.00,500000.00,542363.17,11,11,11,11,11,0.067795,0.9304,0.8934
500000.00,500000.00,507436.28,11,11,11,11,11,0.063430,0.9272,0.9712
500000.00,500000.00,589193.34,11,11,11,11,11,0.073649,0.7997,0.8281
500000.00,500000.00,466024.88,11,11,11,11,11,0.058253,0.9377,0.9212
500000.00,500000.00,503796.58,11,11,11,11,11,0.062975,0.9352,0.9666
500000.00,500000.00,490988.73,11,11,11,11,11,0.061374,0.9289,0.9635
500000.00,500000.00,503480.91,11,11,11,11,11,0.062935,0.9714,0.9503
500000.00,500000.00,501744.27,11,11,11,11,11,0.062718,0.9690,0.9673
500000.00,500000.00,515094.76,11,11,11,11,11,0.064387,0.9664,0.9698
500000.00,500000.00,499425.89,11,11,11,11,11,0.062428,0.9657,0.9845
500000.00,500000.00,499340.06,11,11,11,11,11,0.062418,0.9527,0.9851
500000.00,500000.00,529893.88,11,11,11,11,11,0.066237,0.9141,0.8830
500000.00,500000.00,490480.42,11,11,11,11,11,0.061310,0.9029,0.9591
500000.00,500000.00,507024.77,11,11,11,11,11,0.063378,0.8103,0.8503
500000.00,500000.00,492227.79,11,11,11,11,11,0.061528,0.8044,0.9774
500000.00,500000.00,491455.08,11,11,11,11,11,0.061432,0.9708,0.9604
500000.00,500000.00,525821.69,11,11,11,11,11,0.065728,0.9645,0.8947
500000.00,500000.00,489130.62,11,11,11,11,11,0.061141,0.9493,0.9584
500000.00,500000.00,484011.65,11,11,11,11,11,0.060501,0.9486,0.9398
500000.00,500000.00,504783.63,11,11,11,11,11,0.063098,0.9679,0.9903
500000.00,500000.00,490821.84,11,11,11,11,11,0.061353,0.9658,0.9788
500000.00,500000.00,505162.72,11,11,11,11,11,0.063145,0.9658,0.9788
500000.00,500000.00,500608.44,11,11,11,11,11,0.062576,0.9176,0.9828
500000.00,500000.00,501252.17,11,11,11,11,11,0.062657,0.9770,0.9701
500000.00,500000.00,498951.91,11,11,11,11,11,0.062369,0.9678,0.9914
500000.00,500000.00,499067.31,11,11,11,11,11,0.062383,0.9673,0.9850
500000.00,500000.00,496953.96,11,11,11,11,11,0.062119,0.9631,0.9797
500000.00,500000.00,501703.26,11,11,11,11,11,0.062713,0.9612,0.9719
500000.00,500000.00,505903.24,11,11,11,11,11,0.063238,0.9586,0.9858
500000.00,500000.00,509112.83,11,11,11,11,11,0.063639,0.9583,0.9772
500000.00,500000.00,508913.04,11,11,11,11,11,0.063614,0.9340,0.9809
500000.00,500000.00,495944.98,11,11,11,11,11,0.061993,0.9271,0.9651
500000.00,500000.00,505033.49,12,12,12,12,12,0.063129,0.9615,0.9874
500000.00,500000.00,506618.50,12,12,12,12,12,0.063327,0.9533,0.9615
500000.00,500000.00,497973.92,12,12,12,12,12,0.062247,0.9431,0.9861
500000.00,500000.00,569892.88,12,12,12,12,12,0.071237,0.9098,0.8256
500000.00,500000.00,523958.21,12,12,12,12,12,0.065495,0.8759,0.8948
500000.00,500000.00,516742.71,12,12,12,12,12,0.064593,0.7432,0.9641
500000.00,500000.00,507410.05,12,12,12,12,12,0.063426,0.9554,0.9835
500000.00,500000.00,501595.50,12,12,12,12,12,0.062699,0.9496,0.9673
500000.00,500000.00,518057.82,12,12,12,12,12,0.064757,0.8985,0.9572
500000.00,500000.00,593015.07,12,12,12,12,12,0.074127,0.8966,0.8324
500000.00,500000.00,513834.54,12,12,12,12,12,0.064229,0.8206,0.8423
500000.00,500000.00,507996.32,11,11,11,11,11,0.063500,0.9742,0.9737
500000.00,500000.00,497324.94,11,11,11,11,11,0.062166,0.9490,0.9829
500000.00,500000.00,498005.87,11,11,11,11,11,0.062251,0.9474,0.9910
500000.00,500000.00,503733.63,11,11,11,11,11,0.062967,0.9433,0.9892
500000.00,500000.00,496939.90,11,11,11,11,11,0.062117,0.9374,0.9699
500000.00,500000.00,485147.71,11,11,11,11,11,0.060643,0.9338,0.9358
500000.00,500000.00,500082.25,11,11,11,11,11,0.062510,0.8960,0.9852
500000.00,500000.00,518622.40,11,11,11,11,11,0.064828,0.7271,0.9403
500000.00,500000.00,504209.52,11,11,11,11,11,0.063026,0.9255,0.9804
500000.00,500000.00,509231.69,11,11,11,11,11,0.063654,0.8918,0.9675
500000.00,500000.00,503364.56,11,11,11,11,11,0.062921,0.8399,0.8332
500000.00,500000.00,501840.59,12,12,12,12,12,0.062730,0.9606,0.9557
500000.00,500000.00,495464.32,12,12,12,12,12,0.061933,0.9568,0.9701
500000.00,500000.00,497005.46,12,12,12,12,12,0.062126,0.9531,0.9892
500000.00,500000.00,507202.15,12,12,12,12,12,0.063400,0.9290,0.9647
500000.00,500000.00,483386.99,12,12,12,12,12,0.060423,0.9202,0.9068
500000.00,500000.00,612216.59,12,12,13,12,13,0.076527,0.8479,0.6491
500000.00,500000.00,530887.96,12,12,12,12,12,0.066361,0.7120,0.8684
500000.00,500000.00,500946.04,12,12,12,12,12,0.062618,0.9716,0.9855
500000.00,500000.00,503201.60,12,12,12,12,12,0.062900,0.9613,0.9720
500000.00,500000.00,495624.54,12,12,12,12,12,0.061953,0.9582,0.9855
500000.00,500000.00,501488.21,12,12,12,12,12,0.062686,0.9162,0.9786
500000.00,500000.00,507154.46,12,12,12,12,12,0.063394,0.8872,0.9689
500000.00,500000.00,515692.23,12,12,12,12,12,0.064462,0.8691,0.9636
500000.00,500000.00,503652.10,12,12,12,12,12,0.062957,0.9444,0.9744
500000.00,500000.00,548501.97,12,12,12,12,12,0.068563,0.9311,0.8931
500000.00,500000.00,519888.88,12,12,12,12,12,0.064986,0.9546,0.9578
500000.00,500000.00,505626.68,12,12,12,12,12,0.063203,0.9527,0.9589
500000.00,500000.00,522288.32,12,12,12,12,12,0.065286,0.9316,0.9323
500000.00,500000.00,507149.70,12,12,12,12,12,0.063394,0.9235,0.9670
500000.00,500000.00,624116.90,12,12,13,12,13,0.078015,0.9190,0.7569
500000.00,500000.00,494627.00,12,12,12,12,12,0.061828,0.9542,0.9644
500000.00,500000.00,492005.35,12,12,12,12,12,0.061501,0.9491,0.9409
500000.00,500000.00,548307.42,12,12,12,12,12,0.068538,0.9272,0.8015
500000.00,500000.00,499155.97,12,12,12,12,12,0.062394,0.8345,0.7663
500000.00,500000.00,506216.88,11,11,11,11,11,0.063277,0.7620,0.9438
500000.00,500000.00,501511.57,11,11,11,11,11,0.062689,0.9798,0.9784
500000.00,500000.00,505023.96,11,11,11,11,11,0.063128,0.9730,0.9794
500000.00,500000.00,495810.51,11,11,11,11,11,0.061976,0.9706,0.9659
500000.00,500000.00,506465.91,11,11,11,11,11,0.063308,0.9452,0.9801
500000.00,500000.00,531468.15,11,11,11,11,11,0.066434,0.9084,0.9158
500000.00,500000.00,501713.75,11,11,11,11,11,0.062714,0.9745,0.9940
500000.00,500000.00,497819.90,11,11,11,11,11,0.062227,0.9712,0.9897
500000.00,500000.00,505708.69,11,11,11,11,11,0.063214,0.9685,0.9505
500000.00,500000.00,503168.11,11,11,11,11,11,0.062896,0.9644,0.9554
500000.00,500000.00,493743.90,11,11,11,11,11,0.061718,0.9569,0.9862
500000.00,500000.00,510200.50,11,11,11,11,11,0.063775,0.9560,0.9754
500000.00,500000.00,498394.37,11,11,11,11,11,0.062299,0.9548,0.9864
500000.00,500000.00,497497.56,11,11,11,11,11,0.062187,0.9535,0.9825
500000.00,500000.00,500514.03,11,11,11,11,11,0.062564,0.9762,0.9901
500000.00,500000.00,496030.81,11,11,11,11,11,0.062004,0.9714,0.9819
500000.00,500000.00,496341.71,11,11,11,11,11,0.062043,0.9630,0.9790
500000.00,500000.00,490076.07,11,11,11,11,11,0.061260,0.9593,0.9775
500000.00,500000.00,509672.64,11,11,11,11,11,0.063709,0.9333,0.9782
500000.00,500000.00,497039.32,11,11,11,11,11,0.062130,0.9058,0.9873
500000.00,500000.00,483533.86,11,11,11,11,11,0.060442,0.8754,0.9353
500000.00,500000.00,424368.14,11,11,11,11,11,0.053046,0.8034,0.8401
500000.00,500000.00,501369.48,11,11,11,11,11,0.062671,0.9744,0.9691
500000.00,500000.00,496685.03,11,11,11,11,11,0.062086,0.9666,0.9480
500000.00,500000.00,491950.99,11,11,11,11,11,0.061494,0.9580,0.9837
500000.00,500000.00,499650.48,11,11,11,11,11,0.062456,0.9556,0.9532
500000.00,500000.00,510313.03,11,11,11,11,11,0.063789,0.9511,0.9721
500000.00,500000.00,502571.11,11,11,11,11,11,0.062821,0.9492,0.9859
500000.00,500000.00,498738.53,11,11,11,11,11,0.062342,0.9439,0.9939
500000.00,500000.00,503153.80,11,11,11,11,11,0.062894,0.9187,0.9601
500000.00,500000.00,502298.36,11,11,11,11,11,0.062787,0.8570,0.9795
500000.00,500000.00,551966.67,11,11,11,11,11,0.068996,0.7562,0.8859
500000.00,500000.00,503252.03,12,12,12,12,12,0.062907,0.9692,0.9836
500000.00,500000.00,498422.62,12,12,12,12,12,0.062303,0.9623,0.9883
500000.00,500000.00,525234.46,12,12,12,12,12,0.065654,0.9525,0.9428
500000.00,500000.00,498470.31,12,12,12,12,12,0.062309,0.9332,0.9201
500000.00,500000.00,503136.16,12,12,12,12,12,0.062892,0.9601,0.9647
500000.00,500000.00,492861.75,12,12,12,12,12,0.061608,0.9487,0.9259
500000.00,500000.00,493328.09,12,12,12,12,12,0.061666,0.9264,0.8836
500000.00,500000.00,552841.66,12,12,12,12,12,0.069105,0.7296,0.6328
500000.00,500000.00,505311.01,12,12,12,12,12,0.063164,0.9302,0.9538
500000.00,500000.00,555749.89,12,12,12,12,12,0.069469,0.9089,0.8821
500000.00,500000.00,492328.64,12,12,12,12,12,0.061541,0.9038,0.9216
500000.00,500000.00,490856.17,11,11,11,11,11,0.061357,0.9605,0.9785
500000.00,500000.00,484881.40,11,11,11,11,11,0.060610,0.9459,0.9550
500000.00,500000.00,505054.47,11,11,11,11,11,0.063132,0.9326,0.9422
500000.00,500000.00,496065.14,11,11,11,11,11,0.062008,0.9700,0.9255
500000.00,500000.00,495067.60,11,11,11,11,11,0.061883,0.9698,0.9648
500000.00,500000.00,501071.45,11,11,11,11,11,0.062634,0.9592,0.9451
500000.00,500000.00,512825.25,11,11,11,11,11,0.064103,0.9380,0.9495
500000.00,500000.00,483828.54,11,11,11,11,11,0.060479,0.8394,0.9205
500000.00,500000.00,555521.49,11,11,11,11,11,0.069440,0.8221,0.8900
500000.00,500000.00,506484.99,12,12,12,12,12,0.063311,0.9386,0.9758
500000.00,500000.00,506670.95,12,12,12,12,12,0.063334,0.9347,0.9265
500000.00,500000.00,629457.24,12,12,13,12,13,0.078682,0.9298,0.7575
500000.00,500000.00,538628.58,12,12,12,12,12,0.067329,0.8690,0.8724
500000.00,500000.00,495931.63,12,12,12,12,12,0.061991,0.9715,0.9835
500000.00,500000.00,503256.80,12,12,12,12,12,0.062907,0.9653,0.9741
500000.00,500000.00,504852.29,12,12,12,12,12,0.063107,0.9154,0.9820
500000.00,500000.00,548469.07,12,12,12,12,12,0.068559,0.8198,0.8123
500000.00,500000.00,487998.49,11,11,11,11,11,0.061000,0.9606,0.9732
500000.00,500000.00,494857.79,11,11,11,11,11,0.061857,0.9572,0.9598
500000.00,500000.00,503309.91,11,11,11,11,11,0.062914,0.9551,0.9758
500000.00,500000.00,507913.59,12,12,12,12,12,0.063489,0.9787,0.9761
500000.00,500000.00,504507.06,12,12,12,12,12,0.063063,0.9667,0.9159
500000.00,500000.00,502444.27,12,12,12,12,12,0.062806,0.9664,0.9576
500000.00,500000.00,660615.92,12,12,13,12,13,0.082577,0.8803,0.7452
500000.00,500000.00,500169.75,12,12,12,12,12,0.062521,0.9543,0.9184
500000.00,500000.00,503307.34,12,12,12,12,12,0.062913,0.9531,0.9785
500000.00,500000.00,502572.06,12,12,12,12,12,0.062822,0.9506,0.9587
500000.00,500000.00,510023.12,12,12,12,12,12,0.063753,0.9376,0.9205
500000.00,500000.00,505738.02,12,12,12,12,12,0.063217,0.9261,0.9276
500000.00,500000.00,512392.28,12,12,12,12,12,0.064049,0.8974,0.8939
500000.00,500000.00,517242.43,12,12,12,12,12,0.064655,0.7876,0.9080
500000.00,500000.00,503744.13,11,11,11,11,11,0.062968,0.9676,0.9856
500000.00,500000.00,498163.22,11,11,11,11,11,0.062270,0.9668,0.9773
500000.00,500000.00,504889.49,11,11,11,11,11,0.063111,0.9506,0.9830
500000.00,375000.00,478055.00,12,11,12,11,12,0.059757,0.7450,0.6336
500000.00,375000.00,491592.17,12,11,12,11,12,0.061449,0.7119,0.6642
